issue,url,canonical_path,last_crawled,route_type,business_value,action
Crawled currently not indexed,https://shaffercon.com/industry-insights/a-closer-look-at-our-load-study-services-and-why-your-ev-business-needs-them/,/industry-insights/a-closer-look-at-our-load-study-services-and-why-your-ev-business-needs-them/,2026-03-05,blog,5,Consolidate into a stronger commercial page or refresh
Crawled currently not indexed,https://shaffercon.com/industry-insights/accelerating-electric-vehicle-adoption-the-importance-of-expanding-ev-charger-infrastructure,/industry-insights/accelerating-electric-vehicle-adoption-the-importance-of-expanding-ev-charger-infrastructure/,2025-12-20,blog,5,Consolidate into a stronger commercial page or refresh
Crawled currently not indexed,https://shaffercon.com/industry-insights/accelerating-ev-adoption-the-latest-trends-in-los-angeles-charging-infrastructure-and-what-they-mean-for-your-property/,/industry-insights/accelerating-ev-adoption-the-latest-trends-in-los-angeles-charging-infrastructure-and-what-they-mean-for-your-property/,2026-01-16,blog,5,Consolidate into a stronger commercial page or refresh
Crawled currently not indexed,https://shaffercon.com/industry-insights/advancements-in-electric-vehicle-charging-trends-innovations-and-their-impact-on-urban-development/,/industry-insights/advancements-in-electric-vehicle-charging-trends-innovations-and-their-impact-on-urban-development/,2026-01-01,blog,5,Consolidate into a stronger commercial page or refresh
Crawled currently not indexed,https://shaffercon.com/industry-insights/californias-ev-charging-boom-how-los-angeles-is-leading-the-electric-vehicle-infrastructure-revolution/,/industry-insights/californias-ev-charging-boom-how-los-angeles-is-leading-the-electric-vehicle-infrastructure-revolution/,2025-12-29,blog,5,Consolidate into a stronger commercial page or refresh
Crawled currently not indexed,https://shaffercon.com/industry-insights/commercial-electrical-code-compliance-los-angeles/,/industry-insights/commercial-electrical-code-compliance-los-angeles/,2025-12-20,blog,5,Consolidate into a stronger commercial page or refresh
Crawled currently not indexed,https://shaffercon.com/industry-insights/commercial-ev-charging-stations-roi-guide-los-angeles,/industry-insights/commercial-ev-charging-stations-roi-guide-los-angeles/,2026-02-03,blog,5,Consolidate into a stronger commercial page or refresh
Crawled currently not indexed,https://shaffercon.com/industry-insights/do-i-need-panel-upgrade-install-ev-charger/,/industry-insights/do-i-need-panel-upgrade-install-ev-charger/,2026-01-22,blog,5,Consolidate into a stronger commercial page or refresh
Crawled currently not indexed,https://shaffercon.com/industry-insights/electric-vehicle-charging-in-los-angeles-key-insights-and-future-trends/,/industry-insights/electric-vehicle-charging-in-los-angeles-key-insights-and-future-trends/,2026-03-11,blog,5,Consolidate into a stronger commercial page or refresh
Crawled currently not indexed,https://shaffercon.com/industry-insights/electric-vehicles-mitsubishi-chargers/,/industry-insights/electric-vehicles-mitsubishi-chargers/,2026-03-31,blog,5,Consolidate into a stronger commercial page or refresh
Crawled currently not indexed,https://shaffercon.com/industry-insights/electrical-service-upgrade-100-to-200-amp-guide/,/industry-insights/electrical-service-upgrade-100-to-200-amp-guide/,2025-12-23,blog,5,Consolidate into a stronger commercial page or refresh
Crawled currently not indexed,https://shaffercon.com/industry-insights/electrician-pasadena-ev-chargers,/industry-insights/electrician-pasadena-ev-chargers/,2026-01-18,blog,5,Consolidate into a stronger commercial page or refresh
Crawled currently not indexed,https://shaffercon.com/industry-insights/electrician-redondo-beach-ev-charger/,/industry-insights/electrician-redondo-beach-ev-charger/,2026-02-03,blog,5,Consolidate into a stronger commercial page or refresh
Crawled currently not indexed,https://shaffercon.com/industry-insights/electrician-san-gabriel-vehicle-charging/,/industry-insights/electrician-san-gabriel-vehicle-charging/,2026-01-14,blog,5,Consolidate into a stronger commercial page or refresh
Crawled currently not indexed,https://shaffercon.com/industry-insights/electricians-baldwin-park-ev-installation/,/industry-insights/electricians-baldwin-park-ev-installation/,2026-03-21,blog,5,Consolidate into a stronger commercial page or refresh
Crawled currently not indexed,https://shaffercon.com/industry-insights/emerging-trends-in-ev-charging-infrastructure-innovations-and-challenges-ahead,/industry-insights/emerging-trends-in-ev-charging-infrastructure-innovations-and-challenges-ahead/,2025-12-10,blog,5,Consolidate into a stronger commercial page or refresh
Crawled currently not indexed,https://shaffercon.com/industry-insights/ev-charger-installation-and-infrastructure-what-every-los-angeles-property-owner-needs-to-know/,/industry-insights/ev-charger-installation-and-infrastructure-what-every-los-angeles-property-owner-needs-to-know/,2026-02-13,blog,5,Consolidate into a stronger commercial page or refresh
Crawled currently not indexed,https://shaffercon.com/industry-insights/ev-charger-installation-guide-for-los-angeles-plan-permit-install-and-futureproof/,/industry-insights/ev-charger-installation-guide-for-los-angeles-plan-permit-install-and-futureproof/,2025-12-26,blog,5,Consolidate into a stronger commercial page or refresh
Crawled currently not indexed,https://shaffercon.com/industry-insights/ev-charger-installation-guide/,/industry-insights/ev-charger-installation-guide/,2026-01-16,blog,5,Consolidate into a stronger commercial page or refresh
Crawled currently not indexed,https://shaffercon.com/industry-insights/ev-charger-installation-in-los-angeles-what-property-owners-need-to-know/,/industry-insights/ev-charger-installation-in-los-angeles-what-property-owners-need-to-know/,2026-03-22,blog,5,Consolidate into a stronger commercial page or refresh
Crawled currently not indexed,https://shaffercon.com/industry-insights/ev-charger-installation-infrastructure-how-to-decide-pay-for-and-plan-your-project/,/industry-insights/ev-charger-installation-infrastructure-how-to-decide-pay-for-and-plan-your-project/,2025-12-29,blog,5,Consolidate into a stronger commercial page or refresh
Crawled currently not indexed,https://shaffercon.com/industry-insights/ev-charging-for-property-owners-whats-improving-what-still-matters-a-guide-from-shaffer-construction-inc/,/industry-insights/ev-charging-for-property-owners-whats-improving-what-still-matters-a-guide-from-shaffer-construction-inc/,2026-03-07,blog,5,Consolidate into a stronger commercial page or refresh
Crawled currently not indexed,https://shaffercon.com/industry-insights/ev-charging-for-property-owners-whats-improving-what-still-matters-a-guide-from-shaffer-construction-inc,/industry-insights/ev-charging-for-property-owners-whats-improving-what-still-matters-a-guide-from-shaffer-construction-inc/,2025-12-10,blog,5,Consolidate into a stronger commercial page or refresh
Crawled currently not indexed,https://shaffercon.com/industry-insights/ev-charging-in-california-types-installation-challenges-and-future-proof-solutions-for-homes-and-businesses/,/industry-insights/ev-charging-in-california-types-installation-challenges-and-future-proof-solutions-for-homes-and-businesses/,2026-01-14,blog,5,Consolidate into a stronger commercial page or refresh
Crawled currently not indexed,https://shaffercon.com/industry-insights/ev-charging-in-california-what-property-owners-need-to-know-about-fast-chargers-funding-and-air-quality,/industry-insights/ev-charging-in-california-what-property-owners-need-to-know-about-fast-chargers-funding-and-air-quality/,2025-12-07,blog,5,Consolidate into a stronger commercial page or refresh
Crawled currently not indexed,https://shaffercon.com/industry-insights/ev-charging-in-california-what-property-owners-need-to-know-about-fast-chargers-funding-and-air-quality/,/industry-insights/ev-charging-in-california-what-property-owners-need-to-know-about-fast-chargers-funding-and-air-quality/,2025-12-07,blog,5,Consolidate into a stronger commercial page or refresh
Crawled currently not indexed,https://shaffercon.com/industry-insights/ev-charging-in-los-angeles-costs-grid-programs-v2g-and-how-to-avoid-common-installation-regrets/,/industry-insights/ev-charging-in-los-angeles-costs-grid-programs-v2g-and-how-to-avoid-common-installation-regrets/,2026-03-18,blog,5,Consolidate into a stronger commercial page or refresh
Crawled currently not indexed,https://shaffercon.com/industry-insights/ev-charging-in-los-angeles-costs-grid-programs-v2g-and-how-to-avoid-common-installation-regrets,/industry-insights/ev-charging-in-los-angeles-costs-grid-programs-v2g-and-how-to-avoid-common-installation-regrets/,2025-12-03,blog,5,Consolidate into a stronger commercial page or refresh
Crawled currently not indexed,https://shaffercon.com/industry-insights/ev-charging-in-los-angeles-key-trends-incentives-and-installation-tips-for-property-owners/,/industry-insights/ev-charging-in-los-angeles-key-trends-incentives-and-installation-tips-for-property-owners/,2026-03-06,blog,5,Consolidate into a stronger commercial page or refresh
Crawled currently not indexed,https://shaffercon.com/industry-insights/ev-charging-in-los-angeles-key-trends-incentives-and-installation-tips-for-property-owners,/industry-insights/ev-charging-in-los-angeles-key-trends-incentives-and-installation-tips-for-property-owners/,2025-11-26,blog,5,Consolidate into a stronger commercial page or refresh
Crawled currently not indexed,https://shaffercon.com/industry-insights/ev-charging-in-los-angeles-where-the-network-is-headed-and-how-property-owners-can-prepare/,/industry-insights/ev-charging-in-los-angeles-where-the-network-is-headed-and-how-property-owners-can-prepare/,2026-03-21,blog,5,Consolidate into a stronger commercial page or refresh
Crawled currently not indexed,https://shaffercon.com/industry-insights/ev-charging-in-los-angeles-where-the-network-is-headed-and-how-property-owners-can-prepare,/industry-insights/ev-charging-in-los-angeles-where-the-network-is-headed-and-how-property-owners-can-prepare/,2025-12-01,blog,5,Consolidate into a stronger commercial page or refresh
Crawled currently not indexed,https://shaffercon.com/industry-insights/ev-charging-in-the-u-s-trends-policy-shifts-and-solutions-for-homes-businesses-and-multifamily-buildings-in-los-angeles/,/industry-insights/ev-charging-in-the-u-s-trends-policy-shifts-and-solutions-for-homes-businesses-and-multifamily-buildings-in-los-angeles/,2026-02-07,blog,5,Consolidate into a stronger commercial page or refresh
Crawled currently not indexed,https://shaffercon.com/industry-insights/ev-charging-infrastructure-in-california-latest-trends-challenges-and-solutions-for-homeowners-and-businesses/,/industry-insights/ev-charging-infrastructure-in-california-latest-trends-challenges-and-solutions-for-homeowners-and-businesses/,2026-01-21,blog,5,Consolidate into a stronger commercial page or refresh
Crawled currently not indexed,https://shaffercon.com/industry-insights/ev-charging-infrastructure-in-california-latest-trends-challenges-and-solutions-for-homeowners-and-businesses,/industry-insights/ev-charging-infrastructure-in-california-latest-trends-challenges-and-solutions-for-homeowners-and-businesses/,2025-11-26,blog,5,Consolidate into a stronger commercial page or refresh
Crawled currently not indexed,https://shaffercon.com/industry-insights/ev-charging-revolution-reliability-challenges-california-milestones-and-next-generation-technologies-reshaping-los-angeles-infrastructure,/industry-insights/ev-charging-revolution-reliability-challenges-california-milestones-and-next-generation-technologies-reshaping-los-angeles-infrastructure/,2025-12-06,blog,5,Consolidate into a stronger commercial page or refresh
Crawled currently not indexed,https://shaffercon.com/industry-insights/ev-charging-revolution-reliability-challenges-california-milestones-and-next-generation-technologies-reshaping-los-angeles-infrastructure/,/industry-insights/ev-charging-revolution-reliability-challenges-california-milestones-and-next-generation-technologies-reshaping-los-angeles-infrastructure/,2025-12-06,blog,5,Consolidate into a stronger commercial page or refresh
Crawled currently not indexed,https://shaffercon.com/industry-insights/expanding-electric-vehicle-charging-infrastructure-a-look-at-california-and-beyond,/industry-insights/expanding-electric-vehicle-charging-infrastructure-a-look-at-california-and-beyond/,2025-12-05,blog,5,Consolidate into a stronger commercial page or refresh
Crawled currently not indexed,https://shaffercon.com/industry-insights/expanding-ev-charging-infrastructure-current-trends-challenges-and-future-investment/,/industry-insights/expanding-ev-charging-infrastructure-current-trends-challenges-and-future-investment/,2026-03-10,blog,5,Consolidate into a stronger commercial page or refresh
Crawled currently not indexed,https://shaffercon.com/industry-insights/home-panel-upgrade-guide,/industry-insights/home-panel-upgrade-guide/,2025-12-10,blog,5,Consolidate into a stronger commercial page or refresh
Crawled currently not indexed,https://shaffercon.com/industry-insights/how-california-and-nationwide-funding-changes-make-now-the-time-to-install-ev-chargers-a-practical-guide-for-los-angeles-property-owners/,/industry-insights/how-california-and-nationwide-funding-changes-make-now-the-time-to-install-ev-chargers-a-practical-guide-for-los-angeles-property-owners/,2026-01-18,blog,5,Consolidate into a stronger commercial page or refresh
Crawled currently not indexed,https://shaffercon.com/industry-insights/how-los-angeles-property-owners-can-install-ev-chargers-funding-financing-and-practical-steps/,/industry-insights/how-los-angeles-property-owners-can-install-ev-chargers-funding-financing-and-practical-steps/,2026-03-22,blog,5,Consolidate into a stronger commercial page or refresh
Crawled currently not indexed,https://shaffercon.com/industry-insights/how-los-angeles-property-owners-can-install-ev-chargers-funding-financing-and-practical-steps,/industry-insights/how-los-angeles-property-owners-can-install-ev-chargers-funding-financing-and-practical-steps/,2025-12-04,blog,5,Consolidate into a stronger commercial page or refresh
Crawled currently not indexed,https://shaffercon.com/industry-insights/how-ready-is-your-property-for-ev-chargers-a-practical-guide-for-los-angeles-homeowners-businesses/,/industry-insights/how-ready-is-your-property-for-ev-chargers-a-practical-guide-for-los-angeles-homeowners-businesses/,2026-01-14,blog,5,Consolidate into a stronger commercial page or refresh
Crawled currently not indexed,https://shaffercon.com/industry-insights/how-to-choose-right-ev-charger-los-angeles/,/industry-insights/how-to-choose-right-ev-charger-los-angeles/,2025-12-20,blog,5,Consolidate into a stronger commercial page or refresh
Crawled currently not indexed,https://shaffercon.com/industry-insights/how-to-know-home-needs-electrical-panel-upgrade/,/industry-insights/how-to-know-home-needs-electrical-panel-upgrade/,2026-03-04,blog,5,Consolidate into a stronger commercial page or refresh
Crawled currently not indexed,https://shaffercon.com/industry-insights/installing-ev-chargers-in-los-angeles-your-guide-to-a-greener-future/,/industry-insights/installing-ev-chargers-in-los-angeles-your-guide-to-a-greener-future/,2026-03-10,blog,5,Consolidate into a stronger commercial page or refresh
Crawled currently not indexed,https://shaffercon.com/industry-insights/latest-innovations-in-ev-charging-how-shaffer-construction-is-leading-the-way-in-los-angeles,/industry-insights/latest-innovations-in-ev-charging-how-shaffer-construction-is-leading-the-way-in-los-angeles/,2025-12-18,blog,5,Consolidate into a stronger commercial page or refresh
Crawled currently not indexed,https://shaffercon.com/industry-insights/navigating-the-future-essential-trends-and-tips-for-ev-charging-infrastructure/,/industry-insights/navigating-the-future-essential-trends-and-tips-for-ev-charging-infrastructure/,2026-03-11,blog,5,Consolidate into a stronger commercial page or refresh
Crawled currently not indexed,https://shaffercon.com/industry-insights/navigating-the-future-essential-trends-and-tips-for-ev-charging-infrastructure,/industry-insights/navigating-the-future-essential-trends-and-tips-for-ev-charging-infrastructure/,2025-11-27,blog,5,Consolidate into a stronger commercial page or refresh
Crawled currently not indexed,https://shaffercon.com/industry-insights/overcoming-barriers-the-future-of-ev-charger-infrastructure-in-los-angeles/,/industry-insights/overcoming-barriers-the-future-of-ev-charger-infrastructure-in-los-angeles/,2026-03-04,blog,5,Consolidate into a stronger commercial page or refresh
Crawled currently not indexed,https://shaffercon.com/industry-insights/planning-ev-charger-infrastructure-installation-in-los-angeles-costs-options-and-what-to-expect/,/industry-insights/planning-ev-charger-infrastructure-installation-in-los-angeles-costs-options-and-what-to-expect/,2026-03-22,blog,5,Consolidate into a stronger commercial page or refresh
Crawled currently not indexed,https://shaffercon.com/industry-insights/planning-ev-charger-infrastructure-installation-in-los-angeles-costs-options-and-what-to-expect,/industry-insights/planning-ev-charger-infrastructure-installation-in-los-angeles-costs-options-and-what-to-expect/,2025-12-03,blog,5,Consolidate into a stronger commercial page or refresh
Crawled currently not indexed,https://shaffercon.com/industry-insights/powering-the-ev-revolution-latest-advances-and-infrastructure-solutions-for-u-s-charging-networks/,/industry-insights/powering-the-ev-revolution-latest-advances-and-infrastructure-solutions-for-u-s-charging-networks/,2026-02-25,blog,5,Consolidate into a stronger commercial page or refresh
Crawled currently not indexed,https://shaffercon.com/industry-insights/powering-the-ev-revolution-latest-advances-and-infrastructure-solutions-for-u-s-charging-networks,/industry-insights/powering-the-ev-revolution-latest-advances-and-infrastructure-solutions-for-u-s-charging-networks/,2025-11-25,blog,5,Consolidate into a stronger commercial page or refresh
Crawled currently not indexed,https://shaffercon.com/industry-insights/powering-the-future-why-expanding-ev-charging-infrastructure-in-los-angeles-matters-now-more-than-ever,/industry-insights/powering-the-future-why-expanding-ev-charging-infrastructure-in-los-angeles-matters-now-more-than-ever/,2026-04-02,blog,5,Consolidate into a stronger commercial page or refresh
Crawled currently not indexed,https://shaffercon.com/industry-insights/powering-the-future-why-expanding-ev-charging-infrastructure-in-los-angeles-matters-now-more-than-ever/,/industry-insights/powering-the-future-why-expanding-ev-charging-infrastructure-in-los-angeles-matters-now-more-than-ever/,2026-04-02,blog,5,Consolidate into a stronger commercial page or refresh
Crawled currently not indexed,https://shaffercon.com/industry-insights/preparing-los-angeles-buildings-for-the-ev-charging-boom-what-owners-developers-and-businesses-need-to-know/,/industry-insights/preparing-los-angeles-buildings-for-the-ev-charging-boom-what-owners-developers-and-businesses-need-to-know/,2026-02-03,blog,5,Consolidate into a stronger commercial page or refresh
Crawled currently not indexed,https://shaffercon.com/industry-insights/preparing-your-property-for-the-next-wave-of-ev-charging-a-practical-guide-for-los-angeles-owners/,/industry-insights/preparing-your-property-for-the-next-wave-of-ev-charging-a-practical-guide-for-los-angeles-owners/,2026-03-10,blog,5,Consolidate into a stronger commercial page or refresh
Crawled currently not indexed,https://shaffercon.com/industry-insights/public-ev-charging-what-property-owners-and-developers-in-los-angeles-need-to-know/,/industry-insights/public-ev-charging-what-property-owners-and-developers-in-los-angeles-need-to-know/,2025-12-30,blog,5,Consolidate into a stronger commercial page or refresh
Crawled currently not indexed,https://shaffercon.com/industry-insights/pushmatic-panel-upgrade-guide-2/,/industry-insights/pushmatic-panel-upgrade-guide-2/,2026-04-27,blog,5,Consolidate into a stronger commercial page or refresh
Crawled currently not indexed,https://shaffercon.com/industry-insights/reliable-facilities-maintenance-electrician-services-by-shaffer-construction-inc,/industry-insights/reliable-facilities-maintenance-electrician-services-by-shaffer-construction-inc/,2025-11-25,blog,5,Consolidate into a stronger commercial page or refresh
Crawled currently not indexed,https://shaffercon.com/industry-insights/reliable-facilities-maintenance-electrician-services-by-shaffer-construction-inc/,/industry-insights/reliable-facilities-maintenance-electrician-services-by-shaffer-construction-inc/,2025-11-25,blog,5,Consolidate into a stronger commercial page or refresh
Crawled currently not indexed,https://shaffercon.com/industry-insights/residential-electrical-services-what-every-homeowner-should-know-about-hiring-a-contractor,/industry-insights/residential-electrical-services-what-every-homeowner-should-know-about-hiring-a-contractor/,2025-11-26,blog,5,Consolidate into a stronger commercial page or refresh
Crawled currently not indexed,https://shaffercon.com/industry-insights/retail-store-electrical-planning-design-guide,/industry-insights/retail-store-electrical-planning-design-guide/,2025-11-27,blog,5,Consolidate into a stronger commercial page or refresh
Crawled currently not indexed,https://shaffercon.com/industry-insights/should-i-install-an-ev-charger-at-home-a-practical-guide-for-los-angeles-homeowners/,/industry-insights/should-i-install-an-ev-charger-at-home-a-practical-guide-for-los-angeles-homeowners/,2025-12-29,blog,5,Consolidate into a stronger commercial page or refresh
Crawled currently not indexed,https://shaffercon.com/industry-insights/should-you-install-an-ev-charger-at-home-a-practical-guide-for-los-angeles-homeowners/,/industry-insights/should-you-install-an-ev-charger-at-home-a-practical-guide-for-los-angeles-homeowners/,2025-12-30,blog,5,Consolidate into a stronger commercial page or refresh
Crawled currently not indexed,https://shaffercon.com/industry-insights/smart-ev-charging-solutions/,/industry-insights/smart-ev-charging-solutions/,2026-04-10,blog,5,Consolidate into a stronger commercial page or refresh
Crawled currently not indexed,https://shaffercon.com/industry-insights/surging-ahead-how-the-ev-charging-station-market-is-transforming-los-angeles-properties-and-communities/,/industry-insights/surging-ahead-how-the-ev-charging-station-market-is-transforming-los-angeles-properties-and-communities/,2026-01-15,blog,5,Consolidate into a stronger commercial page or refresh
Crawled currently not indexed,https://shaffercon.com/industry-insights/the-complete-guide-to-ev-charging-infrastructure-in-los-angeles-trends-technologies-and-installation-tips-for-property-owners,/industry-insights/the-complete-guide-to-ev-charging-infrastructure-in-los-angeles-trends-technologies-and-installation-tips-for-property-owners/,2025-11-25,blog,5,Consolidate into a stronger commercial page or refresh
Crawled currently not indexed,https://shaffercon.com/industry-insights/the-electric-vehicle-revolution-building-the-future-of-charger-infrastructure/,/industry-insights/the-electric-vehicle-revolution-building-the-future-of-charger-infrastructure/,2026-01-21,blog,5,Consolidate into a stronger commercial page or refresh
Crawled currently not indexed,https://shaffercon.com/industry-insights/the-essential-guide-to-installing-ev-chargers-benefits-considerations-and-technologies/,/industry-insights/the-essential-guide-to-installing-ev-chargers-benefits-considerations-and-technologies/,2026-02-25,blog,5,Consolidate into a stronger commercial page or refresh
Crawled currently not indexed,https://shaffercon.com/industry-insights/the-future-is-electric-the-importance-of-ev-charging-stations-in-commercial-properties/,/industry-insights/the-future-is-electric-the-importance-of-ev-charging-stations-in-commercial-properties/,2026-02-04,blog,5,Consolidate into a stronger commercial page or refresh
Crawled currently not indexed,https://shaffercon.com/industry-insights/the-future-is-electric-the-importance-of-ev-charging-stations-in-commercial-properties,/industry-insights/the-future-is-electric-the-importance-of-ev-charging-stations-in-commercial-properties/,2025-12-10,blog,5,Consolidate into a stronger commercial page or refresh
Crawled currently not indexed,https://shaffercon.com/industry-insights/the-future-of-electric-vehicle-charging-economic-benefits-technological-innovations-and-government-initiatives/,/industry-insights/the-future-of-electric-vehicle-charging-economic-benefits-technological-innovations-and-government-initiatives/,2026-04-24,blog,5,Consolidate into a stronger commercial page or refresh
Crawled currently not indexed,https://shaffercon.com/industry-insights/the-future-of-electric-vehicle-charging-economic-benefits-technological-innovations-and-government-initiatives,/industry-insights/the-future-of-electric-vehicle-charging-economic-benefits-technological-innovations-and-government-initiatives/,2025-12-14,blog,5,Consolidate into a stronger commercial page or refresh
Crawled currently not indexed,https://shaffercon.com/industry-insights/the-future-of-electric-vehicle-charging-infrastructure-trends-innovations-and-insights/,/industry-insights/the-future-of-electric-vehicle-charging-infrastructure-trends-innovations-and-insights/,2026-03-30,blog,5,Consolidate into a stronger commercial page or refresh
Crawled currently not indexed,https://shaffercon.com/industry-insights/the-future-of-electric-vehicle-charging-infrastructure-trends-opportunities-and-innovations/,/industry-insights/the-future-of-electric-vehicle-charging-infrastructure-trends-opportunities-and-innovations/,2026-03-29,blog,5,Consolidate into a stronger commercial page or refresh
Crawled currently not indexed,https://shaffercon.com/industry-insights/the-future-of-electric-vehicle-charging-infrastructure-trends-opportunities-and-innovations,/industry-insights/the-future-of-electric-vehicle-charging-infrastructure-trends-opportunities-and-innovations/,2025-12-09,blog,5,Consolidate into a stronger commercial page or refresh
Crawled currently not indexed,https://shaffercon.com/industry-insights/the-future-of-electric-vehicle-charging-insights-on-infrastructure-growth-and-safety-innovations/,/industry-insights/the-future-of-electric-vehicle-charging-insights-on-infrastructure-growth-and-safety-innovations/,2026-02-06,blog,5,Consolidate into a stronger commercial page or refresh
Crawled currently not indexed,https://shaffercon.com/industry-insights/the-future-of-electric-vehicle-charging-insights-on-infrastructure-growth-and-safety-innovations,/industry-insights/the-future-of-electric-vehicle-charging-insights-on-infrastructure-growth-and-safety-innovations/,2025-12-08,blog,5,Consolidate into a stronger commercial page or refresh
Crawled currently not indexed,https://shaffercon.com/industry-insights/the-future-of-electric-vehicle-charging-why-infrastructure-matters-for-sustainable-growth,/industry-insights/the-future-of-electric-vehicle-charging-why-infrastructure-matters-for-sustainable-growth/,2025-12-19,blog,5,Consolidate into a stronger commercial page or refresh
Crawled currently not indexed,https://shaffercon.com/industry-insights/the-future-of-ev-charger-installation-transforming-transportation-in-los-angeles/,/industry-insights/the-future-of-ev-charger-installation-transforming-transportation-in-los-angeles/,2026-03-10,blog,5,Consolidate into a stronger commercial page or refresh
Crawled currently not indexed,https://shaffercon.com/industry-insights/the-future-of-ev-charger-installation-transforming-transportation-in-los-angeles,/industry-insights/the-future-of-ev-charger-installation-transforming-transportation-in-los-angeles/,2025-12-05,blog,5,Consolidate into a stronger commercial page or refresh
Crawled currently not indexed,https://shaffercon.com/industry-insights/the-future-of-ev-charger-installation-trends-incentives-and-innovations-you-need-to-know/,/industry-insights/the-future-of-ev-charger-installation-trends-incentives-and-innovations-you-need-to-know/,2026-03-12,blog,5,Consolidate into a stronger commercial page or refresh
Crawled currently not indexed,https://shaffercon.com/industry-insights/the-future-of-ev-charging-how-smart-infrastructure-bidirectional-tech-and-community-collaboration-are-shaping-los-angeles/,/industry-insights/the-future-of-ev-charging-how-smart-infrastructure-bidirectional-tech-and-community-collaboration-are-shaping-los-angeles/,2026-04-17,blog,5,Consolidate into a stronger commercial page or refresh
Crawled currently not indexed,https://shaffercon.com/industry-insights/the-future-of-ev-charging-how-smart-infrastructure-bidirectional-tech-and-community-collaboration-are-shaping-los-angeles,/industry-insights/the-future-of-ev-charging-how-smart-infrastructure-bidirectional-tech-and-community-collaboration-are-shaping-los-angeles/,2025-12-14,blog,5,Consolidate into a stronger commercial page or refresh
Crawled currently not indexed,https://shaffercon.com/industry-insights/the-future-of-ev-charging-in-los-angeles-breakthrough-technologies-expanded-access-and-smarter-infrastructure,/industry-insights/the-future-of-ev-charging-in-los-angeles-breakthrough-technologies-expanded-access-and-smarter-infrastructure/,2025-12-16,blog,5,Consolidate into a stronger commercial page or refresh
Crawled currently not indexed,https://shaffercon.com/industry-insights/the-future-of-ev-charging-in-los-angeles-policy-updates-security-innovations-and-expanding-access-for-all-residents,/industry-insights/the-future-of-ev-charging-in-los-angeles-policy-updates-security-innovations-and-expanding-access-for-all-residents/,2025-12-04,blog,5,Consolidate into a stronger commercial page or refresh
Crawled currently not indexed,https://shaffercon.com/industry-insights/the-future-of-ev-charging-in-los-angeles-trends-challenges-and-how-property-owners-can-prepare/,/industry-insights/the-future-of-ev-charging-in-los-angeles-trends-challenges-and-how-property-owners-can-prepare/,2026-03-10,blog,5,Consolidate into a stronger commercial page or refresh
Crawled currently not indexed,https://shaffercon.com/industry-insights/the-future-of-ev-charging-in-los-angeles-trends-challenges-and-how-property-owners-can-prepare,/industry-insights/the-future-of-ev-charging-in-los-angeles-trends-challenges-and-how-property-owners-can-prepare/,2025-12-10,blog,5,Consolidate into a stronger commercial page or refresh
Crawled currently not indexed,https://shaffercon.com/industry-insights/the-future-of-ev-charging-in-los-angeles-trends-incentives-and-essential-upgrades-for-property-owners/,/industry-insights/the-future-of-ev-charging-in-los-angeles-trends-incentives-and-essential-upgrades-for-property-owners/,2025-12-30,blog,5,Consolidate into a stronger commercial page or refresh
Crawled currently not indexed,https://shaffercon.com/industry-insights/the-future-of-ev-charging-infrastructure-innovations-policy-updates-and-smart-solutions-for-california-property-owners/,/industry-insights/the-future-of-ev-charging-infrastructure-innovations-policy-updates-and-smart-solutions-for-california-property-owners/,2026-03-21,blog,5,Consolidate into a stronger commercial page or refresh
Crawled currently not indexed,https://shaffercon.com/industry-insights/the-future-of-ev-charging-infrastructure-innovations-policy-updates-and-smart-solutions-for-california-property-owners,/industry-insights/the-future-of-ev-charging-infrastructure-innovations-policy-updates-and-smart-solutions-for-california-property-owners/,2025-12-10,blog,5,Consolidate into a stronger commercial page or refresh
Crawled currently not indexed,https://shaffercon.com/industry-insights/the-future-of-ev-charging-infrastructure-key-trends-innovations-and-opportunities-for-los-angeles-businesses-and-homeowners/,/industry-insights/the-future-of-ev-charging-infrastructure-key-trends-innovations-and-opportunities-for-los-angeles-businesses-and-homeowners/,2026-03-20,blog,5,Consolidate into a stronger commercial page or refresh
Crawled currently not indexed,https://shaffercon.com/industry-insights/the-future-of-ev-charging-infrastructure-key-trends-innovations-and-opportunities-for-los-angeles-businesses-and-homeowners,/industry-insights/the-future-of-ev-charging-infrastructure-key-trends-innovations-and-opportunities-for-los-angeles-businesses-and-homeowners/,2025-11-24,blog,5,Consolidate into a stronger commercial page or refresh
Crawled currently not indexed,https://shaffercon.com/industry-insights/the-future-of-ev-charging-infrastructure-trends-challenges-and-solutions-for-reliable-electric-vehicle-power/,/industry-insights/the-future-of-ev-charging-infrastructure-trends-challenges-and-solutions-for-reliable-electric-vehicle-power/,2026-01-30,blog,5,Consolidate into a stronger commercial page or refresh
Crawled currently not indexed,https://shaffercon.com/industry-insights/the-future-of-ev-charging-latest-technologies-infrastructure-trends-and-expert-installation-tips-for-los-angeles/,/industry-insights/the-future-of-ev-charging-latest-technologies-infrastructure-trends-and-expert-installation-tips-for-los-angeles/,2026-03-20,blog,5,Consolidate into a stronger commercial page or refresh
Crawled currently not indexed,https://shaffercon.com/industry-insights/the-future-of-ev-charging-trends-challenges-and-innovations-in-charging-infrastructure,/industry-insights/the-future-of-ev-charging-trends-challenges-and-innovations-in-charging-infrastructure/,2026-04-11,blog,5,Consolidate into a stronger commercial page or refresh
Crawled currently not indexed,https://shaffercon.com/industry-insights/the-future-of-ev-charging-trends-challenges-and-innovations-in-charging-infrastructure/,/industry-insights/the-future-of-ev-charging-trends-challenges-and-innovations-in-charging-infrastructure/,2026-04-11,blog,5,Consolidate into a stronger commercial page or refresh
Crawled currently not indexed,https://shaffercon.com/industry-insights/the-future-of-mobility-essential-insights-into-ev-charging-infrastructure-and-installation/,/industry-insights/the-future-of-mobility-essential-insights-into-ev-charging-infrastructure-and-installation/,2026-04-04,blog,5,Consolidate into a stronger commercial page or refresh
Crawled currently not indexed,https://shaffercon.com/industry-insights/the-future-of-mobility-essential-insights-into-ev-charging-infrastructure-and-installation,/industry-insights/the-future-of-mobility-essential-insights-into-ev-charging-infrastructure-and-installation/,2025-12-15,blog,5,Consolidate into a stronger commercial page or refresh
Crawled currently not indexed,https://shaffercon.com/industry-insights/the-future-of-sustainable-transportation-exploring-the-rise-of-ev-charging-stations/,/industry-insights/the-future-of-sustainable-transportation-exploring-the-rise-of-ev-charging-stations/,2026-03-11,blog,5,Consolidate into a stronger commercial page or refresh
Crawled currently not indexed,https://shaffercon.com/industry-insights/the-green-revolution-how-ev-solutions-reduce-energy-waste-and-save-money,/industry-insights/the-green-revolution-how-ev-solutions-reduce-energy-waste-and-save-money/,2026-04-09,blog,5,Consolidate into a stronger commercial page or refresh
Crawled currently not indexed,https://shaffercon.com/industry-insights/the-green-revolution-how-ev-solutions-reduce-energy-waste-and-save-money/,/industry-insights/the-green-revolution-how-ev-solutions-reduce-energy-waste-and-save-money/,2026-04-09,blog,5,Consolidate into a stronger commercial page or refresh
Crawled currently not indexed,https://shaffercon.com/industry-insights/the-growing-demand-for-ev-charging-infrastructure-how-maintenance-and-innovation-shape-the-future,/industry-insights/the-growing-demand-for-ev-charging-infrastructure-how-maintenance-and-innovation-shape-the-future/,2025-12-10,blog,5,Consolidate into a stronger commercial page or refresh
Crawled currently not indexed,https://shaffercon.com/industry-insights/the-growing-landscape-of-ev-charging-infrastructure-trends-innovations-and-future-prospects,/industry-insights/the-growing-landscape-of-ev-charging-infrastructure-trends-innovations-and-future-prospects/,2025-12-17,blog,5,Consolidate into a stronger commercial page or refresh
Crawled currently not indexed,https://shaffercon.com/industry-insights/the-importance-of-ev-charger-infrastructure-for-a-sustainable-los-angeles,/industry-insights/the-importance-of-ev-charger-infrastructure-for-a-sustainable-los-angeles/,2025-12-19,blog,5,Consolidate into a stronger commercial page or refresh
Crawled currently not indexed,https://shaffercon.com/industry-insights/the-real-cost-of-ev-charging-in-los-angeles-why-investing-in-a-home-or-business-charger-is-the-smart-choice/,/industry-insights/the-real-cost-of-ev-charging-in-los-angeles-why-investing-in-a-home-or-business-charger-is-the-smart-choice/,2025-12-20,blog,5,Consolidate into a stronger commercial page or refresh
Crawled currently not indexed,https://shaffercon.com/industry-insights/the-rise-of-electric-vehicle-charging-stations-a-new-era-of-sustainable-transportation-in-the-u-s/,/industry-insights/the-rise-of-electric-vehicle-charging-stations-a-new-era-of-sustainable-transportation-in-the-u-s/,2026-03-05,blog,5,Consolidate into a stronger commercial page or refresh
Crawled currently not indexed,https://shaffercon.com/industry-insights/the-rise-of-ev-charging-infrastructure-trends-challenges-and-solutions-for-the-future,/industry-insights/the-rise-of-ev-charging-infrastructure-trends-challenges-and-solutions-for-the-future/,2025-11-26,blog,5,Consolidate into a stronger commercial page or refresh
Crawled currently not indexed,https://shaffercon.com/industry-insights/the-state-of-ev-charging-the-reality-innovations-and-whats-next-for-electric-vehicle-owners,/industry-insights/the-state-of-ev-charging-the-reality-innovations-and-whats-next-for-electric-vehicle-owners/,2025-12-07,blog,5,Consolidate into a stronger commercial page or refresh
Crawled currently not indexed,https://shaffercon.com/industry-insights/transforming-mobility-the-rise-of-ev-charging-infrastructure-across-america/,/industry-insights/transforming-mobility-the-rise-of-ev-charging-infrastructure-across-america/,2026-03-13,blog,5,Consolidate into a stronger commercial page or refresh
Crawled currently not indexed,https://shaffercon.com/industry-insights/transforming-your-business-with-commercial-electrical-maintenence-services/,/industry-insights/transforming-your-business-with-commercial-electrical-maintenence-services/,2026-03-21,blog,5,Consolidate into a stronger commercial page or refresh
Crawled currently not indexed,https://shaffercon.com/industry-insights/transforming-your-business-with-commercial-electrical-maintenence-services,/industry-insights/transforming-your-business-with-commercial-electrical-maintenence-services/,2025-12-05,blog,5,Consolidate into a stronger commercial page or refresh
Crawled currently not indexed,https://shaffercon.com/industry-insights/unleashing-the-benefits-why-installing-ev-chargers-is-a-smart-investment-for-your-property/,/industry-insights/unleashing-the-benefits-why-installing-ev-chargers-is-a-smart-investment-for-your-property/,2026-03-22,blog,5,Consolidate into a stronger commercial page or refresh
Crawled currently not indexed,https://shaffercon.com/industry-insights/voltpost-lamppost-charging-porsche-wireless-florida-highway-rivian-r2-chevy-bolt-return/,/industry-insights/voltpost-lamppost-charging-porsche-wireless-florida-highway-rivian-r2-chevy-bolt-return/,2026-04-08,blog,5,Consolidate into a stronger commercial page or refresh
Crawled currently not indexed,https://shaffercon.com/industry-insights/why-choose-shaffer-construction-for-your-ev-charger-installations/,/industry-insights/why-choose-shaffer-construction-for-your-ev-charger-installations/,2026-04-08,blog,5,Consolidate into a stronger commercial page or refresh
Crawled currently not indexed,https://shaffercon.com/industry-insights/why-choose-shaffer-construction-for-your-ev-charger-installations,/industry-insights/why-choose-shaffer-construction-for-your-ev-charger-installations/,2025-11-24,blog,5,Consolidate into a stronger commercial page or refresh
Crawled currently not indexed,https://shaffercon.com/industry-insights/why-permitting-policy-and-smart-design-matter-for-faster-ev-charger-deployment-in-los-angeles/,/industry-insights/why-permitting-policy-and-smart-design-matter-for-faster-ev-charger-deployment-in-los-angeles/,2026-04-20,blog,5,Consolidate into a stronger commercial page or refresh
Crawled currently not indexed,https://shaffercon.com/industry-insights/why-upgrading-your-electrical-panel-is-crucial-for-los-angeles-homes,/industry-insights/why-upgrading-your-electrical-panel-is-crucial-for-los-angeles-homes/,2025-12-18,blog,5,Consolidate into a stronger commercial page or refresh
Crawled currently not indexed,https://shaffercon.com/industry-insights/winter-electrical-tips-safeguarding-your-ev-chargers-more/,/industry-insights/winter-electrical-tips-safeguarding-your-ev-chargers-more/,2026-03-06,blog,5,Consolidate into a stronger commercial page or refresh
Crawled currently not indexed,https://shaffercon.com/industry-insights/winter-electrical-tips-safeguarding-your-ev-chargers-more,/industry-insights/winter-electrical-tips-safeguarding-your-ev-chargers-more/,2025-12-08,blog,5,Consolidate into a stronger commercial page or refresh
Crawled currently not indexed,https://shaffercon.com/service-areas/altadena/commercial-backup-generator-installation,/service-areas/altadena/commercial-backup-generator-installation/,2025-12-09,service_detail,5,"Priority, strengthen content and internal links"
Crawled currently not indexed,https://shaffercon.com/service-areas/altadena/commercial-breaker-panel-service-maintenance/,/service-areas/altadena/commercial-breaker-panel-service-maintenance/,2026-03-22,service_detail,5,"Priority, strengthen content and internal links"
Crawled currently not indexed,https://shaffercon.com/service-areas/altadena/commercial-electrical-code-compliance-corrections/,/service-areas/altadena/commercial-electrical-code-compliance-corrections/,2026-02-27,service_detail,5,"Priority, strengthen content and internal links"
Crawled currently not indexed,https://shaffercon.com/service-areas/altadena/commercial-electrical-panel-upgrades/,/service-areas/altadena/commercial-electrical-panel-upgrades/,2026-03-21,service_detail,5,"Priority, strengthen content and internal links"
Crawled currently not indexed,https://shaffercon.com/service-areas/altadena/commercial-electrical-safety-inspections/,/service-areas/altadena/commercial-electrical-safety-inspections/,2026-03-20,service_detail,5,"Priority, strengthen content and internal links"
Crawled currently not indexed,https://shaffercon.com/service-areas/altadena/commercial-energy-efficiency-upgrades/,/service-areas/altadena/commercial-energy-efficiency-upgrades/,2026-04-12,service_detail,5,"Priority, strengthen content and internal links"
Crawled currently not indexed,https://shaffercon.com/service-areas/altadena/commercial-ev-charger-installation,/service-areas/altadena/commercial-ev-charger-installation/,2025-12-10,service_detail,5,"Priority, strengthen content and internal links"
Crawled currently not indexed,https://shaffercon.com/service-areas/altadena/commercial-exhaust-fan-ventilation-wiring/,/service-areas/altadena/commercial-exhaust-fan-ventilation-wiring/,2026-04-02,service_detail,5,"Priority, strengthen content and internal links"
Crawled currently not indexed,https://shaffercon.com/service-areas/altadena/commercial-landscape-outdoor-lighting/,/service-areas/altadena/commercial-landscape-outdoor-lighting/,2026-03-18,service_detail,5,"Priority, strengthen content and internal links"
Crawled currently not indexed,https://shaffercon.com/service-areas/altadena/commercial-lighting-installation-retrofitting/,/service-areas/altadena/commercial-lighting-installation-retrofitting/,2026-04-02,service_detail,5,"Priority, strengthen content and internal links"
Crawled currently not indexed,https://shaffercon.com/service-areas/altadena/commercial-outlet-switch-dimmer-services/,/service-areas/altadena/commercial-outlet-switch-dimmer-services/,2026-04-09,service_detail,5,"Priority, strengthen content and internal links"
Crawled currently not indexed,https://shaffercon.com/service-areas/altadena/commercial-whole-building-surge-protection/,/service-areas/altadena/commercial-whole-building-surge-protection/,2026-03-16,service_detail,5,"Priority, strengthen content and internal links"
Crawled currently not indexed,https://shaffercon.com/service-areas/altadena/residential-breaker-panel-service-maintenance/,/service-areas/altadena/residential-breaker-panel-service-maintenance/,2026-04-02,service_detail,5,"Priority, strengthen content and internal links"
Crawled currently not indexed,https://shaffercon.com/service-areas/altadena/residential-electrical-panel-upgrades/,/service-areas/altadena/residential-electrical-panel-upgrades/,2026-04-05,service_detail,5,"Priority, strengthen content and internal links"
Crawled currently not indexed,https://shaffercon.com/service-areas/atwater-village/commercial-backup-generator-installation/,/service-areas/atwater-village/commercial-backup-generator-installation/,2026-03-30,service_detail,5,"Priority, strengthen content and internal links"
Crawled currently not indexed,https://shaffercon.com/service-areas/atwater-village/commercial-breaker-panel-service-maintenance/,/service-areas/atwater-village/commercial-breaker-panel-service-maintenance/,2026-04-09,service_detail,5,"Priority, strengthen content and internal links"
Crawled currently not indexed,https://shaffercon.com/service-areas/atwater-village/commercial-electrical-code-compliance-corrections/,/service-areas/atwater-village/commercial-electrical-code-compliance-corrections/,2026-04-03,service_detail,5,"Priority, strengthen content and internal links"
Crawled currently not indexed,https://shaffercon.com/service-areas/atwater-village/commercial-electrical-panel-upgrades/,/service-areas/atwater-village/commercial-electrical-panel-upgrades/,2026-03-18,service_detail,5,"Priority, strengthen content and internal links"
Crawled currently not indexed,https://shaffercon.com/service-areas/atwater-village/commercial-electrical-safety-inspections,/service-areas/atwater-village/commercial-electrical-safety-inspections/,2026-04-09,service_detail,5,"Priority, strengthen content and internal links"
Crawled currently not indexed,https://shaffercon.com/service-areas/atwater-village/commercial-electrical-safety-inspections/,/service-areas/atwater-village/commercial-electrical-safety-inspections/,2026-04-09,service_detail,5,"Priority, strengthen content and internal links"
Crawled currently not indexed,https://shaffercon.com/service-areas/atwater-village/commercial-electrical-troubleshooting-repairs/,/service-areas/atwater-village/commercial-electrical-troubleshooting-repairs/,2026-03-22,service_detail,5,"Priority, strengthen content and internal links"
Crawled currently not indexed,https://shaffercon.com/service-areas/atwater-village/commercial-energy-efficiency-upgrades/,/service-areas/atwater-village/commercial-energy-efficiency-upgrades/,2026-03-17,service_detail,5,"Priority, strengthen content and internal links"
Crawled currently not indexed,https://shaffercon.com/service-areas/atwater-village/commercial-ev-charger-installation/,/service-areas/atwater-village/commercial-ev-charger-installation/,2026-04-07,service_detail,5,"Priority, strengthen content and internal links"
Crawled currently not indexed,https://shaffercon.com/service-areas/atwater-village/commercial-exhaust-fan-ventilation-wiring/,/service-areas/atwater-village/commercial-exhaust-fan-ventilation-wiring/,2026-03-15,service_detail,5,"Priority, strengthen content and internal links"
Crawled currently not indexed,https://shaffercon.com/service-areas/atwater-village/commercial-whole-building-surge-protection/,/service-areas/atwater-village/commercial-whole-building-surge-protection/,2026-01-22,service_detail,5,"Priority, strengthen content and internal links"
Crawled currently not indexed,https://shaffercon.com/service-areas/atwater-village/residential-breaker-panel-service-maintenance/,/service-areas/atwater-village/residential-breaker-panel-service-maintenance/,2026-03-21,service_detail,5,"Priority, strengthen content and internal links"
Crawled currently not indexed,https://shaffercon.com/service-areas/atwater-village/residential-electrical-panel-upgrades,/service-areas/atwater-village/residential-electrical-panel-upgrades/,2025-12-08,service_detail,5,"Priority, strengthen content and internal links"
Crawled currently not indexed,https://shaffercon.com/service-areas/beverly-hills/commercial-backup-generator-installation/,/service-areas/beverly-hills/commercial-backup-generator-installation/,2026-03-16,service_detail,5,"Priority, strengthen content and internal links"
Crawled currently not indexed,https://shaffercon.com/service-areas/beverly-hills/commercial-complete-electrical-rewiring/,/service-areas/beverly-hills/commercial-complete-electrical-rewiring/,2026-02-11,service_detail,5,"Priority, strengthen content and internal links"
Crawled currently not indexed,https://shaffercon.com/service-areas/beverly-hills/commercial-dedicated-equipment-circuits/,/service-areas/beverly-hills/commercial-dedicated-equipment-circuits/,2026-04-09,service_detail,5,"Priority, strengthen content and internal links"
Crawled currently not indexed,https://shaffercon.com/service-areas/beverly-hills/commercial-electrical-code-compliance-corrections/,/service-areas/beverly-hills/commercial-electrical-code-compliance-corrections/,2026-01-29,service_detail,5,"Priority, strengthen content and internal links"
Crawled currently not indexed,https://shaffercon.com/service-areas/beverly-hills/commercial-energy-efficiency-upgrades,/service-areas/beverly-hills/commercial-energy-efficiency-upgrades/,2026-04-23,service_detail,5,"Priority, strengthen content and internal links"
Crawled currently not indexed,https://shaffercon.com/service-areas/beverly-hills/commercial-ev-charger-installation,/service-areas/beverly-hills/commercial-ev-charger-installation/,2025-12-10,service_detail,5,"Priority, strengthen content and internal links"
Crawled currently not indexed,https://shaffercon.com/service-areas/beverly-hills/commercial-landscape-outdoor-lighting,/service-areas/beverly-hills/commercial-landscape-outdoor-lighting/,2025-12-09,service_detail,5,"Priority, strengthen content and internal links"
Crawled currently not indexed,https://shaffercon.com/service-areas/beverly-hills/commercial-lighting-installation-retrofitting/,/service-areas/beverly-hills/commercial-lighting-installation-retrofitting/,2026-03-18,service_detail,5,"Priority, strengthen content and internal links"
Crawled currently not indexed,https://shaffercon.com/service-areas/beverly-hills/commercial-outlet-switch-dimmer-services/,/service-areas/beverly-hills/commercial-outlet-switch-dimmer-services/,2026-04-02,service_detail,5,"Priority, strengthen content and internal links"
Crawled currently not indexed,https://shaffercon.com/service-areas/beverly-hills/commercial-security-motion-lighting/,/service-areas/beverly-hills/commercial-security-motion-lighting/,2026-04-08,service_detail,5,"Priority, strengthen content and internal links"
Crawled currently not indexed,https://shaffercon.com/service-areas/beverly-hills/commercial-whole-building-surge-protection/,/service-areas/beverly-hills/commercial-whole-building-surge-protection/,2026-03-31,service_detail,5,"Priority, strengthen content and internal links"
Crawled currently not indexed,https://shaffercon.com/service-areas/beverly-hills/residential-backup-generator-installation/,/service-areas/beverly-hills/residential-backup-generator-installation/,2026-03-21,service_detail,5,"Priority, strengthen content and internal links"
Crawled currently not indexed,https://shaffercon.com/service-areas/beverly-hills/residential-breaker-panel-service-maintenance,/service-areas/beverly-hills/residential-breaker-panel-service-maintenance/,2025-12-09,service_detail,5,"Priority, strengthen content and internal links"
Crawled currently not indexed,https://shaffercon.com/service-areas/beverly-hills/residential-complete-electrical-rewiring/,/service-areas/beverly-hills/residential-complete-electrical-rewiring/,2026-04-09,service_detail,5,"Priority, strengthen content and internal links"
Crawled currently not indexed,https://shaffercon.com/service-areas/beverly-hills/residential-electrical-code-compliance-corrections/,/service-areas/beverly-hills/residential-electrical-code-compliance-corrections/,2026-04-09,service_detail,5,"Priority, strengthen content and internal links"
Crawled currently not indexed,https://shaffercon.com/service-areas/beverly-hills/residential-electrical-panel-upgrades/,/service-areas/beverly-hills/residential-electrical-panel-upgrades/,2026-04-09,service_detail,5,"Priority, strengthen content and internal links"
Crawled currently not indexed,https://shaffercon.com/service-areas/beverly-hills/residential-electrical-safety-inspections/,/service-areas/beverly-hills/residential-electrical-safety-inspections/,2025-12-20,service_detail,5,"Priority, strengthen content and internal links"
Crawled currently not indexed,https://shaffercon.com/service-areas/beverly-hills/residential-electrical-troubleshooting-repairs/,/service-areas/beverly-hills/residential-electrical-troubleshooting-repairs/,2026-04-09,service_detail,5,"Priority, strengthen content and internal links"
Crawled currently not indexed,https://shaffercon.com/service-areas/beverly-hills/residential-energy-efficiency-upgrades/,/service-areas/beverly-hills/residential-energy-efficiency-upgrades/,2026-04-02,service_detail,5,"Priority, strengthen content and internal links"
Crawled currently not indexed,https://shaffercon.com/service-areas/beverly-hills/residential-landscape-outdoor-lighting/,/service-areas/beverly-hills/residential-landscape-outdoor-lighting/,2026-03-19,service_detail,5,"Priority, strengthen content and internal links"
Crawled currently not indexed,https://shaffercon.com/service-areas/beverly-hills/residential-lighting-installation-retrofitting,/service-areas/beverly-hills/residential-lighting-installation-retrofitting/,2025-12-10,service_detail,5,"Priority, strengthen content and internal links"
Crawled currently not indexed,https://shaffercon.com/service-areas/beverly-hills/residential-lighting-installation-retrofitting/,/service-areas/beverly-hills/residential-lighting-installation-retrofitting/,2025-12-10,service_detail,5,"Priority, strengthen content and internal links"
Crawled currently not indexed,https://shaffercon.com/service-areas/beverly-hills/residential-outlet-switch-dimmer-services/,/service-areas/beverly-hills/residential-outlet-switch-dimmer-services/,2026-03-02,service_detail,5,"Priority, strengthen content and internal links"
Crawled currently not indexed,https://shaffercon.com/service-areas/beverly-hills/residential-outlet-switch-dimmer-services,/service-areas/beverly-hills/residential-outlet-switch-dimmer-services/,2026-02-11,service_detail,5,"Priority, strengthen content and internal links"
Crawled currently not indexed,https://shaffercon.com/service-areas/beverly-hills/residential-whole-building-surge-protection/,/service-areas/beverly-hills/residential-whole-building-surge-protection/,2026-03-21,service_detail,5,"Priority, strengthen content and internal links"
Crawled currently not indexed,https://shaffercon.com/service-areas/boyle-heights/commercial-backup-generator-installation/,/service-areas/boyle-heights/commercial-backup-generator-installation/,2026-04-25,service_detail,5,"Priority, strengthen content and internal links"
Crawled currently not indexed,https://shaffercon.com/service-areas/boyle-heights/commercial-backup-generator-installation,/service-areas/boyle-heights/commercial-backup-generator-installation/,2025-12-06,service_detail,5,"Priority, strengthen content and internal links"
Crawled currently not indexed,https://shaffercon.com/service-areas/boyle-heights/commercial-breaker-panel-service-maintenance/,/service-areas/boyle-heights/commercial-breaker-panel-service-maintenance/,2026-04-09,service_detail,5,"Priority, strengthen content and internal links"
Crawled currently not indexed,https://shaffercon.com/service-areas/boyle-heights/commercial-complete-electrical-rewiring/,/service-areas/boyle-heights/commercial-complete-electrical-rewiring/,2026-04-05,service_detail,5,"Priority, strengthen content and internal links"
Crawled currently not indexed,https://shaffercon.com/service-areas/boyle-heights/commercial-electrical-code-compliance-corrections/,/service-areas/boyle-heights/commercial-electrical-code-compliance-corrections/,2026-03-21,service_detail,5,"Priority, strengthen content and internal links"
Crawled currently not indexed,https://shaffercon.com/service-areas/boyle-heights/commercial-electrical-panel-upgrades,/service-areas/boyle-heights/commercial-electrical-panel-upgrades/,2026-04-22,service_detail,5,"Priority, strengthen content and internal links"
Crawled currently not indexed,https://shaffercon.com/service-areas/boyle-heights/commercial-electrical-panel-upgrades/,/service-areas/boyle-heights/commercial-electrical-panel-upgrades/,2026-04-22,service_detail,5,"Priority, strengthen content and internal links"
Crawled currently not indexed,https://shaffercon.com/service-areas/boyle-heights/commercial-energy-efficiency-upgrades/,/service-areas/boyle-heights/commercial-energy-efficiency-upgrades/,2025-12-16,service_detail,5,"Priority, strengthen content and internal links"
Crawled currently not indexed,https://shaffercon.com/service-areas/boyle-heights/commercial-lighting-installation-retrofitting/,/service-areas/boyle-heights/commercial-lighting-installation-retrofitting/,2026-03-27,service_detail,5,"Priority, strengthen content and internal links"
Crawled currently not indexed,https://shaffercon.com/service-areas/boyle-heights/commercial-security-motion-lighting,/service-areas/boyle-heights/commercial-security-motion-lighting/,2025-12-08,service_detail,5,"Priority, strengthen content and internal links"
Crawled currently not indexed,https://shaffercon.com/service-areas/boyle-heights/commercial-whole-building-surge-protection/,/service-areas/boyle-heights/commercial-whole-building-surge-protection/,2026-04-22,service_detail,5,"Priority, strengthen content and internal links"
Crawled currently not indexed,https://shaffercon.com/service-areas/boyle-heights/commercial-whole-building-surge-protection,/service-areas/boyle-heights/commercial-whole-building-surge-protection/,2025-12-09,service_detail,5,"Priority, strengthen content and internal links"
Crawled currently not indexed,https://shaffercon.com/service-areas/boyle-heights/residential-breaker-panel-service-maintenance,/service-areas/boyle-heights/residential-breaker-panel-service-maintenance/,2025-12-21,service_detail,5,"Priority, strengthen content and internal links"
Crawled currently not indexed,https://shaffercon.com/service-areas/boyle-heights/residential-electrical-panel-upgrades,/service-areas/boyle-heights/residential-electrical-panel-upgrades/,2026-04-15,service_detail,5,"Priority, strengthen content and internal links"
Crawled currently not indexed,https://shaffercon.com/service-areas/burbank/commercial-breaker-panel-service-maintenance/,/service-areas/burbank/commercial-breaker-panel-service-maintenance/,2026-04-09,service_detail,5,"Priority, strengthen content and internal links"
Crawled currently not indexed,https://shaffercon.com/service-areas/burbank/commercial-dedicated-equipment-circuits/,/service-areas/burbank/commercial-dedicated-equipment-circuits/,2026-03-04,service_detail,5,"Priority, strengthen content and internal links"
Crawled currently not indexed,https://shaffercon.com/service-areas/burbank/commercial-electrical-panel-upgrades/,/service-areas/burbank/commercial-electrical-panel-upgrades/,2026-03-17,service_detail,5,"Priority, strengthen content and internal links"
Crawled currently not indexed,https://shaffercon.com/service-areas/burbank/commercial-electrical-safety-inspections/,/service-areas/burbank/commercial-electrical-safety-inspections/,2026-03-21,service_detail,5,"Priority, strengthen content and internal links"
Crawled currently not indexed,https://shaffercon.com/service-areas/burbank/commercial-electrical-troubleshooting-repairs/,/service-areas/burbank/commercial-electrical-troubleshooting-repairs/,2026-03-19,service_detail,5,"Priority, strengthen content and internal links"
Crawled currently not indexed,https://shaffercon.com/service-areas/burbank/commercial-ev-charger-installation/,/service-areas/burbank/commercial-ev-charger-installation/,2026-03-28,service_detail,5,"Priority, strengthen content and internal links"
Crawled currently not indexed,https://shaffercon.com/service-areas/burbank/commercial-exhaust-fan-ventilation-wiring/,/service-areas/burbank/commercial-exhaust-fan-ventilation-wiring/,2026-01-21,service_detail,5,"Priority, strengthen content and internal links"
Crawled currently not indexed,https://shaffercon.com/service-areas/burbank/commercial-outlet-switch-dimmer-services/,/service-areas/burbank/commercial-outlet-switch-dimmer-services/,2026-04-08,service_detail,5,"Priority, strengthen content and internal links"
Crawled currently not indexed,https://shaffercon.com/service-areas/burbank/commercial-security-motion-lighting,/service-areas/burbank/commercial-security-motion-lighting/,2026-03-31,service_detail,5,"Priority, strengthen content and internal links"
Crawled currently not indexed,https://shaffercon.com/service-areas/burbank/commercial-security-motion-lighting/,/service-areas/burbank/commercial-security-motion-lighting/,2026-03-31,service_detail,5,"Priority, strengthen content and internal links"
Crawled currently not indexed,https://shaffercon.com/service-areas/burbank/residential-electrical-panel-upgrades,/service-areas/burbank/residential-electrical-panel-upgrades/,2025-12-10,service_detail,5,"Priority, strengthen content and internal links"
Crawled currently not indexed,https://shaffercon.com/service-areas/burbank/residential-ev-charger-installation,/service-areas/burbank/residential-ev-charger-installation/,2025-11-25,service_detail,5,"Priority, strengthen content and internal links"
Crawled currently not indexed,https://shaffercon.com/service-areas/culver-city/commercial-backup-generator-installation/,/service-areas/culver-city/commercial-backup-generator-installation/,2026-04-09,service_detail,5,"Priority, strengthen content and internal links"
Crawled currently not indexed,https://shaffercon.com/service-areas/culver-city/commercial-complete-electrical-rewiring/,/service-areas/culver-city/commercial-complete-electrical-rewiring/,2026-03-20,service_detail,5,"Priority, strengthen content and internal links"
Crawled currently not indexed,https://shaffercon.com/service-areas/culver-city/commercial-electrical-code-compliance-corrections,/service-areas/culver-city/commercial-electrical-code-compliance-corrections/,2025-12-09,service_detail,5,"Priority, strengthen content and internal links"
Crawled currently not indexed,https://shaffercon.com/service-areas/culver-city/commercial-electrical-panel-upgrades,/service-areas/culver-city/commercial-electrical-panel-upgrades/,2026-04-08,service_detail,5,"Priority, strengthen content and internal links"
Crawled currently not indexed,https://shaffercon.com/service-areas/culver-city/commercial-electrical-panel-upgrades/,/service-areas/culver-city/commercial-electrical-panel-upgrades/,2026-04-08,service_detail,5,"Priority, strengthen content and internal links"
Crawled currently not indexed,https://shaffercon.com/service-areas/culver-city/commercial-electrical-safety-inspections/,/service-areas/culver-city/commercial-electrical-safety-inspections/,2026-03-19,service_detail,5,"Priority, strengthen content and internal links"
Crawled currently not indexed,https://shaffercon.com/service-areas/culver-city/commercial-electrical-troubleshooting-repairs/,/service-areas/culver-city/commercial-electrical-troubleshooting-repairs/,2026-03-28,service_detail,5,"Priority, strengthen content and internal links"
Crawled currently not indexed,https://shaffercon.com/service-areas/culver-city/commercial-ev-charger-installation/,/service-areas/culver-city/commercial-ev-charger-installation/,2026-03-22,service_detail,5,"Priority, strengthen content and internal links"
Crawled currently not indexed,https://shaffercon.com/service-areas/culver-city/commercial-ev-charger-installation,/service-areas/culver-city/commercial-ev-charger-installation/,2026-01-23,service_detail,5,"Priority, strengthen content and internal links"
Crawled currently not indexed,https://shaffercon.com/service-areas/culver-city/commercial-exhaust-fan-ventilation-wiring/,/service-areas/culver-city/commercial-exhaust-fan-ventilation-wiring/,2026-03-14,service_detail,5,"Priority, strengthen content and internal links"
Crawled currently not indexed,https://shaffercon.com/service-areas/culver-city/commercial-landscape-outdoor-lighting,/service-areas/culver-city/commercial-landscape-outdoor-lighting/,2026-04-08,service_detail,5,"Priority, strengthen content and internal links"
Crawled currently not indexed,https://shaffercon.com/service-areas/culver-city/commercial-landscape-outdoor-lighting/,/service-areas/culver-city/commercial-landscape-outdoor-lighting/,2026-04-08,service_detail,5,"Priority, strengthen content and internal links"
Crawled currently not indexed,https://shaffercon.com/service-areas/culver-city/commercial-lighting-installation-retrofitting/,/service-areas/culver-city/commercial-lighting-installation-retrofitting/,2026-03-22,service_detail,5,"Priority, strengthen content and internal links"
Crawled currently not indexed,https://shaffercon.com/service-areas/culver-city/commercial-outlet-switch-dimmer-services/,/service-areas/culver-city/commercial-outlet-switch-dimmer-services/,2026-04-07,service_detail,5,"Priority, strengthen content and internal links"
Crawled currently not indexed,https://shaffercon.com/service-areas/culver-city/commercial-security-motion-lighting,/service-areas/culver-city/commercial-security-motion-lighting/,2025-12-05,service_detail,5,"Priority, strengthen content and internal links"
Crawled currently not indexed,https://shaffercon.com/service-areas/culver-city/residential-breaker-panel-service-maintenance/,/service-areas/culver-city/residential-breaker-panel-service-maintenance/,2026-03-17,service_detail,5,"Priority, strengthen content and internal links"
Crawled currently not indexed,https://shaffercon.com/service-areas/culver-city/residential-electrical-panel-upgrades/,/service-areas/culver-city/residential-electrical-panel-upgrades/,2025-12-23,service_detail,5,"Priority, strengthen content and internal links"
Crawled currently not indexed,https://shaffercon.com/service-areas/culver-city/residential-ev-charger-installation/,/service-areas/culver-city/residential-ev-charger-installation/,2026-03-17,service_detail,5,"Priority, strengthen content and internal links"
Crawled currently not indexed,https://shaffercon.com/service-areas/echo-park/commercial-backup-generator-installation,/service-areas/echo-park/commercial-backup-generator-installation/,2026-03-26,service_detail,5,"Priority, strengthen content and internal links"
Crawled currently not indexed,https://shaffercon.com/service-areas/echo-park/commercial-dedicated-equipment-circuits/,/service-areas/echo-park/commercial-dedicated-equipment-circuits/,2026-03-21,service_detail,5,"Priority, strengthen content and internal links"
Crawled currently not indexed,https://shaffercon.com/service-areas/echo-park/commercial-electrical-panel-upgrades/,/service-areas/echo-park/commercial-electrical-panel-upgrades/,2026-03-17,service_detail,5,"Priority, strengthen content and internal links"
Crawled currently not indexed,https://shaffercon.com/service-areas/echo-park/commercial-electrical-safety-inspections,/service-areas/echo-park/commercial-electrical-safety-inspections/,2026-04-25,service_detail,5,"Priority, strengthen content and internal links"
Crawled currently not indexed,https://shaffercon.com/service-areas/echo-park/commercial-electrical-safety-inspections/,/service-areas/echo-park/commercial-electrical-safety-inspections/,2026-04-25,service_detail,5,"Priority, strengthen content and internal links"
Crawled currently not indexed,https://shaffercon.com/service-areas/echo-park/commercial-electrical-troubleshooting-repairs,/service-areas/echo-park/commercial-electrical-troubleshooting-repairs/,2026-04-08,service_detail,5,"Priority, strengthen content and internal links"
Crawled currently not indexed,https://shaffercon.com/service-areas/echo-park/commercial-electrical-troubleshooting-repairs/,/service-areas/echo-park/commercial-electrical-troubleshooting-repairs/,2026-04-08,service_detail,5,"Priority, strengthen content and internal links"
Crawled currently not indexed,https://shaffercon.com/service-areas/echo-park/commercial-energy-efficiency-upgrades/,/service-areas/echo-park/commercial-energy-efficiency-upgrades/,2026-04-09,service_detail,5,"Priority, strengthen content and internal links"
Crawled currently not indexed,https://shaffercon.com/service-areas/echo-park/commercial-ev-charger-installation/,/service-areas/echo-park/commercial-ev-charger-installation/,2026-03-18,service_detail,5,"Priority, strengthen content and internal links"
Crawled currently not indexed,https://shaffercon.com/service-areas/echo-park/commercial-landscape-outdoor-lighting/,/service-areas/echo-park/commercial-landscape-outdoor-lighting/,2025-12-20,service_detail,5,"Priority, strengthen content and internal links"
Crawled currently not indexed,https://shaffercon.com/service-areas/echo-park/commercial-outlet-switch-dimmer-services/,/service-areas/echo-park/commercial-outlet-switch-dimmer-services/,2026-04-05,service_detail,5,"Priority, strengthen content and internal links"
Crawled currently not indexed,https://shaffercon.com/service-areas/echo-park/commercial-security-motion-lighting/,/service-areas/echo-park/commercial-security-motion-lighting/,2026-04-08,service_detail,5,"Priority, strengthen content and internal links"
Crawled currently not indexed,https://shaffercon.com/service-areas/echo-park/residential-electrical-panel-upgrades/,/service-areas/echo-park/residential-electrical-panel-upgrades/,2026-03-23,service_detail,5,"Priority, strengthen content and internal links"
Crawled currently not indexed,https://shaffercon.com/service-areas/echo-park/residential-ev-charger-installation/,/service-areas/echo-park/residential-ev-charger-installation/,2026-04-08,service_detail,5,"Priority, strengthen content and internal links"
Crawled currently not indexed,https://shaffercon.com/service-areas/glendale/commercial-complete-electrical-rewiring/,/service-areas/glendale/commercial-complete-electrical-rewiring/,2026-03-16,service_detail,5,"Priority, strengthen content and internal links"
Crawled currently not indexed,https://shaffercon.com/service-areas/glendale/commercial-electrical-panel-upgrades,/service-areas/glendale/commercial-electrical-panel-upgrades/,2025-12-07,service_detail,5,"Priority, strengthen content and internal links"
Crawled currently not indexed,https://shaffercon.com/service-areas/glendale/commercial-electrical-safety-inspections/,/service-areas/glendale/commercial-electrical-safety-inspections/,2026-03-18,service_detail,5,"Priority, strengthen content and internal links"
Crawled currently not indexed,https://shaffercon.com/service-areas/glendale/commercial-energy-efficiency-upgrades,/service-areas/glendale/commercial-energy-efficiency-upgrades/,2025-11-27,service_detail,5,"Priority, strengthen content and internal links"
Crawled currently not indexed,https://shaffercon.com/service-areas/glendale/commercial-ev-charger-installation/,/service-areas/glendale/commercial-ev-charger-installation/,2026-02-14,service_detail,5,"Priority, strengthen content and internal links"
Crawled currently not indexed,https://shaffercon.com/service-areas/glendale/commercial-ev-charger-installation,/service-areas/glendale/commercial-ev-charger-installation/,2025-12-10,service_detail,5,"Priority, strengthen content and internal links"
Crawled currently not indexed,https://shaffercon.com/service-areas/glendale/commercial-exhaust-fan-ventilation-wiring,/service-areas/glendale/commercial-exhaust-fan-ventilation-wiring/,2025-11-25,service_detail,5,"Priority, strengthen content and internal links"
Crawled currently not indexed,https://shaffercon.com/service-areas/glendale/commercial-landscape-outdoor-lighting,/service-areas/glendale/commercial-landscape-outdoor-lighting/,2026-04-21,service_detail,5,"Priority, strengthen content and internal links"
Crawled currently not indexed,https://shaffercon.com/service-areas/glendale/commercial-landscape-outdoor-lighting/,/service-areas/glendale/commercial-landscape-outdoor-lighting/,2026-04-21,service_detail,5,"Priority, strengthen content and internal links"
Crawled currently not indexed,https://shaffercon.com/service-areas/glendale/commercial-whole-building-surge-protection,/service-areas/glendale/commercial-whole-building-surge-protection/,2025-12-07,service_detail,5,"Priority, strengthen content and internal links"
Crawled currently not indexed,https://shaffercon.com/service-areas/glendale/residential-breaker-panel-service-maintenance,/service-areas/glendale/residential-breaker-panel-service-maintenance/,2025-12-05,service_detail,5,"Priority, strengthen content and internal links"
Crawled currently not indexed,https://shaffercon.com/service-areas/glendale/residential-ev-charger-installation/,/service-areas/glendale/residential-ev-charger-installation/,2026-04-09,service_detail,5,"Priority, strengthen content and internal links"
Crawled currently not indexed,https://shaffercon.com/service-areas/highland-park/commercial-breaker-panel-service-maintenance/,/service-areas/highland-park/commercial-breaker-panel-service-maintenance/,2026-03-17,service_detail,5,"Priority, strengthen content and internal links"
Crawled currently not indexed,https://shaffercon.com/service-areas/highland-park/commercial-dedicated-equipment-circuits/,/service-areas/highland-park/commercial-dedicated-equipment-circuits/,2026-03-17,service_detail,5,"Priority, strengthen content and internal links"
Crawled currently not indexed,https://shaffercon.com/service-areas/highland-park/commercial-electrical-code-compliance-corrections/,/service-areas/highland-park/commercial-electrical-code-compliance-corrections/,2026-03-21,service_detail,5,"Priority, strengthen content and internal links"
Crawled currently not indexed,https://shaffercon.com/service-areas/highland-park/commercial-electrical-panel-upgrades,/service-areas/highland-park/commercial-electrical-panel-upgrades/,2025-11-26,service_detail,5,"Priority, strengthen content and internal links"
Crawled currently not indexed,https://shaffercon.com/service-areas/highland-park/commercial-electrical-troubleshooting-repairs/,/service-areas/highland-park/commercial-electrical-troubleshooting-repairs/,2026-04-02,service_detail,5,"Priority, strengthen content and internal links"
Crawled currently not indexed,https://shaffercon.com/service-areas/highland-park/commercial-energy-efficiency-upgrades,/service-areas/highland-park/commercial-energy-efficiency-upgrades/,2026-04-22,service_detail,5,"Priority, strengthen content and internal links"
Crawled currently not indexed,https://shaffercon.com/service-areas/highland-park/commercial-energy-efficiency-upgrades/,/service-areas/highland-park/commercial-energy-efficiency-upgrades/,2026-04-22,service_detail,5,"Priority, strengthen content and internal links"
Crawled currently not indexed,https://shaffercon.com/service-areas/highland-park/commercial-ev-charger-installation/,/service-areas/highland-park/commercial-ev-charger-installation/,2026-03-14,service_detail,5,"Priority, strengthen content and internal links"
Crawled currently not indexed,https://shaffercon.com/service-areas/highland-park/commercial-exhaust-fan-ventilation-wiring/,/service-areas/highland-park/commercial-exhaust-fan-ventilation-wiring/,2026-03-31,service_detail,5,"Priority, strengthen content and internal links"
Crawled currently not indexed,https://shaffercon.com/service-areas/highland-park/commercial-outlet-switch-dimmer-services,/service-areas/highland-park/commercial-outlet-switch-dimmer-services/,2025-11-26,service_detail,5,"Priority, strengthen content and internal links"
Crawled currently not indexed,https://shaffercon.com/service-areas/highland-park/commercial-security-motion-lighting,/service-areas/highland-park/commercial-security-motion-lighting/,2025-11-26,service_detail,5,"Priority, strengthen content and internal links"
Crawled currently not indexed,https://shaffercon.com/service-areas/highland-park/commercial-whole-building-surge-protection/,/service-areas/highland-park/commercial-whole-building-surge-protection/,2026-03-22,service_detail,5,"Priority, strengthen content and internal links"
Crawled currently not indexed,https://shaffercon.com/service-areas/highland-park/residential-breaker-panel-service-maintenance/,/service-areas/highland-park/residential-breaker-panel-service-maintenance/,2026-03-19,service_detail,5,"Priority, strengthen content and internal links"
Crawled currently not indexed,https://shaffercon.com/service-areas/highland-park/residential-electrical-panel-upgrades,/service-areas/highland-park/residential-electrical-panel-upgrades/,2026-04-10,service_detail,5,"Priority, strengthen content and internal links"
Crawled currently not indexed,https://shaffercon.com/service-areas/highland-park/residential-electrical-panel-upgrades/,/service-areas/highland-park/residential-electrical-panel-upgrades/,2026-04-10,service_detail,5,"Priority, strengthen content and internal links"
Crawled currently not indexed,https://shaffercon.com/service-areas/highland-park/residential-ev-charger-installation/,/service-areas/highland-park/residential-ev-charger-installation/,2026-04-09,service_detail,5,"Priority, strengthen content and internal links"
Crawled currently not indexed,https://shaffercon.com/service-areas/hollywood/commercial-electrical-code-compliance-corrections/,/service-areas/hollywood/commercial-electrical-code-compliance-corrections/,2025-12-28,service_detail,5,"Priority, strengthen content and internal links"
Crawled currently not indexed,https://shaffercon.com/service-areas/hollywood/commercial-electrical-panel-upgrades/,/service-areas/hollywood/commercial-electrical-panel-upgrades/,2026-03-21,service_detail,5,"Priority, strengthen content and internal links"
Crawled currently not indexed,https://shaffercon.com/service-areas/hollywood/commercial-electrical-troubleshooting-repairs,/service-areas/hollywood/commercial-electrical-troubleshooting-repairs/,2025-12-05,service_detail,5,"Priority, strengthen content and internal links"
Crawled currently not indexed,https://shaffercon.com/service-areas/hollywood/commercial-exhaust-fan-ventilation-wiring/,/service-areas/hollywood/commercial-exhaust-fan-ventilation-wiring/,2026-02-13,service_detail,5,"Priority, strengthen content and internal links"
Crawled currently not indexed,https://shaffercon.com/service-areas/hollywood/commercial-lighting-installation-retrofitting/,/service-areas/hollywood/commercial-lighting-installation-retrofitting/,2026-03-18,service_detail,5,"Priority, strengthen content and internal links"
Crawled currently not indexed,https://shaffercon.com/service-areas/hollywood/commercial-outlet-switch-dimmer-services/,/service-areas/hollywood/commercial-outlet-switch-dimmer-services/,2026-04-18,service_detail,5,"Priority, strengthen content and internal links"
Crawled currently not indexed,https://shaffercon.com/service-areas/hollywood/commercial-outlet-switch-dimmer-services,/service-areas/hollywood/commercial-outlet-switch-dimmer-services/,2025-12-08,service_detail,5,"Priority, strengthen content and internal links"
Crawled currently not indexed,https://shaffercon.com/service-areas/hollywood/commercial-whole-building-surge-protection,/service-areas/hollywood/commercial-whole-building-surge-protection/,2025-11-25,service_detail,5,"Priority, strengthen content and internal links"
Crawled currently not indexed,https://shaffercon.com/service-areas/hollywood/residential-breaker-panel-service-maintenance/,/service-areas/hollywood/residential-breaker-panel-service-maintenance/,2026-03-21,service_detail,5,"Priority, strengthen content and internal links"
Crawled currently not indexed,https://shaffercon.com/service-areas/hollywood/residential-ev-charger-installation/,/service-areas/hollywood/residential-ev-charger-installation/,2026-04-09,service_detail,5,"Priority, strengthen content and internal links"
Crawled currently not indexed,https://shaffercon.com/service-areas/inglewood/commercial-backup-generator-installation/,/service-areas/inglewood/commercial-backup-generator-installation/,2026-04-10,service_detail,5,"Priority, strengthen content and internal links"
Crawled currently not indexed,https://shaffercon.com/service-areas/inglewood/commercial-breaker-panel-service-maintenance/,/service-areas/inglewood/commercial-breaker-panel-service-maintenance/,2026-03-16,service_detail,5,"Priority, strengthen content and internal links"
Crawled currently not indexed,https://shaffercon.com/service-areas/inglewood/commercial-complete-electrical-rewiring/,/service-areas/inglewood/commercial-complete-electrical-rewiring/,2026-03-27,service_detail,5,"Priority, strengthen content and internal links"
Crawled currently not indexed,https://shaffercon.com/service-areas/inglewood/commercial-dedicated-equipment-circuits/,/service-areas/inglewood/commercial-dedicated-equipment-circuits/,2026-03-20,service_detail,5,"Priority, strengthen content and internal links"
Crawled currently not indexed,https://shaffercon.com/service-areas/inglewood/commercial-electrical-code-compliance-corrections,/service-areas/inglewood/commercial-electrical-code-compliance-corrections/,2025-12-07,service_detail,5,"Priority, strengthen content and internal links"
Crawled currently not indexed,https://shaffercon.com/service-areas/inglewood/commercial-energy-efficiency-upgrades/,/service-areas/inglewood/commercial-energy-efficiency-upgrades/,2026-03-18,service_detail,5,"Priority, strengthen content and internal links"
Crawled currently not indexed,https://shaffercon.com/service-areas/inglewood/commercial-landscape-outdoor-lighting,/service-areas/inglewood/commercial-landscape-outdoor-lighting/,2026-04-23,service_detail,5,"Priority, strengthen content and internal links"
Crawled currently not indexed,https://shaffercon.com/service-areas/inglewood/commercial-lighting-installation-retrofitting/,/service-areas/inglewood/commercial-lighting-installation-retrofitting/,2026-04-20,service_detail,5,"Priority, strengthen content and internal links"
Crawled currently not indexed,https://shaffercon.com/service-areas/inglewood/commercial-lighting-installation-retrofitting,/service-areas/inglewood/commercial-lighting-installation-retrofitting/,2026-02-11,service_detail,5,"Priority, strengthen content and internal links"
Crawled currently not indexed,https://shaffercon.com/service-areas/inglewood/commercial-outlet-switch-dimmer-services/,/service-areas/inglewood/commercial-outlet-switch-dimmer-services/,2026-04-09,service_detail,5,"Priority, strengthen content and internal links"
Crawled currently not indexed,https://shaffercon.com/service-areas/inglewood/commercial-security-motion-lighting,/service-areas/inglewood/commercial-security-motion-lighting/,2025-11-27,service_detail,5,"Priority, strengthen content and internal links"
Crawled currently not indexed,https://shaffercon.com/service-areas/inglewood/commercial-whole-building-surge-protection/,/service-areas/inglewood/commercial-whole-building-surge-protection/,2026-04-26,service_detail,5,"Priority, strengthen content and internal links"
Crawled currently not indexed,https://shaffercon.com/service-areas/inglewood/residential-breaker-panel-service-maintenance/,/service-areas/inglewood/residential-breaker-panel-service-maintenance/,2026-04-09,service_detail,5,"Priority, strengthen content and internal links"
Crawled currently not indexed,https://shaffercon.com/service-areas/inglewood/residential-ev-charger-installation,/service-areas/inglewood/residential-ev-charger-installation/,2025-12-05,service_detail,5,"Priority, strengthen content and internal links"
Crawled currently not indexed,https://shaffercon.com/service-areas/long-beach/commercial-backup-generator-installation/,/service-areas/long-beach/commercial-backup-generator-installation/,2026-04-09,service_detail,5,"Priority, strengthen content and internal links"
Crawled currently not indexed,https://shaffercon.com/service-areas/long-beach/commercial-breaker-panel-service-maintenance/,/service-areas/long-beach/commercial-breaker-panel-service-maintenance/,2026-04-08,service_detail,5,"Priority, strengthen content and internal links"
Crawled currently not indexed,https://shaffercon.com/service-areas/long-beach/commercial-electrical-panel-upgrades/,/service-areas/long-beach/commercial-electrical-panel-upgrades/,2026-03-31,service_detail,5,"Priority, strengthen content and internal links"
Crawled currently not indexed,https://shaffercon.com/service-areas/long-beach/commercial-ev-charger-installation,/service-areas/long-beach/commercial-ev-charger-installation/,2026-04-09,service_detail,5,"Priority, strengthen content and internal links"
Crawled currently not indexed,https://shaffercon.com/service-areas/long-beach/commercial-exhaust-fan-ventilation-wiring/,/service-areas/long-beach/commercial-exhaust-fan-ventilation-wiring/,2026-03-31,service_detail,5,"Priority, strengthen content and internal links"
Crawled currently not indexed,https://shaffercon.com/service-areas/long-beach/commercial-landscape-outdoor-lighting,/service-areas/long-beach/commercial-landscape-outdoor-lighting/,2025-12-07,service_detail,5,"Priority, strengthen content and internal links"
Crawled currently not indexed,https://shaffercon.com/service-areas/long-beach/commercial-outlet-switch-dimmer-services/,/service-areas/long-beach/commercial-outlet-switch-dimmer-services/,2026-03-21,service_detail,5,"Priority, strengthen content and internal links"
Crawled currently not indexed,https://shaffercon.com/service-areas/long-beach/commercial-security-motion-lighting,/service-areas/long-beach/commercial-security-motion-lighting/,2025-12-15,service_detail,5,"Priority, strengthen content and internal links"
Crawled currently not indexed,https://shaffercon.com/service-areas/long-beach/commercial-whole-building-surge-protection/,/service-areas/long-beach/commercial-whole-building-surge-protection/,2026-03-20,service_detail,5,"Priority, strengthen content and internal links"
Crawled currently not indexed,https://shaffercon.com/service-areas/long-beach/residential-breaker-panel-service-maintenance,/service-areas/long-beach/residential-breaker-panel-service-maintenance/,2025-12-05,service_detail,5,"Priority, strengthen content and internal links"
Crawled currently not indexed,https://shaffercon.com/service-areas/long-beach/residential-electrical-panel-upgrades/,/service-areas/long-beach/residential-electrical-panel-upgrades/,2026-04-08,service_detail,5,"Priority, strengthen content and internal links"
Crawled currently not indexed,https://shaffercon.com/service-areas/long-beach/residential-ev-charger-installation/,/service-areas/long-beach/residential-ev-charger-installation/,2026-04-09,service_detail,5,"Priority, strengthen content and internal links"
Crawled currently not indexed,https://shaffercon.com/service-areas/los-feliz/commercial-complete-electrical-rewiring,/service-areas/los-feliz/commercial-complete-electrical-rewiring/,2025-12-07,service_detail,5,"Priority, strengthen content and internal links"
Crawled currently not indexed,https://shaffercon.com/service-areas/los-feliz/commercial-dedicated-equipment-circuits/,/service-areas/los-feliz/commercial-dedicated-equipment-circuits/,2025-12-23,service_detail,5,"Priority, strengthen content and internal links"
Crawled currently not indexed,https://shaffercon.com/service-areas/los-feliz/commercial-electrical-code-compliance-corrections/,/service-areas/los-feliz/commercial-electrical-code-compliance-corrections/,2026-03-11,service_detail,5,"Priority, strengthen content and internal links"
Crawled currently not indexed,https://shaffercon.com/service-areas/los-feliz/commercial-electrical-code-compliance-corrections,/service-areas/los-feliz/commercial-electrical-code-compliance-corrections/,2025-12-07,service_detail,5,"Priority, strengthen content and internal links"
Crawled currently not indexed,https://shaffercon.com/service-areas/los-feliz/commercial-electrical-panel-upgrades,/service-areas/los-feliz/commercial-electrical-panel-upgrades/,2025-12-05,service_detail,5,"Priority, strengthen content and internal links"
Crawled currently not indexed,https://shaffercon.com/service-areas/los-feliz/commercial-electrical-troubleshooting-repairs/,/service-areas/los-feliz/commercial-electrical-troubleshooting-repairs/,2026-03-21,service_detail,5,"Priority, strengthen content and internal links"
Crawled currently not indexed,https://shaffercon.com/service-areas/los-feliz/commercial-exhaust-fan-ventilation-wiring/,/service-areas/los-feliz/commercial-exhaust-fan-ventilation-wiring/,2026-03-18,service_detail,5,"Priority, strengthen content and internal links"
Crawled currently not indexed,https://shaffercon.com/service-areas/los-feliz/commercial-landscape-outdoor-lighting/,/service-areas/los-feliz/commercial-landscape-outdoor-lighting/,2025-12-24,service_detail,5,"Priority, strengthen content and internal links"
Crawled currently not indexed,https://shaffercon.com/service-areas/los-feliz/commercial-lighting-installation-retrofitting/,/service-areas/los-feliz/commercial-lighting-installation-retrofitting/,2025-12-20,service_detail,5,"Priority, strengthen content and internal links"
Crawled currently not indexed,https://shaffercon.com/service-areas/los-feliz/commercial-security-motion-lighting/,/service-areas/los-feliz/commercial-security-motion-lighting/,2026-03-16,service_detail,5,"Priority, strengthen content and internal links"
Crawled currently not indexed,https://shaffercon.com/service-areas/los-feliz/residential-breaker-panel-service-maintenance/,/service-areas/los-feliz/residential-breaker-panel-service-maintenance/,2026-03-22,service_detail,5,"Priority, strengthen content and internal links"
Crawled currently not indexed,https://shaffercon.com/service-areas/los-feliz/residential-electrical-panel-upgrades/,/service-areas/los-feliz/residential-electrical-panel-upgrades/,2026-04-05,service_detail,5,"Priority, strengthen content and internal links"
Crawled currently not indexed,https://shaffercon.com/service-areas/los-feliz/residential-ev-charger-installation/,/service-areas/los-feliz/residential-ev-charger-installation/,2026-03-26,service_detail,5,"Priority, strengthen content and internal links"
Crawled currently not indexed,https://shaffercon.com/service-areas/pacific-palisades/commercial-breaker-panel-service-maintenance/,/service-areas/pacific-palisades/commercial-breaker-panel-service-maintenance/,2026-03-20,service_detail,5,"Priority, strengthen content and internal links"
Crawled currently not indexed,https://shaffercon.com/service-areas/pacific-palisades/commercial-complete-electrical-rewiring/,/service-areas/pacific-palisades/commercial-complete-electrical-rewiring/,2026-04-17,service_detail,5,"Priority, strengthen content and internal links"
Crawled currently not indexed,https://shaffercon.com/service-areas/pacific-palisades/commercial-complete-electrical-rewiring,/service-areas/pacific-palisades/commercial-complete-electrical-rewiring/,2025-12-07,service_detail,5,"Priority, strengthen content and internal links"
Crawled currently not indexed,https://shaffercon.com/service-areas/pacific-palisades/commercial-dedicated-equipment-circuits/,/service-areas/pacific-palisades/commercial-dedicated-equipment-circuits/,2026-04-05,service_detail,5,"Priority, strengthen content and internal links"
Crawled currently not indexed,https://shaffercon.com/service-areas/pacific-palisades/commercial-electrical-panel-upgrades/,/service-areas/pacific-palisades/commercial-electrical-panel-upgrades/,2026-04-11,service_detail,5,"Priority, strengthen content and internal links"
Crawled currently not indexed,https://shaffercon.com/service-areas/pacific-palisades/commercial-electrical-panel-upgrades,/service-areas/pacific-palisades/commercial-electrical-panel-upgrades/,2025-12-07,service_detail,5,"Priority, strengthen content and internal links"
Crawled currently not indexed,https://shaffercon.com/service-areas/pacific-palisades/commercial-electrical-safety-inspections,/service-areas/pacific-palisades/commercial-electrical-safety-inspections/,2026-04-22,service_detail,5,"Priority, strengthen content and internal links"
Crawled currently not indexed,https://shaffercon.com/service-areas/pacific-palisades/commercial-electrical-safety-inspections/,/service-areas/pacific-palisades/commercial-electrical-safety-inspections/,2026-04-22,service_detail,5,"Priority, strengthen content and internal links"
Crawled currently not indexed,https://shaffercon.com/service-areas/pacific-palisades/commercial-electrical-troubleshooting-repairs/,/service-areas/pacific-palisades/commercial-electrical-troubleshooting-repairs/,2026-04-05,service_detail,5,"Priority, strengthen content and internal links"
Crawled currently not indexed,https://shaffercon.com/service-areas/pacific-palisades/commercial-electrical-troubleshooting-repairs,/service-areas/pacific-palisades/commercial-electrical-troubleshooting-repairs/,2025-11-24,service_detail,5,"Priority, strengthen content and internal links"
Crawled currently not indexed,https://shaffercon.com/service-areas/pacific-palisades/commercial-energy-efficiency-upgrades,/service-areas/pacific-palisades/commercial-energy-efficiency-upgrades/,2025-12-07,service_detail,5,"Priority, strengthen content and internal links"
Crawled currently not indexed,https://shaffercon.com/service-areas/pacific-palisades/commercial-ev-charger-installation,/service-areas/pacific-palisades/commercial-ev-charger-installation/,2025-11-27,service_detail,5,"Priority, strengthen content and internal links"
Crawled currently not indexed,https://shaffercon.com/service-areas/pacific-palisades/commercial-exhaust-fan-ventilation-wiring/,/service-areas/pacific-palisades/commercial-exhaust-fan-ventilation-wiring/,2026-03-19,service_detail,5,"Priority, strengthen content and internal links"
Crawled currently not indexed,https://shaffercon.com/service-areas/pacific-palisades/commercial-landscape-outdoor-lighting,/service-areas/pacific-palisades/commercial-landscape-outdoor-lighting/,2025-11-25,service_detail,5,"Priority, strengthen content and internal links"
Crawled currently not indexed,https://shaffercon.com/service-areas/pacific-palisades/commercial-lighting-installation-retrofitting/,/service-areas/pacific-palisades/commercial-lighting-installation-retrofitting/,2026-04-05,service_detail,5,"Priority, strengthen content and internal links"
Crawled currently not indexed,https://shaffercon.com/service-areas/pacific-palisades/commercial-lighting-installation-retrofitting,/service-areas/pacific-palisades/commercial-lighting-installation-retrofitting/,2025-11-26,service_detail,5,"Priority, strengthen content and internal links"
Crawled currently not indexed,https://shaffercon.com/service-areas/pacific-palisades/commercial-outlet-switch-dimmer-services/,/service-areas/pacific-palisades/commercial-outlet-switch-dimmer-services/,2026-03-20,service_detail,5,"Priority, strengthen content and internal links"
Crawled currently not indexed,https://shaffercon.com/service-areas/pacific-palisades/commercial-whole-building-surge-protection/,/service-areas/pacific-palisades/commercial-whole-building-surge-protection/,2026-04-10,service_detail,5,"Priority, strengthen content and internal links"
Crawled currently not indexed,https://shaffercon.com/service-areas/pacific-palisades/commercial-whole-building-surge-protection,/service-areas/pacific-palisades/commercial-whole-building-surge-protection/,2025-11-27,service_detail,5,"Priority, strengthen content and internal links"
Crawled currently not indexed,https://shaffercon.com/service-areas/pacific-palisades/residential-breaker-panel-service-maintenance/,/service-areas/pacific-palisades/residential-breaker-panel-service-maintenance/,2026-04-17,service_detail,5,"Priority, strengthen content and internal links"
Crawled currently not indexed,https://shaffercon.com/service-areas/pacific-palisades/residential-breaker-panel-service-maintenance,/service-areas/pacific-palisades/residential-breaker-panel-service-maintenance/,2025-12-08,service_detail,5,"Priority, strengthen content and internal links"
Crawled currently not indexed,https://shaffercon.com/service-areas/pacific-palisades/residential-ev-charger-installation,/service-areas/pacific-palisades/residential-ev-charger-installation/,2025-11-25,service_detail,5,"Priority, strengthen content and internal links"
Crawled currently not indexed,https://shaffercon.com/service-areas/pasadena/commercial-backup-generator-installation/,/service-areas/pasadena/commercial-backup-generator-installation/,2026-03-24,service_detail,5,"Priority, strengthen content and internal links"
Crawled currently not indexed,https://shaffercon.com/service-areas/pasadena/commercial-breaker-panel-service-maintenance/,/service-areas/pasadena/commercial-breaker-panel-service-maintenance/,2026-03-16,service_detail,5,"Priority, strengthen content and internal links"
Crawled currently not indexed,https://shaffercon.com/service-areas/pasadena/commercial-complete-electrical-rewiring/,/service-areas/pasadena/commercial-complete-electrical-rewiring/,2026-04-09,service_detail,5,"Priority, strengthen content and internal links"
Crawled currently not indexed,https://shaffercon.com/service-areas/pasadena/commercial-electrical-safety-inspections/,/service-areas/pasadena/commercial-electrical-safety-inspections/,2026-03-21,service_detail,5,"Priority, strengthen content and internal links"
Crawled currently not indexed,https://shaffercon.com/service-areas/pasadena/commercial-electrical-troubleshooting-repairs/,/service-areas/pasadena/commercial-electrical-troubleshooting-repairs/,2026-03-17,service_detail,5,"Priority, strengthen content and internal links"
Crawled currently not indexed,https://shaffercon.com/service-areas/pasadena/commercial-energy-efficiency-upgrades/,/service-areas/pasadena/commercial-energy-efficiency-upgrades/,2025-12-21,service_detail,5,"Priority, strengthen content and internal links"
Crawled currently not indexed,https://shaffercon.com/service-areas/pasadena/commercial-ev-charger-installation/,/service-areas/pasadena/commercial-ev-charger-installation/,2026-01-20,service_detail,5,"Priority, strengthen content and internal links"
Crawled currently not indexed,https://shaffercon.com/service-areas/pasadena/commercial-exhaust-fan-ventilation-wiring/,/service-areas/pasadena/commercial-exhaust-fan-ventilation-wiring/,2026-02-06,service_detail,5,"Priority, strengthen content and internal links"
Crawled currently not indexed,https://shaffercon.com/service-areas/pasadena/commercial-exhaust-fan-ventilation-wiring,/service-areas/pasadena/commercial-exhaust-fan-ventilation-wiring/,2025-11-25,service_detail,5,"Priority, strengthen content and internal links"
Crawled currently not indexed,https://shaffercon.com/service-areas/pasadena/commercial-landscape-outdoor-lighting,/service-areas/pasadena/commercial-landscape-outdoor-lighting/,2025-12-10,service_detail,5,"Priority, strengthen content and internal links"
Crawled currently not indexed,https://shaffercon.com/service-areas/pasadena/commercial-lighting-installation-retrofitting/,/service-areas/pasadena/commercial-lighting-installation-retrofitting/,2026-03-22,service_detail,5,"Priority, strengthen content and internal links"
Crawled currently not indexed,https://shaffercon.com/service-areas/pasadena/commercial-outlet-switch-dimmer-services,/service-areas/pasadena/commercial-outlet-switch-dimmer-services/,2025-11-25,service_detail,5,"Priority, strengthen content and internal links"
Crawled currently not indexed,https://shaffercon.com/service-areas/pasadena/commercial-security-motion-lighting/,/service-areas/pasadena/commercial-security-motion-lighting/,2026-03-21,service_detail,5,"Priority, strengthen content and internal links"
Crawled currently not indexed,https://shaffercon.com/service-areas/pasadena/commercial-whole-building-surge-protection/,/service-areas/pasadena/commercial-whole-building-surge-protection/,2026-03-22,service_detail,5,"Priority, strengthen content and internal links"
Crawled currently not indexed,https://shaffercon.com/service-areas/santa-clarita/commercial-backup-generator-installation/,/service-areas/santa-clarita/commercial-backup-generator-installation/,2026-04-05,service_detail,5,"Priority, strengthen content and internal links"
Crawled currently not indexed,https://shaffercon.com/service-areas/santa-clarita/commercial-breaker-panel-service-maintenance/,/service-areas/santa-clarita/commercial-breaker-panel-service-maintenance/,2026-03-16,service_detail,5,"Priority, strengthen content and internal links"
Crawled currently not indexed,https://shaffercon.com/service-areas/santa-clarita/commercial-complete-electrical-rewiring/,/service-areas/santa-clarita/commercial-complete-electrical-rewiring/,2026-03-18,service_detail,5,"Priority, strengthen content and internal links"
Crawled currently not indexed,https://shaffercon.com/service-areas/santa-clarita/commercial-dedicated-equipment-circuits/,/service-areas/santa-clarita/commercial-dedicated-equipment-circuits/,2026-03-31,service_detail,5,"Priority, strengthen content and internal links"
Crawled currently not indexed,https://shaffercon.com/service-areas/santa-clarita/commercial-electrical-code-compliance-corrections/,/service-areas/santa-clarita/commercial-electrical-code-compliance-corrections/,2026-04-02,service_detail,5,"Priority, strengthen content and internal links"
Crawled currently not indexed,https://shaffercon.com/service-areas/santa-clarita/commercial-electrical-panel-upgrades/,/service-areas/santa-clarita/commercial-electrical-panel-upgrades/,2026-03-28,service_detail,5,"Priority, strengthen content and internal links"
Crawled currently not indexed,https://shaffercon.com/service-areas/santa-clarita/commercial-electrical-safety-inspections/,/service-areas/santa-clarita/commercial-electrical-safety-inspections/,2026-04-04,service_detail,5,"Priority, strengthen content and internal links"
Crawled currently not indexed,https://shaffercon.com/service-areas/santa-clarita/commercial-electrical-troubleshooting-repairs/,/service-areas/santa-clarita/commercial-electrical-troubleshooting-repairs/,2026-03-21,service_detail,5,"Priority, strengthen content and internal links"
Crawled currently not indexed,https://shaffercon.com/service-areas/santa-clarita/commercial-energy-efficiency-upgrades/,/service-areas/santa-clarita/commercial-energy-efficiency-upgrades/,2026-03-18,service_detail,5,"Priority, strengthen content and internal links"
Crawled currently not indexed,https://shaffercon.com/service-areas/santa-clarita/commercial-landscape-outdoor-lighting/,/service-areas/santa-clarita/commercial-landscape-outdoor-lighting/,2026-04-02,service_detail,5,"Priority, strengthen content and internal links"
Crawled currently not indexed,https://shaffercon.com/service-areas/santa-clarita/commercial-lighting-installation-retrofitting,/service-areas/santa-clarita/commercial-lighting-installation-retrofitting/,2026-03-04,service_detail,5,"Priority, strengthen content and internal links"
Crawled currently not indexed,https://shaffercon.com/service-areas/santa-clarita/commercial-lighting-installation-retrofitting/,/service-areas/santa-clarita/commercial-lighting-installation-retrofitting/,2026-03-04,service_detail,5,"Priority, strengthen content and internal links"
Crawled currently not indexed,https://shaffercon.com/service-areas/santa-clarita/commercial-outlet-switch-dimmer-services/,/service-areas/santa-clarita/commercial-outlet-switch-dimmer-services/,2026-04-08,service_detail,5,"Priority, strengthen content and internal links"
Crawled currently not indexed,https://shaffercon.com/service-areas/santa-clarita/commercial-whole-building-surge-protection/,/service-areas/santa-clarita/commercial-whole-building-surge-protection/,2026-04-04,service_detail,5,"Priority, strengthen content and internal links"
Crawled currently not indexed,https://shaffercon.com/service-areas/santa-clarita/residential-electrical-panel-upgrades/,/service-areas/santa-clarita/residential-electrical-panel-upgrades/,2026-03-10,service_detail,5,"Priority, strengthen content and internal links"
Crawled currently not indexed,https://shaffercon.com/service-areas/santa-clarita/residential-ev-charger-installation/,/service-areas/santa-clarita/residential-ev-charger-installation/,2026-03-21,service_detail,5,"Priority, strengthen content and internal links"
Crawled currently not indexed,https://shaffercon.com/service-areas/santa-monica/commercial-backup-generator-installation/,/service-areas/santa-monica/commercial-backup-generator-installation/,2026-04-09,service_detail,5,"Priority, strengthen content and internal links"
Crawled currently not indexed,https://shaffercon.com/service-areas/santa-monica/commercial-breaker-panel-service-maintenance/,/service-areas/santa-monica/commercial-breaker-panel-service-maintenance/,2026-04-02,service_detail,5,"Priority, strengthen content and internal links"
Crawled currently not indexed,https://shaffercon.com/service-areas/santa-monica/commercial-complete-electrical-rewiring/,/service-areas/santa-monica/commercial-complete-electrical-rewiring/,2026-03-21,service_detail,5,"Priority, strengthen content and internal links"
Crawled currently not indexed,https://shaffercon.com/service-areas/santa-monica/commercial-dedicated-equipment-circuits/,/service-areas/santa-monica/commercial-dedicated-equipment-circuits/,2026-04-02,service_detail,5,"Priority, strengthen content and internal links"
Crawled currently not indexed,https://shaffercon.com/service-areas/santa-monica/commercial-electrical-code-compliance-corrections/,/service-areas/santa-monica/commercial-electrical-code-compliance-corrections/,2026-04-22,service_detail,5,"Priority, strengthen content and internal links"
Crawled currently not indexed,https://shaffercon.com/service-areas/santa-monica/commercial-electrical-code-compliance-corrections,/service-areas/santa-monica/commercial-electrical-code-compliance-corrections/,2025-12-10,service_detail,5,"Priority, strengthen content and internal links"
Crawled currently not indexed,https://shaffercon.com/service-areas/santa-monica/commercial-electrical-panel-upgrades,/service-areas/santa-monica/commercial-electrical-panel-upgrades/,2025-12-10,service_detail,5,"Priority, strengthen content and internal links"
Crawled currently not indexed,https://shaffercon.com/service-areas/santa-monica/commercial-electrical-safety-inspections,/service-areas/santa-monica/commercial-electrical-safety-inspections/,2026-04-05,service_detail,5,"Priority, strengthen content and internal links"
Crawled currently not indexed,https://shaffercon.com/service-areas/santa-monica/commercial-electrical-safety-inspections/,/service-areas/santa-monica/commercial-electrical-safety-inspections/,2026-04-05,service_detail,5,"Priority, strengthen content and internal links"
Crawled currently not indexed,https://shaffercon.com/service-areas/santa-monica/commercial-electrical-troubleshooting-repairs/,/service-areas/santa-monica/commercial-electrical-troubleshooting-repairs/,2026-01-22,service_detail,5,"Priority, strengthen content and internal links"
Crawled currently not indexed,https://shaffercon.com/service-areas/santa-monica/commercial-energy-efficiency-upgrades/,/service-areas/santa-monica/commercial-energy-efficiency-upgrades/,2026-04-04,service_detail,5,"Priority, strengthen content and internal links"
Crawled currently not indexed,https://shaffercon.com/service-areas/santa-monica/commercial-ev-charger-installation/,/service-areas/santa-monica/commercial-ev-charger-installation/,2026-04-04,service_detail,5,"Priority, strengthen content and internal links"
Crawled currently not indexed,https://shaffercon.com/service-areas/santa-monica/commercial-exhaust-fan-ventilation-wiring,/service-areas/santa-monica/commercial-exhaust-fan-ventilation-wiring/,2026-03-04,service_detail,5,"Priority, strengthen content and internal links"
Crawled currently not indexed,https://shaffercon.com/service-areas/santa-monica/commercial-exhaust-fan-ventilation-wiring/,/service-areas/santa-monica/commercial-exhaust-fan-ventilation-wiring/,2026-03-04,service_detail,5,"Priority, strengthen content and internal links"
Crawled currently not indexed,https://shaffercon.com/service-areas/santa-monica/commercial-landscape-outdoor-lighting,/service-areas/santa-monica/commercial-landscape-outdoor-lighting/,2026-04-06,service_detail,5,"Priority, strengthen content and internal links"
Crawled currently not indexed,https://shaffercon.com/service-areas/santa-monica/commercial-landscape-outdoor-lighting/,/service-areas/santa-monica/commercial-landscape-outdoor-lighting/,2026-04-06,service_detail,5,"Priority, strengthen content and internal links"
Crawled currently not indexed,https://shaffercon.com/service-areas/santa-monica/commercial-outlet-switch-dimmer-services/,/service-areas/santa-monica/commercial-outlet-switch-dimmer-services/,2026-04-09,service_detail,5,"Priority, strengthen content and internal links"
Crawled currently not indexed,https://shaffercon.com/service-areas/santa-monica/commercial-whole-building-surge-protection/,/service-areas/santa-monica/commercial-whole-building-surge-protection/,2026-04-04,service_detail,5,"Priority, strengthen content and internal links"
Crawled currently not indexed,https://shaffercon.com/service-areas/santa-monica/residential-breaker-panel-service-maintenance/,/service-areas/santa-monica/residential-breaker-panel-service-maintenance/,2026-03-20,service_detail,5,"Priority, strengthen content and internal links"
Crawled currently not indexed,https://shaffercon.com/service-areas/sherman-oaks/commercial-backup-generator-installation/,/service-areas/sherman-oaks/commercial-backup-generator-installation/,2026-03-18,service_detail,5,"Priority, strengthen content and internal links"
Crawled currently not indexed,https://shaffercon.com/service-areas/sherman-oaks/commercial-complete-electrical-rewiring/,/service-areas/sherman-oaks/commercial-complete-electrical-rewiring/,2026-04-05,service_detail,5,"Priority, strengthen content and internal links"
Crawled currently not indexed,https://shaffercon.com/service-areas/sherman-oaks/commercial-dedicated-equipment-circuits/,/service-areas/sherman-oaks/commercial-dedicated-equipment-circuits/,2026-04-04,service_detail,5,"Priority, strengthen content and internal links"
Crawled currently not indexed,https://shaffercon.com/service-areas/sherman-oaks/commercial-electrical-panel-upgrades/,/service-areas/sherman-oaks/commercial-electrical-panel-upgrades/,2026-04-18,service_detail,5,"Priority, strengthen content and internal links"
Crawled currently not indexed,https://shaffercon.com/service-areas/sherman-oaks/commercial-electrical-panel-upgrades,/service-areas/sherman-oaks/commercial-electrical-panel-upgrades/,2025-12-08,service_detail,5,"Priority, strengthen content and internal links"
Crawled currently not indexed,https://shaffercon.com/service-areas/sherman-oaks/commercial-electrical-troubleshooting-repairs/,/service-areas/sherman-oaks/commercial-electrical-troubleshooting-repairs/,2026-04-02,service_detail,5,"Priority, strengthen content and internal links"
Crawled currently not indexed,https://shaffercon.com/service-areas/sherman-oaks/commercial-energy-efficiency-upgrades,/service-areas/sherman-oaks/commercial-energy-efficiency-upgrades/,2025-12-07,service_detail,5,"Priority, strengthen content and internal links"
Crawled currently not indexed,https://shaffercon.com/service-areas/sherman-oaks/commercial-ev-charger-installation/,/service-areas/sherman-oaks/commercial-ev-charger-installation/,2026-03-28,service_detail,5,"Priority, strengthen content and internal links"
Crawled currently not indexed,https://shaffercon.com/service-areas/sherman-oaks/commercial-exhaust-fan-ventilation-wiring,/service-areas/sherman-oaks/commercial-exhaust-fan-ventilation-wiring/,2025-12-09,service_detail,5,"Priority, strengthen content and internal links"
Crawled currently not indexed,https://shaffercon.com/service-areas/sherman-oaks/commercial-landscape-outdoor-lighting/,/service-areas/sherman-oaks/commercial-landscape-outdoor-lighting/,2026-01-23,service_detail,5,"Priority, strengthen content and internal links"
Crawled currently not indexed,https://shaffercon.com/service-areas/sherman-oaks/commercial-security-motion-lighting/,/service-areas/sherman-oaks/commercial-security-motion-lighting/,2026-03-22,service_detail,5,"Priority, strengthen content and internal links"
Crawled currently not indexed,https://shaffercon.com/service-areas/sherman-oaks/commercial-whole-building-surge-protection/,/service-areas/sherman-oaks/commercial-whole-building-surge-protection/,2026-04-21,service_detail,5,"Priority, strengthen content and internal links"
Crawled currently not indexed,https://shaffercon.com/service-areas/sherman-oaks/commercial-whole-building-surge-protection,/service-areas/sherman-oaks/commercial-whole-building-surge-protection/,2025-12-09,service_detail,5,"Priority, strengthen content and internal links"
Crawled currently not indexed,https://shaffercon.com/service-areas/sherman-oaks/residential-breaker-panel-service-maintenance,/service-areas/sherman-oaks/residential-breaker-panel-service-maintenance/,2026-04-05,service_detail,5,"Priority, strengthen content and internal links"
Crawled currently not indexed,https://shaffercon.com/service-areas/sherman-oaks/residential-breaker-panel-service-maintenance/,/service-areas/sherman-oaks/residential-breaker-panel-service-maintenance/,2026-04-05,service_detail,5,"Priority, strengthen content and internal links"
Crawled currently not indexed,https://shaffercon.com/service-areas/sherman-oaks/residential-electrical-panel-upgrades/,/service-areas/sherman-oaks/residential-electrical-panel-upgrades/,2026-03-20,service_detail,5,"Priority, strengthen content and internal links"
Crawled currently not indexed,https://shaffercon.com/service-areas/sherman-oaks/residential-ev-charger-installation/,/service-areas/sherman-oaks/residential-ev-charger-installation/,2026-02-01,service_detail,5,"Priority, strengthen content and internal links"
Crawled currently not indexed,https://shaffercon.com/service-areas/silver-lake/commercial-electrical-code-compliance-corrections,/service-areas/silver-lake/commercial-electrical-code-compliance-corrections/,2025-12-09,service_detail,5,"Priority, strengthen content and internal links"
Crawled currently not indexed,https://shaffercon.com/service-areas/silver-lake/commercial-electrical-safety-inspections/,/service-areas/silver-lake/commercial-electrical-safety-inspections/,2026-04-09,service_detail,5,"Priority, strengthen content and internal links"
Crawled currently not indexed,https://shaffercon.com/service-areas/silver-lake/commercial-energy-efficiency-upgrades,/service-areas/silver-lake/commercial-energy-efficiency-upgrades/,2025-12-10,service_detail,5,"Priority, strengthen content and internal links"
Crawled currently not indexed,https://shaffercon.com/service-areas/silver-lake/commercial-ev-charger-installation/,/service-areas/silver-lake/commercial-ev-charger-installation/,2026-03-21,service_detail,5,"Priority, strengthen content and internal links"
Crawled currently not indexed,https://shaffercon.com/service-areas/silver-lake/commercial-exhaust-fan-ventilation-wiring/,/service-areas/silver-lake/commercial-exhaust-fan-ventilation-wiring/,2025-12-14,service_detail,5,"Priority, strengthen content and internal links"
Crawled currently not indexed,https://shaffercon.com/service-areas/silver-lake/commercial-lighting-installation-retrofitting/,/service-areas/silver-lake/commercial-lighting-installation-retrofitting/,2026-04-02,service_detail,5,"Priority, strengthen content and internal links"
Crawled currently not indexed,https://shaffercon.com/service-areas/silver-lake/commercial-security-motion-lighting,/service-areas/silver-lake/commercial-security-motion-lighting/,2025-11-28,service_detail,5,"Priority, strengthen content and internal links"
Crawled currently not indexed,https://shaffercon.com/service-areas/silver-lake/commercial-whole-building-surge-protection/,/service-areas/silver-lake/commercial-whole-building-surge-protection/,2026-04-05,service_detail,5,"Priority, strengthen content and internal links"
Crawled currently not indexed,https://shaffercon.com/service-areas/silver-lake/residential-breaker-panel-service-maintenance/,/service-areas/silver-lake/residential-breaker-panel-service-maintenance/,2026-04-10,service_detail,5,"Priority, strengthen content and internal links"
Crawled currently not indexed,https://shaffercon.com/service-areas/silver-lake/residential-ev-charger-installation/,/service-areas/silver-lake/residential-ev-charger-installation/,2026-03-21,service_detail,5,"Priority, strengthen content and internal links"
Crawled currently not indexed,https://shaffercon.com/service-areas/torrance/commercial-backup-generator-installation,/service-areas/torrance/commercial-backup-generator-installation/,2025-11-26,service_detail,5,"Priority, strengthen content and internal links"
Crawled currently not indexed,https://shaffercon.com/service-areas/torrance/commercial-breaker-panel-service-maintenance/,/service-areas/torrance/commercial-breaker-panel-service-maintenance/,2026-03-21,service_detail,5,"Priority, strengthen content and internal links"
Crawled currently not indexed,https://shaffercon.com/service-areas/torrance/commercial-complete-electrical-rewiring/,/service-areas/torrance/commercial-complete-electrical-rewiring/,2026-04-09,service_detail,5,"Priority, strengthen content and internal links"
Crawled currently not indexed,https://shaffercon.com/service-areas/torrance/commercial-electrical-code-compliance-corrections,/service-areas/torrance/commercial-electrical-code-compliance-corrections/,2025-12-06,service_detail,5,"Priority, strengthen content and internal links"
Crawled currently not indexed,https://shaffercon.com/service-areas/torrance/commercial-electrical-panel-upgrades,/service-areas/torrance/commercial-electrical-panel-upgrades/,2025-12-05,service_detail,5,"Priority, strengthen content and internal links"
Crawled currently not indexed,https://shaffercon.com/service-areas/torrance/commercial-electrical-safety-inspections,/service-areas/torrance/commercial-electrical-safety-inspections/,2025-12-07,service_detail,5,"Priority, strengthen content and internal links"
Crawled currently not indexed,https://shaffercon.com/service-areas/torrance/commercial-electrical-troubleshooting-repairs,/service-areas/torrance/commercial-electrical-troubleshooting-repairs/,2025-12-06,service_detail,5,"Priority, strengthen content and internal links"
Crawled currently not indexed,https://shaffercon.com/service-areas/torrance/commercial-energy-efficiency-upgrades,/service-areas/torrance/commercial-energy-efficiency-upgrades/,2025-12-05,service_detail,5,"Priority, strengthen content and internal links"
Crawled currently not indexed,https://shaffercon.com/service-areas/torrance/commercial-ev-charger-installation,/service-areas/torrance/commercial-ev-charger-installation/,2025-11-27,service_detail,5,"Priority, strengthen content and internal links"
Crawled currently not indexed,https://shaffercon.com/service-areas/torrance/commercial-landscape-outdoor-lighting/,/service-areas/torrance/commercial-landscape-outdoor-lighting/,2026-02-21,service_detail,5,"Priority, strengthen content and internal links"
Crawled currently not indexed,https://shaffercon.com/service-areas/torrance/commercial-lighting-installation-retrofitting/,/service-areas/torrance/commercial-lighting-installation-retrofitting/,2026-04-02,service_detail,5,"Priority, strengthen content and internal links"
Crawled currently not indexed,https://shaffercon.com/service-areas/torrance/commercial-security-motion-lighting,/service-areas/torrance/commercial-security-motion-lighting/,2025-11-27,service_detail,5,"Priority, strengthen content and internal links"
Crawled currently not indexed,https://shaffercon.com/service-areas/torrance/commercial-whole-building-surge-protection,/service-areas/torrance/commercial-whole-building-surge-protection/,2025-12-06,service_detail,5,"Priority, strengthen content and internal links"
Crawled currently not indexed,https://shaffercon.com/service-areas/torrance/residential-breaker-panel-service-maintenance,/service-areas/torrance/residential-breaker-panel-service-maintenance/,2025-12-07,service_detail,5,"Priority, strengthen content and internal links"
Crawled currently not indexed,https://shaffercon.com/service-areas/torrance/residential-electrical-panel-upgrades/,/service-areas/torrance/residential-electrical-panel-upgrades/,2026-03-16,service_detail,5,"Priority, strengthen content and internal links"
Crawled currently not indexed,https://shaffercon.com/service-areas/venice/commercial-backup-generator-installation/,/service-areas/venice/commercial-backup-generator-installation/,2026-03-31,service_detail,5,"Priority, strengthen content and internal links"
Crawled currently not indexed,https://shaffercon.com/service-areas/venice/commercial-breaker-panel-service-maintenance,/service-areas/venice/commercial-breaker-panel-service-maintenance/,2026-04-09,service_detail,5,"Priority, strengthen content and internal links"
Crawled currently not indexed,https://shaffercon.com/service-areas/venice/commercial-breaker-panel-service-maintenance/,/service-areas/venice/commercial-breaker-panel-service-maintenance/,2026-04-09,service_detail,5,"Priority, strengthen content and internal links"
Crawled currently not indexed,https://shaffercon.com/service-areas/venice/commercial-complete-electrical-rewiring/,/service-areas/venice/commercial-complete-electrical-rewiring/,2026-04-02,service_detail,5,"Priority, strengthen content and internal links"
Crawled currently not indexed,https://shaffercon.com/service-areas/venice/commercial-complete-electrical-rewiring,/service-areas/venice/commercial-complete-electrical-rewiring/,2025-12-07,service_detail,5,"Priority, strengthen content and internal links"
Crawled currently not indexed,https://shaffercon.com/service-areas/venice/commercial-dedicated-equipment-circuits/,/service-areas/venice/commercial-dedicated-equipment-circuits/,2026-03-16,service_detail,5,"Priority, strengthen content and internal links"
Crawled currently not indexed,https://shaffercon.com/service-areas/venice/commercial-electrical-code-compliance-corrections,/service-areas/venice/commercial-electrical-code-compliance-corrections/,2026-04-09,service_detail,5,"Priority, strengthen content and internal links"
Crawled currently not indexed,https://shaffercon.com/service-areas/venice/commercial-electrical-safety-inspections/,/service-areas/venice/commercial-electrical-safety-inspections/,2026-03-18,service_detail,5,"Priority, strengthen content and internal links"
Crawled currently not indexed,https://shaffercon.com/service-areas/venice/commercial-electrical-troubleshooting-repairs/,/service-areas/venice/commercial-electrical-troubleshooting-repairs/,2026-03-19,service_detail,5,"Priority, strengthen content and internal links"
Crawled currently not indexed,https://shaffercon.com/service-areas/venice/commercial-energy-efficiency-upgrades/,/service-areas/venice/commercial-energy-efficiency-upgrades/,2026-03-21,service_detail,5,"Priority, strengthen content and internal links"
Crawled currently not indexed,https://shaffercon.com/service-areas/venice/commercial-ev-charger-installation/,/service-areas/venice/commercial-ev-charger-installation/,2026-04-15,service_detail,5,"Priority, strengthen content and internal links"
Crawled currently not indexed,https://shaffercon.com/service-areas/venice/commercial-ev-charger-installation,/service-areas/venice/commercial-ev-charger-installation/,2025-12-08,service_detail,5,"Priority, strengthen content and internal links"
Crawled currently not indexed,https://shaffercon.com/service-areas/venice/commercial-exhaust-fan-ventilation-wiring/,/service-areas/venice/commercial-exhaust-fan-ventilation-wiring/,2026-02-12,service_detail,5,"Priority, strengthen content and internal links"
Crawled currently not indexed,https://shaffercon.com/service-areas/venice/commercial-landscape-outdoor-lighting/,/service-areas/venice/commercial-landscape-outdoor-lighting/,2026-04-07,service_detail,5,"Priority, strengthen content and internal links"
Crawled currently not indexed,https://shaffercon.com/service-areas/venice/commercial-lighting-installation-retrofitting,/service-areas/venice/commercial-lighting-installation-retrofitting/,2026-04-01,service_detail,5,"Priority, strengthen content and internal links"
Crawled currently not indexed,https://shaffercon.com/service-areas/venice/commercial-outlet-switch-dimmer-services/,/service-areas/venice/commercial-outlet-switch-dimmer-services/,2026-03-22,service_detail,5,"Priority, strengthen content and internal links"
Crawled currently not indexed,https://shaffercon.com/service-areas/venice/commercial-security-motion-lighting/,/service-areas/venice/commercial-security-motion-lighting/,2026-04-09,service_detail,5,"Priority, strengthen content and internal links"
Crawled currently not indexed,https://shaffercon.com/service-areas/venice/commercial-whole-building-surge-protection/,/service-areas/venice/commercial-whole-building-surge-protection/,2026-04-09,service_detail,5,"Priority, strengthen content and internal links"
Crawled currently not indexed,https://shaffercon.com/service-areas/venice/residential-breaker-panel-service-maintenance/,/service-areas/venice/residential-breaker-panel-service-maintenance/,2026-04-18,service_detail,5,"Priority, strengthen content and internal links"
Crawled currently not indexed,https://shaffercon.com/service-areas/venice/residential-breaker-panel-service-maintenance,/service-areas/venice/residential-breaker-panel-service-maintenance/,2025-12-08,service_detail,5,"Priority, strengthen content and internal links"
Crawled currently not indexed,https://shaffercon.com/service-areas/venice/residential-ev-charger-installation,/service-areas/venice/residential-ev-charger-installation/,2026-04-02,service_detail,5,"Priority, strengthen content and internal links"
Crawled currently not indexed,https://shaffercon.com/service-areas/west-hollywood/commercial-backup-generator-installation/,/service-areas/west-hollywood/commercial-backup-generator-installation/,2026-03-16,service_detail,5,"Priority, strengthen content and internal links"
Crawled currently not indexed,https://shaffercon.com/service-areas/west-hollywood/commercial-breaker-panel-service-maintenance/,/service-areas/west-hollywood/commercial-breaker-panel-service-maintenance/,2026-03-18,service_detail,5,"Priority, strengthen content and internal links"
Crawled currently not indexed,https://shaffercon.com/service-areas/west-hollywood/commercial-complete-electrical-rewiring/,/service-areas/west-hollywood/commercial-complete-electrical-rewiring/,2026-03-29,service_detail,5,"Priority, strengthen content and internal links"
Crawled currently not indexed,https://shaffercon.com/service-areas/west-hollywood/commercial-dedicated-equipment-circuits/,/service-areas/west-hollywood/commercial-dedicated-equipment-circuits/,2026-03-19,service_detail,5,"Priority, strengthen content and internal links"
Crawled currently not indexed,https://shaffercon.com/service-areas/west-hollywood/commercial-electrical-panel-upgrades/,/service-areas/west-hollywood/commercial-electrical-panel-upgrades/,2026-03-15,service_detail,5,"Priority, strengthen content and internal links"
Crawled currently not indexed,https://shaffercon.com/service-areas/west-hollywood/commercial-electrical-safety-inspections,/service-areas/west-hollywood/commercial-electrical-safety-inspections/,2025-12-09,service_detail,5,"Priority, strengthen content and internal links"
Crawled currently not indexed,https://shaffercon.com/service-areas/west-hollywood/commercial-energy-efficiency-upgrades/,/service-areas/west-hollywood/commercial-energy-efficiency-upgrades/,2026-03-21,service_detail,5,"Priority, strengthen content and internal links"
Crawled currently not indexed,https://shaffercon.com/service-areas/west-hollywood/commercial-ev-charger-installation/,/service-areas/west-hollywood/commercial-ev-charger-installation/,2026-03-01,service_detail,5,"Priority, strengthen content and internal links"
Crawled currently not indexed,https://shaffercon.com/service-areas/west-hollywood/commercial-exhaust-fan-ventilation-wiring/,/service-areas/west-hollywood/commercial-exhaust-fan-ventilation-wiring/,2026-01-22,service_detail,5,"Priority, strengthen content and internal links"
Crawled currently not indexed,https://shaffercon.com/service-areas/west-hollywood/commercial-outlet-switch-dimmer-services/,/service-areas/west-hollywood/commercial-outlet-switch-dimmer-services/,2025-12-20,service_detail,5,"Priority, strengthen content and internal links"
Crawled currently not indexed,https://shaffercon.com/service-areas/west-hollywood/commercial-whole-building-surge-protection/,/service-areas/west-hollywood/commercial-whole-building-surge-protection/,2026-03-18,service_detail,5,"Priority, strengthen content and internal links"
Crawled currently not indexed,https://shaffercon.com/service-areas/west-hollywood/residential-breaker-panel-service-maintenance/,/service-areas/west-hollywood/residential-breaker-panel-service-maintenance/,2026-03-16,service_detail,5,"Priority, strengthen content and internal links"
Crawled currently not indexed,https://shaffercon.com/service-areas/west-hollywood/residential-electrical-panel-upgrades/,/service-areas/west-hollywood/residential-electrical-panel-upgrades/,2026-03-19,service_detail,5,"Priority, strengthen content and internal links"
Crawled currently not indexed,https://shaffercon.com/service-areas/west-hollywood/residential-ev-charger-installation/,/service-areas/west-hollywood/residential-ev-charger-installation/,2026-01-30,service_detail,5,"Priority, strengthen content and internal links"
Crawled currently not indexed,https://shaffercon.com/service-areas/west-hollywood/residential-ev-charger-installation,/service-areas/west-hollywood/residential-ev-charger-installation/,2025-12-05,service_detail,5,"Priority, strengthen content and internal links"
Crawled currently not indexed,https://shaffercon.com/commercial-electric-vehicle-chargers,/commercial-electric-vehicle-chargers/,2026-01-16,top_level,5,Review manually
Crawled currently not indexed,https://shaffercon.com/industry-insights/complete-home-led-lighting-upgrade-guide/,/industry-insights/complete-home-led-lighting-upgrade-guide/,2026-03-21,blog,4,Consolidate into a stronger commercial page or refresh
Crawled currently not indexed,https://shaffercon.com/industry-insights/electrician-irwindale-ca-skilled-electrical-assistance-for-your-projects/,/industry-insights/electrician-irwindale-ca-skilled-electrical-assistance-for-your-projects/,2026-01-19,blog,4,Consolidate into a stronger commercial page or refresh
Crawled currently not indexed,https://shaffercon.com/industry-insights/holiday-lighting-installation-safety-best-practices/,/industry-insights/holiday-lighting-installation-safety-best-practices/,2026-03-11,blog,4,Consolidate into a stronger commercial page or refresh
Crawled currently not indexed,https://shaffercon.com/industry-insights/holiday-lighting-installation-safety-best-practices,/industry-insights/holiday-lighting-installation-safety-best-practices/,2025-11-27,blog,4,Consolidate into a stronger commercial page or refresh
Crawled currently not indexed,https://shaffercon.com/industry-insights/landscape-lighting-design-installation-los-angeles/,/industry-insights/landscape-lighting-design-installation-los-angeles/,2025-12-20,blog,4,Consolidate into a stronger commercial page or refresh
Crawled currently not indexed,https://shaffercon.com/industry-insights/led-landscape-lighting-upgrade/,/industry-insights/led-landscape-lighting-upgrade/,2026-01-21,blog,4,Consolidate into a stronger commercial page or refresh
Crawled currently not indexed,https://shaffercon.com/industry-insights/led-retrofit-guide-los-angeles-businesses/,/industry-insights/led-retrofit-guide-los-angeles-businesses/,2026-03-17,blog,4,Consolidate into a stronger commercial page or refresh
Crawled currently not indexed,https://shaffercon.com/industry-insights/outdoor-lighting-installation-guide-los-angeles/,/industry-insights/outdoor-lighting-installation-guide-los-angeles/,2026-03-10,blog,4,Consolidate into a stronger commercial page or refresh
Crawled currently not indexed,https://shaffercon.com/industry-insights/outdoor-lighting-installation-guide-los-angeles,/industry-insights/outdoor-lighting-installation-guide-los-angeles/,2025-11-27,blog,4,Consolidate into a stronger commercial page or refresh
Crawled currently not indexed,https://shaffercon.com/industry-insights/solving-lighting-problems-practical-tips-for-homeowners/,/industry-insights/solving-lighting-problems-practical-tips-for-homeowners/,2026-03-21,blog,4,Consolidate into a stronger commercial page or refresh
Crawled currently not indexed,https://shaffercon.com/industry-insights/solving-lighting-problems-practical-tips-for-homeowners,/industry-insights/solving-lighting-problems-practical-tips-for-homeowners/,2025-11-25,blog,4,Consolidate into a stronger commercial page or refresh
Crawled currently not indexed,https://shaffercon.com/service-areas/altadena/residential-electrical-code-compliance-corrections/,/service-areas/altadena/residential-electrical-code-compliance-corrections/,2025-12-20,service_detail,4,Improve after top money pages
Crawled currently not indexed,https://shaffercon.com/service-areas/altadena/residential-electrical-safety-inspections/,/service-areas/altadena/residential-electrical-safety-inspections/,2026-03-17,service_detail,4,Improve after top money pages
Crawled currently not indexed,https://shaffercon.com/service-areas/altadena/residential-lighting-installation-retrofitting/,/service-areas/altadena/residential-lighting-installation-retrofitting/,2026-04-18,service_detail,4,Improve after top money pages
Crawled currently not indexed,https://shaffercon.com/service-areas/altadena/residential-lighting-installation-retrofitting,/service-areas/altadena/residential-lighting-installation-retrofitting/,2025-12-11,service_detail,4,Improve after top money pages
Crawled currently not indexed,https://shaffercon.com/service-areas/altadena/residential-security-motion-lighting/,/service-areas/altadena/residential-security-motion-lighting/,2026-04-03,service_detail,4,Improve after top money pages
Crawled currently not indexed,https://shaffercon.com/service-areas/atwater-village/residential-electrical-code-compliance-corrections/,/service-areas/atwater-village/residential-electrical-code-compliance-corrections/,2026-03-27,service_detail,4,Improve after top money pages
Crawled currently not indexed,https://shaffercon.com/service-areas/atwater-village/residential-electrical-safety-inspections/,/service-areas/atwater-village/residential-electrical-safety-inspections/,2026-04-09,service_detail,4,Improve after top money pages
Crawled currently not indexed,https://shaffercon.com/service-areas/atwater-village/residential-landscape-outdoor-lighting/,/service-areas/atwater-village/residential-landscape-outdoor-lighting/,2025-12-19,service_detail,4,Improve after top money pages
Crawled currently not indexed,https://shaffercon.com/service-areas/atwater-village/residential-security-motion-lighting/,/service-areas/atwater-village/residential-security-motion-lighting/,2026-03-17,service_detail,4,Improve after top money pages
Crawled currently not indexed,https://shaffercon.com/service-areas/boyle-heights/residential-electrical-code-compliance-corrections,/service-areas/boyle-heights/residential-electrical-code-compliance-corrections/,2026-02-13,service_detail,4,Improve after top money pages
Crawled currently not indexed,https://shaffercon.com/service-areas/boyle-heights/residential-electrical-code-compliance-corrections/,/service-areas/boyle-heights/residential-electrical-code-compliance-corrections/,2026-02-13,service_detail,4,Improve after top money pages
Crawled currently not indexed,https://shaffercon.com/service-areas/boyle-heights/residential-lighting-installation-retrofitting,/service-areas/boyle-heights/residential-lighting-installation-retrofitting/,2025-12-24,service_detail,4,Improve after top money pages
Crawled currently not indexed,https://shaffercon.com/service-areas/boyle-heights/residential-security-motion-lighting/,/service-areas/boyle-heights/residential-security-motion-lighting/,2026-03-17,service_detail,4,Improve after top money pages
Crawled currently not indexed,https://shaffercon.com/service-areas/burbank/residential-electrical-code-compliance-corrections/,/service-areas/burbank/residential-electrical-code-compliance-corrections/,2026-04-11,service_detail,4,Improve after top money pages
Crawled currently not indexed,https://shaffercon.com/service-areas/burbank/residential-security-motion-lighting/,/service-areas/burbank/residential-security-motion-lighting/,2026-04-04,service_detail,4,Improve after top money pages
Crawled currently not indexed,https://shaffercon.com/service-areas/culver-city/residential-electrical-code-compliance-corrections/,/service-areas/culver-city/residential-electrical-code-compliance-corrections/,2025-12-20,service_detail,4,Improve after top money pages
Crawled currently not indexed,https://shaffercon.com/service-areas/culver-city/residential-electrical-safety-inspections/,/service-areas/culver-city/residential-electrical-safety-inspections/,2026-03-18,service_detail,4,Improve after top money pages
Crawled currently not indexed,https://shaffercon.com/service-areas/culver-city/residential-landscape-outdoor-lighting/,/service-areas/culver-city/residential-landscape-outdoor-lighting/,2026-04-02,service_detail,4,Improve after top money pages
Crawled currently not indexed,https://shaffercon.com/service-areas/culver-city/residential-lighting-installation-retrofitting/,/service-areas/culver-city/residential-lighting-installation-retrofitting/,2025-12-20,service_detail,4,Improve after top money pages
Crawled currently not indexed,https://shaffercon.com/service-areas/culver-city/residential-security-motion-lighting/,/service-areas/culver-city/residential-security-motion-lighting/,2026-01-16,service_detail,4,Improve after top money pages
Crawled currently not indexed,https://shaffercon.com/service-areas/echo-park/residential-landscape-outdoor-lighting/,/service-areas/echo-park/residential-landscape-outdoor-lighting/,2026-03-16,service_detail,4,Improve after top money pages
Crawled currently not indexed,https://shaffercon.com/service-areas/echo-park/residential-lighting-installation-retrofitting/,/service-areas/echo-park/residential-lighting-installation-retrofitting/,2026-03-20,service_detail,4,Improve after top money pages
Crawled currently not indexed,https://shaffercon.com/service-areas/echo-park/residential-security-motion-lighting/,/service-areas/echo-park/residential-security-motion-lighting/,2026-04-07,service_detail,4,Improve after top money pages
Crawled currently not indexed,https://shaffercon.com/service-areas/glendale/residential-electrical-code-compliance-corrections/,/service-areas/glendale/residential-electrical-code-compliance-corrections/,2026-03-22,service_detail,4,Improve after top money pages
Crawled currently not indexed,https://shaffercon.com/service-areas/glendale/residential-electrical-safety-inspections/,/service-areas/glendale/residential-electrical-safety-inspections/,2026-03-16,service_detail,4,Improve after top money pages
Crawled currently not indexed,https://shaffercon.com/service-areas/glendale/residential-landscape-outdoor-lighting/,/service-areas/glendale/residential-landscape-outdoor-lighting/,2026-03-17,service_detail,4,Improve after top money pages
Crawled currently not indexed,https://shaffercon.com/service-areas/glendale/residential-security-motion-lighting/,/service-areas/glendale/residential-security-motion-lighting/,2026-03-18,service_detail,4,Improve after top money pages
Crawled currently not indexed,https://shaffercon.com/service-areas/highland-park/residential-electrical-code-compliance-corrections/,/service-areas/highland-park/residential-electrical-code-compliance-corrections/,2026-03-16,service_detail,4,Improve after top money pages
Crawled currently not indexed,https://shaffercon.com/service-areas/highland-park/residential-landscape-outdoor-lighting/,/service-areas/highland-park/residential-landscape-outdoor-lighting/,2026-04-24,service_detail,4,Improve after top money pages
Crawled currently not indexed,https://shaffercon.com/service-areas/highland-park/residential-security-motion-lighting,/service-areas/highland-park/residential-security-motion-lighting/,2025-12-10,service_detail,4,Improve after top money pages
Crawled currently not indexed,https://shaffercon.com/service-areas/hollywood/residential-electrical-code-compliance-corrections/,/service-areas/hollywood/residential-electrical-code-compliance-corrections/,2026-03-20,service_detail,4,Improve after top money pages
Crawled currently not indexed,https://shaffercon.com/service-areas/hollywood/residential-electrical-safety-inspections,/service-areas/hollywood/residential-electrical-safety-inspections/,2025-12-09,service_detail,4,Improve after top money pages
Crawled currently not indexed,https://shaffercon.com/service-areas/hollywood/residential-landscape-outdoor-lighting,/service-areas/hollywood/residential-landscape-outdoor-lighting/,2026-04-08,service_detail,4,Improve after top money pages
Crawled currently not indexed,https://shaffercon.com/service-areas/hollywood/residential-landscape-outdoor-lighting/,/service-areas/hollywood/residential-landscape-outdoor-lighting/,2026-04-08,service_detail,4,Improve after top money pages
Crawled currently not indexed,https://shaffercon.com/service-areas/hollywood/residential-security-motion-lighting/,/service-areas/hollywood/residential-security-motion-lighting/,2026-04-09,service_detail,4,Improve after top money pages
Crawled currently not indexed,https://shaffercon.com/service-areas/inglewood/residential-electrical-safety-inspections/,/service-areas/inglewood/residential-electrical-safety-inspections/,2026-03-18,service_detail,4,Improve after top money pages
Crawled currently not indexed,https://shaffercon.com/service-areas/inglewood/residential-landscape-outdoor-lighting/,/service-areas/inglewood/residential-landscape-outdoor-lighting/,2026-03-20,service_detail,4,Improve after top money pages
Crawled currently not indexed,https://shaffercon.com/service-areas/inglewood/residential-lighting-installation-retrofitting/,/service-areas/inglewood/residential-lighting-installation-retrofitting/,2026-04-09,service_detail,4,Improve after top money pages
Crawled currently not indexed,https://shaffercon.com/service-areas/inglewood/residential-security-motion-lighting/,/service-areas/inglewood/residential-security-motion-lighting/,2026-04-02,service_detail,4,Improve after top money pages
Crawled currently not indexed,https://shaffercon.com/service-areas/inglewood/residential-security-motion-lighting,/service-areas/inglewood/residential-security-motion-lighting/,2025-12-08,service_detail,4,Improve after top money pages
Crawled currently not indexed,https://shaffercon.com/service-areas/long-beach/residential-electrical-code-compliance-corrections/,/service-areas/long-beach/residential-electrical-code-compliance-corrections/,2026-02-01,service_detail,4,Improve after top money pages
Crawled currently not indexed,https://shaffercon.com/service-areas/long-beach/residential-electrical-safety-inspections/,/service-areas/long-beach/residential-electrical-safety-inspections/,2026-01-27,service_detail,4,Improve after top money pages
Crawled currently not indexed,https://shaffercon.com/service-areas/long-beach/residential-lighting-installation-retrofitting/,/service-areas/long-beach/residential-lighting-installation-retrofitting/,2026-04-09,service_detail,4,Improve after top money pages
Crawled currently not indexed,https://shaffercon.com/service-areas/long-beach/residential-security-motion-lighting/,/service-areas/long-beach/residential-security-motion-lighting/,2026-03-21,service_detail,4,Improve after top money pages
Crawled currently not indexed,https://shaffercon.com/service-areas/los-feliz/residential-electrical-safety-inspections/,/service-areas/los-feliz/residential-electrical-safety-inspections/,2026-03-21,service_detail,4,Improve after top money pages
Crawled currently not indexed,https://shaffercon.com/service-areas/los-feliz/residential-lighting-installation-retrofitting/,/service-areas/los-feliz/residential-lighting-installation-retrofitting/,2026-03-16,service_detail,4,Improve after top money pages
Crawled currently not indexed,https://shaffercon.com/service-areas/los-feliz/residential-security-motion-lighting/,/service-areas/los-feliz/residential-security-motion-lighting/,2026-04-09,service_detail,4,Improve after top money pages
Crawled currently not indexed,https://shaffercon.com/service-areas/pacific-palisades/residential-electrical-safety-inspections,/service-areas/pacific-palisades/residential-electrical-safety-inspections/,2025-12-10,service_detail,4,Improve after top money pages
Crawled currently not indexed,https://shaffercon.com/service-areas/pacific-palisades/residential-landscape-outdoor-lighting,/service-areas/pacific-palisades/residential-landscape-outdoor-lighting/,2025-12-09,service_detail,4,Improve after top money pages
Crawled currently not indexed,https://shaffercon.com/service-areas/pacific-palisades/residential-landscape-outdoor-lighting/,/service-areas/pacific-palisades/residential-landscape-outdoor-lighting/,2025-12-09,service_detail,4,Improve after top money pages
Crawled currently not indexed,https://shaffercon.com/service-areas/pacific-palisades/residential-lighting-installation-retrofitting,/service-areas/pacific-palisades/residential-lighting-installation-retrofitting/,2025-11-26,service_detail,4,Improve after top money pages
Crawled currently not indexed,https://shaffercon.com/service-areas/pacific-palisades/residential-security-motion-lighting/,/service-areas/pacific-palisades/residential-security-motion-lighting/,2026-04-09,service_detail,4,Improve after top money pages
Crawled currently not indexed,https://shaffercon.com/service-areas/pacific-palisades/residential-security-motion-lighting,/service-areas/pacific-palisades/residential-security-motion-lighting/,2025-12-01,service_detail,4,Improve after top money pages
Crawled currently not indexed,https://shaffercon.com/service-areas/pasadena/residential-electrical-code-compliance-corrections/,/service-areas/pasadena/residential-electrical-code-compliance-corrections/,2026-03-04,service_detail,4,Improve after top money pages
Crawled currently not indexed,https://shaffercon.com/service-areas/pasadena/residential-electrical-code-compliance-corrections,/service-areas/pasadena/residential-electrical-code-compliance-corrections/,2025-12-10,service_detail,4,Improve after top money pages
Crawled currently not indexed,https://shaffercon.com/service-areas/pasadena/residential-security-motion-lighting,/service-areas/pasadena/residential-security-motion-lighting/,2026-04-05,service_detail,4,Improve after top money pages
Crawled currently not indexed,https://shaffercon.com/service-areas/pasadena/residential-security-motion-lighting/,/service-areas/pasadena/residential-security-motion-lighting/,2026-04-05,service_detail,4,Improve after top money pages
Crawled currently not indexed,https://shaffercon.com/service-areas/santa-clarita/residential-electrical-code-compliance-corrections/,/service-areas/santa-clarita/residential-electrical-code-compliance-corrections/,2026-03-26,service_detail,4,Improve after top money pages
Crawled currently not indexed,https://shaffercon.com/service-areas/santa-clarita/residential-electrical-safety-inspections/,/service-areas/santa-clarita/residential-electrical-safety-inspections/,2026-03-21,service_detail,4,Improve after top money pages
Crawled currently not indexed,https://shaffercon.com/service-areas/santa-clarita/residential-landscape-outdoor-lighting/,/service-areas/santa-clarita/residential-landscape-outdoor-lighting/,2026-03-21,service_detail,4,Improve after top money pages
Crawled currently not indexed,https://shaffercon.com/service-areas/santa-clarita/residential-security-motion-lighting/,/service-areas/santa-clarita/residential-security-motion-lighting/,2026-03-22,service_detail,4,Improve after top money pages
Crawled currently not indexed,https://shaffercon.com/service-areas/santa-monica/residential-electrical-code-compliance-corrections/,/service-areas/santa-monica/residential-electrical-code-compliance-corrections/,2026-03-17,service_detail,4,Improve after top money pages
Crawled currently not indexed,https://shaffercon.com/service-areas/santa-monica/residential-lighting-installation-retrofitting,/service-areas/santa-monica/residential-lighting-installation-retrofitting/,2025-12-29,service_detail,4,Improve after top money pages
Crawled currently not indexed,https://shaffercon.com/service-areas/sherman-oaks/residential-electrical-code-compliance-corrections/,/service-areas/sherman-oaks/residential-electrical-code-compliance-corrections/,2026-03-18,service_detail,4,Improve after top money pages
Crawled currently not indexed,https://shaffercon.com/service-areas/sherman-oaks/residential-electrical-safety-inspections/,/service-areas/sherman-oaks/residential-electrical-safety-inspections/,2026-03-21,service_detail,4,Improve after top money pages
Crawled currently not indexed,https://shaffercon.com/service-areas/sherman-oaks/residential-landscape-outdoor-lighting,/service-areas/sherman-oaks/residential-landscape-outdoor-lighting/,2025-12-09,service_detail,4,Improve after top money pages
Crawled currently not indexed,https://shaffercon.com/service-areas/sherman-oaks/residential-security-motion-lighting/,/service-areas/sherman-oaks/residential-security-motion-lighting/,2026-04-08,service_detail,4,Improve after top money pages
Crawled currently not indexed,https://shaffercon.com/service-areas/silver-lake/residential-electrical-code-compliance-corrections/,/service-areas/silver-lake/residential-electrical-code-compliance-corrections/,2026-03-18,service_detail,4,Improve after top money pages
Crawled currently not indexed,https://shaffercon.com/service-areas/silver-lake/residential-landscape-outdoor-lighting/,/service-areas/silver-lake/residential-landscape-outdoor-lighting/,2026-03-17,service_detail,4,Improve after top money pages
Crawled currently not indexed,https://shaffercon.com/service-areas/silver-lake/residential-lighting-installation-retrofitting/,/service-areas/silver-lake/residential-lighting-installation-retrofitting/,2026-04-09,service_detail,4,Improve after top money pages
Crawled currently not indexed,https://shaffercon.com/service-areas/silver-lake/residential-security-motion-lighting,/service-areas/silver-lake/residential-security-motion-lighting/,2026-04-02,service_detail,4,Improve after top money pages
Crawled currently not indexed,https://shaffercon.com/service-areas/silver-lake/residential-security-motion-lighting/,/service-areas/silver-lake/residential-security-motion-lighting/,2026-04-02,service_detail,4,Improve after top money pages
Crawled currently not indexed,https://shaffercon.com/service-areas/torrance/residential-electrical-code-compliance-corrections/,/service-areas/torrance/residential-electrical-code-compliance-corrections/,2026-03-17,service_detail,4,Improve after top money pages
Crawled currently not indexed,https://shaffercon.com/service-areas/torrance/residential-electrical-safety-inspections,/service-areas/torrance/residential-electrical-safety-inspections/,2025-12-05,service_detail,4,Improve after top money pages
Crawled currently not indexed,https://shaffercon.com/service-areas/torrance/residential-lighting-installation-retrofitting,/service-areas/torrance/residential-lighting-installation-retrofitting/,2025-11-28,service_detail,4,Improve after top money pages
Crawled currently not indexed,https://shaffercon.com/service-areas/venice/residential-electrical-code-compliance-corrections/,/service-areas/venice/residential-electrical-code-compliance-corrections/,2026-03-21,service_detail,4,Improve after top money pages
Crawled currently not indexed,https://shaffercon.com/service-areas/venice/residential-electrical-safety-inspections/,/service-areas/venice/residential-electrical-safety-inspections/,2026-04-18,service_detail,4,Improve after top money pages
Crawled currently not indexed,https://shaffercon.com/service-areas/venice/residential-electrical-safety-inspections,/service-areas/venice/residential-electrical-safety-inspections/,2025-12-04,service_detail,4,Improve after top money pages
Crawled currently not indexed,https://shaffercon.com/service-areas/venice/residential-landscape-outdoor-lighting,/service-areas/venice/residential-landscape-outdoor-lighting/,2026-03-15,service_detail,4,Improve after top money pages
Crawled currently not indexed,https://shaffercon.com/service-areas/venice/residential-landscape-outdoor-lighting/,/service-areas/venice/residential-landscape-outdoor-lighting/,2026-03-15,service_detail,4,Improve after top money pages
Crawled currently not indexed,https://shaffercon.com/service-areas/venice/residential-security-motion-lighting/,/service-areas/venice/residential-security-motion-lighting/,2026-03-16,service_detail,4,Improve after top money pages
Crawled currently not indexed,https://shaffercon.com/service-areas/west-hollywood/residential-electrical-code-compliance-corrections/,/service-areas/west-hollywood/residential-electrical-code-compliance-corrections/,2026-03-21,service_detail,4,Improve after top money pages
Crawled currently not indexed,https://shaffercon.com/service-areas/west-hollywood/residential-electrical-safety-inspections/,/service-areas/west-hollywood/residential-electrical-safety-inspections/,2026-03-16,service_detail,4,Improve after top money pages
Crawled currently not indexed,https://shaffercon.com/service-areas/west-hollywood/residential-lighting-installation-retrofitting/,/service-areas/west-hollywood/residential-lighting-installation-retrofitting/,2026-03-21,service_detail,4,Improve after top money pages
Crawled currently not indexed,https://shaffercon.com/service-areas/west-hollywood/residential-security-motion-lighting/,/service-areas/west-hollywood/residential-security-motion-lighting/,2026-03-18,service_detail,4,Improve after top money pages
Crawled currently not indexed,https://shaffercon.com/led-retrofit-services,/led-retrofit-services/,2026-02-21,top_level,4,Review manually
Crawled currently not indexed,https://shaffercon.com/industry-insights/afci-installation-electrical-safety/,/industry-insights/afci-installation-electrical-safety/,2026-01-21,blog,3,Deprioritize or use only as support content
Crawled currently not indexed,https://shaffercon.com/industry-insights/afci-installation-electrical-safety,/industry-insights/afci-installation-electrical-safety/,2025-11-26,blog,3,Deprioritize or use only as support content
Crawled currently not indexed,https://shaffercon.com/industry-insights/bathroom-electrical-safety-gfci-requirements/,/industry-insights/bathroom-electrical-safety-gfci-requirements/,2026-04-13,blog,3,Deprioritize or use only as support content
Crawled currently not indexed,https://shaffercon.com/industry-insights/electrical-troubleshooting-basics-homeowners/,/industry-insights/electrical-troubleshooting-basics-homeowners/,2026-03-25,blog,3,Deprioritize or use only as support content
Crawled currently not indexed,https://shaffercon.com/industry-insights/generator-installations-power-security-for-your-home-or-business/,/industry-insights/generator-installations-power-security-for-your-home-or-business/,2026-04-02,blog,3,Deprioritize or use only as support content
Crawled currently not indexed,https://shaffercon.com/industry-insights/gfci-safety-installation-guide,/industry-insights/gfci-safety-installation-guide/,2025-11-26,blog,3,Deprioritize or use only as support content
Crawled currently not indexed,https://shaffercon.com/industry-insights/whole-house-generator-installation-guide-los-angeles/,/industry-insights/whole-house-generator-installation-guide-los-angeles/,2025-12-20,blog,3,Deprioritize or use only as support content
Crawled currently not indexed,https://shaffercon.com/service-areas/altadena/residential-backup-generator-installation/,/service-areas/altadena/residential-backup-generator-installation/,2026-03-19,service_detail,3,Deprioritize in sitemap and internal grids
Crawled currently not indexed,https://shaffercon.com/service-areas/altadena/residential-dedicated-equipment-circuits/,/service-areas/altadena/residential-dedicated-equipment-circuits/,2026-04-09,service_detail,3,Deprioritize in sitemap and internal grids
Crawled currently not indexed,https://shaffercon.com/service-areas/altadena/residential-electrical-troubleshooting-repairs/,/service-areas/altadena/residential-electrical-troubleshooting-repairs/,2026-03-21,service_detail,3,Deprioritize in sitemap and internal grids
Crawled currently not indexed,https://shaffercon.com/service-areas/atwater-village/residential-backup-generator-installation/,/service-areas/atwater-village/residential-backup-generator-installation/,2026-04-02,service_detail,3,Deprioritize in sitemap and internal grids
Crawled currently not indexed,https://shaffercon.com/service-areas/atwater-village/residential-dedicated-equipment-circuits/,/service-areas/atwater-village/residential-dedicated-equipment-circuits/,2026-04-09,service_detail,3,Deprioritize in sitemap and internal grids
Crawled currently not indexed,https://shaffercon.com/service-areas/atwater-village/residential-electrical-troubleshooting-repairs/,/service-areas/atwater-village/residential-electrical-troubleshooting-repairs/,2026-02-14,service_detail,3,Deprioritize in sitemap and internal grids
Crawled currently not indexed,https://shaffercon.com/service-areas/atwater-village/residential-electrical-troubleshooting-repairs,/service-areas/atwater-village/residential-electrical-troubleshooting-repairs/,2025-11-26,service_detail,3,Deprioritize in sitemap and internal grids
Crawled currently not indexed,https://shaffercon.com/service-areas/boyle-heights/residential-dedicated-equipment-circuits/,/service-areas/boyle-heights/residential-dedicated-equipment-circuits/,2026-04-09,service_detail,3,Deprioritize in sitemap and internal grids
Crawled currently not indexed,https://shaffercon.com/service-areas/burbank/residential-backup-generator-installation,/service-areas/burbank/residential-backup-generator-installation/,2026-03-17,service_detail,3,Deprioritize in sitemap and internal grids
Crawled currently not indexed,https://shaffercon.com/service-areas/burbank/residential-backup-generator-installation/,/service-areas/burbank/residential-backup-generator-installation/,2026-03-17,service_detail,3,Deprioritize in sitemap and internal grids
Crawled currently not indexed,https://shaffercon.com/service-areas/burbank/residential-dedicated-equipment-circuits,/service-areas/burbank/residential-dedicated-equipment-circuits/,2026-03-31,service_detail,3,Deprioritize in sitemap and internal grids
Crawled currently not indexed,https://shaffercon.com/service-areas/burbank/residential-dedicated-equipment-circuits/,/service-areas/burbank/residential-dedicated-equipment-circuits/,2026-03-31,service_detail,3,Deprioritize in sitemap and internal grids
Crawled currently not indexed,https://shaffercon.com/service-areas/culver-city/residential-dedicated-equipment-circuits/,/service-areas/culver-city/residential-dedicated-equipment-circuits/,2026-03-18,service_detail,3,Deprioritize in sitemap and internal grids
Crawled currently not indexed,https://shaffercon.com/service-areas/echo-park/residential-backup-generator-installation,/service-areas/echo-park/residential-backup-generator-installation/,2026-04-22,service_detail,3,Deprioritize in sitemap and internal grids
Crawled currently not indexed,https://shaffercon.com/service-areas/echo-park/residential-backup-generator-installation/,/service-areas/echo-park/residential-backup-generator-installation/,2026-04-22,service_detail,3,Deprioritize in sitemap and internal grids
Crawled currently not indexed,https://shaffercon.com/service-areas/echo-park/residential-dedicated-equipment-circuits,/service-areas/echo-park/residential-dedicated-equipment-circuits/,2025-12-10,service_detail,3,Deprioritize in sitemap and internal grids
Crawled currently not indexed,https://shaffercon.com/service-areas/glendale/residential-backup-generator-installation/,/service-areas/glendale/residential-backup-generator-installation/,2026-03-16,service_detail,3,Deprioritize in sitemap and internal grids
Crawled currently not indexed,https://shaffercon.com/service-areas/glendale/residential-backup-generator-installation,/service-areas/glendale/residential-backup-generator-installation/,2025-12-06,service_detail,3,Deprioritize in sitemap and internal grids
Crawled currently not indexed,https://shaffercon.com/service-areas/glendale/residential-electrical-troubleshooting-repairs/,/service-areas/glendale/residential-electrical-troubleshooting-repairs/,2026-03-21,service_detail,3,Deprioritize in sitemap and internal grids
Crawled currently not indexed,https://shaffercon.com/service-areas/highland-park/residential-dedicated-equipment-circuits/,/service-areas/highland-park/residential-dedicated-equipment-circuits/,2026-04-26,service_detail,3,Deprioritize in sitemap and internal grids
Crawled currently not indexed,https://shaffercon.com/service-areas/highland-park/residential-dedicated-equipment-circuits,/service-areas/highland-park/residential-dedicated-equipment-circuits/,2025-12-10,service_detail,3,Deprioritize in sitemap and internal grids
Crawled currently not indexed,https://shaffercon.com/service-areas/hollywood/residential-backup-generator-installation/,/service-areas/hollywood/residential-backup-generator-installation/,2026-03-20,service_detail,3,Deprioritize in sitemap and internal grids
Crawled currently not indexed,https://shaffercon.com/service-areas/inglewood/residential-dedicated-equipment-circuits,/service-areas/inglewood/residential-dedicated-equipment-circuits/,2026-02-02,service_detail,3,Deprioritize in sitemap and internal grids
Crawled currently not indexed,https://shaffercon.com/service-areas/inglewood/residential-electrical-troubleshooting-repairs,/service-areas/inglewood/residential-electrical-troubleshooting-repairs/,2025-11-26,service_detail,3,Deprioritize in sitemap and internal grids
Crawled currently not indexed,https://shaffercon.com/service-areas/long-beach/residential-backup-generator-installation/,/service-areas/long-beach/residential-backup-generator-installation/,2026-04-02,service_detail,3,Deprioritize in sitemap and internal grids
Crawled currently not indexed,https://shaffercon.com/service-areas/long-beach/residential-dedicated-equipment-circuits/,/service-areas/long-beach/residential-dedicated-equipment-circuits/,2026-03-19,service_detail,3,Deprioritize in sitemap and internal grids
Crawled currently not indexed,https://shaffercon.com/service-areas/los-feliz/residential-backup-generator-installation/,/service-areas/los-feliz/residential-backup-generator-installation/,2026-04-08,service_detail,3,Deprioritize in sitemap and internal grids
Crawled currently not indexed,https://shaffercon.com/service-areas/los-feliz/residential-dedicated-equipment-circuits/,/service-areas/los-feliz/residential-dedicated-equipment-circuits/,2026-04-02,service_detail,3,Deprioritize in sitemap and internal grids
Crawled currently not indexed,https://shaffercon.com/service-areas/los-feliz/residential-electrical-troubleshooting-repairs,/service-areas/los-feliz/residential-electrical-troubleshooting-repairs/,2026-04-09,service_detail,3,Deprioritize in sitemap and internal grids
Crawled currently not indexed,https://shaffercon.com/service-areas/pacific-palisades/residential-backup-generator-installation,/service-areas/pacific-palisades/residential-backup-generator-installation/,2025-12-08,service_detail,3,Deprioritize in sitemap and internal grids
Crawled currently not indexed,https://shaffercon.com/service-areas/pacific-palisades/residential-electrical-troubleshooting-repairs/,/service-areas/pacific-palisades/residential-electrical-troubleshooting-repairs/,2026-03-18,service_detail,3,Deprioritize in sitemap and internal grids
Crawled currently not indexed,https://shaffercon.com/service-areas/pasadena/residential-dedicated-equipment-circuits,/service-areas/pasadena/residential-dedicated-equipment-circuits/,2025-12-05,service_detail,3,Deprioritize in sitemap and internal grids
Crawled currently not indexed,https://shaffercon.com/service-areas/santa-clarita/residential-backup-generator-installation,/service-areas/santa-clarita/residential-backup-generator-installation/,2025-12-07,service_detail,3,Deprioritize in sitemap and internal grids
Crawled currently not indexed,https://shaffercon.com/service-areas/santa-clarita/residential-dedicated-equipment-circuits/,/service-areas/santa-clarita/residential-dedicated-equipment-circuits/,2026-04-09,service_detail,3,Deprioritize in sitemap and internal grids
Crawled currently not indexed,https://shaffercon.com/service-areas/santa-clarita/residential-electrical-troubleshooting-repairs,/service-areas/santa-clarita/residential-electrical-troubleshooting-repairs/,2026-03-29,service_detail,3,Deprioritize in sitemap and internal grids
Crawled currently not indexed,https://shaffercon.com/service-areas/santa-clarita/residential-electrical-troubleshooting-repairs/,/service-areas/santa-clarita/residential-electrical-troubleshooting-repairs/,2026-03-29,service_detail,3,Deprioritize in sitemap and internal grids
Crawled currently not indexed,https://shaffercon.com/service-areas/santa-monica/residential-backup-generator-installation,/service-areas/santa-monica/residential-backup-generator-installation/,2025-12-10,service_detail,3,Deprioritize in sitemap and internal grids
Crawled currently not indexed,https://shaffercon.com/service-areas/santa-monica/residential-backup-generator-installation/,/service-areas/santa-monica/residential-backup-generator-installation/,2025-12-10,service_detail,3,Deprioritize in sitemap and internal grids
Crawled currently not indexed,https://shaffercon.com/service-areas/santa-monica/residential-electrical-troubleshooting-repairs/,/service-areas/santa-monica/residential-electrical-troubleshooting-repairs/,2026-04-10,service_detail,3,Deprioritize in sitemap and internal grids
Crawled currently not indexed,https://shaffercon.com/service-areas/sherman-oaks/residential-dedicated-equipment-circuits/,/service-areas/sherman-oaks/residential-dedicated-equipment-circuits/,2026-04-09,service_detail,3,Deprioritize in sitemap and internal grids
Crawled currently not indexed,https://shaffercon.com/service-areas/sherman-oaks/residential-electrical-troubleshooting-repairs/,/service-areas/sherman-oaks/residential-electrical-troubleshooting-repairs/,2026-01-17,service_detail,3,Deprioritize in sitemap and internal grids
Crawled currently not indexed,https://shaffercon.com/service-areas/silver-lake/residential-backup-generator-installation/,/service-areas/silver-lake/residential-backup-generator-installation/,2026-04-04,service_detail,3,Deprioritize in sitemap and internal grids
Crawled currently not indexed,https://shaffercon.com/service-areas/silver-lake/residential-dedicated-equipment-circuits/,/service-areas/silver-lake/residential-dedicated-equipment-circuits/,2026-04-08,service_detail,3,Deprioritize in sitemap and internal grids
Crawled currently not indexed,https://shaffercon.com/service-areas/silver-lake/residential-electrical-troubleshooting-repairs/,/service-areas/silver-lake/residential-electrical-troubleshooting-repairs/,2026-01-22,service_detail,3,Deprioritize in sitemap and internal grids
Crawled currently not indexed,https://shaffercon.com/service-areas/torrance/residential-dedicated-equipment-circuits/,/service-areas/torrance/residential-dedicated-equipment-circuits/,2026-03-16,service_detail,3,Deprioritize in sitemap and internal grids
Crawled currently not indexed,https://shaffercon.com/service-areas/torrance/residential-electrical-troubleshooting-repairs/,/service-areas/torrance/residential-electrical-troubleshooting-repairs/,2026-01-28,service_detail,3,Deprioritize in sitemap and internal grids
Crawled currently not indexed,https://shaffercon.com/service-areas/torrance/residential-electrical-troubleshooting-repairs,/service-areas/torrance/residential-electrical-troubleshooting-repairs/,2025-11-26,service_detail,3,Deprioritize in sitemap and internal grids
Crawled currently not indexed,https://shaffercon.com/service-areas/venice/residential-dedicated-equipment-circuits/,/service-areas/venice/residential-dedicated-equipment-circuits/,2026-03-19,service_detail,3,Deprioritize in sitemap and internal grids
Crawled currently not indexed,https://shaffercon.com/service-areas/venice/residential-electrical-troubleshooting-repairs/,/service-areas/venice/residential-electrical-troubleshooting-repairs/,2026-04-02,service_detail,3,Deprioritize in sitemap and internal grids
Crawled currently not indexed,https://shaffercon.com/service-areas/west-hollywood/residential-backup-generator-installation/,/service-areas/west-hollywood/residential-backup-generator-installation/,2026-04-16,service_detail,3,Deprioritize in sitemap and internal grids
Crawled currently not indexed,https://shaffercon.com/service-areas/west-hollywood/residential-dedicated-equipment-circuits,/service-areas/west-hollywood/residential-dedicated-equipment-circuits/,2025-11-27,service_detail,3,Deprioritize in sitemap and internal grids
Crawled currently not indexed,https://shaffercon.com/service-areas/west-hollywood/residential-electrical-troubleshooting-repairs/,/service-areas/west-hollywood/residential-electrical-troubleshooting-repairs/,2026-04-02,service_detail,3,Deprioritize in sitemap and internal grids
Crawled currently not indexed,https://shaffercon.com/industry-insights/advancing-electric-vehicle-infrastructure-in-los-angeles-the-role-of-shaffer-construction-inc/,/industry-insights/advancing-electric-vehicle-infrastructure-in-los-angeles-the-role-of-shaffer-construction-inc/,2026-03-17,blog,2,Deprioritize or use only as support content
Crawled currently not indexed,https://shaffercon.com/industry-insights/aluminum-wiring-replacement-key-considerations-and-safety-tips/,/industry-insights/aluminum-wiring-replacement-key-considerations-and-safety-tips/,2026-03-13,blog,2,Deprioritize or use only as support content
Crawled currently not indexed,https://shaffercon.com/industry-insights/case-study-how-our-electrical-services-boosted-a-local-la-business,/industry-insights/case-study-how-our-electrical-services-boosted-a-local-la-business/,2026-01-14,blog,2,Deprioritize or use only as support content
Crawled currently not indexed,https://shaffercon.com/industry-insights/case-study-how-our-electrical-services-boosted-a-local-la-business/,/industry-insights/case-study-how-our-electrical-services-boosted-a-local-la-business/,2026-01-14,blog,2,Deprioritize or use only as support content
Crawled currently not indexed,https://shaffercon.com/industry-insights/christmas-light-safety-maintenance-tips,/industry-insights/christmas-light-safety-maintenance-tips/,2025-12-09,blog,2,Deprioritize or use only as support content
Crawled currently not indexed,https://shaffercon.com/industry-insights/cloth-wiring-safety-upgrade/,/industry-insights/cloth-wiring-safety-upgrade/,2026-04-17,blog,2,Deprioritize or use only as support content
Crawled currently not indexed,https://shaffercon.com/industry-insights/cloth-wiring-safety-upgrade,/industry-insights/cloth-wiring-safety-upgrade/,2025-11-24,blog,2,Deprioritize or use only as support content
Crawled currently not indexed,https://shaffercon.com/industry-insights/common-electrical-problems-older-los-angeles-homes/,/industry-insights/common-electrical-problems-older-los-angeles-homes/,2025-12-20,blog,2,Deprioritize or use only as support content
Crawled currently not indexed,https://shaffercon.com/industry-insights/customized-electrical-solutions-for-unique-home-designs/,/industry-insights/customized-electrical-solutions-for-unique-home-designs/,2026-01-21,blog,2,Deprioritize or use only as support content
Crawled currently not indexed,https://shaffercon.com/industry-insights/efficient-energy-tips-for-a-greener-la-holiday-season/,/industry-insights/efficient-energy-tips-for-a-greener-la-holiday-season/,2026-03-25,blog,2,Deprioritize or use only as support content
Crawled currently not indexed,https://shaffercon.com/industry-insights/efficient-energy-tips-for-a-greener-la-holiday-season,/industry-insights/efficient-energy-tips-for-a-greener-la-holiday-season/,2025-12-10,blog,2,Deprioritize or use only as support content
Crawled currently not indexed,https://shaffercon.com/industry-insights/el-segundo-electrician-services-contractor/,/industry-insights/el-segundo-electrician-services-contractor/,2026-01-19,blog,2,Deprioritize or use only as support content
Crawled currently not indexed,https://shaffercon.com/industry-insights/electric-services-brentwood-ca-experts/,/industry-insights/electric-services-brentwood-ca-experts/,2026-03-04,blog,2,Deprioritize or use only as support content
Crawled currently not indexed,https://shaffercon.com/industry-insights/electric-services-brentwood-ca-experts,/industry-insights/electric-services-brentwood-ca-experts/,2025-12-06,blog,2,Deprioritize or use only as support content
Crawled currently not indexed,https://shaffercon.com/industry-insights/electric-water-heater-installation-requirements-costs/,/industry-insights/electric-water-heater-installation-requirements-costs/,2025-12-20,blog,2,Deprioritize or use only as support content
Crawled currently not indexed,https://shaffercon.com/industry-insights/electrical-innovations-green-construction,/industry-insights/electrical-innovations-green-construction/,2025-11-27,blog,2,Deprioritize or use only as support content
Crawled currently not indexed,https://shaffercon.com/industry-insights/electrical-innovations-green-construction/,/industry-insights/electrical-innovations-green-construction/,2025-11-27,blog,2,Deprioritize or use only as support content
Crawled currently not indexed,https://shaffercon.com/industry-insights/electrical-services-rancho-palos-verdes/,/industry-insights/electrical-services-rancho-palos-verdes/,2026-03-17,blog,2,Deprioritize or use only as support content
Crawled currently not indexed,https://shaffercon.com/industry-insights/electrical-services-rancho-palos-verdes,/industry-insights/electrical-services-rancho-palos-verdes/,2026-01-13,blog,2,Deprioritize or use only as support content
Crawled currently not indexed,https://shaffercon.com/industry-insights/electrical-solutions-property-restoration,/industry-insights/electrical-solutions-property-restoration/,2025-11-24,blog,2,Deprioritize or use only as support content
Crawled currently not indexed,https://shaffercon.com/industry-insights/electrical-solutions-property-restoration/,/industry-insights/electrical-solutions-property-restoration/,2025-11-24,blog,2,Deprioritize or use only as support content
Crawled currently not indexed,https://shaffercon.com/industry-insights/electrical-tips-new-construction,/industry-insights/electrical-tips-new-construction/,2025-12-07,blog,2,Deprioritize or use only as support content
Crawled currently not indexed,https://shaffercon.com/industry-insights/electrical-tips-new-construction/,/industry-insights/electrical-tips-new-construction/,2025-12-07,blog,2,Deprioritize or use only as support content
Crawled currently not indexed,https://shaffercon.com/industry-insights/electrical-upgrade-benefits-signs,/industry-insights/electrical-upgrade-benefits-signs/,2025-12-09,blog,2,Deprioritize or use only as support content
Crawled currently not indexed,https://shaffercon.com/industry-insights/electrician-altadena-ca-your-local-electrical-service-experts/,/industry-insights/electrician-altadena-ca-your-local-electrical-service-experts/,2026-03-06,blog,2,Deprioritize or use only as support content
Crawled currently not indexed,https://shaffercon.com/industry-insights/electrician-altadena-ca-your-local-electrical-service-experts,/industry-insights/electrician-altadena-ca-your-local-electrical-service-experts/,2025-11-25,blog,2,Deprioritize or use only as support content
Crawled currently not indexed,https://shaffercon.com/industry-insights/electrician-canyon-country-solutions-services/,/industry-insights/electrician-canyon-country-solutions-services/,2026-03-22,blog,2,Deprioritize or use only as support content
Crawled currently not indexed,https://shaffercon.com/industry-insights/electrician-chatsworth-ca-electrical-services/,/industry-insights/electrician-chatsworth-ca-electrical-services/,2026-03-06,blog,2,Deprioritize or use only as support content
Crawled currently not indexed,https://shaffercon.com/industry-insights/electrician-chatsworth-ca-electrical-services,/industry-insights/electrician-chatsworth-ca-electrical-services/,2025-11-25,blog,2,Deprioritize or use only as support content
Crawled currently not indexed,https://shaffercon.com/industry-insights/electrician-el-monte-expert-services/,/industry-insights/electrician-el-monte-expert-services/,2026-03-08,blog,2,Deprioritize or use only as support content
Crawled currently not indexed,https://shaffercon.com/industry-insights/electrician-inglewood-services-expert/,/industry-insights/electrician-inglewood-services-expert/,2026-02-26,blog,2,Deprioritize or use only as support content
Crawled currently not indexed,https://shaffercon.com/industry-insights/electrician-monrovia-ca-comprehensive-electrical-solutions-for-you/,/industry-insights/electrician-monrovia-ca-comprehensive-electrical-solutions-for-you/,2026-03-04,blog,2,Deprioritize or use only as support content
Crawled currently not indexed,https://shaffercon.com/industry-insights/electrician-monterey-park-services-installation/,/industry-insights/electrician-monterey-park-services-installation/,2026-02-02,blog,2,Deprioritize or use only as support content
Crawled currently not indexed,https://shaffercon.com/industry-insights/electrician-monterey-park-services-installation,/industry-insights/electrician-monterey-park-services-installation/,2025-12-08,blog,2,Deprioritize or use only as support content
Crawled currently not indexed,https://shaffercon.com/industry-insights/electrician-san-marino-ca-services/,/industry-insights/electrician-san-marino-ca-services/,2026-03-10,blog,2,Deprioritize or use only as support content
Crawled currently not indexed,https://shaffercon.com/industry-insights/electrician-services-laguna-niguel-ca/,/industry-insights/electrician-services-laguna-niguel-ca/,2026-03-10,blog,2,Deprioritize or use only as support content
Crawled currently not indexed,https://shaffercon.com/industry-insights/electrician-services-laguna-niguel-ca,/industry-insights/electrician-services-laguna-niguel-ca/,2025-12-07,blog,2,Deprioritize or use only as support content
Crawled currently not indexed,https://shaffercon.com/industry-insights/electricitys-impact-on-sustainable-construction-practices,/industry-insights/electricitys-impact-on-sustainable-construction-practices/,2025-11-26,blog,2,Deprioritize or use only as support content
Crawled currently not indexed,https://shaffercon.com/industry-insights/emergency-electrical-repairs-when-to-call-electrician/,/industry-insights/emergency-electrical-repairs-when-to-call-electrician/,2026-03-15,blog,2,Deprioritize or use only as support content
Crawled currently not indexed,https://shaffercon.com/industry-insights/energy-saving-tips-home-efficiency,/industry-insights/energy-saving-tips-home-efficiency/,2025-12-07,blog,2,Deprioritize or use only as support content
Crawled currently not indexed,https://shaffercon.com/industry-insights/energy-saving-tips-home-usage/,/industry-insights/energy-saving-tips-home-usage/,2026-04-24,blog,2,Deprioritize or use only as support content
Crawled currently not indexed,https://shaffercon.com/industry-insights/energy-saving-tips-home-usage,/industry-insights/energy-saving-tips-home-usage/,2025-11-25,blog,2,Deprioritize or use only as support content
Crawled currently not indexed,https://shaffercon.com/industry-insights/expert-christmas-light-installation-services-in-los-angeles/,/industry-insights/expert-christmas-light-installation-services-in-los-angeles/,2026-03-06,blog,2,Deprioritize or use only as support content
Crawled currently not indexed,https://shaffercon.com/industry-insights/from-design-to-maintenance-the-life-cycle-of-electric-vehicle-installations/,/industry-insights/from-design-to-maintenance-the-life-cycle-of-electric-vehicle-installations/,2026-03-06,blog,2,Deprioritize or use only as support content
Crawled currently not indexed,https://shaffercon.com/industry-insights/fuse-box-upgrade-guide/,/industry-insights/fuse-box-upgrade-guide/,2026-03-05,blog,2,Deprioritize or use only as support content
Crawled currently not indexed,https://shaffercon.com/industry-insights/fuse-box-upgrade-guide,/industry-insights/fuse-box-upgrade-guide/,2026-01-22,blog,2,Deprioritize or use only as support content
Crawled currently not indexed,https://shaffercon.com/industry-insights/fuses-101-essential-tips-for-handling-and-replacement/,/industry-insights/fuses-101-essential-tips-for-handling-and-replacement/,2026-01-17,blog,2,Deprioritize or use only as support content
Crawled currently not indexed,https://shaffercon.com/industry-insights/garbage-disposal-maintenance-safety-tips/,/industry-insights/garbage-disposal-maintenance-safety-tips/,2026-03-06,blog,2,Deprioritize or use only as support content
Crawled currently not indexed,https://shaffercon.com/industry-insights/garbage-disposal-maintenance-safety-tips,/industry-insights/garbage-disposal-maintenance-safety-tips/,2025-11-25,blog,2,Deprioritize or use only as support content
Crawled currently not indexed,https://shaffercon.com/industry-insights/gfi-electrical-outlets-ensuring-safety-in-your-electrical-setup/,/industry-insights/gfi-electrical-outlets-ensuring-safety-in-your-electrical-setup/,2026-03-11,blog,2,Deprioritize or use only as support content
Crawled currently not indexed,https://shaffercon.com/industry-insights/home-electrical-safety-best-practices,/industry-insights/home-electrical-safety-best-practices/,2026-04-04,blog,2,Deprioritize or use only as support content
Crawled currently not indexed,https://shaffercon.com/industry-insights/house-rewire-tips-safety-reliability/,/industry-insights/house-rewire-tips-safety-reliability/,2026-01-21,blog,2,Deprioritize or use only as support content
Crawled currently not indexed,https://shaffercon.com/industry-insights/house-rewire-tips-safety-reliability,/industry-insights/house-rewire-tips-safety-reliability/,2025-11-26,blog,2,Deprioritize or use only as support content
Crawled currently not indexed,https://shaffercon.com/industry-insights/house-surge-protectors-tips-for-selection-and-installation/,/industry-insights/house-surge-protectors-tips-for-selection-and-installation/,2026-02-26,blog,2,Deprioritize or use only as support content
Crawled currently not indexed,https://shaffercon.com/industry-insights/house-surge-protectors-tips-for-selection-and-installation,/industry-insights/house-surge-protectors-tips-for-selection-and-installation/,2025-11-27,blog,2,Deprioritize or use only as support content
Crawled currently not indexed,https://shaffercon.com/industry-insights/how-to-reduce-electricity-bill-electrical-upgrades/,/industry-insights/how-to-reduce-electricity-bill-electrical-upgrades/,2025-11-27,blog,2,Deprioritize or use only as support content
Crawled currently not indexed,https://shaffercon.com/industry-insights/mastering-circuit-breakers-tips-for-effective-resetting/,/industry-insights/mastering-circuit-breakers-tips-for-effective-resetting/,2026-03-17,blog,2,Deprioritize or use only as support content
Crawled currently not indexed,https://shaffercon.com/industry-insights/maximizing-energy-efficiency-advanced-electrical-technologies-for-homes,/industry-insights/maximizing-energy-efficiency-advanced-electrical-technologies-for-homes/,2025-12-06,blog,2,Deprioritize or use only as support content
Crawled currently not indexed,https://shaffercon.com/industry-insights/maximizing-energy-efficiency-advanced-electrical-technologies-for-homes/,/industry-insights/maximizing-energy-efficiency-advanced-electrical-technologies-for-homes/,2025-12-06,blog,2,Deprioritize or use only as support content
Crawled currently not indexed,https://shaffercon.com/industry-insights/new-california-solar-battery-project-rule-why-licensed-electricians-are-essential/,/industry-insights/new-california-solar-battery-project-rule-why-licensed-electricians-are-essential/,2026-01-16,blog,2,Deprioritize or use only as support content
Crawled currently not indexed,https://shaffercon.com/industry-insights/new-california-solar-battery-project-rule-why-licensed-electricians-are-essential,/industry-insights/new-california-solar-battery-project-rule-why-licensed-electricians-are-essential/,2025-12-07,blog,2,Deprioritize or use only as support content
Crawled currently not indexed,https://shaffercon.com/industry-insights/office-electrical-upgrades-modern-workplaces,/industry-insights/office-electrical-upgrades-modern-workplaces/,2025-11-27,blog,2,Deprioritize or use only as support content
Crawled currently not indexed,https://shaffercon.com/industry-insights/outdoor-outlet-installation-weatherproofing-guide,/industry-insights/outdoor-outlet-installation-weatherproofing-guide/,2025-11-27,blog,2,Deprioritize or use only as support content
Crawled currently not indexed,https://shaffercon.com/industry-insights/outdoor-outlet-installation-weatherproofing-guide/,/industry-insights/outdoor-outlet-installation-weatherproofing-guide/,2025-11-27,blog,2,Deprioritize or use only as support content
Crawled currently not indexed,https://shaffercon.com/industry-insights/patio-deck-electrical-planning-guide-los-angeles/,/industry-insights/patio-deck-electrical-planning-guide-los-angeles/,2026-03-21,blog,2,Deprioritize or use only as support content
Crawled currently not indexed,https://shaffercon.com/industry-insights/power-outage-preparation-guide-los-angeles/,/industry-insights/power-outage-preparation-guide-los-angeles/,2026-04-17,blog,2,Deprioritize or use only as support content
Crawled currently not indexed,https://shaffercon.com/industry-insights/power-outage-preparation-guide-los-angeles,/industry-insights/power-outage-preparation-guide-los-angeles/,2025-12-15,blog,2,Deprioritize or use only as support content
Crawled currently not indexed,https://shaffercon.com/industry-insights/power-tips-for-your-refrigerator-ensuring-efficient-operation,/industry-insights/power-tips-for-your-refrigerator-ensuring-efficient-operation/,2025-11-26,blog,2,Deprioritize or use only as support content
Crawled currently not indexed,https://shaffercon.com/industry-insights/renewable-energy-systems-transforming-electrical-infrastructures/,/industry-insights/renewable-energy-systems-transforming-electrical-infrastructures/,2026-03-20,blog,2,Deprioritize or use only as support content
Crawled currently not indexed,https://shaffercon.com/industry-insights/renewable-energy-systems-transforming-electrical-infrastructures,/industry-insights/renewable-energy-systems-transforming-electrical-infrastructures/,2025-11-24,blog,2,Deprioritize or use only as support content
Crawled currently not indexed,https://shaffercon.com/industry-insights/smart-home-contractor-los-angeles/,/industry-insights/smart-home-contractor-los-angeles/,2026-04-10,blog,2,Deprioritize or use only as support content
Crawled currently not indexed,https://shaffercon.com/industry-insights/smart-home-electrical-wiring-future-proofing-los-angeles,/industry-insights/smart-home-electrical-wiring-future-proofing-los-angeles/,2025-11-27,blog,2,Deprioritize or use only as support content
Crawled currently not indexed,https://shaffercon.com/industry-insights/smoke-detector-installation-guide/,/industry-insights/smoke-detector-installation-guide/,2026-02-02,blog,2,Deprioritize or use only as support content
Crawled currently not indexed,https://shaffercon.com/industry-insights/smoke-detector-installation-guide,/industry-insights/smoke-detector-installation-guide/,2025-12-08,blog,2,Deprioritize or use only as support content
Crawled currently not indexed,https://shaffercon.com/industry-insights/sparkling-holiday-lights-illuminating-your-festive-season-with-shaffer-construction,/industry-insights/sparkling-holiday-lights-illuminating-your-festive-season-with-shaffer-construction/,2025-11-27,blog,2,Deprioritize or use only as support content
Crawled currently not indexed,https://shaffercon.com/industry-insights/telephone-power-essentials-tips-for-reliable-operation/,/industry-insights/telephone-power-essentials-tips-for-reliable-operation/,2026-03-11,blog,2,Deprioritize or use only as support content
Crawled currently not indexed,https://shaffercon.com/industry-insights/telephone-power-essentials-tips-for-reliable-operation,/industry-insights/telephone-power-essentials-tips-for-reliable-operation/,2025-11-26,blog,2,Deprioritize or use only as support content
Crawled currently not indexed,https://shaffercon.com/industry-insights/the-future-of-electric-vehicles-impact-on-home-electrical-systems/,/industry-insights/the-future-of-electric-vehicles-impact-on-home-electrical-systems/,2026-01-30,blog,2,Deprioritize or use only as support content
Crawled currently not indexed,https://shaffercon.com/industry-insights/the-future-of-electric-vehicles-key-trends-for-electricians-and-clients,/industry-insights/the-future-of-electric-vehicles-key-trends-for-electricians-and-clients/,2025-11-27,blog,2,Deprioritize or use only as support content
Crawled currently not indexed,https://shaffercon.com/industry-insights/the-importance-of-regular-electrical-maintenance-for-safety-and-efficiency/,/industry-insights/the-importance-of-regular-electrical-maintenance-for-safety-and-efficiency/,2026-03-14,blog,2,Deprioritize or use only as support content
Crawled currently not indexed,https://shaffercon.com/industry-insights/the-role-of-electricians-in-sustainable-building-practices/,/industry-insights/the-role-of-electricians-in-sustainable-building-practices/,2026-03-06,blog,2,Deprioritize or use only as support content
Crawled currently not indexed,https://shaffercon.com/industry-insights/the-ultimate-guide-to-christmas-lights-illuminate-your-holidays-with-shaffer-construction,/industry-insights/the-ultimate-guide-to-christmas-lights-illuminate-your-holidays-with-shaffer-construction/,2025-12-14,blog,2,Deprioritize or use only as support content
Crawled currently not indexed,https://shaffercon.com/industry-insights/understanding-the-latest-trends-in-residential-electrical-design/,/industry-insights/understanding-the-latest-trends-in-residential-electrical-design/,2026-03-17,blog,2,Deprioritize or use only as support content
Crawled currently not indexed,https://shaffercon.com/industry-insights/understanding-the-value-of-licensed-electrical-contractors,/industry-insights/understanding-the-value-of-licensed-electrical-contractors/,2025-11-26,blog,2,Deprioritize or use only as support content
Crawled currently not indexed,https://shaffercon.com/industry-insights/understanding-your-los-angeles-electrical-bill/,/industry-insights/understanding-your-los-angeles-electrical-bill/,2026-01-20,blog,2,Deprioritize or use only as support content
Crawled currently not indexed,https://shaffercon.com/industry-insights/winter-electrical-safety-tips/,/industry-insights/winter-electrical-safety-tips/,2026-01-28,blog,2,Deprioritize or use only as support content
Crawled currently not indexed,https://shaffercon.com/service-areas/boyle-heights,/service-areas/boyle-heights/,2026-02-25,location,2,Low priority
Crawled currently not indexed,https://shaffercon.com/service-areas/burbank,/service-areas/burbank/,2026-02-14,location,2,Low priority
Crawled currently not indexed,https://shaffercon.com/service-areas/culver-city,/service-areas/culver-city/,2026-01-23,location,2,Low priority
Crawled currently not indexed,https://shaffercon.com/service-areas/echo-park,/service-areas/echo-park/,2026-02-24,location,2,Low priority
Crawled currently not indexed,https://shaffercon.com/service-areas/hollywood,/service-areas/hollywood/,2026-03-03,location,2,Low priority
Crawled currently not indexed,https://shaffercon.com/service-areas/inglewood,/service-areas/inglewood/,2026-02-20,location,2,Low priority
Crawled currently not indexed,https://shaffercon.com/service-areas/pacific-palisades,/service-areas/pacific-palisades/,2026-01-19,location,2,Low priority
Crawled currently not indexed,https://shaffercon.com/service-areas/santa-clarita,/service-areas/santa-clarita/,2026-01-24,location,2,Low priority
Crawled currently not indexed,https://shaffercon.com/service-areas/sherman-oaks,/service-areas/sherman-oaks/,2026-02-14,location,2,Low priority
Crawled currently not indexed,https://shaffercon.com/service-areas/west-hollywood,/service-areas/west-hollywood/,2026-02-18,location,2,Low priority
Crawled currently not indexed,https://shaffercon.com/?cat,/,2026-03-03,other,2,Low priority
Crawled currently not indexed,https://shaffercon.com/?page_id=10658,/,2025-12-22,other,2,Low priority
Crawled currently not indexed,https://shaffercon.com/games/classic-hopscotch.html,/games/classic-hopscotch.html/,2026-03-28,other,2,Low priority
Crawled currently not indexed,https://shaffercon.com/games/sparky-bros.html,/games/sparky-bros.html/,2026-04-11,other,2,Low priority
Crawled currently not indexed,https://shaffercon.com/service-areas/altadena/residential-complete-electrical-rewiring/,/service-areas/altadena/residential-complete-electrical-rewiring/,2026-04-09,service_detail,2,Deprioritize in sitemap and internal grids
Crawled currently not indexed,https://shaffercon.com/service-areas/altadena/residential-energy-efficiency-upgrades,/service-areas/altadena/residential-energy-efficiency-upgrades/,2026-04-22,service_detail,2,Deprioritize in sitemap and internal grids
Crawled currently not indexed,https://shaffercon.com/service-areas/altadena/residential-energy-efficiency-upgrades/,/service-areas/altadena/residential-energy-efficiency-upgrades/,2026-04-22,service_detail,2,Deprioritize in sitemap and internal grids
Crawled currently not indexed,https://shaffercon.com/service-areas/altadena/residential-exhaust-fan-ventilation-wiring/,/service-areas/altadena/residential-exhaust-fan-ventilation-wiring/,2026-04-05,service_detail,2,Deprioritize in sitemap and internal grids
Crawled currently not indexed,https://shaffercon.com/service-areas/atwater-village/residential-complete-electrical-rewiring/,/service-areas/atwater-village/residential-complete-electrical-rewiring/,2026-04-02,service_detail,2,Deprioritize in sitemap and internal grids
Crawled currently not indexed,https://shaffercon.com/service-areas/atwater-village/residential-energy-efficiency-upgrades/,/service-areas/atwater-village/residential-energy-efficiency-upgrades/,2026-04-09,service_detail,2,Deprioritize in sitemap and internal grids
Crawled currently not indexed,https://shaffercon.com/service-areas/atwater-village/residential-exhaust-fan-ventilation-wiring/,/service-areas/atwater-village/residential-exhaust-fan-ventilation-wiring/,2026-03-21,service_detail,2,Deprioritize in sitemap and internal grids
Crawled currently not indexed,https://shaffercon.com/service-areas/atwater-village/residential-outlet-switch-dimmer-services/,/service-areas/atwater-village/residential-outlet-switch-dimmer-services/,2026-03-18,service_detail,2,Deprioritize in sitemap and internal grids
Crawled currently not indexed,https://shaffercon.com/service-areas/atwater-village/residential-whole-building-surge-protection,/service-areas/atwater-village/residential-whole-building-surge-protection/,2026-04-22,service_detail,2,Deprioritize in sitemap and internal grids
Crawled currently not indexed,https://shaffercon.com/service-areas/atwater-village/residential-whole-building-surge-protection/,/service-areas/atwater-village/residential-whole-building-surge-protection/,2026-04-22,service_detail,2,Deprioritize in sitemap and internal grids
Crawled currently not indexed,https://shaffercon.com/service-areas/boyle-heights/residential-complete-electrical-rewiring/,/service-areas/boyle-heights/residential-complete-electrical-rewiring/,2026-04-09,service_detail,2,Deprioritize in sitemap and internal grids
Crawled currently not indexed,https://shaffercon.com/service-areas/boyle-heights/residential-energy-efficiency-upgrades/,/service-areas/boyle-heights/residential-energy-efficiency-upgrades/,2026-03-22,service_detail,2,Deprioritize in sitemap and internal grids
Crawled currently not indexed,https://shaffercon.com/service-areas/boyle-heights/residential-exhaust-fan-ventilation-wiring/,/service-areas/boyle-heights/residential-exhaust-fan-ventilation-wiring/,2026-04-09,service_detail,2,Deprioritize in sitemap and internal grids
Crawled currently not indexed,https://shaffercon.com/service-areas/boyle-heights/residential-whole-building-surge-protection,/service-areas/boyle-heights/residential-whole-building-surge-protection/,2025-12-09,service_detail,2,Deprioritize in sitemap and internal grids
Crawled currently not indexed,https://shaffercon.com/service-areas/burbank/residential-energy-efficiency-upgrades/,/service-areas/burbank/residential-energy-efficiency-upgrades/,2026-03-21,service_detail,2,Deprioritize in sitemap and internal grids
Crawled currently not indexed,https://shaffercon.com/service-areas/burbank/residential-outlet-switch-dimmer-services/,/service-areas/burbank/residential-outlet-switch-dimmer-services/,2026-04-09,service_detail,2,Deprioritize in sitemap and internal grids
Crawled currently not indexed,https://shaffercon.com/service-areas/burbank/residential-whole-building-surge-protection/,/service-areas/burbank/residential-whole-building-surge-protection/,2026-03-16,service_detail,2,Deprioritize in sitemap and internal grids
Crawled currently not indexed,https://shaffercon.com/service-areas/culver-city/residential-complete-electrical-rewiring,/service-areas/culver-city/residential-complete-electrical-rewiring/,2026-03-26,service_detail,2,Deprioritize in sitemap and internal grids
Crawled currently not indexed,https://shaffercon.com/service-areas/culver-city/residential-complete-electrical-rewiring/,/service-areas/culver-city/residential-complete-electrical-rewiring/,2026-03-26,service_detail,2,Deprioritize in sitemap and internal grids
Crawled currently not indexed,https://shaffercon.com/service-areas/culver-city/residential-energy-efficiency-upgrades/,/service-areas/culver-city/residential-energy-efficiency-upgrades/,2026-03-21,service_detail,2,Deprioritize in sitemap and internal grids
Crawled currently not indexed,https://shaffercon.com/service-areas/culver-city/residential-whole-building-surge-protection/,/service-areas/culver-city/residential-whole-building-surge-protection/,2026-01-23,service_detail,2,Deprioritize in sitemap and internal grids
Crawled currently not indexed,https://shaffercon.com/service-areas/echo-park/residential-complete-electrical-rewiring/,/service-areas/echo-park/residential-complete-electrical-rewiring/,2026-03-18,service_detail,2,Deprioritize in sitemap and internal grids
Crawled currently not indexed,https://shaffercon.com/service-areas/echo-park/residential-energy-efficiency-upgrades/,/service-areas/echo-park/residential-energy-efficiency-upgrades/,2026-04-18,service_detail,2,Deprioritize in sitemap and internal grids
Crawled currently not indexed,https://shaffercon.com/service-areas/echo-park/residential-exhaust-fan-ventilation-wiring/,/service-areas/echo-park/residential-exhaust-fan-ventilation-wiring/,2026-03-30,service_detail,2,Deprioritize in sitemap and internal grids
Crawled currently not indexed,https://shaffercon.com/service-areas/echo-park/residential-outlet-switch-dimmer-services/,/service-areas/echo-park/residential-outlet-switch-dimmer-services/,2026-03-21,service_detail,2,Deprioritize in sitemap and internal grids
Crawled currently not indexed,https://shaffercon.com/service-areas/echo-park/residential-whole-building-surge-protection/,/service-areas/echo-park/residential-whole-building-surge-protection/,2026-02-21,service_detail,2,Deprioritize in sitemap and internal grids
Crawled currently not indexed,https://shaffercon.com/service-areas/glendale/residential-energy-efficiency-upgrades,/service-areas/glendale/residential-energy-efficiency-upgrades/,2025-11-26,service_detail,2,Deprioritize in sitemap and internal grids
Crawled currently not indexed,https://shaffercon.com/service-areas/glendale/residential-exhaust-fan-ventilation-wiring/,/service-areas/glendale/residential-exhaust-fan-ventilation-wiring/,2026-03-19,service_detail,2,Deprioritize in sitemap and internal grids
Crawled currently not indexed,https://shaffercon.com/service-areas/glendale/residential-outlet-switch-dimmer-services/,/service-areas/glendale/residential-outlet-switch-dimmer-services/,2025-12-19,service_detail,2,Deprioritize in sitemap and internal grids
Crawled currently not indexed,https://shaffercon.com/service-areas/glendale/residential-whole-building-surge-protection/,/service-areas/glendale/residential-whole-building-surge-protection/,2026-03-22,service_detail,2,Deprioritize in sitemap and internal grids
Crawled currently not indexed,https://shaffercon.com/service-areas/highland-park/residential-complete-electrical-rewiring/,/service-areas/highland-park/residential-complete-electrical-rewiring/,2026-03-19,service_detail,2,Deprioritize in sitemap and internal grids
Crawled currently not indexed,https://shaffercon.com/service-areas/highland-park/residential-energy-efficiency-upgrades/,/service-areas/highland-park/residential-energy-efficiency-upgrades/,2026-03-31,service_detail,2,Deprioritize in sitemap and internal grids
Crawled currently not indexed,https://shaffercon.com/service-areas/highland-park/residential-exhaust-fan-ventilation-wiring,/service-areas/highland-park/residential-exhaust-fan-ventilation-wiring/,2026-04-10,service_detail,2,Deprioritize in sitemap and internal grids
Crawled currently not indexed,https://shaffercon.com/service-areas/highland-park/residential-exhaust-fan-ventilation-wiring/,/service-areas/highland-park/residential-exhaust-fan-ventilation-wiring/,2026-04-10,service_detail,2,Deprioritize in sitemap and internal grids
Crawled currently not indexed,https://shaffercon.com/service-areas/highland-park/residential-outlet-switch-dimmer-services/,/service-areas/highland-park/residential-outlet-switch-dimmer-services/,2026-03-20,service_detail,2,Deprioritize in sitemap and internal grids
Crawled currently not indexed,https://shaffercon.com/service-areas/highland-park/residential-whole-building-surge-protection/,/service-areas/highland-park/residential-whole-building-surge-protection/,2026-04-11,service_detail,2,Deprioritize in sitemap and internal grids
Crawled currently not indexed,https://shaffercon.com/service-areas/hollywood/residential-complete-electrical-rewiring/,/service-areas/hollywood/residential-complete-electrical-rewiring/,2026-03-07,service_detail,2,Deprioritize in sitemap and internal grids
Crawled currently not indexed,https://shaffercon.com/service-areas/hollywood/residential-complete-electrical-rewiring,/service-areas/hollywood/residential-complete-electrical-rewiring/,2025-11-26,service_detail,2,Deprioritize in sitemap and internal grids
Crawled currently not indexed,https://shaffercon.com/service-areas/hollywood/residential-energy-efficiency-upgrades/,/service-areas/hollywood/residential-energy-efficiency-upgrades/,2026-04-08,service_detail,2,Deprioritize in sitemap and internal grids
Crawled currently not indexed,https://shaffercon.com/service-areas/hollywood/residential-exhaust-fan-ventilation-wiring/,/service-areas/hollywood/residential-exhaust-fan-ventilation-wiring/,2026-03-21,service_detail,2,Deprioritize in sitemap and internal grids
Crawled currently not indexed,https://shaffercon.com/service-areas/hollywood/residential-outlet-switch-dimmer-services/,/service-areas/hollywood/residential-outlet-switch-dimmer-services/,2026-04-09,service_detail,2,Deprioritize in sitemap and internal grids
Crawled currently not indexed,https://shaffercon.com/service-areas/inglewood/residential-complete-electrical-rewiring/,/service-areas/inglewood/residential-complete-electrical-rewiring/,2026-03-16,service_detail,2,Deprioritize in sitemap and internal grids
Crawled currently not indexed,https://shaffercon.com/service-areas/inglewood/residential-energy-efficiency-upgrades/,/service-areas/inglewood/residential-energy-efficiency-upgrades/,2026-03-16,service_detail,2,Deprioritize in sitemap and internal grids
Crawled currently not indexed,https://shaffercon.com/service-areas/inglewood/residential-outlet-switch-dimmer-services/,/service-areas/inglewood/residential-outlet-switch-dimmer-services/,2026-03-16,service_detail,2,Deprioritize in sitemap and internal grids
Crawled currently not indexed,https://shaffercon.com/service-areas/inglewood/residential-whole-building-surge-protection,/service-areas/inglewood/residential-whole-building-surge-protection/,2025-12-04,service_detail,2,Deprioritize in sitemap and internal grids
Crawled currently not indexed,https://shaffercon.com/service-areas/long-beach/residential-complete-electrical-rewiring,/service-areas/long-beach/residential-complete-electrical-rewiring/,2025-11-27,service_detail,2,Deprioritize in sitemap and internal grids
Crawled currently not indexed,https://shaffercon.com/service-areas/long-beach/residential-energy-efficiency-upgrades/,/service-areas/long-beach/residential-energy-efficiency-upgrades/,2026-01-24,service_detail,2,Deprioritize in sitemap and internal grids
Crawled currently not indexed,https://shaffercon.com/service-areas/long-beach/residential-energy-efficiency-upgrades,/service-areas/long-beach/residential-energy-efficiency-upgrades/,2025-12-10,service_detail,2,Deprioritize in sitemap and internal grids
Crawled currently not indexed,https://shaffercon.com/service-areas/long-beach/residential-exhaust-fan-ventilation-wiring/,/service-areas/long-beach/residential-exhaust-fan-ventilation-wiring/,2026-04-11,service_detail,2,Deprioritize in sitemap and internal grids
Crawled currently not indexed,https://shaffercon.com/service-areas/long-beach/residential-outlet-switch-dimmer-services,/service-areas/long-beach/residential-outlet-switch-dimmer-services/,2025-12-09,service_detail,2,Deprioritize in sitemap and internal grids
Crawled currently not indexed,https://shaffercon.com/service-areas/los-feliz/residential-energy-efficiency-upgrades/,/service-areas/los-feliz/residential-energy-efficiency-upgrades/,2026-03-17,service_detail,2,Deprioritize in sitemap and internal grids
Crawled currently not indexed,https://shaffercon.com/service-areas/los-feliz/residential-exhaust-fan-ventilation-wiring/,/service-areas/los-feliz/residential-exhaust-fan-ventilation-wiring/,2026-04-09,service_detail,2,Deprioritize in sitemap and internal grids
Crawled currently not indexed,https://shaffercon.com/service-areas/los-feliz/residential-whole-building-surge-protection/,/service-areas/los-feliz/residential-whole-building-surge-protection/,2026-03-01,service_detail,2,Deprioritize in sitemap and internal grids
Crawled currently not indexed,https://shaffercon.com/service-areas/los-feliz/residential-whole-building-surge-protection,/service-areas/los-feliz/residential-whole-building-surge-protection/,2025-12-23,service_detail,2,Deprioritize in sitemap and internal grids
Crawled currently not indexed,https://shaffercon.com/service-areas/pacific-palisades/residential-complete-electrical-rewiring/,/service-areas/pacific-palisades/residential-complete-electrical-rewiring/,2026-03-31,service_detail,2,Deprioritize in sitemap and internal grids
Crawled currently not indexed,https://shaffercon.com/service-areas/pacific-palisades/residential-exhaust-fan-ventilation-wiring/,/service-areas/pacific-palisades/residential-exhaust-fan-ventilation-wiring/,2026-04-09,service_detail,2,Deprioritize in sitemap and internal grids
Crawled currently not indexed,https://shaffercon.com/service-areas/pacific-palisades/residential-outlet-switch-dimmer-services/,/service-areas/pacific-palisades/residential-outlet-switch-dimmer-services/,2026-04-04,service_detail,2,Deprioritize in sitemap and internal grids
Crawled currently not indexed,https://shaffercon.com/service-areas/pacific-palisades/residential-whole-building-surge-protection/,/service-areas/pacific-palisades/residential-whole-building-surge-protection/,2026-04-04,service_detail,2,Deprioritize in sitemap and internal grids
Crawled currently not indexed,https://shaffercon.com/service-areas/pasadena/residential-exhaust-fan-ventilation-wiring/,/service-areas/pasadena/residential-exhaust-fan-ventilation-wiring/,2026-04-10,service_detail,2,Deprioritize in sitemap and internal grids
Crawled currently not indexed,https://shaffercon.com/service-areas/pasadena/residential-exhaust-fan-ventilation-wiring,/service-areas/pasadena/residential-exhaust-fan-ventilation-wiring/,2025-12-07,service_detail,2,Deprioritize in sitemap and internal grids
Crawled currently not indexed,https://shaffercon.com/service-areas/pasadena/residential-whole-building-surge-protection,/service-areas/pasadena/residential-whole-building-surge-protection/,2026-04-21,service_detail,2,Deprioritize in sitemap and internal grids
Crawled currently not indexed,https://shaffercon.com/service-areas/pasadena/residential-whole-building-surge-protection/,/service-areas/pasadena/residential-whole-building-surge-protection/,2026-04-21,service_detail,2,Deprioritize in sitemap and internal grids
Crawled currently not indexed,https://shaffercon.com/service-areas/santa-clarita/residential-complete-electrical-rewiring/,/service-areas/santa-clarita/residential-complete-electrical-rewiring/,2025-12-23,service_detail,2,Deprioritize in sitemap and internal grids
Crawled currently not indexed,https://shaffercon.com/service-areas/santa-clarita/residential-energy-efficiency-upgrades/,/service-areas/santa-clarita/residential-energy-efficiency-upgrades/,2025-12-23,service_detail,2,Deprioritize in sitemap and internal grids
Crawled currently not indexed,https://shaffercon.com/service-areas/santa-clarita/residential-exhaust-fan-ventilation-wiring/,/service-areas/santa-clarita/residential-exhaust-fan-ventilation-wiring/,2026-04-09,service_detail,2,Deprioritize in sitemap and internal grids
Crawled currently not indexed,https://shaffercon.com/service-areas/santa-clarita/residential-outlet-switch-dimmer-services/,/service-areas/santa-clarita/residential-outlet-switch-dimmer-services/,2026-03-16,service_detail,2,Deprioritize in sitemap and internal grids
Crawled currently not indexed,https://shaffercon.com/service-areas/santa-clarita/residential-whole-building-surge-protection/,/service-areas/santa-clarita/residential-whole-building-surge-protection/,2026-04-08,service_detail,2,Deprioritize in sitemap and internal grids
Crawled currently not indexed,https://shaffercon.com/service-areas/santa-monica/residential-complete-electrical-rewiring/,/service-areas/santa-monica/residential-complete-electrical-rewiring/,2026-03-18,service_detail,2,Deprioritize in sitemap and internal grids
Crawled currently not indexed,https://shaffercon.com/service-areas/santa-monica/residential-energy-efficiency-upgrades/,/service-areas/santa-monica/residential-energy-efficiency-upgrades/,2026-04-09,service_detail,2,Deprioritize in sitemap and internal grids
Crawled currently not indexed,https://shaffercon.com/service-areas/santa-monica/residential-whole-building-surge-protection,/service-areas/santa-monica/residential-whole-building-surge-protection/,2026-04-09,service_detail,2,Deprioritize in sitemap and internal grids
Crawled currently not indexed,https://shaffercon.com/service-areas/santa-monica/residential-whole-building-surge-protection/,/service-areas/santa-monica/residential-whole-building-surge-protection/,2026-04-09,service_detail,2,Deprioritize in sitemap and internal grids
Crawled currently not indexed,https://shaffercon.com/service-areas/sherman-oaks/residential-energy-efficiency-upgrades/,/service-areas/sherman-oaks/residential-energy-efficiency-upgrades/,2026-03-25,service_detail,2,Deprioritize in sitemap and internal grids
Crawled currently not indexed,https://shaffercon.com/service-areas/sherman-oaks/residential-exhaust-fan-ventilation-wiring/,/service-areas/sherman-oaks/residential-exhaust-fan-ventilation-wiring/,2026-04-02,service_detail,2,Deprioritize in sitemap and internal grids
Crawled currently not indexed,https://shaffercon.com/service-areas/sherman-oaks/residential-whole-building-surge-protection/,/service-areas/sherman-oaks/residential-whole-building-surge-protection/,2026-03-18,service_detail,2,Deprioritize in sitemap and internal grids
Crawled currently not indexed,https://shaffercon.com/service-areas/silver-lake/residential-exhaust-fan-ventilation-wiring/,/service-areas/silver-lake/residential-exhaust-fan-ventilation-wiring/,2026-03-26,service_detail,2,Deprioritize in sitemap and internal grids
Crawled currently not indexed,https://shaffercon.com/service-areas/silver-lake/residential-outlet-switch-dimmer-services,/service-areas/silver-lake/residential-outlet-switch-dimmer-services/,2025-11-25,service_detail,2,Deprioritize in sitemap and internal grids
Crawled currently not indexed,https://shaffercon.com/service-areas/silver-lake/residential-whole-building-surge-protection/,/service-areas/silver-lake/residential-whole-building-surge-protection/,2026-01-24,service_detail,2,Deprioritize in sitemap and internal grids
Crawled currently not indexed,https://shaffercon.com/service-areas/torrance/residential-complete-electrical-rewiring,/service-areas/torrance/residential-complete-electrical-rewiring/,2025-11-27,service_detail,2,Deprioritize in sitemap and internal grids
Crawled currently not indexed,https://shaffercon.com/service-areas/torrance/residential-exhaust-fan-ventilation-wiring/,/service-areas/torrance/residential-exhaust-fan-ventilation-wiring/,2026-01-21,service_detail,2,Deprioritize in sitemap and internal grids
Crawled currently not indexed,https://shaffercon.com/service-areas/torrance/residential-outlet-switch-dimmer-services,/service-areas/torrance/residential-outlet-switch-dimmer-services/,2025-11-26,service_detail,2,Deprioritize in sitemap and internal grids
Crawled currently not indexed,https://shaffercon.com/service-areas/torrance/residential-whole-building-surge-protection/,/service-areas/torrance/residential-whole-building-surge-protection/,2026-04-02,service_detail,2,Deprioritize in sitemap and internal grids
Crawled currently not indexed,https://shaffercon.com/service-areas/venice/residential-complete-electrical-rewiring/,/service-areas/venice/residential-complete-electrical-rewiring/,2026-03-19,service_detail,2,Deprioritize in sitemap and internal grids
Crawled currently not indexed,https://shaffercon.com/service-areas/venice/residential-energy-efficiency-upgrades/,/service-areas/venice/residential-energy-efficiency-upgrades/,2026-04-07,service_detail,2,Deprioritize in sitemap and internal grids
Crawled currently not indexed,https://shaffercon.com/service-areas/venice/residential-whole-building-surge-protection/,/service-areas/venice/residential-whole-building-surge-protection/,2026-03-30,service_detail,2,Deprioritize in sitemap and internal grids
Crawled currently not indexed,https://shaffercon.com/service-areas/west-hollywood/residential-complete-electrical-rewiring/,/service-areas/west-hollywood/residential-complete-electrical-rewiring/,2026-03-18,service_detail,2,Deprioritize in sitemap and internal grids
Crawled currently not indexed,https://shaffercon.com/service-areas/west-hollywood/residential-energy-efficiency-upgrades/,/service-areas/west-hollywood/residential-energy-efficiency-upgrades/,2026-03-04,service_detail,2,Deprioritize in sitemap and internal grids
Crawled currently not indexed,https://shaffercon.com/service-areas/west-hollywood/residential-exhaust-fan-ventilation-wiring,/service-areas/west-hollywood/residential-exhaust-fan-ventilation-wiring/,2026-04-09,service_detail,2,Deprioritize in sitemap and internal grids
Crawled currently not indexed,https://shaffercon.com/service-areas/west-hollywood/residential-exhaust-fan-ventilation-wiring/,/service-areas/west-hollywood/residential-exhaust-fan-ventilation-wiring/,2026-04-09,service_detail,2,Deprioritize in sitemap and internal grids
Crawled currently not indexed,https://shaffercon.com/service-areas/west-hollywood/residential-whole-building-surge-protection/,/service-areas/west-hollywood/residential-whole-building-surge-protection/,2026-03-17,service_detail,2,Deprioritize in sitemap and internal grids
Crawled currently not indexed,https://shaffercon.com/industry-insights/2024-ev-charger-installations-key-incentives-and-innovations-transforming-the-industry/,/industry-insights/2024-ev-charger-installations-key-incentives-and-innovations-transforming-the-industry/,2026-01-22,blog,1,Deprioritize or use only as support content
Crawled currently not indexed,https://shaffercon.com/industry-insights/2024-ev-charger-installations-key-incentives-and-innovations-transforming-the-industry,/industry-insights/2024-ev-charger-installations-key-incentives-and-innovations-transforming-the-industry/,2025-11-28,blog,1,Deprioritize or use only as support content
Crawled currently not indexed,https://shaffercon.com/industry-insights/building-a-sustainable-future-the-role-of-shaffer-construction-in-los-angeles-ev-charging-infrastructure-expansion/,/industry-insights/building-a-sustainable-future-the-role-of-shaffer-construction-in-los-angeles-ev-charging-infrastructure-expansion/,2026-03-06,blog,1,Deprioritize or use only as support content
Crawled currently not indexed,https://shaffercon.com/industry-insights/byd-home-charger-sharing-pennsylvania-turnpike-nevi-eu-2035-goals-watered-down-snowbird-ski-resort-holiday-charging,/industry-insights/byd-home-charger-sharing-pennsylvania-turnpike-nevi-eu-2035-goals-watered-down-snowbird-ski-resort-holiday-charging/,2025-12-24,blog,1,Deprioritize or use only as support content
Crawled currently not indexed,https://shaffercon.com/industry-insights/california-200000-ev-chargers-oregon-fleet-rebate-germany-truck-charging-electrify-america-simon-tesla-2025-deliveries/,/industry-insights/california-200000-ev-chargers-oregon-fleet-rebate-germany-truck-charging-electrify-america-simon-tesla-2025-deliveries/,2026-01-14,blog,1,Deprioritize or use only as support content
Crawled currently not indexed,https://shaffercon.com/industry-insights/ceiling-fan-installation-benefits-aesthetics/,/industry-insights/ceiling-fan-installation-benefits-aesthetics/,2026-03-06,blog,1,Deprioritize or use only as support content
Crawled currently not indexed,https://shaffercon.com/industry-insights/ceiling-fan-installation-benefits-aesthetics,/industry-insights/ceiling-fan-installation-benefits-aesthetics/,2025-11-24,blog,1,Deprioritize or use only as support content
Crawled currently not indexed,https://shaffercon.com/industry-insights/colliers-envirospark-chargepoint-express-grid-wyoming-ev-marketplace-tesla-lost-hills-2025-technology-breakthroughs,/industry-insights/colliers-envirospark-chargepoint-express-grid-wyoming-ev-marketplace-tesla-lost-hills-2025-technology-breakthroughs/,2026-01-02,blog,1,Deprioritize or use only as support content
Crawled currently not indexed,https://shaffercon.com/industry-insights/dodge-charger-nacs-tesla-supercharger-byd-megawatt-technology-year-environmental-groups-lawsuit-electrify-america-dual-cable/,/industry-insights/dodge-charger-nacs-tesla-supercharger-byd-megawatt-technology-year-environmental-groups-lawsuit-electrify-america-dual-cable/,2026-04-09,blog,1,Deprioritize or use only as support content
Crawled currently not indexed,https://shaffercon.com/industry-insights/ev-charger-installation-in-los-angeles-the-2024-guide-to-home-public-and-commercial-solutions/,/industry-insights/ev-charger-installation-in-los-angeles-the-2024-guide-to-home-public-and-commercial-solutions/,2026-04-16,blog,1,Deprioritize or use only as support content
Crawled currently not indexed,https://shaffercon.com/industry-insights/ev-charging-acceleration-november-2025-chargepoint-sourcewell-illinois-funding-global-technology-showcase-workplace-charging-growth-and-california-fast-charge-initiatives,/industry-insights/ev-charging-acceleration-november-2025-chargepoint-sourcewell-illinois-funding-global-technology-showcase-workplace-charging-growth-and-california-fast-charge-initiatives/,2025-12-18,blog,1,Deprioritize or use only as support content
Crawled currently not indexed,https://shaffercon.com/industry-insights/ev-charging-in-2024-essential-trends-and-installation-tips-for-homeowners-businesses-in-los-angeles/,/industry-insights/ev-charging-in-2024-essential-trends-and-installation-tips-for-homeowners-businesses-in-los-angeles/,2026-01-14,blog,1,Deprioritize or use only as support content
Crawled currently not indexed,https://shaffercon.com/industry-insights/ev-charging-in-2025-latest-trends-challenges-and-solutions-for-homeowners-and-businesses-in-los-angeles,/industry-insights/ev-charging-in-2025-latest-trends-challenges-and-solutions-for-homeowners-and-businesses-in-los-angeles/,2025-12-10,blog,1,Deprioritize or use only as support content
Crawled currently not indexed,https://shaffercon.com/industry-insights/ev-charging-in-2025-what-homeowners-property-managers-and-businesses-need-to-know/,/industry-insights/ev-charging-in-2025-what-homeowners-property-managers-and-businesses-need-to-know/,2025-12-26,blog,1,Deprioritize or use only as support content
Crawled currently not indexed,https://shaffercon.com/industry-insights/ev-charging-infrastructure-accelerates-america-achieves-record-20-growth-nacs-universal-adoption-maryland-5-million-funding-270kw-wireless-breakthrough-and-california-incentive-evolution,/industry-insights/ev-charging-infrastructure-accelerates-america-achieves-record-20-growth-nacs-universal-adoption-maryland-5-million-funding-270kw-wireless-breakthrough-and-california-incentive-evolution/,2025-12-10,blog,1,Deprioritize or use only as support content
Crawled currently not indexed,https://shaffercon.com/industry-insights/ev-charging-infrastructure-breakthrough-developments-france-pioneers-300kw-dynamic-wireless-highway-charging-tesla-v4-achieves-500kw-operational-deployment-china-accelerates-toward-28-million-facil,/industry-insights/ev-charging-infrastructure-breakthrough-developments-france-pioneers-300kw-dynamic-wireless-highway-charging-tesla-v4-achieves-500kw-operational-deployment-china-accelerates-toward-28-million-facil/,2025-12-17,blog,1,Deprioritize or use only as support content
Crawled currently not indexed,https://shaffercon.com/industry-insights/ev-charging-infrastructure-in-2025-growth-innovation-and-the-road-ahead,/industry-insights/ev-charging-infrastructure-in-2025-growth-innovation-and-the-road-ahead/,2025-12-03,blog,1,Deprioritize or use only as support content
Crawled currently not indexed,https://shaffercon.com/industry-insights/ev-charging-infrastructure-in-2025-what-property-owners-in-los-angeles-need-to-know/,/industry-insights/ev-charging-infrastructure-in-2025-what-property-owners-in-los-angeles-need-to-know/,2026-03-22,blog,1,Deprioritize or use only as support content
Crawled currently not indexed,https://shaffercon.com/industry-insights/ev-charging-infrastructure-network-milestones-65000-us-ports-illinois-funding-tesla-v4-technology-nevi-streamlining-and-google-maps-integration-shape-november-2025-market,/industry-insights/ev-charging-infrastructure-network-milestones-65000-us-ports-illinois-funding-tesla-v4-technology-nevi-streamlining-and-google-maps-integration-shape-november-2025-market/,2025-12-18,blog,1,Deprioritize or use only as support content
Crawled currently not indexed,https://shaffercon.com/industry-insights/ev-charging-infrastructure-roundup-ionna-250m-california-investment-wireless-highway-charging-tesla-supercharger-growth,/industry-insights/ev-charging-infrastructure-roundup-ionna-250m-california-investment-wireless-highway-charging-tesla-supercharger-growth/,2025-12-18,blog,1,Deprioritize or use only as support content
Crawled currently not indexed,https://shaffercon.com/industry-insights/ev-charging-infrastructure-update-nevi-milestones-tesla-record-expansion-and-growing-infrastructure-demands,/industry-insights/ev-charging-infrastructure-update-nevi-milestones-tesla-record-expansion-and-growing-infrastructure-demands/,2025-11-26,blog,1,Deprioritize or use only as support content
Crawled currently not indexed,https://shaffercon.com/industry-insights/ev-charging-infrastructure-update-nevi-milestones-tesla-record-expansion-and-growing-infrastructure-demands/,/industry-insights/ev-charging-infrastructure-update-nevi-milestones-tesla-record-expansion-and-growing-infrastructure-demands/,2025-11-26,blog,1,Deprioritize or use only as support content
Crawled currently not indexed,https://shaffercon.com/industry-insights/ev-charging-infrastructure-update-record-u-s-expansion-pennsylvania-nevi-leadership-global-growth-and-innovative-streetlight-solutions/,/industry-insights/ev-charging-infrastructure-update-record-u-s-expansion-pennsylvania-nevi-leadership-global-growth-and-innovative-streetlight-solutions/,2026-04-02,blog,1,Deprioritize or use only as support content
Crawled currently not indexed,https://shaffercon.com/industry-insights/ev-charging-infrastructure-update-record-u-s-expansion-pennsylvania-nevi-leadership-global-growth-and-innovative-streetlight-solutions,/industry-insights/ev-charging-infrastructure-update-record-u-s-expansion-pennsylvania-nevi-leadership-global-growth-and-innovative-streetlight-solutions/,2025-12-10,blog,1,Deprioritize or use only as support content
Crawled currently not indexed,https://shaffercon.com/industry-insights/ev-infrastructure-evolution-accelerates-tesla-multipass-european-expansion-federal-incentive-expiration-impact-california-leadership-milestone-france-wireless-highway-charging-breakthrough-and-co,/industry-insights/ev-infrastructure-evolution-accelerates-tesla-multipass-european-expansion-federal-incentive-expiration-impact-california-leadership-milestone-france-wireless-highway-charging-breakthrough-and-co/,2025-12-15,blog,1,Deprioritize or use only as support content
Crawled currently not indexed,https://shaffercon.com/industry-insights/ev-policy-transformation-federal-tax-credit-expiration-california-hov-access-ends-record-29-market-share-600kw-charging-coming-and-nevi-program-expansion/,/industry-insights/ev-policy-transformation-federal-tax-credit-expiration-california-hov-access-ends-record-29-market-share-600kw-charging-coming-and-nevi-program-expansion/,2026-03-31,blog,1,Deprioritize or use only as support content
Crawled currently not indexed,https://shaffercon.com/industry-insights/ev-policy-transformation-federal-tax-credit-expiration-california-hov-access-ends-record-29-market-share-600kw-charging-coming-and-nevi-program-expansion,/industry-insights/ev-policy-transformation-federal-tax-credit-expiration-california-hov-access-ends-record-29-market-share-600kw-charging-coming-and-nevi-program-expansion/,2025-12-27,blog,1,Deprioritize or use only as support content
Crawled currently not indexed,https://shaffercon.com/industry-insights/evgo-record-growth-electrify-america-road-trip-charging-reliability-improves-california-incentives/,/industry-insights/evgo-record-growth-electrify-america-road-trip-charging-reliability-improves-california-incentives/,2026-01-16,blog,1,Deprioritize or use only as support content
Crawled currently not indexed,https://shaffercon.com/industry-insights/evgo-record-growth-electrify-america-road-trip-charging-reliability-improves-california-incentives,/industry-insights/evgo-record-growth-electrify-america-road-trip-charging-reliability-improves-california-incentives/,2025-12-17,blog,1,Deprioritize or use only as support content
Crawled currently not indexed,https://shaffercon.com/industry-insights/ford-19-billion-ev-writedown-lightning-canceled-byd-overtakes-tesla-factorial-solid-state-battery-electrify-america-charge-limit/,/industry-insights/ford-19-billion-ev-writedown-lightning-canceled-byd-overtakes-tesla-factorial-solid-state-battery-electrify-america-charge-limit/,2026-03-25,blog,1,Deprioritize or use only as support content
Crawled currently not indexed,https://shaffercon.com/industry-insights/how-funding-freezes-and-ultra-fast-chargers-are-reshaping-las-ev-infrastructure-in-2025,/industry-insights/how-funding-freezes-and-ultra-fast-chargers-are-reshaping-las-ev-infrastructure-in-2025/,2025-12-16,blog,1,Deprioritize or use only as support content
Crawled currently not indexed,https://shaffercon.com/industry-insights/how-the-return-of-nevi-funding-and-new-partnerships-are-accelerating-ev-charging-in-los-angeles/,/industry-insights/how-the-return-of-nevi-funding-and-new-partnerships-are-accelerating-ev-charging-in-los-angeles/,2026-04-17,blog,1,Deprioritize or use only as support content
Crawled currently not indexed,https://shaffercon.com/industry-insights/how-the-return-of-nevi-funding-and-new-partnerships-are-accelerating-ev-charging-in-los-angeles,/industry-insights/how-the-return-of-nevi-funding-and-new-partnerships-are-accelerating-ev-charging-in-los-angeles/,2025-12-14,blog,1,Deprioritize or use only as support content
Crawled currently not indexed,https://shaffercon.com/industry-insights/indiana-wireless-highway-charging-bmw-supercharger-access-walmart-network-stellantis-nacs-tesla-3d-maps/,/industry-insights/indiana-wireless-highway-charging-bmw-supercharger-access-walmart-network-stellantis-nacs-tesla-3d-maps/,2026-04-08,blog,1,Deprioritize or use only as support content
Crawled currently not indexed,https://shaffercon.com/industry-insights/major-ev-charging-developments-volkswagen-supercharger-access-google-maps-integration-nacs-standardization-65000-us-ports-and-sonoma-county-expansion-shape-november-2025-infrastructure-landscape,/industry-insights/major-ev-charging-developments-volkswagen-supercharger-access-google-maps-integration-nacs-standardization-65000-us-ports-and-sonoma-county-expansion-shape-november-2025-infrastructure-landscape/,2025-12-16,blog,1,Deprioritize or use only as support content
Crawled currently not indexed,https://shaffercon.com/industry-insights/nacs-connector-48-percent-market-share-fleet-megawatt-charging-installation-costs-utility-rebates/,/industry-insights/nacs-connector-48-percent-market-share-fleet-megawatt-charging-installation-costs-utility-rebates/,2026-04-10,blog,1,Deprioritize or use only as support content
Crawled currently not indexed,https://shaffercon.com/industry-insights/october-2025-ev-infrastructure-week-teslas-500kw-ultra-fast-charging-launch-californias-historic-29-ev-market-share-first-in-nation-reliability-standards-and-nationwide-nevi-deployment-acceler,/industry-insights/october-2025-ev-infrastructure-week-teslas-500kw-ultra-fast-charging-launch-californias-historic-29-ev-market-share-first-in-nation-reliability-standards-and-nationwide-nevi-deployment-acceler/,2026-01-22,blog,1,Deprioritize or use only as support content
Crawled currently not indexed,https://shaffercon.com/industry-insights/october-2025-ev-infrastructure-week-teslas-500kw-ultra-fast-charging-launch-californias-historic-29-ev-market-share-first-in-nation-reliability-standards-and-nationwide-nevi-deployment-acceler/,/industry-insights/october-2025-ev-infrastructure-week-teslas-500kw-ultra-fast-charging-launch-californias-historic-29-ev-market-share-first-in-nation-reliability-standards-and-nationwide-nevi-deployment-acceler/,2026-01-22,blog,1,Deprioritize or use only as support content
Crawled currently not indexed,https://shaffercon.com/industry-insights/pool-hot-tub-electrical-requirements-los-angeles/,/industry-insights/pool-hot-tub-electrical-requirements-los-angeles/,2025-12-20,blog,1,Deprioritize or use only as support content
Crawled currently not indexed,https://shaffercon.com/industry-insights/record-ev-charging-infrastructure-growth-teslas-4000-stall-expansion-u-s-reaches-780-new-stations-nevi-program-acceleration-and-300kw-wireless-charging-breakthrough-transform-los-angeles-marke,/industry-insights/record-ev-charging-infrastructure-growth-teslas-4000-stall-expansion-u-s-reaches-780-new-stations-nevi-program-acceleration-and-300kw-wireless-charging-breakthrough-transform-los-angeles-marke/,2025-11-27,blog,1,Deprioritize or use only as support content
Crawled currently not indexed,https://shaffercon.com/industry-insights/record-ev-charging-infrastructure-growth-teslas-4000-stall-expansion-u-s-reaches-780-new-stations-nevi-program-acceleration-and-300kw-wireless-charging-breakthrough-transform-los-angeles-marke/,/industry-insights/record-ev-charging-infrastructure-growth-teslas-4000-stall-expansion-u-s-reaches-780-new-stations-nevi-program-acceleration-and-300kw-wireless-charging-breakthrough-transform-los-angeles-marke/,2025-11-27,blog,1,Deprioritize or use only as support content
Crawled currently not indexed,https://shaffercon.com/industry-insights/revolutionary-ev-charging-developments-transform-infrastructure-landscape-ultra-fast-1mw-technology-streetlight-integration-300-billion-global-investment-forecast-pennsylvania-community-expansion,/industry-insights/revolutionary-ev-charging-developments-transform-infrastructure-landscape-ultra-fast-1mw-technology-streetlight-integration-300-billion-global-investment-forecast-pennsylvania-community-expansion/,2026-02-02,blog,1,Deprioritize or use only as support content
Crawled currently not indexed,https://shaffercon.com/industry-insights/revolutionary-ev-charging-developments-transform-infrastructure-landscape-ultra-fast-1mw-technology-streetlight-integration-300-billion-global-investment-forecast-pennsylvania-community-expansion/,/industry-insights/revolutionary-ev-charging-developments-transform-infrastructure-landscape-ultra-fast-1mw-technology-streetlight-integration-300-billion-global-investment-forecast-pennsylvania-community-expansion/,2026-02-02,blog,1,Deprioritize or use only as support content
Crawled currently not indexed,https://shaffercon.com/industry-insights/stellantis-supercharger-access-dc-fast-charging-growth-autel-ces-electricfish-gas-stations-gm-writedown/,/industry-insights/stellantis-supercharger-access-dc-fast-charging-growth-autel-ces-electricfish-gas-stations-gm-writedown/,2026-02-26,blog,1,Deprioritize or use only as support content
Crawled currently not indexed,https://shaffercon.com/industry-insights/tesla-model-y-juniper-wisconsin-ev-grants-georgia-rivian-hyundai-new-evs-cybertruck-long-range,/industry-insights/tesla-model-y-juniper-wisconsin-ev-grants-georgia-rivian-hyundai-new-evs-cybertruck-long-range/,2026-01-05,blog,1,Deprioritize or use only as support content
Crawled currently not indexed,https://shaffercon.com/industry-insights/tesla-worlds-largest-supercharger-los-angeles-curbside-charging-expansion-volkswagen-network-access-dynamic-pricing-long-beach-ev-infrastructure,/industry-insights/tesla-worlds-largest-supercharger-los-angeles-curbside-charging-expansion-volkswagen-network-access-dynamic-pricing-long-beach-ev-infrastructure/,2025-12-15,blog,1,Deprioritize or use only as support content
Crawled currently not indexed,https://shaffercon.com/industry-insights/the-future-of-ev-charging-federal-grants-technological-advancements-and-infrastructure-expansion/,/industry-insights/the-future-of-ev-charging-federal-grants-technological-advancements-and-infrastructure-expansion/,2026-03-06,blog,1,Deprioritize or use only as support content
Crawled currently not indexed,https://shaffercon.com/industry-insights/the-future-of-ev-charging-infrastructure-top-trends-shaping-los-angeles-in-2024/,/industry-insights/the-future-of-ev-charging-infrastructure-top-trends-shaping-los-angeles-in-2024/,2026-02-24,blog,1,Deprioritize or use only as support content
Crawled currently not indexed,https://shaffercon.com/industry-insights/the-future-of-ev-charging-innovations-expansions-and-key-partnerships-shaping-the-industry/,/industry-insights/the-future-of-ev-charging-innovations-expansions-and-key-partnerships-shaping-the-industry/,2026-02-24,blog,1,Deprioritize or use only as support content
Crawled currently not indexed,https://shaffercon.com/industry-insights/the-future-of-home-and-public-ev-charging-trends-economics-and-practical-innovations-for-los-angeles-in-2025/,/industry-insights/the-future-of-home-and-public-ev-charging-trends-economics-and-practical-innovations-for-los-angeles-in-2025/,2026-03-15,blog,1,Deprioritize or use only as support content
Crawled currently not indexed,https://shaffercon.com/industry-insights/the-future-of-home-and-public-ev-charging-trends-economics-and-practical-innovations-for-los-angeles-in-2025,/industry-insights/the-future-of-home-and-public-ev-charging-trends-economics-and-practical-innovations-for-los-angeles-in-2025/,2025-12-06,blog,1,Deprioritize or use only as support content
Crawled currently not indexed,https://shaffercon.com/industry-insights/the-latest-trends-in-ev-charger-installation-a-2024-guide-for-los-angeles-homes-businesses-and-multifamily-properties/,/industry-insights/the-latest-trends-in-ev-charger-installation-a-2024-guide-for-los-angeles-homes-businesses-and-multifamily-properties/,2026-02-23,blog,1,Deprioritize or use only as support content
Crawled currently not indexed,https://shaffercon.com/industry-insights/the-latest-trends-in-ev-charger-installation-a-2024-guide-for-los-angeles-homes-businesses-and-multifamily-properties,/industry-insights/the-latest-trends-in-ev-charger-installation-a-2024-guide-for-los-angeles-homes-businesses-and-multifamily-properties/,2025-11-27,blog,1,Deprioritize or use only as support content
Crawled currently not indexed,https://shaffercon.com/industry-insights/top-trends-challenges-and-innovations-in-ev-charging-infrastructure-for-2025,/industry-insights/top-trends-challenges-and-innovations-in-ev-charging-infrastructure-for-2025/,2025-12-07,blog,1,Deprioritize or use only as support content
Crawled currently not indexed,https://shaffercon.com/industry-insights/trump-ev-policy-reversals-charger-reliability-donut-lab-production-byd-megawatt-charging-nevi-update/,/industry-insights/trump-ev-policy-reversals-charger-reliability-donut-lab-production-byd-megawatt-charging-nevi-update/,2026-02-25,blog,1,Deprioritize or use only as support content
Crawled currently not indexed,https://shaffercon.com/industry-insights/ultimate-guide-to-ev-charger-installation-incentives-in-los-angeles-funding-tax-credits-and-future-proof-solutions-for-2024,/industry-insights/ultimate-guide-to-ev-charger-installation-incentives-in-los-angeles-funding-tax-credits-and-future-proof-solutions-for-2024/,2025-12-20,blog,1,Deprioritize or use only as support content
Crawled currently not indexed,https://shaffercon.com/industry-insights/what-the-nevi-funding-restart-means-for-ev-charger-installation-in-los-angeles-a-guide-for-property-owners,/industry-insights/what-the-nevi-funding-restart-means-for-ev-charger-installation-in-los-angeles-a-guide-for-property-owners/,2025-12-10,blog,1,Deprioritize or use only as support content
Crawled currently not indexed,https://shaffercon.com/industry-insights/why-ev-charger-installations-are-accelerating-in-2025-what-property-owners-in-los-angeles-need-to-know/,/industry-insights/why-ev-charger-installations-are-accelerating-in-2025-what-property-owners-in-los-angeles-need-to-know/,2026-03-13,blog,1,Deprioritize or use only as support content
Crawled currently not indexed,https://shaffercon.com/service-areas/altadena/commercial-data-network-av-wiring/,/service-areas/altadena/commercial-data-network-av-wiring/,2025-12-20,service_detail,1,Deprioritize in sitemap and internal grids
Crawled currently not indexed,https://shaffercon.com/service-areas/altadena/commercial-pool-hot-tub-spa-electrical/,/service-areas/altadena/commercial-pool-hot-tub-spa-electrical/,2026-03-22,service_detail,1,Deprioritize in sitemap and internal grids
Crawled currently not indexed,https://shaffercon.com/service-areas/altadena/residential-ceiling-fan-fixture-installation/,/service-areas/altadena/residential-ceiling-fan-fixture-installation/,2025-12-20,service_detail,1,Deprioritize in sitemap and internal grids
Crawled currently not indexed,https://shaffercon.com/service-areas/altadena/residential-pool-hot-tub-spa-electrical/,/service-areas/altadena/residential-pool-hot-tub-spa-electrical/,2026-04-11,service_detail,1,Deprioritize in sitemap and internal grids
Crawled currently not indexed,https://shaffercon.com/service-areas/altadena/residential-smart-automation-systems/,/service-areas/altadena/residential-smart-automation-systems/,2026-04-03,service_detail,1,Deprioritize in sitemap and internal grids
Crawled currently not indexed,https://shaffercon.com/service-areas/atwater-village/commercial-data-network-av-wiring,/service-areas/atwater-village/commercial-data-network-av-wiring/,2026-04-05,service_detail,1,Deprioritize in sitemap and internal grids
Crawled currently not indexed,https://shaffercon.com/service-areas/atwater-village/commercial-pool-hot-tub-spa-electrical/,/service-areas/atwater-village/commercial-pool-hot-tub-spa-electrical/,2026-03-31,service_detail,1,Deprioritize in sitemap and internal grids
Crawled currently not indexed,https://shaffercon.com/service-areas/atwater-village/residential-ceiling-fan-fixture-installation/,/service-areas/atwater-village/residential-ceiling-fan-fixture-installation/,2026-03-21,service_detail,1,Deprioritize in sitemap and internal grids
Crawled currently not indexed,https://shaffercon.com/service-areas/atwater-village/residential-data-network-av-wiring/,/service-areas/atwater-village/residential-data-network-av-wiring/,2026-01-19,service_detail,1,Deprioritize in sitemap and internal grids
Crawled currently not indexed,https://shaffercon.com/service-areas/beverly-hills/commercial-pool-hot-tub-spa-electrical/,/service-areas/beverly-hills/commercial-pool-hot-tub-spa-electrical/,2026-04-18,service_detail,1,Deprioritize in sitemap and internal grids
Crawled currently not indexed,https://shaffercon.com/service-areas/beverly-hills/commercial-smart-automation-systems,/service-areas/beverly-hills/commercial-smart-automation-systems/,2026-04-16,service_detail,1,Deprioritize in sitemap and internal grids
Crawled currently not indexed,https://shaffercon.com/service-areas/beverly-hills/residential-ceiling-fan-fixture-installation/,/service-areas/beverly-hills/residential-ceiling-fan-fixture-installation/,2026-03-03,service_detail,1,Deprioritize in sitemap and internal grids
Crawled currently not indexed,https://shaffercon.com/service-areas/beverly-hills/residential-data-network-av-wiring/,/service-areas/beverly-hills/residential-data-network-av-wiring/,2026-03-19,service_detail,1,Deprioritize in sitemap and internal grids
Crawled currently not indexed,https://shaffercon.com/service-areas/beverly-hills/residential-pool-hot-tub-spa-electrical/,/service-areas/beverly-hills/residential-pool-hot-tub-spa-electrical/,2026-04-02,service_detail,1,Deprioritize in sitemap and internal grids
Crawled currently not indexed,https://shaffercon.com/service-areas/boyle-heights/commercial-ceiling-fan-fixture-installation/,/service-areas/boyle-heights/commercial-ceiling-fan-fixture-installation/,2026-04-05,service_detail,1,Deprioritize in sitemap and internal grids
Crawled currently not indexed,https://shaffercon.com/service-areas/boyle-heights/commercial-pool-hot-tub-spa-electrical/,/service-areas/boyle-heights/commercial-pool-hot-tub-spa-electrical/,2026-03-19,service_detail,1,Deprioritize in sitemap and internal grids
Crawled currently not indexed,https://shaffercon.com/service-areas/boyle-heights/commercial-smart-automation-systems,/service-areas/boyle-heights/commercial-smart-automation-systems/,2025-11-27,service_detail,1,Deprioritize in sitemap and internal grids
Crawled currently not indexed,https://shaffercon.com/service-areas/boyle-heights/residential-ceiling-fan-fixture-installation,/service-areas/boyle-heights/residential-ceiling-fan-fixture-installation/,2026-04-05,service_detail,1,Deprioritize in sitemap and internal grids
Crawled currently not indexed,https://shaffercon.com/service-areas/boyle-heights/residential-ceiling-fan-fixture-installation/,/service-areas/boyle-heights/residential-ceiling-fan-fixture-installation/,2026-04-05,service_detail,1,Deprioritize in sitemap and internal grids
Crawled currently not indexed,https://shaffercon.com/service-areas/boyle-heights/residential-data-network-av-wiring,/service-areas/boyle-heights/residential-data-network-av-wiring/,2025-12-11,service_detail,1,Deprioritize in sitemap and internal grids
Crawled currently not indexed,https://shaffercon.com/service-areas/burbank/commercial-ceiling-fan-fixture-installation/,/service-areas/burbank/commercial-ceiling-fan-fixture-installation/,2026-01-21,service_detail,1,Deprioritize in sitemap and internal grids
Crawled currently not indexed,https://shaffercon.com/service-areas/burbank/commercial-ceiling-fan-fixture-installation,/service-areas/burbank/commercial-ceiling-fan-fixture-installation/,2025-11-26,service_detail,1,Deprioritize in sitemap and internal grids
Crawled currently not indexed,https://shaffercon.com/service-areas/burbank/commercial-data-network-av-wiring,/service-areas/burbank/commercial-data-network-av-wiring/,2025-12-08,service_detail,1,Deprioritize in sitemap and internal grids
Crawled currently not indexed,https://shaffercon.com/service-areas/burbank/commercial-data-network-av-wiring/,/service-areas/burbank/commercial-data-network-av-wiring/,2025-12-08,service_detail,1,Deprioritize in sitemap and internal grids
Crawled currently not indexed,https://shaffercon.com/service-areas/burbank/commercial-pool-hot-tub-spa-electrical,/service-areas/burbank/commercial-pool-hot-tub-spa-electrical/,2025-12-23,service_detail,1,Deprioritize in sitemap and internal grids
Crawled currently not indexed,https://shaffercon.com/service-areas/burbank/commercial-smart-automation-systems/,/service-areas/burbank/commercial-smart-automation-systems/,2026-03-20,service_detail,1,Deprioritize in sitemap and internal grids
Crawled currently not indexed,https://shaffercon.com/service-areas/burbank/residential-ceiling-fan-fixture-installation/,/service-areas/burbank/residential-ceiling-fan-fixture-installation/,2026-03-21,service_detail,1,Deprioritize in sitemap and internal grids
Crawled currently not indexed,https://shaffercon.com/service-areas/burbank/residential-pool-hot-tub-spa-electrical/,/service-areas/burbank/residential-pool-hot-tub-spa-electrical/,2026-03-21,service_detail,1,Deprioritize in sitemap and internal grids
Crawled currently not indexed,https://shaffercon.com/service-areas/burbank/residential-smart-automation-systems/,/service-areas/burbank/residential-smart-automation-systems/,2026-03-18,service_detail,1,Deprioritize in sitemap and internal grids
Crawled currently not indexed,https://shaffercon.com/service-areas/culver-city/commercial-data-network-av-wiring/,/service-areas/culver-city/commercial-data-network-av-wiring/,2026-04-02,service_detail,1,Deprioritize in sitemap and internal grids
Crawled currently not indexed,https://shaffercon.com/service-areas/culver-city/residential-ceiling-fan-fixture-installation/,/service-areas/culver-city/residential-ceiling-fan-fixture-installation/,2026-02-25,service_detail,1,Deprioritize in sitemap and internal grids
Crawled currently not indexed,https://shaffercon.com/service-areas/culver-city/residential-data-network-av-wiring/,/service-areas/culver-city/residential-data-network-av-wiring/,2026-03-17,service_detail,1,Deprioritize in sitemap and internal grids
Crawled currently not indexed,https://shaffercon.com/service-areas/culver-city/residential-pool-hot-tub-spa-electrical/,/service-areas/culver-city/residential-pool-hot-tub-spa-electrical/,2026-03-21,service_detail,1,Deprioritize in sitemap and internal grids
Crawled currently not indexed,https://shaffercon.com/service-areas/echo-park/commercial-ceiling-fan-fixture-installation/,/service-areas/echo-park/commercial-ceiling-fan-fixture-installation/,2026-04-09,service_detail,1,Deprioritize in sitemap and internal grids
Crawled currently not indexed,https://shaffercon.com/service-areas/echo-park/commercial-pool-hot-tub-spa-electrical,/service-areas/echo-park/commercial-pool-hot-tub-spa-electrical/,2025-12-11,service_detail,1,Deprioritize in sitemap and internal grids
Crawled currently not indexed,https://shaffercon.com/service-areas/echo-park/commercial-pool-hot-tub-spa-electrical/,/service-areas/echo-park/commercial-pool-hot-tub-spa-electrical/,2025-12-11,service_detail,1,Deprioritize in sitemap and internal grids
Crawled currently not indexed,https://shaffercon.com/service-areas/echo-park/commercial-smart-automation-systems/,/service-areas/echo-park/commercial-smart-automation-systems/,2026-03-21,service_detail,1,Deprioritize in sitemap and internal grids
Crawled currently not indexed,https://shaffercon.com/service-areas/echo-park/residential-ceiling-fan-fixture-installation/,/service-areas/echo-park/residential-ceiling-fan-fixture-installation/,2026-03-27,service_detail,1,Deprioritize in sitemap and internal grids
Crawled currently not indexed,https://shaffercon.com/service-areas/echo-park/residential-data-network-av-wiring/,/service-areas/echo-park/residential-data-network-av-wiring/,2026-04-09,service_detail,1,Deprioritize in sitemap and internal grids
Crawled currently not indexed,https://shaffercon.com/service-areas/echo-park/residential-pool-hot-tub-spa-electrical/,/service-areas/echo-park/residential-pool-hot-tub-spa-electrical/,2026-03-18,service_detail,1,Deprioritize in sitemap and internal grids
Crawled currently not indexed,https://shaffercon.com/service-areas/glendale/commercial-ceiling-fan-fixture-installation/,/service-areas/glendale/commercial-ceiling-fan-fixture-installation/,2026-03-18,service_detail,1,Deprioritize in sitemap and internal grids
Crawled currently not indexed,https://shaffercon.com/service-areas/glendale/commercial-data-network-av-wiring,/service-areas/glendale/commercial-data-network-av-wiring/,2025-12-06,service_detail,1,Deprioritize in sitemap and internal grids
Crawled currently not indexed,https://shaffercon.com/service-areas/glendale/commercial-pool-hot-tub-spa-electrical/,/service-areas/glendale/commercial-pool-hot-tub-spa-electrical/,2026-04-08,service_detail,1,Deprioritize in sitemap and internal grids
Crawled currently not indexed,https://shaffercon.com/service-areas/glendale/commercial-smart-automation-systems/,/service-areas/glendale/commercial-smart-automation-systems/,2026-03-16,service_detail,1,Deprioritize in sitemap and internal grids
Crawled currently not indexed,https://shaffercon.com/service-areas/glendale/residential-ceiling-fan-fixture-installation/,/service-areas/glendale/residential-ceiling-fan-fixture-installation/,2026-03-17,service_detail,1,Deprioritize in sitemap and internal grids
Crawled currently not indexed,https://shaffercon.com/service-areas/glendale/residential-pool-hot-tub-spa-electrical/,/service-areas/glendale/residential-pool-hot-tub-spa-electrical/,2026-04-08,service_detail,1,Deprioritize in sitemap and internal grids
Crawled currently not indexed,https://shaffercon.com/service-areas/glendale/residential-smart-automation-systems/,/service-areas/glendale/residential-smart-automation-systems/,2026-03-18,service_detail,1,Deprioritize in sitemap and internal grids
Crawled currently not indexed,https://shaffercon.com/service-areas/highland-park/commercial-data-network-av-wiring/,/service-areas/highland-park/commercial-data-network-av-wiring/,2026-03-19,service_detail,1,Deprioritize in sitemap and internal grids
Crawled currently not indexed,https://shaffercon.com/service-areas/highland-park/commercial-smart-automation-systems/,/service-areas/highland-park/commercial-smart-automation-systems/,2026-03-21,service_detail,1,Deprioritize in sitemap and internal grids
Crawled currently not indexed,https://shaffercon.com/service-areas/highland-park/residential-pool-hot-tub-spa-electrical/,/service-areas/highland-park/residential-pool-hot-tub-spa-electrical/,2025-12-20,service_detail,1,Deprioritize in sitemap and internal grids
Crawled currently not indexed,https://shaffercon.com/service-areas/highland-park/residential-smart-automation-systems/,/service-areas/highland-park/residential-smart-automation-systems/,2026-04-09,service_detail,1,Deprioritize in sitemap and internal grids
Crawled currently not indexed,https://shaffercon.com/service-areas/hollywood/commercial-ceiling-fan-fixture-installation/,/service-areas/hollywood/commercial-ceiling-fan-fixture-installation/,2026-04-08,service_detail,1,Deprioritize in sitemap and internal grids
Crawled currently not indexed,https://shaffercon.com/service-areas/hollywood/commercial-ceiling-fan-fixture-installation,/service-areas/hollywood/commercial-ceiling-fan-fixture-installation/,2025-12-10,service_detail,1,Deprioritize in sitemap and internal grids
Crawled currently not indexed,https://shaffercon.com/service-areas/hollywood/commercial-smart-automation-systems,/service-areas/hollywood/commercial-smart-automation-systems/,2026-04-11,service_detail,1,Deprioritize in sitemap and internal grids
Crawled currently not indexed,https://shaffercon.com/service-areas/hollywood/commercial-smart-automation-systems/,/service-areas/hollywood/commercial-smart-automation-systems/,2026-04-09,service_detail,1,Deprioritize in sitemap and internal grids
Crawled currently not indexed,https://shaffercon.com/service-areas/hollywood/residential-pool-hot-tub-spa-electrical,/service-areas/hollywood/residential-pool-hot-tub-spa-electrical/,2025-12-07,service_detail,1,Deprioritize in sitemap and internal grids
Crawled currently not indexed,https://shaffercon.com/service-areas/hollywood/residential-pool-hot-tub-spa-electrical/,/service-areas/hollywood/residential-pool-hot-tub-spa-electrical/,2025-12-07,service_detail,1,Deprioritize in sitemap and internal grids
Crawled currently not indexed,https://shaffercon.com/service-areas/hollywood/residential-smart-automation-systems/,/service-areas/hollywood/residential-smart-automation-systems/,2026-03-01,service_detail,1,Deprioritize in sitemap and internal grids
Crawled currently not indexed,https://shaffercon.com/service-areas/hollywood/residential-smart-automation-systems,/service-areas/hollywood/residential-smart-automation-systems/,2025-12-23,service_detail,1,Deprioritize in sitemap and internal grids
Crawled currently not indexed,https://shaffercon.com/service-areas/inglewood/commercial-ceiling-fan-fixture-installation/,/service-areas/inglewood/commercial-ceiling-fan-fixture-installation/,2026-02-12,service_detail,1,Deprioritize in sitemap and internal grids
Crawled currently not indexed,https://shaffercon.com/service-areas/inglewood/commercial-ceiling-fan-fixture-installation,/service-areas/inglewood/commercial-ceiling-fan-fixture-installation/,2025-11-26,service_detail,1,Deprioritize in sitemap and internal grids
Crawled currently not indexed,https://shaffercon.com/service-areas/inglewood/commercial-data-network-av-wiring/,/service-areas/inglewood/commercial-data-network-av-wiring/,2026-03-18,service_detail,1,Deprioritize in sitemap and internal grids
Crawled currently not indexed,https://shaffercon.com/service-areas/inglewood/commercial-pool-hot-tub-spa-electrical/,/service-areas/inglewood/commercial-pool-hot-tub-spa-electrical/,2026-04-09,service_detail,1,Deprioritize in sitemap and internal grids
Crawled currently not indexed,https://shaffercon.com/service-areas/inglewood/commercial-smart-automation-systems,/service-areas/inglewood/commercial-smart-automation-systems/,2025-11-26,service_detail,1,Deprioritize in sitemap and internal grids
Crawled currently not indexed,https://shaffercon.com/service-areas/inglewood/residential-data-network-av-wiring/,/service-areas/inglewood/residential-data-network-av-wiring/,2026-02-14,service_detail,1,Deprioritize in sitemap and internal grids
Crawled currently not indexed,https://shaffercon.com/service-areas/inglewood/residential-smart-automation-systems/,/service-areas/inglewood/residential-smart-automation-systems/,2026-03-18,service_detail,1,Deprioritize in sitemap and internal grids
Crawled currently not indexed,https://shaffercon.com/service-areas/long-beach/commercial-ceiling-fan-fixture-installation/,/service-areas/long-beach/commercial-ceiling-fan-fixture-installation/,2026-03-16,service_detail,1,Deprioritize in sitemap and internal grids
Crawled currently not indexed,https://shaffercon.com/service-areas/long-beach/commercial-data-network-av-wiring/,/service-areas/long-beach/commercial-data-network-av-wiring/,2026-03-29,service_detail,1,Deprioritize in sitemap and internal grids
Crawled currently not indexed,https://shaffercon.com/service-areas/long-beach/commercial-smart-automation-systems/,/service-areas/long-beach/commercial-smart-automation-systems/,2026-03-19,service_detail,1,Deprioritize in sitemap and internal grids
Crawled currently not indexed,https://shaffercon.com/service-areas/long-beach/residential-ceiling-fan-fixture-installation/,/service-areas/long-beach/residential-ceiling-fan-fixture-installation/,2026-04-09,service_detail,1,Deprioritize in sitemap and internal grids
Crawled currently not indexed,https://shaffercon.com/service-areas/long-beach/residential-data-network-av-wiring/,/service-areas/long-beach/residential-data-network-av-wiring/,2026-04-02,service_detail,1,Deprioritize in sitemap and internal grids
Crawled currently not indexed,https://shaffercon.com/service-areas/los-feliz/commercial-data-network-av-wiring/,/service-areas/los-feliz/commercial-data-network-av-wiring/,2026-03-19,service_detail,1,Deprioritize in sitemap and internal grids
Crawled currently not indexed,https://shaffercon.com/service-areas/los-feliz/residential-ceiling-fan-fixture-installation/,/service-areas/los-feliz/residential-ceiling-fan-fixture-installation/,2026-04-07,service_detail,1,Deprioritize in sitemap and internal grids
Crawled currently not indexed,https://shaffercon.com/service-areas/los-feliz/residential-data-network-av-wiring/,/service-areas/los-feliz/residential-data-network-av-wiring/,2026-04-09,service_detail,1,Deprioritize in sitemap and internal grids
Crawled currently not indexed,https://shaffercon.com/service-areas/pacific-palisades/commercial-ceiling-fan-fixture-installation,/service-areas/pacific-palisades/commercial-ceiling-fan-fixture-installation/,2025-12-09,service_detail,1,Deprioritize in sitemap and internal grids
Crawled currently not indexed,https://shaffercon.com/service-areas/pacific-palisades/commercial-data-network-av-wiring/,/service-areas/pacific-palisades/commercial-data-network-av-wiring/,2026-04-05,service_detail,1,Deprioritize in sitemap and internal grids
Crawled currently not indexed,https://shaffercon.com/service-areas/pacific-palisades/commercial-pool-hot-tub-spa-electrical/,/service-areas/pacific-palisades/commercial-pool-hot-tub-spa-electrical/,2026-04-04,service_detail,1,Deprioritize in sitemap and internal grids
Crawled currently not indexed,https://shaffercon.com/service-areas/pacific-palisades/commercial-smart-automation-systems/,/service-areas/pacific-palisades/commercial-smart-automation-systems/,2026-04-06,service_detail,1,Deprioritize in sitemap and internal grids
Crawled currently not indexed,https://shaffercon.com/service-areas/pacific-palisades/commercial-smart-automation-systems,/service-areas/pacific-palisades/commercial-smart-automation-systems/,2025-11-26,service_detail,1,Deprioritize in sitemap and internal grids
Crawled currently not indexed,https://shaffercon.com/service-areas/pacific-palisades/residential-ceiling-fan-fixture-installation/,/service-areas/pacific-palisades/residential-ceiling-fan-fixture-installation/,2026-04-10,service_detail,1,Deprioritize in sitemap and internal grids
Crawled currently not indexed,https://shaffercon.com/service-areas/pacific-palisades/residential-ceiling-fan-fixture-installation,/service-areas/pacific-palisades/residential-ceiling-fan-fixture-installation/,2025-11-27,service_detail,1,Deprioritize in sitemap and internal grids
Crawled currently not indexed,https://shaffercon.com/service-areas/pacific-palisades/residential-pool-hot-tub-spa-electrical/,/service-areas/pacific-palisades/residential-pool-hot-tub-spa-electrical/,2026-04-18,service_detail,1,Deprioritize in sitemap and internal grids
Crawled currently not indexed,https://shaffercon.com/service-areas/pacific-palisades/residential-pool-hot-tub-spa-electrical,/service-areas/pacific-palisades/residential-pool-hot-tub-spa-electrical/,2025-12-07,service_detail,1,Deprioritize in sitemap and internal grids
Crawled currently not indexed,https://shaffercon.com/service-areas/pacific-palisades/residential-smart-automation-systems,/service-areas/pacific-palisades/residential-smart-automation-systems/,2025-12-07,service_detail,1,Deprioritize in sitemap and internal grids
Crawled currently not indexed,https://shaffercon.com/service-areas/pasadena/commercial-data-network-av-wiring/,/service-areas/pasadena/commercial-data-network-av-wiring/,2026-04-09,service_detail,1,Deprioritize in sitemap and internal grids
Crawled currently not indexed,https://shaffercon.com/service-areas/pasadena/commercial-smart-automation-systems/,/service-areas/pasadena/commercial-smart-automation-systems/,2026-03-17,service_detail,1,Deprioritize in sitemap and internal grids
Crawled currently not indexed,https://shaffercon.com/service-areas/pasadena/residential-ceiling-fan-fixture-installation/,/service-areas/pasadena/residential-ceiling-fan-fixture-installation/,2026-03-04,service_detail,1,Deprioritize in sitemap and internal grids
Crawled currently not indexed,https://shaffercon.com/service-areas/pasadena/residential-ceiling-fan-fixture-installation,/service-areas/pasadena/residential-ceiling-fan-fixture-installation/,2025-12-07,service_detail,1,Deprioritize in sitemap and internal grids
Crawled currently not indexed,https://shaffercon.com/service-areas/pasadena/residential-pool-hot-tub-spa-electrical,/service-areas/pasadena/residential-pool-hot-tub-spa-electrical/,2025-12-06,service_detail,1,Deprioritize in sitemap and internal grids
Crawled currently not indexed,https://shaffercon.com/service-areas/pasadena/residential-pool-hot-tub-spa-electrical/,/service-areas/pasadena/residential-pool-hot-tub-spa-electrical/,2025-12-06,service_detail,1,Deprioritize in sitemap and internal grids
Crawled currently not indexed,https://shaffercon.com/service-areas/pasadena/residential-smart-automation-systems,/service-areas/pasadena/residential-smart-automation-systems/,2025-12-08,service_detail,1,Deprioritize in sitemap and internal grids
Crawled currently not indexed,https://shaffercon.com/service-areas/santa-clarita/commercial-ceiling-fan-fixture-installation/,/service-areas/santa-clarita/commercial-ceiling-fan-fixture-installation/,2025-12-23,service_detail,1,Deprioritize in sitemap and internal grids
Crawled currently not indexed,https://shaffercon.com/service-areas/santa-clarita/commercial-pool-hot-tub-spa-electrical/,/service-areas/santa-clarita/commercial-pool-hot-tub-spa-electrical/,2026-02-04,service_detail,1,Deprioritize in sitemap and internal grids
Crawled currently not indexed,https://shaffercon.com/service-areas/santa-clarita/commercial-pool-hot-tub-spa-electrical,/service-areas/santa-clarita/commercial-pool-hot-tub-spa-electrical/,2025-12-10,service_detail,1,Deprioritize in sitemap and internal grids
Crawled currently not indexed,https://shaffercon.com/service-areas/santa-clarita/residential-ceiling-fan-fixture-installation,/service-areas/santa-clarita/residential-ceiling-fan-fixture-installation/,2025-11-26,service_detail,1,Deprioritize in sitemap and internal grids
Crawled currently not indexed,https://shaffercon.com/service-areas/santa-clarita/residential-data-network-av-wiring,/service-areas/santa-clarita/residential-data-network-av-wiring/,2026-04-18,service_detail,1,Deprioritize in sitemap and internal grids
Crawled currently not indexed,https://shaffercon.com/service-areas/santa-clarita/residential-data-network-av-wiring/,/service-areas/santa-clarita/residential-data-network-av-wiring/,2026-04-18,service_detail,1,Deprioritize in sitemap and internal grids
Crawled currently not indexed,https://shaffercon.com/service-areas/santa-clarita/residential-pool-hot-tub-spa-electrical/,/service-areas/santa-clarita/residential-pool-hot-tub-spa-electrical/,2026-04-05,service_detail,1,Deprioritize in sitemap and internal grids
Crawled currently not indexed,https://shaffercon.com/service-areas/santa-monica/commercial-ceiling-fan-fixture-installation/,/service-areas/santa-monica/commercial-ceiling-fan-fixture-installation/,2026-04-08,service_detail,1,Deprioritize in sitemap and internal grids
Crawled currently not indexed,https://shaffercon.com/service-areas/santa-monica/commercial-data-network-av-wiring/,/service-areas/santa-monica/commercial-data-network-av-wiring/,2026-03-18,service_detail,1,Deprioritize in sitemap and internal grids
Crawled currently not indexed,https://shaffercon.com/service-areas/santa-monica/commercial-pool-hot-tub-spa-electrical/,/service-areas/santa-monica/commercial-pool-hot-tub-spa-electrical/,2026-03-18,service_detail,1,Deprioritize in sitemap and internal grids
Crawled currently not indexed,https://shaffercon.com/service-areas/santa-monica/commercial-smart-automation-systems/,/service-areas/santa-monica/commercial-smart-automation-systems/,2026-03-16,service_detail,1,Deprioritize in sitemap and internal grids
Crawled currently not indexed,https://shaffercon.com/service-areas/santa-monica/residential-ceiling-fan-fixture-installation/,/service-areas/santa-monica/residential-ceiling-fan-fixture-installation/,2026-03-31,service_detail,1,Deprioritize in sitemap and internal grids
Crawled currently not indexed,https://shaffercon.com/service-areas/santa-monica/residential-pool-hot-tub-spa-electrical/,/service-areas/santa-monica/residential-pool-hot-tub-spa-electrical/,2026-03-31,service_detail,1,Deprioritize in sitemap and internal grids
Crawled currently not indexed,https://shaffercon.com/service-areas/santa-monica/residential-smart-automation-systems/,/service-areas/santa-monica/residential-smart-automation-systems/,2026-01-21,service_detail,1,Deprioritize in sitemap and internal grids
Crawled currently not indexed,https://shaffercon.com/service-areas/sherman-oaks/commercial-pool-hot-tub-spa-electrical/,/service-areas/sherman-oaks/commercial-pool-hot-tub-spa-electrical/,2026-04-09,service_detail,1,Deprioritize in sitemap and internal grids
Crawled currently not indexed,https://shaffercon.com/service-areas/sherman-oaks/commercial-smart-automation-systems/,/service-areas/sherman-oaks/commercial-smart-automation-systems/,2026-04-07,service_detail,1,Deprioritize in sitemap and internal grids
Crawled currently not indexed,https://shaffercon.com/service-areas/sherman-oaks/residential-ceiling-fan-fixture-installation/,/service-areas/sherman-oaks/residential-ceiling-fan-fixture-installation/,2026-04-05,service_detail,1,Deprioritize in sitemap and internal grids
Crawled currently not indexed,https://shaffercon.com/service-areas/sherman-oaks/residential-data-network-av-wiring/,/service-areas/sherman-oaks/residential-data-network-av-wiring/,2026-01-31,service_detail,1,Deprioritize in sitemap and internal grids
Crawled currently not indexed,https://shaffercon.com/service-areas/sherman-oaks/residential-pool-hot-tub-spa-electrical/,/service-areas/sherman-oaks/residential-pool-hot-tub-spa-electrical/,2026-03-22,service_detail,1,Deprioritize in sitemap and internal grids
Crawled currently not indexed,https://shaffercon.com/service-areas/sherman-oaks/residential-smart-automation-systems,/service-areas/sherman-oaks/residential-smart-automation-systems/,2025-12-09,service_detail,1,Deprioritize in sitemap and internal grids
Crawled currently not indexed,https://shaffercon.com/service-areas/silver-lake/commercial-ceiling-fan-fixture-installation/,/service-areas/silver-lake/commercial-ceiling-fan-fixture-installation/,2026-04-01,service_detail,1,Deprioritize in sitemap and internal grids
Crawled currently not indexed,https://shaffercon.com/service-areas/silver-lake/commercial-data-network-av-wiring/,/service-areas/silver-lake/commercial-data-network-av-wiring/,2026-03-21,service_detail,1,Deprioritize in sitemap and internal grids
Crawled currently not indexed,https://shaffercon.com/service-areas/silver-lake/residential-ceiling-fan-fixture-installation/,/service-areas/silver-lake/residential-ceiling-fan-fixture-installation/,2026-04-09,service_detail,1,Deprioritize in sitemap and internal grids
Crawled currently not indexed,https://shaffercon.com/service-areas/silver-lake/residential-data-network-av-wiring,/service-areas/silver-lake/residential-data-network-av-wiring/,2025-12-10,service_detail,1,Deprioritize in sitemap and internal grids
Crawled currently not indexed,https://shaffercon.com/service-areas/silver-lake/residential-smart-automation-systems,/service-areas/silver-lake/residential-smart-automation-systems/,2026-03-30,service_detail,1,Deprioritize in sitemap and internal grids
Crawled currently not indexed,https://shaffercon.com/service-areas/silver-lake/residential-smart-automation-systems/,/service-areas/silver-lake/residential-smart-automation-systems/,2026-03-30,service_detail,1,Deprioritize in sitemap and internal grids
Crawled currently not indexed,https://shaffercon.com/service-areas/torrance/commercial-ceiling-fan-fixture-installation/,/service-areas/torrance/commercial-ceiling-fan-fixture-installation/,2026-04-05,service_detail,1,Deprioritize in sitemap and internal grids
Crawled currently not indexed,https://shaffercon.com/service-areas/torrance/commercial-data-network-av-wiring,/service-areas/torrance/commercial-data-network-av-wiring/,2025-11-25,service_detail,1,Deprioritize in sitemap and internal grids
Crawled currently not indexed,https://shaffercon.com/service-areas/torrance/residential-ceiling-fan-fixture-installation/,/service-areas/torrance/residential-ceiling-fan-fixture-installation/,2026-04-11,service_detail,1,Deprioritize in sitemap and internal grids
Crawled currently not indexed,https://shaffercon.com/service-areas/torrance/residential-smart-automation-systems,/service-areas/torrance/residential-smart-automation-systems/,2025-11-26,service_detail,1,Deprioritize in sitemap and internal grids
Crawled currently not indexed,https://shaffercon.com/service-areas/venice/commercial-ceiling-fan-fixture-installation,/service-areas/venice/commercial-ceiling-fan-fixture-installation/,2026-03-17,service_detail,1,Deprioritize in sitemap and internal grids
Crawled currently not indexed,https://shaffercon.com/service-areas/venice/commercial-ceiling-fan-fixture-installation/,/service-areas/venice/commercial-ceiling-fan-fixture-installation/,2026-03-17,service_detail,1,Deprioritize in sitemap and internal grids
Crawled currently not indexed,https://shaffercon.com/service-areas/venice/commercial-pool-hot-tub-spa-electrical/,/service-areas/venice/commercial-pool-hot-tub-spa-electrical/,2026-04-09,service_detail,1,Deprioritize in sitemap and internal grids
Crawled currently not indexed,https://shaffercon.com/service-areas/venice/commercial-smart-automation-systems/,/service-areas/venice/commercial-smart-automation-systems/,2025-12-20,service_detail,1,Deprioritize in sitemap and internal grids
Crawled currently not indexed,https://shaffercon.com/service-areas/venice/residential-ceiling-fan-fixture-installation,/service-areas/venice/residential-ceiling-fan-fixture-installation/,2026-04-22,service_detail,1,Deprioritize in sitemap and internal grids
Crawled currently not indexed,https://shaffercon.com/service-areas/venice/residential-ceiling-fan-fixture-installation/,/service-areas/venice/residential-ceiling-fan-fixture-installation/,2026-04-22,service_detail,1,Deprioritize in sitemap and internal grids
Crawled currently not indexed,https://shaffercon.com/service-areas/venice/residential-data-network-av-wiring/,/service-areas/venice/residential-data-network-av-wiring/,2026-03-18,service_detail,1,Deprioritize in sitemap and internal grids
Crawled currently not indexed,https://shaffercon.com/service-areas/venice/residential-pool-hot-tub-spa-electrical/,/service-areas/venice/residential-pool-hot-tub-spa-electrical/,2026-04-05,service_detail,1,Deprioritize in sitemap and internal grids
Crawled currently not indexed,https://shaffercon.com/service-areas/west-hollywood/commercial-ceiling-fan-fixture-installation/,/service-areas/west-hollywood/commercial-ceiling-fan-fixture-installation/,2026-03-18,service_detail,1,Deprioritize in sitemap and internal grids
Crawled currently not indexed,https://shaffercon.com/service-areas/west-hollywood/commercial-data-network-av-wiring/,/service-areas/west-hollywood/commercial-data-network-av-wiring/,2026-02-22,service_detail,1,Deprioritize in sitemap and internal grids
Crawled currently not indexed,https://shaffercon.com/service-areas/west-hollywood/commercial-pool-hot-tub-spa-electrical/,/service-areas/west-hollywood/commercial-pool-hot-tub-spa-electrical/,2026-03-20,service_detail,1,Deprioritize in sitemap and internal grids
Crawled currently not indexed,https://shaffercon.com/service-areas/west-hollywood/commercial-smart-automation-systems/,/service-areas/west-hollywood/commercial-smart-automation-systems/,2026-03-27,service_detail,1,Deprioritize in sitemap and internal grids
Crawled currently not indexed,https://shaffercon.com/service-areas/west-hollywood/residential-ceiling-fan-fixture-installation/,/service-areas/west-hollywood/residential-ceiling-fan-fixture-installation/,2026-03-21,service_detail,1,Deprioritize in sitemap and internal grids
Crawled currently not indexed,https://shaffercon.com/service-areas/west-hollywood/residential-data-network-av-wiring/,/service-areas/west-hollywood/residential-data-network-av-wiring/,2026-03-23,service_detail,1,Deprioritize in sitemap and internal grids
Crawled currently not indexed,https://shaffercon.com/service-areas/west-hollywood/residential-data-network-av-wiring,/service-areas/west-hollywood/residential-data-network-av-wiring/,2025-12-10,service_detail,1,Deprioritize in sitemap and internal grids
Crawled currently not indexed,https://shaffercon.com/service-areas/west-hollywood/residential-smart-automation-systems/,/service-areas/west-hollywood/residential-smart-automation-systems/,2026-04-09,service_detail,1,Deprioritize in sitemap and internal grids
Page with redirect,https://shaffercon.com/industry-insights/advancements-in-electric-vehicle-charging-trends-innovations-and-their-impact-on-urban-development,/industry-insights/advancements-in-electric-vehicle-charging-trends-innovations-and-their-impact-on-urban-development/,2026-01-01,blog,5,"No action, canonical trailing slash redirect"
Page with redirect,https://shaffercon.com/industry-insights/boosting-local-economy-and-sustainability-the-impact-of-expanding-ev-charging-stations-in-los-angeles,/industry-insights/boosting-local-economy-and-sustainability-the-impact-of-expanding-ev-charging-stations-in-los-angeles/,2025-11-23,blog,5,"No action, canonical trailing slash redirect"
Page with redirect,https://shaffercon.com/industry-insights/building-a-sustainable-future-the-importance-of-expanding-ev-charging-infrastructure-in-los-angeles,/industry-insights/building-a-sustainable-future-the-importance-of-expanding-ev-charging-infrastructure-in-los-angeles/,2025-12-28,blog,5,"No action, canonical trailing slash redirect"
Page with redirect,https://shaffercon.com/industry-insights/californias-ev-charging-boom-how-los-angeles-is-leading-the-electric-vehicle-infrastructure-revolution,/industry-insights/californias-ev-charging-boom-how-los-angeles-is-leading-the-electric-vehicle-infrastructure-revolution/,2025-12-29,blog,5,"No action, canonical trailing slash redirect"
Page with redirect,https://shaffercon.com/industry-insights/californias-ev-charging-buildout-what-los-angeles-building-owners-renters-and-fleets-should-know,/industry-insights/californias-ev-charging-buildout-what-los-angeles-building-owners-renters-and-fleets-should-know/,2025-12-29,blog,5,"No action, canonical trailing slash redirect"
Page with redirect,https://shaffercon.com/industry-insights/commercial-electrical-code-compliance-los-angeles,/industry-insights/commercial-electrical-code-compliance-los-angeles/,2025-11-27,blog,5,"No action, canonical trailing slash redirect"
Page with redirect,https://shaffercon.com/industry-insights/commercial-electrical-systems-navigating-the-complexities,/industry-insights/commercial-electrical-systems-navigating-the-complexities/,2025-11-24,blog,5,"No action, canonical trailing slash redirect"
Page with redirect,https://shaffercon.com/industry-insights/complete-guide-electrical-panel-upgrades-los-angeles,/industry-insights/complete-guide-electrical-panel-upgrades-los-angeles/,2026-04-07,blog,5,"No action, canonical trailing slash redirect"
Page with redirect,https://shaffercon.com/industry-insights/do-i-need-panel-upgrade-install-ev-charger,/industry-insights/do-i-need-panel-upgrade-install-ev-charger/,2026-01-22,blog,5,"No action, canonical trailing slash redirect"
Page with redirect,https://shaffercon.com/industry-insights/electric-vehicle-charging-in-los-angeles-key-insights-and-future-trends,/industry-insights/electric-vehicle-charging-in-los-angeles-key-insights-and-future-trends/,2025-11-25,blog,5,"No action, canonical trailing slash redirect"
Page with redirect,https://shaffercon.com/industry-insights/electric-vehicles-mitsubishi-chargers,/industry-insights/electric-vehicles-mitsubishi-chargers/,2025-11-26,blog,5,"No action, canonical trailing slash redirect"
Page with redirect,https://shaffercon.com/industry-insights/electrical-load-studies-what-they-are-los-angeles,/industry-insights/electrical-load-studies-what-they-are-los-angeles/,2025-11-27,blog,5,"No action, canonical trailing slash redirect"
Page with redirect,https://shaffercon.com/industry-insights/electrical-service-upgrade-100-to-200-amp-guide,/industry-insights/electrical-service-upgrade-100-to-200-amp-guide/,2025-11-27,blog,5,"No action, canonical trailing slash redirect"
Page with redirect,https://shaffercon.com/industry-insights/electrician-redondo-beach-ev-charger,/industry-insights/electrician-redondo-beach-ev-charger/,2025-11-22,blog,5,"No action, canonical trailing slash redirect"
Page with redirect,https://shaffercon.com/industry-insights/electrician-san-gabriel-vehicle-charging,/industry-insights/electrician-san-gabriel-vehicle-charging/,2025-11-24,blog,5,"No action, canonical trailing slash redirect"
Page with redirect,https://shaffercon.com/industry-insights/electricians-baldwin-park-ev-installation,/industry-insights/electricians-baldwin-park-ev-installation/,2025-11-26,blog,5,"No action, canonical trailing slash redirect"
Page with redirect,https://shaffercon.com/industry-insights/emerging-trends-in-ev-charger-installation-and-infrastructure,/industry-insights/emerging-trends-in-ev-charger-installation-and-infrastructure/,2025-11-26,blog,5,"No action, canonical trailing slash redirect"
Page with redirect,https://shaffercon.com/industry-insights/ev-charger-installation-guide-for-los-angeles-plan-permit-install-and-futureproof,/industry-insights/ev-charger-installation-guide-for-los-angeles-plan-permit-install-and-futureproof/,2025-12-26,blog,5,"No action, canonical trailing slash redirect"
Page with redirect,https://shaffercon.com/industry-insights/ev-charger-installation-guide,/industry-insights/ev-charger-installation-guide/,2025-11-24,blog,5,"No action, canonical trailing slash redirect"
Page with redirect,https://shaffercon.com/industry-insights/ev-charger-installation-in-los-angeles-what-property-owners-need-to-know,/industry-insights/ev-charger-installation-in-los-angeles-what-property-owners-need-to-know/,2025-11-27,blog,5,"No action, canonical trailing slash redirect"
Page with redirect,https://shaffercon.com/industry-insights/ev-charger-installation-infrastructure-how-to-decide-pay-for-and-plan-your-project,/industry-insights/ev-charger-installation-infrastructure-how-to-decide-pay-for-and-plan-your-project/,2025-12-29,blog,5,"No action, canonical trailing slash redirect"
Page with redirect,https://shaffercon.com/industry-insights/ev-charging-in-california-types-installation-challenges-and-future-proof-solutions-for-homes-and-businesses,/industry-insights/ev-charging-in-california-types-installation-challenges-and-future-proof-solutions-for-homes-and-businesses/,2026-01-14,blog,5,"No action, canonical trailing slash redirect"
Page with redirect,https://shaffercon.com/industry-insights/ev-charging-technology-breakthroughs-transform-infrastructure-landscape-wireless-charging-efficiency-gains-market-growth-projections-ultra-fast-breakthroughs-and-small-business-support-programs-dr,/industry-insights/ev-charging-technology-breakthroughs-transform-infrastructure-landscape-wireless-charging-efficiency-gains-market-growth-projections-ultra-fast-breakthroughs-and-small-business-support-programs-dr/,2025-11-25,blog,5,"No action, canonical trailing slash redirect"
Page with redirect,https://shaffercon.com/industry-insights/expanding-electric-vehicle-charging-infrastructure-key-developments-and-community-efforts,/industry-insights/expanding-electric-vehicle-charging-infrastructure-key-developments-and-community-efforts/,2025-11-20,blog,5,"No action, canonical trailing slash redirect"
Page with redirect,https://shaffercon.com/industry-insights/expanding-ev-charging-infrastructure-current-trends-challenges-and-future-investment,/industry-insights/expanding-ev-charging-infrastructure-current-trends-challenges-and-future-investment/,2025-11-28,blog,5,"No action, canonical trailing slash redirect"
Page with redirect,https://shaffercon.com/industry-insights/federal-pacific-zinsco-panels-replacement-los-angeles,/industry-insights/federal-pacific-zinsco-panels-replacement-los-angeles/,2025-11-27,blog,5,"No action, canonical trailing slash redirect"
Page with redirect,https://shaffercon.com/industry-insights/how-ready-is-your-property-for-ev-chargers-a-practical-guide-for-los-angeles-homeowners-businesses,/industry-insights/how-ready-is-your-property-for-ev-chargers-a-practical-guide-for-los-angeles-homeowners-businesses/,2026-01-14,blog,5,"No action, canonical trailing slash redirect"
Page with redirect,https://shaffercon.com/industry-insights/how-to-choose-right-ev-charger-los-angeles,/industry-insights/how-to-choose-right-ev-charger-los-angeles/,2025-11-28,blog,5,"No action, canonical trailing slash redirect"
Page with redirect,https://shaffercon.com/industry-insights/how-to-know-home-needs-electrical-panel-upgrade,/industry-insights/how-to-know-home-needs-electrical-panel-upgrade/,2025-11-27,blog,5,"No action, canonical trailing slash redirect"
Page with redirect,https://shaffercon.com/industry-insights/installing-ev-chargers-in-los-angeles-your-guide-to-a-greener-future,/industry-insights/installing-ev-chargers-in-los-angeles-your-guide-to-a-greener-future/,2025-11-24,blog,5,"No action, canonical trailing slash redirect"
Page with redirect,https://shaffercon.com/industry-insights/navigating-californias-ev-charger-surge-trends-technologies-and-community-impact,/industry-insights/navigating-californias-ev-charger-surge-trends-technologies-and-community-impact/,2025-12-06,blog,5,"No action, canonical trailing slash redirect"
Page with redirect,https://shaffercon.com/industry-insights/navigating-the-challenges-and-solutions-in-expanding-the-ev-charging-network-in-los-angeles,/industry-insights/navigating-the-challenges-and-solutions-in-expanding-the-ev-charging-network-in-los-angeles/,2025-11-26,blog,5,"No action, canonical trailing slash redirect"
Page with redirect,https://shaffercon.com/industry-insights/panel-upgrades-navigating-federal-pacific-panel-upgrade-or-replacement,/industry-insights/panel-upgrades-navigating-federal-pacific-panel-upgrade-or-replacement/,2025-11-22,blog,5,"No action, canonical trailing slash redirect"
Page with redirect,https://shaffercon.com/industry-insights/panel-upgrades-the-essentials-of-zinsco-panel-upgrade-or-replacement,/industry-insights/panel-upgrades-the-essentials-of-zinsco-panel-upgrade-or-replacement/,2026-03-11,blog,5,"No action, canonical trailing slash redirect"
Page with redirect,https://shaffercon.com/industry-insights/powerstation-off-grid-solar-chargers-california-zev-mandate-35-percent-loves-texas-ev-stations-tariff-costs-35-billion-site-size-growing,/industry-insights/powerstation-off-grid-solar-chargers-california-zev-mandate-35-percent-loves-texas-ev-stations-tariff-costs-35-billion-site-size-growing/,2026-04-16,blog,5,"No action, canonical trailing slash redirect"
Page with redirect,https://shaffercon.com/industry-insights/preparing-los-angeles-buildings-for-the-ev-charging-boom-what-owners-developers-and-businesses-need-to-know,/industry-insights/preparing-los-angeles-buildings-for-the-ev-charging-boom-what-owners-developers-and-businesses-need-to-know/,2026-02-03,blog,5,"No action, canonical trailing slash redirect"
Page with redirect,https://shaffercon.com/industry-insights/preparing-your-property-for-the-next-wave-of-ev-charging-a-practical-guide-for-los-angeles-owners,/industry-insights/preparing-your-property-for-the-next-wave-of-ev-charging-a-practical-guide-for-los-angeles-owners/,2025-11-21,blog,5,"No action, canonical trailing slash redirect"
Page with redirect,https://shaffercon.com/industry-insights/public-ev-charging-what-property-owners-and-developers-in-los-angeles-need-to-know,/industry-insights/public-ev-charging-what-property-owners-and-developers-in-los-angeles-need-to-know/,2025-12-30,blog,5,"No action, canonical trailing slash redirect"
Page with redirect,https://shaffercon.com/industry-insights/pushmatic-panel-upgrade-guide-2,/industry-insights/pushmatic-panel-upgrade-guide-2/,2025-11-23,blog,5,"No action, canonical trailing slash redirect"
Page with redirect,https://shaffercon.com/industry-insights/pushmatic-panel-upgrade-guide,/industry-insights/pushmatic-panel-upgrade-guide/,2025-12-10,blog,5,"No action, canonical trailing slash redirect"
Page with redirect,https://shaffercon.com/industry-insights/should-i-install-an-ev-charger-at-home-a-practical-guide-for-los-angeles-homeowners,/industry-insights/should-i-install-an-ev-charger-at-home-a-practical-guide-for-los-angeles-homeowners/,2025-12-29,blog,5,"No action, canonical trailing slash redirect"
Page with redirect,https://shaffercon.com/industry-insights/should-you-install-an-ev-charger-at-home-a-practical-guide-for-los-angeles-homeowners,/industry-insights/should-you-install-an-ev-charger-at-home-a-practical-guide-for-los-angeles-homeowners/,2025-12-30,blog,5,"No action, canonical trailing slash redirect"
Page with redirect,https://shaffercon.com/industry-insights/subpanel-installation-guide-when-why-you-need-one,/industry-insights/subpanel-installation-guide-when-why-you-need-one/,2026-01-14,blog,5,"No action, canonical trailing slash redirect"
Page with redirect,https://shaffercon.com/industry-insights/surging-ahead-how-the-ev-charging-station-market-is-transforming-los-angeles-properties-and-communities,/industry-insights/surging-ahead-how-the-ev-charging-station-market-is-transforming-los-angeles-properties-and-communities/,2026-01-15,blog,5,"No action, canonical trailing slash redirect"
Page with redirect,https://shaffercon.com/industry-insights/the-critical-importance-of-investing-in-ev-charging-infrastructure-for-a-sustainable-future,/industry-insights/the-critical-importance-of-investing-in-ev-charging-infrastructure-for-a-sustainable-future/,2026-03-31,blog,5,"No action, canonical trailing slash redirect"
Page with redirect,https://shaffercon.com/industry-insights/the-electric-vehicle-charging-revolution-key-trends-and-future-prospects,/industry-insights/the-electric-vehicle-charging-revolution-key-trends-and-future-prospects/,2025-12-15,blog,5,"No action, canonical trailing slash redirect"
Page with redirect,https://shaffercon.com/industry-insights/the-electric-vehicle-revolution-building-the-future-of-charger-infrastructure,/industry-insights/the-electric-vehicle-revolution-building-the-future-of-charger-infrastructure/,2025-11-21,blog,5,"No action, canonical trailing slash redirect"
Page with redirect,https://shaffercon.com/industry-insights/the-essential-guide-to-installing-ev-chargers-benefits-considerations-and-technologies,/industry-insights/the-essential-guide-to-installing-ev-chargers-benefits-considerations-and-technologies/,2025-11-26,blog,5,"No action, canonical trailing slash redirect"
Page with redirect,https://shaffercon.com/industry-insights/the-future-of-electric-vehicle-charging-infrastructure-trends-innovations-and-insights,/industry-insights/the-future-of-electric-vehicle-charging-infrastructure-trends-innovations-and-insights/,2025-11-23,blog,5,"No action, canonical trailing slash redirect"
Page with redirect,https://shaffercon.com/industry-insights/the-future-of-ev-charger-installations-how-government-initiatives-and-business-benefits-are-shaping-the-industry,/industry-insights/the-future-of-ev-charger-installations-how-government-initiatives-and-business-benefits-are-shaping-the-industry/,2025-11-24,blog,5,"No action, canonical trailing slash redirect"
Page with redirect,https://shaffercon.com/industry-insights/the-future-of-ev-charging-in-los-angeles-trends-challenges-and-opportunities-for-sustainable-growth,/industry-insights/the-future-of-ev-charging-in-los-angeles-trends-challenges-and-opportunities-for-sustainable-growth/,2025-12-20,blog,5,"No action, canonical trailing slash redirect"
Page with redirect,https://shaffercon.com/industry-insights/the-future-of-ev-charging-in-los-angeles-trends-incentives-and-essential-upgrades-for-property-owners,/industry-insights/the-future-of-ev-charging-in-los-angeles-trends-incentives-and-essential-upgrades-for-property-owners/,2025-12-30,blog,5,"No action, canonical trailing slash redirect"
Page with redirect,https://shaffercon.com/industry-insights/the-real-cost-of-ev-charging-in-los-angeles-why-investing-in-a-home-or-business-charger-is-the-smart-choice,/industry-insights/the-real-cost-of-ev-charging-in-los-angeles-why-investing-in-a-home-or-business-charger-is-the-smart-choice/,2025-12-20,blog,5,"No action, canonical trailing slash redirect"
Page with redirect,https://shaffercon.com/industry-insights/the-rise-of-ev-charging-infrastructure-in-the-u-s-challenges-opportunities-and-future-prospects,/industry-insights/the-rise-of-ev-charging-infrastructure-in-the-u-s-challenges-opportunities-and-future-prospects/,2025-12-08,blog,5,"No action, canonical trailing slash redirect"
Page with redirect,https://shaffercon.com/industry-insights/the-ultimate-guide-to-ev-charger-installation-and-infrastructure-in-los-angeles,/industry-insights/the-ultimate-guide-to-ev-charger-installation-and-infrastructure-in-los-angeles/,2025-11-24,blog,5,"No action, canonical trailing slash redirect"
Page with redirect,https://shaffercon.com/industry-insights/the-vital-role-of-ev-charging-infrastructure-in-accelerating-electric-vehicle-adoption,/industry-insights/the-vital-role-of-ev-charging-infrastructure-in-accelerating-electric-vehicle-adoption/,2025-12-14,blog,5,"No action, canonical trailing slash redirect"
Page with redirect,https://shaffercon.com/industry-insights/transforming-mobility-the-rise-of-ev-charging-infrastructure-across-america,/industry-insights/transforming-mobility-the-rise-of-ev-charging-infrastructure-across-america/,2025-11-24,blog,5,"No action, canonical trailing slash redirect"
Page with redirect,https://shaffercon.com/industry-insights/ultimate-guide-home-ev-charger-installation-los-angeles,/industry-insights/ultimate-guide-home-ev-charger-installation-los-angeles/,2026-01-14,blog,5,"No action, canonical trailing slash redirect"
Page with redirect,https://shaffercon.com/industry-insights/unleashing-the-benefits-why-installing-ev-chargers-is-a-smart-investment-for-your-property,/industry-insights/unleashing-the-benefits-why-installing-ev-chargers-is-a-smart-investment-for-your-property/,2025-12-08,blog,5,"No action, canonical trailing slash redirect"
Page with redirect,https://shaffercon.com/industry-insights/voltpost-lamppost-charging-porsche-wireless-florida-highway-rivian-r2-chevy-bolt-return,/industry-insights/voltpost-lamppost-charging-porsche-wireless-florida-highway-rivian-r2-chevy-bolt-return/,2026-01-12,blog,5,"No action, canonical trailing slash redirect"
Page with redirect,https://shaffercon.com/industry-insights/why-permitting-policy-and-smart-design-matter-for-faster-ev-charger-deployment-in-los-angeles,/industry-insights/why-permitting-policy-and-smart-design-matter-for-faster-ev-charger-deployment-in-los-angeles/,2025-12-26,blog,5,"No action, canonical trailing slash redirect"
Page with redirect,https://shaffercon.com/service-areas/beverly-hills,/service-areas/beverly-hills/,2026-03-15,location,5,"No action, canonical trailing slash redirect"
Page with redirect,https://shaffercon.com/service-areas/altadena/commercial-breaker-panel-service-maintenance,/service-areas/altadena/commercial-breaker-panel-service-maintenance/,2026-03-22,service_detail,5,"No action, canonical trailing slash redirect"
Page with redirect,https://shaffercon.com/service-areas/altadena/commercial-complete-electrical-rewiring,/service-areas/altadena/commercial-complete-electrical-rewiring/,2025-11-22,service_detail,5,"No action, canonical trailing slash redirect"
Page with redirect,https://shaffercon.com/service-areas/altadena/commercial-dedicated-equipment-circuits,/service-areas/altadena/commercial-dedicated-equipment-circuits/,2025-12-04,service_detail,5,"No action, canonical trailing slash redirect"
Page with redirect,https://shaffercon.com/service-areas/altadena/commercial-electrical-code-compliance-corrections,/service-areas/altadena/commercial-electrical-code-compliance-corrections/,2026-02-27,service_detail,5,"No action, canonical trailing slash redirect"
Page with redirect,https://shaffercon.com/service-areas/altadena/commercial-electrical-panel-upgrades,/service-areas/altadena/commercial-electrical-panel-upgrades/,2026-03-21,service_detail,5,"No action, canonical trailing slash redirect"
Page with redirect,https://shaffercon.com/service-areas/altadena/commercial-electrical-safety-inspections,/service-areas/altadena/commercial-electrical-safety-inspections/,2026-03-20,service_detail,5,"No action, canonical trailing slash redirect"
Page with redirect,https://shaffercon.com/service-areas/altadena/commercial-electrical-troubleshooting-repairs,/service-areas/altadena/commercial-electrical-troubleshooting-repairs/,2026-04-02,service_detail,5,"No action, canonical trailing slash redirect"
Page with redirect,https://shaffercon.com/service-areas/altadena/commercial-landscape-outdoor-lighting,/service-areas/altadena/commercial-landscape-outdoor-lighting/,2026-03-18,service_detail,5,"No action, canonical trailing slash redirect"
Page with redirect,https://shaffercon.com/service-areas/altadena/commercial-lighting-installation-retrofitting,/service-areas/altadena/commercial-lighting-installation-retrofitting/,2025-11-09,service_detail,5,"No action, canonical trailing slash redirect"
Page with redirect,https://shaffercon.com/service-areas/altadena/commercial-outlet-switch-dimmer-services,/service-areas/altadena/commercial-outlet-switch-dimmer-services/,2026-04-09,service_detail,5,"No action, canonical trailing slash redirect"
Page with redirect,https://shaffercon.com/service-areas/altadena/commercial-whole-building-surge-protection,/service-areas/altadena/commercial-whole-building-surge-protection/,2026-03-16,service_detail,5,"No action, canonical trailing slash redirect"
Page with redirect,https://shaffercon.com/service-areas/altadena/residential-breaker-panel-service-maintenance,/service-areas/altadena/residential-breaker-panel-service-maintenance/,2026-04-02,service_detail,5,"No action, canonical trailing slash redirect"
Page with redirect,https://shaffercon.com/service-areas/altadena/residential-ev-charger-installation,/service-areas/altadena/residential-ev-charger-installation/,2026-03-22,service_detail,5,"No action, canonical trailing slash redirect"
Page with redirect,https://shaffercon.com/service-areas/atwater-village/commercial-backup-generator-installation,/service-areas/atwater-village/commercial-backup-generator-installation/,2026-03-30,service_detail,5,"No action, canonical trailing slash redirect"
Page with redirect,https://shaffercon.com/service-areas/atwater-village/commercial-breaker-panel-service-maintenance,/service-areas/atwater-village/commercial-breaker-panel-service-maintenance/,2026-04-09,service_detail,5,"No action, canonical trailing slash redirect"
Page with redirect,https://shaffercon.com/service-areas/atwater-village/commercial-complete-electrical-rewiring,/service-areas/atwater-village/commercial-complete-electrical-rewiring/,2026-03-20,service_detail,5,"No action, canonical trailing slash redirect"
Page with redirect,https://shaffercon.com/service-areas/atwater-village/commercial-dedicated-equipment-circuits,/service-areas/atwater-village/commercial-dedicated-equipment-circuits/,2026-04-02,service_detail,5,"No action, canonical trailing slash redirect"
Page with redirect,https://shaffercon.com/service-areas/atwater-village/commercial-electrical-panel-upgrades,/service-areas/atwater-village/commercial-electrical-panel-upgrades/,2025-11-24,service_detail,5,"No action, canonical trailing slash redirect"
Page with redirect,https://shaffercon.com/service-areas/atwater-village/commercial-electrical-troubleshooting-repairs,/service-areas/atwater-village/commercial-electrical-troubleshooting-repairs/,2026-03-22,service_detail,5,"No action, canonical trailing slash redirect"
Page with redirect,https://shaffercon.com/service-areas/atwater-village/commercial-energy-efficiency-upgrades,/service-areas/atwater-village/commercial-energy-efficiency-upgrades/,2026-03-17,service_detail,5,"No action, canonical trailing slash redirect"
Page with redirect,https://shaffercon.com/service-areas/atwater-village/commercial-ev-charger-installation,/service-areas/atwater-village/commercial-ev-charger-installation/,2026-04-01,service_detail,5,"No action, canonical trailing slash redirect"
Page with redirect,https://shaffercon.com/service-areas/atwater-village/commercial-exhaust-fan-ventilation-wiring,/service-areas/atwater-village/commercial-exhaust-fan-ventilation-wiring/,2026-03-15,service_detail,5,"No action, canonical trailing slash redirect"
Page with redirect,https://shaffercon.com/service-areas/atwater-village/commercial-landscape-outdoor-lighting,/service-areas/atwater-village/commercial-landscape-outdoor-lighting/,2025-11-24,service_detail,5,"No action, canonical trailing slash redirect"
Page with redirect,https://shaffercon.com/service-areas/atwater-village/commercial-outlet-switch-dimmer-services,/service-areas/atwater-village/commercial-outlet-switch-dimmer-services/,2026-03-19,service_detail,5,"No action, canonical trailing slash redirect"
Page with redirect,https://shaffercon.com/service-areas/atwater-village/commercial-security-motion-lighting,/service-areas/atwater-village/commercial-security-motion-lighting/,2026-04-09,service_detail,5,"No action, canonical trailing slash redirect"
Page with redirect,https://shaffercon.com/service-areas/atwater-village/commercial-whole-building-surge-protection,/service-areas/atwater-village/commercial-whole-building-surge-protection/,2026-01-22,service_detail,5,"No action, canonical trailing slash redirect"
Page with redirect,https://shaffercon.com/service-areas/atwater-village/residential-breaker-panel-service-maintenance,/service-areas/atwater-village/residential-breaker-panel-service-maintenance/,2026-03-21,service_detail,5,"No action, canonical trailing slash redirect"
Page with redirect,https://shaffercon.com/service-areas/beverly-hills/commercial-backup-generator-installation,/service-areas/beverly-hills/commercial-backup-generator-installation/,2026-03-16,service_detail,5,"No action, canonical trailing slash redirect"
Page with redirect,https://shaffercon.com/service-areas/beverly-hills/commercial-breaker-panel-service-maintenance,/service-areas/beverly-hills/commercial-breaker-panel-service-maintenance/,2026-03-21,service_detail,5,"No action, canonical trailing slash redirect"
Page with redirect,https://shaffercon.com/service-areas/beverly-hills/commercial-complete-electrical-rewiring,/service-areas/beverly-hills/commercial-complete-electrical-rewiring/,2026-02-11,service_detail,5,"No action, canonical trailing slash redirect"
Page with redirect,https://shaffercon.com/service-areas/beverly-hills/commercial-dedicated-equipment-circuits,/service-areas/beverly-hills/commercial-dedicated-equipment-circuits/,2026-04-09,service_detail,5,"No action, canonical trailing slash redirect"
Page with redirect,https://shaffercon.com/service-areas/beverly-hills/commercial-electrical-code-compliance-corrections,/service-areas/beverly-hills/commercial-electrical-code-compliance-corrections/,2026-01-29,service_detail,5,"No action, canonical trailing slash redirect"
Page with redirect,https://shaffercon.com/service-areas/beverly-hills/commercial-electrical-panel-upgrades,/service-areas/beverly-hills/commercial-electrical-panel-upgrades/,2026-03-19,service_detail,5,"No action, canonical trailing slash redirect"
Page with redirect,https://shaffercon.com/service-areas/beverly-hills/commercial-electrical-safety-inspections,/service-areas/beverly-hills/commercial-electrical-safety-inspections/,2026-03-26,service_detail,5,"No action, canonical trailing slash redirect"
Page with redirect,https://shaffercon.com/service-areas/beverly-hills/commercial-electrical-troubleshooting-repairs,/service-areas/beverly-hills/commercial-electrical-troubleshooting-repairs/,2025-12-07,service_detail,5,"No action, canonical trailing slash redirect"
Page with redirect,https://shaffercon.com/service-areas/beverly-hills/commercial-exhaust-fan-ventilation-wiring,/service-areas/beverly-hills/commercial-exhaust-fan-ventilation-wiring/,2026-03-17,service_detail,5,"No action, canonical trailing slash redirect"
Page with redirect,https://shaffercon.com/service-areas/beverly-hills/commercial-lighting-installation-retrofitting,/service-areas/beverly-hills/commercial-lighting-installation-retrofitting/,2026-03-18,service_detail,5,"No action, canonical trailing slash redirect"
Page with redirect,https://shaffercon.com/service-areas/beverly-hills/commercial-outlet-switch-dimmer-services,/service-areas/beverly-hills/commercial-outlet-switch-dimmer-services/,2026-04-02,service_detail,5,"No action, canonical trailing slash redirect"
Page with redirect,https://shaffercon.com/service-areas/beverly-hills/commercial-security-motion-lighting,/service-areas/beverly-hills/commercial-security-motion-lighting/,2026-04-08,service_detail,5,"No action, canonical trailing slash redirect"
Page with redirect,https://shaffercon.com/service-areas/beverly-hills/commercial-whole-building-surge-protection,/service-areas/beverly-hills/commercial-whole-building-surge-protection/,2026-03-31,service_detail,5,"No action, canonical trailing slash redirect"
Page with redirect,https://shaffercon.com/service-areas/beverly-hills/residential-backup-generator-installation,/service-areas/beverly-hills/residential-backup-generator-installation/,2026-03-21,service_detail,5,"No action, canonical trailing slash redirect"
Page with redirect,https://shaffercon.com/service-areas/beverly-hills/residential-complete-electrical-rewiring,/service-areas/beverly-hills/residential-complete-electrical-rewiring/,2026-04-09,service_detail,5,"No action, canonical trailing slash redirect"
Page with redirect,https://shaffercon.com/service-areas/beverly-hills/residential-dedicated-equipment-circuits,/service-areas/beverly-hills/residential-dedicated-equipment-circuits/,2025-11-23,service_detail,5,"No action, canonical trailing slash redirect"
Page with redirect,https://shaffercon.com/service-areas/beverly-hills/residential-electrical-code-compliance-corrections,/service-areas/beverly-hills/residential-electrical-code-compliance-corrections/,2026-04-09,service_detail,5,"No action, canonical trailing slash redirect"
Page with redirect,https://shaffercon.com/service-areas/beverly-hills/residential-electrical-safety-inspections,/service-areas/beverly-hills/residential-electrical-safety-inspections/,2025-11-27,service_detail,5,"No action, canonical trailing slash redirect"
Page with redirect,https://shaffercon.com/service-areas/beverly-hills/residential-electrical-troubleshooting-repairs,/service-areas/beverly-hills/residential-electrical-troubleshooting-repairs/,2026-04-09,service_detail,5,"No action, canonical trailing slash redirect"
Page with redirect,https://shaffercon.com/service-areas/beverly-hills/residential-energy-efficiency-upgrades,/service-areas/beverly-hills/residential-energy-efficiency-upgrades/,2026-04-02,service_detail,5,"No action, canonical trailing slash redirect"
Page with redirect,https://shaffercon.com/service-areas/beverly-hills/residential-ev-charger-installation,/service-areas/beverly-hills/residential-ev-charger-installation/,2026-03-20,service_detail,5,"No action, canonical trailing slash redirect"
Page with redirect,https://shaffercon.com/service-areas/beverly-hills/residential-landscape-outdoor-lighting,/service-areas/beverly-hills/residential-landscape-outdoor-lighting/,2026-03-19,service_detail,5,"No action, canonical trailing slash redirect"
Page with redirect,https://shaffercon.com/service-areas/beverly-hills/residential-security-motion-lighting,/service-areas/beverly-hills/residential-security-motion-lighting/,2026-03-20,service_detail,5,"No action, canonical trailing slash redirect"
Page with redirect,https://shaffercon.com/service-areas/beverly-hills/residential-whole-building-surge-protection,/service-areas/beverly-hills/residential-whole-building-surge-protection/,2026-03-21,service_detail,5,"No action, canonical trailing slash redirect"
Page with redirect,https://shaffercon.com/service-areas/boyle-heights/commercial-breaker-panel-service-maintenance,/service-areas/boyle-heights/commercial-breaker-panel-service-maintenance/,2026-04-09,service_detail,5,"No action, canonical trailing slash redirect"
Page with redirect,https://shaffercon.com/service-areas/boyle-heights/commercial-dedicated-equipment-circuits,/service-areas/boyle-heights/commercial-dedicated-equipment-circuits/,2026-03-15,service_detail,5,"No action, canonical trailing slash redirect"
Page with redirect,https://shaffercon.com/service-areas/boyle-heights/commercial-electrical-code-compliance-corrections,/service-areas/boyle-heights/commercial-electrical-code-compliance-corrections/,2026-03-21,service_detail,5,"No action, canonical trailing slash redirect"
Page with redirect,https://shaffercon.com/service-areas/boyle-heights/commercial-electrical-safety-inspections,/service-areas/boyle-heights/commercial-electrical-safety-inspections/,2026-03-21,service_detail,5,"No action, canonical trailing slash redirect"
Page with redirect,https://shaffercon.com/service-areas/boyle-heights/commercial-electrical-troubleshooting-repairs,/service-areas/boyle-heights/commercial-electrical-troubleshooting-repairs/,2026-03-22,service_detail,5,"No action, canonical trailing slash redirect"
Page with redirect,https://shaffercon.com/service-areas/boyle-heights/commercial-energy-efficiency-upgrades,/service-areas/boyle-heights/commercial-energy-efficiency-upgrades/,2025-11-21,service_detail,5,"No action, canonical trailing slash redirect"
Page with redirect,https://shaffercon.com/service-areas/boyle-heights/commercial-ev-charger-installation,/service-areas/boyle-heights/commercial-ev-charger-installation/,2026-04-10,service_detail,5,"No action, canonical trailing slash redirect"
Page with redirect,https://shaffercon.com/service-areas/boyle-heights/commercial-exhaust-fan-ventilation-wiring,/service-areas/boyle-heights/commercial-exhaust-fan-ventilation-wiring/,2026-03-17,service_detail,5,"No action, canonical trailing slash redirect"
Page with redirect,https://shaffercon.com/service-areas/boyle-heights/commercial-landscape-outdoor-lighting,/service-areas/boyle-heights/commercial-landscape-outdoor-lighting/,2026-03-21,service_detail,5,"No action, canonical trailing slash redirect"
Page with redirect,https://shaffercon.com/service-areas/boyle-heights/commercial-lighting-installation-retrofitting,/service-areas/boyle-heights/commercial-lighting-installation-retrofitting/,2026-03-27,service_detail,5,"No action, canonical trailing slash redirect"
Page with redirect,https://shaffercon.com/service-areas/boyle-heights/commercial-outlet-switch-dimmer-services,/service-areas/boyle-heights/commercial-outlet-switch-dimmer-services/,2026-03-21,service_detail,5,"No action, canonical trailing slash redirect"
Page with redirect,https://shaffercon.com/service-areas/boyle-heights/residential-ev-charger-installation,/service-areas/boyle-heights/residential-ev-charger-installation/,2025-11-22,service_detail,5,"No action, canonical trailing slash redirect"
Page with redirect,https://shaffercon.com/service-areas/burbank/commercial-backup-generator-installation,/service-areas/burbank/commercial-backup-generator-installation/,2026-04-09,service_detail,5,"No action, canonical trailing slash redirect"
Page with redirect,https://shaffercon.com/service-areas/burbank/commercial-breaker-panel-service-maintenance,/service-areas/burbank/commercial-breaker-panel-service-maintenance/,2026-04-09,service_detail,5,"No action, canonical trailing slash redirect"
Page with redirect,https://shaffercon.com/service-areas/burbank/commercial-complete-electrical-rewiring,/service-areas/burbank/commercial-complete-electrical-rewiring/,2026-03-18,service_detail,5,"No action, canonical trailing slash redirect"
Page with redirect,https://shaffercon.com/service-areas/burbank/commercial-dedicated-equipment-circuits,/service-areas/burbank/commercial-dedicated-equipment-circuits/,2026-01-06,service_detail,5,"No action, canonical trailing slash redirect"
Page with redirect,https://shaffercon.com/service-areas/burbank/commercial-electrical-code-compliance-corrections,/service-areas/burbank/commercial-electrical-code-compliance-corrections/,2026-04-06,service_detail,5,"No action, canonical trailing slash redirect"
Page with redirect,https://shaffercon.com/service-areas/burbank/commercial-electrical-panel-upgrades,/service-areas/burbank/commercial-electrical-panel-upgrades/,2026-03-17,service_detail,5,"No action, canonical trailing slash redirect"
Page with redirect,https://shaffercon.com/service-areas/burbank/commercial-electrical-safety-inspections,/service-areas/burbank/commercial-electrical-safety-inspections/,2026-03-21,service_detail,5,"No action, canonical trailing slash redirect"
Page with redirect,https://shaffercon.com/service-areas/burbank/commercial-electrical-troubleshooting-repairs,/service-areas/burbank/commercial-electrical-troubleshooting-repairs/,2026-03-19,service_detail,5,"No action, canonical trailing slash redirect"
Page with redirect,https://shaffercon.com/service-areas/burbank/commercial-energy-efficiency-upgrades,/service-areas/burbank/commercial-energy-efficiency-upgrades/,2026-03-21,service_detail,5,"No action, canonical trailing slash redirect"
Page with redirect,https://shaffercon.com/service-areas/burbank/commercial-ev-charger-installation,/service-areas/burbank/commercial-ev-charger-installation/,2026-03-28,service_detail,5,"No action, canonical trailing slash redirect"
Page with redirect,https://shaffercon.com/service-areas/burbank/commercial-exhaust-fan-ventilation-wiring,/service-areas/burbank/commercial-exhaust-fan-ventilation-wiring/,2025-11-25,service_detail,5,"No action, canonical trailing slash redirect"
Page with redirect,https://shaffercon.com/service-areas/burbank/commercial-landscape-outdoor-lighting,/service-areas/burbank/commercial-landscape-outdoor-lighting/,2025-12-07,service_detail,5,"No action, canonical trailing slash redirect"
Page with redirect,https://shaffercon.com/service-areas/burbank/commercial-lighting-installation-retrofitting,/service-areas/burbank/commercial-lighting-installation-retrofitting/,2026-04-03,service_detail,5,"No action, canonical trailing slash redirect"
Page with redirect,https://shaffercon.com/service-areas/burbank/commercial-outlet-switch-dimmer-services,/service-areas/burbank/commercial-outlet-switch-dimmer-services/,2026-04-08,service_detail,5,"No action, canonical trailing slash redirect"
Page with redirect,https://shaffercon.com/service-areas/burbank/commercial-whole-building-surge-protection,/service-areas/burbank/commercial-whole-building-surge-protection/,2026-03-22,service_detail,5,"No action, canonical trailing slash redirect"
Page with redirect,https://shaffercon.com/service-areas/burbank/residential-breaker-panel-service-maintenance,/service-areas/burbank/residential-breaker-panel-service-maintenance/,2025-12-23,service_detail,5,"No action, canonical trailing slash redirect"
Page with redirect,https://shaffercon.com/service-areas/culver-city/commercial-backup-generator-installation,/service-areas/culver-city/commercial-backup-generator-installation/,2026-04-09,service_detail,5,"No action, canonical trailing slash redirect"
Page with redirect,https://shaffercon.com/service-areas/culver-city/commercial-breaker-panel-service-maintenance,/service-areas/culver-city/commercial-breaker-panel-service-maintenance/,2026-03-30,service_detail,5,"No action, canonical trailing slash redirect"
Page with redirect,https://shaffercon.com/service-areas/culver-city/commercial-complete-electrical-rewiring,/service-areas/culver-city/commercial-complete-electrical-rewiring/,2026-03-20,service_detail,5,"No action, canonical trailing slash redirect"
Page with redirect,https://shaffercon.com/service-areas/culver-city/commercial-dedicated-equipment-circuits,/service-areas/culver-city/commercial-dedicated-equipment-circuits/,2026-04-01,service_detail,5,"No action, canonical trailing slash redirect"
Page with redirect,https://shaffercon.com/service-areas/culver-city/commercial-electrical-safety-inspections,/service-areas/culver-city/commercial-electrical-safety-inspections/,2026-03-19,service_detail,5,"No action, canonical trailing slash redirect"
Page with redirect,https://shaffercon.com/service-areas/culver-city/commercial-electrical-troubleshooting-repairs,/service-areas/culver-city/commercial-electrical-troubleshooting-repairs/,2026-03-28,service_detail,5,"No action, canonical trailing slash redirect"
Page with redirect,https://shaffercon.com/service-areas/culver-city/commercial-exhaust-fan-ventilation-wiring,/service-areas/culver-city/commercial-exhaust-fan-ventilation-wiring/,2026-03-14,service_detail,5,"No action, canonical trailing slash redirect"
Page with redirect,https://shaffercon.com/service-areas/culver-city/commercial-lighting-installation-retrofitting,/service-areas/culver-city/commercial-lighting-installation-retrofitting/,2026-03-22,service_detail,5,"No action, canonical trailing slash redirect"
Page with redirect,https://shaffercon.com/service-areas/culver-city/commercial-whole-building-surge-protection,/service-areas/culver-city/commercial-whole-building-surge-protection/,2026-03-19,service_detail,5,"No action, canonical trailing slash redirect"
Page with redirect,https://shaffercon.com/service-areas/culver-city/residential-breaker-panel-service-maintenance,/service-areas/culver-city/residential-breaker-panel-service-maintenance/,2026-03-17,service_detail,5,"No action, canonical trailing slash redirect"
Page with redirect,https://shaffercon.com/service-areas/culver-city/residential-electrical-panel-upgrades,/service-areas/culver-city/residential-electrical-panel-upgrades/,2025-12-10,service_detail,5,"No action, canonical trailing slash redirect"
Page with redirect,https://shaffercon.com/service-areas/culver-city/residential-ev-charger-installation,/service-areas/culver-city/residential-ev-charger-installation/,2026-03-17,service_detail,5,"No action, canonical trailing slash redirect"
Page with redirect,https://shaffercon.com/service-areas/echo-park/commercial-breaker-panel-service-maintenance,/service-areas/echo-park/commercial-breaker-panel-service-maintenance/,2026-04-11,service_detail,5,"No action, canonical trailing slash redirect"
Page with redirect,https://shaffercon.com/service-areas/echo-park/commercial-complete-electrical-rewiring,/service-areas/echo-park/commercial-complete-electrical-rewiring/,2026-04-09,service_detail,5,"No action, canonical trailing slash redirect"
Page with redirect,https://shaffercon.com/service-areas/echo-park/commercial-dedicated-equipment-circuits,/service-areas/echo-park/commercial-dedicated-equipment-circuits/,2026-03-21,service_detail,5,"No action, canonical trailing slash redirect"
Page with redirect,https://shaffercon.com/service-areas/echo-park/commercial-electrical-panel-upgrades,/service-areas/echo-park/commercial-electrical-panel-upgrades/,2026-03-17,service_detail,5,"No action, canonical trailing slash redirect"
Page with redirect,https://shaffercon.com/service-areas/echo-park/commercial-energy-efficiency-upgrades,/service-areas/echo-park/commercial-energy-efficiency-upgrades/,2026-04-09,service_detail,5,"No action, canonical trailing slash redirect"
Page with redirect,https://shaffercon.com/service-areas/echo-park/commercial-ev-charger-installation,/service-areas/echo-park/commercial-ev-charger-installation/,2026-03-18,service_detail,5,"No action, canonical trailing slash redirect"
Page with redirect,https://shaffercon.com/service-areas/echo-park/commercial-exhaust-fan-ventilation-wiring,/service-areas/echo-park/commercial-exhaust-fan-ventilation-wiring/,2025-11-24,service_detail,5,"No action, canonical trailing slash redirect"
Page with redirect,https://shaffercon.com/service-areas/echo-park/commercial-landscape-outdoor-lighting,/service-areas/echo-park/commercial-landscape-outdoor-lighting/,2025-11-24,service_detail,5,"No action, canonical trailing slash redirect"
Page with redirect,https://shaffercon.com/service-areas/echo-park/commercial-lighting-installation-retrofitting,/service-areas/echo-park/commercial-lighting-installation-retrofitting/,2026-04-11,service_detail,5,"No action, canonical trailing slash redirect"
Page with redirect,https://shaffercon.com/service-areas/echo-park/commercial-outlet-switch-dimmer-services,/service-areas/echo-park/commercial-outlet-switch-dimmer-services/,2026-04-05,service_detail,5,"No action, canonical trailing slash redirect"
Page with redirect,https://shaffercon.com/service-areas/echo-park/commercial-security-motion-lighting,/service-areas/echo-park/commercial-security-motion-lighting/,2026-04-08,service_detail,5,"No action, canonical trailing slash redirect"
Page with redirect,https://shaffercon.com/service-areas/echo-park/commercial-whole-building-surge-protection,/service-areas/echo-park/commercial-whole-building-surge-protection/,2026-03-04,service_detail,5,"No action, canonical trailing slash redirect"
Page with redirect,https://shaffercon.com/service-areas/echo-park/residential-breaker-panel-service-maintenance,/service-areas/echo-park/residential-breaker-panel-service-maintenance/,2026-03-18,service_detail,5,"No action, canonical trailing slash redirect"
Page with redirect,https://shaffercon.com/service-areas/echo-park/residential-electrical-panel-upgrades,/service-areas/echo-park/residential-electrical-panel-upgrades/,2025-11-27,service_detail,5,"No action, canonical trailing slash redirect"
Page with redirect,https://shaffercon.com/service-areas/echo-park/residential-ev-charger-installation,/service-areas/echo-park/residential-ev-charger-installation/,2025-11-25,service_detail,5,"No action, canonical trailing slash redirect"
Page with redirect,https://shaffercon.com/service-areas/glendale/commercial-backup-generator-installation,/service-areas/glendale/commercial-backup-generator-installation/,2026-04-09,service_detail,5,"No action, canonical trailing slash redirect"
Page with redirect,https://shaffercon.com/service-areas/glendale/commercial-complete-electrical-rewiring,/service-areas/glendale/commercial-complete-electrical-rewiring/,2026-03-16,service_detail,5,"No action, canonical trailing slash redirect"
Page with redirect,https://shaffercon.com/service-areas/glendale/commercial-electrical-safety-inspections,/service-areas/glendale/commercial-electrical-safety-inspections/,2026-03-18,service_detail,5,"No action, canonical trailing slash redirect"
Page with redirect,https://shaffercon.com/service-areas/glendale/commercial-electrical-troubleshooting-repairs,/service-areas/glendale/commercial-electrical-troubleshooting-repairs/,2025-12-07,service_detail,5,"No action, canonical trailing slash redirect"
Page with redirect,https://shaffercon.com/service-areas/glendale/commercial-lighting-installation-retrofitting,/service-areas/glendale/commercial-lighting-installation-retrofitting/,2026-03-30,service_detail,5,"No action, canonical trailing slash redirect"
Page with redirect,https://shaffercon.com/service-areas/glendale/commercial-security-motion-lighting,/service-areas/glendale/commercial-security-motion-lighting/,2026-03-21,service_detail,5,"No action, canonical trailing slash redirect"
Page with redirect,https://shaffercon.com/service-areas/glendale/residential-electrical-panel-upgrades,/service-areas/glendale/residential-electrical-panel-upgrades/,2026-03-16,service_detail,5,"No action, canonical trailing slash redirect"
Page with redirect,https://shaffercon.com/service-areas/glendale/residential-ev-charger-installation,/service-areas/glendale/residential-ev-charger-installation/,2026-04-09,service_detail,5,"No action, canonical trailing slash redirect"
Page with redirect,https://shaffercon.com/service-areas/highland-park/commercial-backup-generator-installation,/service-areas/highland-park/commercial-backup-generator-installation/,2026-03-18,service_detail,5,"No action, canonical trailing slash redirect"
Page with redirect,https://shaffercon.com/service-areas/highland-park/commercial-breaker-panel-service-maintenance,/service-areas/highland-park/commercial-breaker-panel-service-maintenance/,2026-03-17,service_detail,5,"No action, canonical trailing slash redirect"
Page with redirect,https://shaffercon.com/service-areas/highland-park/commercial-complete-electrical-rewiring,/service-areas/highland-park/commercial-complete-electrical-rewiring/,2026-03-16,service_detail,5,"No action, canonical trailing slash redirect"
Page with redirect,https://shaffercon.com/service-areas/highland-park/commercial-dedicated-equipment-circuits,/service-areas/highland-park/commercial-dedicated-equipment-circuits/,2026-03-17,service_detail,5,"No action, canonical trailing slash redirect"
Page with redirect,https://shaffercon.com/service-areas/highland-park/commercial-electrical-code-compliance-corrections,/service-areas/highland-park/commercial-electrical-code-compliance-corrections/,2026-03-21,service_detail,5,"No action, canonical trailing slash redirect"
Page with redirect,https://shaffercon.com/service-areas/highland-park/commercial-electrical-safety-inspections,/service-areas/highland-park/commercial-electrical-safety-inspections/,2025-11-26,service_detail,5,"No action, canonical trailing slash redirect"
Page with redirect,https://shaffercon.com/service-areas/highland-park/commercial-electrical-troubleshooting-repairs,/service-areas/highland-park/commercial-electrical-troubleshooting-repairs/,2026-04-02,service_detail,5,"No action, canonical trailing slash redirect"
Page with redirect,https://shaffercon.com/service-areas/highland-park/commercial-ev-charger-installation,/service-areas/highland-park/commercial-ev-charger-installation/,2026-03-14,service_detail,5,"No action, canonical trailing slash redirect"
Page with redirect,https://shaffercon.com/service-areas/highland-park/commercial-exhaust-fan-ventilation-wiring,/service-areas/highland-park/commercial-exhaust-fan-ventilation-wiring/,2026-03-31,service_detail,5,"No action, canonical trailing slash redirect"
Page with redirect,https://shaffercon.com/service-areas/highland-park/commercial-landscape-outdoor-lighting,/service-areas/highland-park/commercial-landscape-outdoor-lighting/,2026-01-18,service_detail,5,"No action, canonical trailing slash redirect"
Page with redirect,https://shaffercon.com/service-areas/highland-park/commercial-lighting-installation-retrofitting,/service-areas/highland-park/commercial-lighting-installation-retrofitting/,2026-04-22,service_detail,5,"No action, canonical trailing slash redirect"
Page with redirect,https://shaffercon.com/service-areas/highland-park/commercial-whole-building-surge-protection,/service-areas/highland-park/commercial-whole-building-surge-protection/,2026-03-22,service_detail,5,"No action, canonical trailing slash redirect"
Page with redirect,https://shaffercon.com/service-areas/highland-park/residential-breaker-panel-service-maintenance,/service-areas/highland-park/residential-breaker-panel-service-maintenance/,2026-03-19,service_detail,5,"No action, canonical trailing slash redirect"
Page with redirect,https://shaffercon.com/service-areas/highland-park/residential-ev-charger-installation,/service-areas/highland-park/residential-ev-charger-installation/,2026-04-09,service_detail,5,"No action, canonical trailing slash redirect"
Page with redirect,https://shaffercon.com/service-areas/hollywood/commercial-backup-generator-installation,/service-areas/hollywood/commercial-backup-generator-installation/,2025-11-26,service_detail,5,"No action, canonical trailing slash redirect"
Page with redirect,https://shaffercon.com/service-areas/hollywood/commercial-complete-electrical-rewiring,/service-areas/hollywood/commercial-complete-electrical-rewiring/,2026-03-28,service_detail,5,"No action, canonical trailing slash redirect"
Page with redirect,https://shaffercon.com/service-areas/hollywood/commercial-dedicated-equipment-circuits,/service-areas/hollywood/commercial-dedicated-equipment-circuits/,2026-03-19,service_detail,5,"No action, canonical trailing slash redirect"
Page with redirect,https://shaffercon.com/service-areas/hollywood/commercial-electrical-code-compliance-corrections,/service-areas/hollywood/commercial-electrical-code-compliance-corrections/,2025-12-09,service_detail,5,"No action, canonical trailing slash redirect"
Page with redirect,https://shaffercon.com/service-areas/hollywood/commercial-electrical-panel-upgrades,/service-areas/hollywood/commercial-electrical-panel-upgrades/,2026-03-21,service_detail,5,"No action, canonical trailing slash redirect"
Page with redirect,https://shaffercon.com/service-areas/hollywood/commercial-energy-efficiency-upgrades,/service-areas/hollywood/commercial-energy-efficiency-upgrades/,2026-04-09,service_detail,5,"No action, canonical trailing slash redirect"
Page with redirect,https://shaffercon.com/service-areas/hollywood/commercial-ev-charger-installation,/service-areas/hollywood/commercial-ev-charger-installation/,2026-03-30,service_detail,5,"No action, canonical trailing slash redirect"
Page with redirect,https://shaffercon.com/service-areas/hollywood/commercial-exhaust-fan-ventilation-wiring,/service-areas/hollywood/commercial-exhaust-fan-ventilation-wiring/,2026-04-09,service_detail,5,"No action, canonical trailing slash redirect"
Page with redirect,https://shaffercon.com/service-areas/hollywood/commercial-landscape-outdoor-lighting,/service-areas/hollywood/commercial-landscape-outdoor-lighting/,2026-03-31,service_detail,5,"No action, canonical trailing slash redirect"
Page with redirect,https://shaffercon.com/service-areas/hollywood/commercial-lighting-installation-retrofitting,/service-areas/hollywood/commercial-lighting-installation-retrofitting/,2026-03-18,service_detail,5,"No action, canonical trailing slash redirect"
Page with redirect,https://shaffercon.com/service-areas/hollywood/commercial-security-motion-lighting,/service-areas/hollywood/commercial-security-motion-lighting/,2026-03-24,service_detail,5,"No action, canonical trailing slash redirect"
Page with redirect,https://shaffercon.com/service-areas/hollywood/residential-breaker-panel-service-maintenance,/service-areas/hollywood/residential-breaker-panel-service-maintenance/,2026-03-21,service_detail,5,"No action, canonical trailing slash redirect"
Page with redirect,https://shaffercon.com/service-areas/hollywood/residential-electrical-panel-upgrades,/service-areas/hollywood/residential-electrical-panel-upgrades/,2026-03-17,service_detail,5,"No action, canonical trailing slash redirect"
Page with redirect,https://shaffercon.com/service-areas/hollywood/residential-ev-charger-installation,/service-areas/hollywood/residential-ev-charger-installation/,2026-04-09,service_detail,5,"No action, canonical trailing slash redirect"
Page with redirect,https://shaffercon.com/service-areas/inglewood/commercial-backup-generator-installation,/service-areas/inglewood/commercial-backup-generator-installation/,2026-04-10,service_detail,5,"No action, canonical trailing slash redirect"
Page with redirect,https://shaffercon.com/service-areas/inglewood/commercial-breaker-panel-service-maintenance,/service-areas/inglewood/commercial-breaker-panel-service-maintenance/,2026-03-16,service_detail,5,"No action, canonical trailing slash redirect"
Page with redirect,https://shaffercon.com/service-areas/inglewood/commercial-complete-electrical-rewiring,/service-areas/inglewood/commercial-complete-electrical-rewiring/,2026-03-27,service_detail,5,"No action, canonical trailing slash redirect"
Page with redirect,https://shaffercon.com/service-areas/inglewood/commercial-dedicated-equipment-circuits,/service-areas/inglewood/commercial-dedicated-equipment-circuits/,2026-03-20,service_detail,5,"No action, canonical trailing slash redirect"
Page with redirect,https://shaffercon.com/service-areas/inglewood/commercial-electrical-panel-upgrades,/service-areas/inglewood/commercial-electrical-panel-upgrades/,2026-04-09,service_detail,5,"No action, canonical trailing slash redirect"
Page with redirect,https://shaffercon.com/service-areas/inglewood/commercial-electrical-safety-inspections,/service-areas/inglewood/commercial-electrical-safety-inspections/,2026-03-19,service_detail,5,"No action, canonical trailing slash redirect"
Page with redirect,https://shaffercon.com/service-areas/inglewood/commercial-energy-efficiency-upgrades,/service-areas/inglewood/commercial-energy-efficiency-upgrades/,2026-03-18,service_detail,5,"No action, canonical trailing slash redirect"
Page with redirect,https://shaffercon.com/service-areas/inglewood/commercial-ev-charger-installation,/service-areas/inglewood/commercial-ev-charger-installation/,2026-01-20,service_detail,5,"No action, canonical trailing slash redirect"
Page with redirect,https://shaffercon.com/service-areas/inglewood/commercial-exhaust-fan-ventilation-wiring,/service-areas/inglewood/commercial-exhaust-fan-ventilation-wiring/,2026-03-22,service_detail,5,"No action, canonical trailing slash redirect"
Page with redirect,https://shaffercon.com/service-areas/inglewood/commercial-outlet-switch-dimmer-services,/service-areas/inglewood/commercial-outlet-switch-dimmer-services/,2026-04-09,service_detail,5,"No action, canonical trailing slash redirect"
Page with redirect,https://shaffercon.com/service-areas/inglewood/commercial-whole-building-surge-protection,/service-areas/inglewood/commercial-whole-building-surge-protection/,2025-11-09,service_detail,5,"No action, canonical trailing slash redirect"
Page with redirect,https://shaffercon.com/service-areas/inglewood/residential-breaker-panel-service-maintenance,/service-areas/inglewood/residential-breaker-panel-service-maintenance/,2026-04-09,service_detail,5,"No action, canonical trailing slash redirect"
Page with redirect,https://shaffercon.com/service-areas/inglewood/residential-electrical-panel-upgrades,/service-areas/inglewood/residential-electrical-panel-upgrades/,2026-03-30,service_detail,5,"No action, canonical trailing slash redirect"
Page with redirect,https://shaffercon.com/service-areas/long-beach/commercial-backup-generator-installation,/service-areas/long-beach/commercial-backup-generator-installation/,2026-04-09,service_detail,5,"No action, canonical trailing slash redirect"
Page with redirect,https://shaffercon.com/service-areas/long-beach/commercial-breaker-panel-service-maintenance,/service-areas/long-beach/commercial-breaker-panel-service-maintenance/,2026-04-08,service_detail,5,"No action, canonical trailing slash redirect"
Page with redirect,https://shaffercon.com/service-areas/long-beach/commercial-complete-electrical-rewiring,/service-areas/long-beach/commercial-complete-electrical-rewiring/,2026-04-08,service_detail,5,"No action, canonical trailing slash redirect"
Page with redirect,https://shaffercon.com/service-areas/long-beach/commercial-dedicated-equipment-circuits,/service-areas/long-beach/commercial-dedicated-equipment-circuits/,2026-03-20,service_detail,5,"No action, canonical trailing slash redirect"
Page with redirect,https://shaffercon.com/service-areas/long-beach/commercial-electrical-code-compliance-corrections,/service-areas/long-beach/commercial-electrical-code-compliance-corrections/,2026-03-18,service_detail,5,"No action, canonical trailing slash redirect"
Page with redirect,https://shaffercon.com/service-areas/long-beach/commercial-electrical-panel-upgrades,/service-areas/long-beach/commercial-electrical-panel-upgrades/,2026-03-31,service_detail,5,"No action, canonical trailing slash redirect"
Page with redirect,https://shaffercon.com/service-areas/long-beach/commercial-electrical-safety-inspections,/service-areas/long-beach/commercial-electrical-safety-inspections/,2026-04-09,service_detail,5,"No action, canonical trailing slash redirect"
Page with redirect,https://shaffercon.com/service-areas/long-beach/commercial-electrical-troubleshooting-repairs,/service-areas/long-beach/commercial-electrical-troubleshooting-repairs/,2026-04-11,service_detail,5,"No action, canonical trailing slash redirect"
Page with redirect,https://shaffercon.com/service-areas/long-beach/commercial-energy-efficiency-upgrades,/service-areas/long-beach/commercial-energy-efficiency-upgrades/,2026-03-21,service_detail,5,"No action, canonical trailing slash redirect"
Page with redirect,https://shaffercon.com/service-areas/long-beach/commercial-exhaust-fan-ventilation-wiring,/service-areas/long-beach/commercial-exhaust-fan-ventilation-wiring/,2026-03-31,service_detail,5,"No action, canonical trailing slash redirect"
Page with redirect,https://shaffercon.com/service-areas/long-beach/commercial-lighting-installation-retrofitting,/service-areas/long-beach/commercial-lighting-installation-retrofitting/,2025-11-21,service_detail,5,"No action, canonical trailing slash redirect"
Page with redirect,https://shaffercon.com/service-areas/long-beach/commercial-outlet-switch-dimmer-services,/service-areas/long-beach/commercial-outlet-switch-dimmer-services/,2025-12-24,service_detail,5,"No action, canonical trailing slash redirect"
Page with redirect,https://shaffercon.com/service-areas/long-beach/commercial-whole-building-surge-protection,/service-areas/long-beach/commercial-whole-building-surge-protection/,2026-03-20,service_detail,5,"No action, canonical trailing slash redirect"
Page with redirect,https://shaffercon.com/service-areas/long-beach/residential-electrical-panel-upgrades,/service-areas/long-beach/residential-electrical-panel-upgrades/,2026-04-08,service_detail,5,"No action, canonical trailing slash redirect"
Page with redirect,https://shaffercon.com/service-areas/long-beach/residential-ev-charger-installation,/service-areas/long-beach/residential-ev-charger-installation/,2026-04-09,service_detail,5,"No action, canonical trailing slash redirect"
Page with redirect,https://shaffercon.com/service-areas/los-feliz/commercial-backup-generator-installation,/service-areas/los-feliz/commercial-backup-generator-installation/,2026-03-21,service_detail,5,"No action, canonical trailing slash redirect"
Page with redirect,https://shaffercon.com/service-areas/los-feliz/commercial-dedicated-equipment-circuits,/service-areas/los-feliz/commercial-dedicated-equipment-circuits/,2025-12-06,service_detail,5,"No action, canonical trailing slash redirect"
Page with redirect,https://shaffercon.com/service-areas/los-feliz/commercial-electrical-troubleshooting-repairs,/service-areas/los-feliz/commercial-electrical-troubleshooting-repairs/,2026-03-21,service_detail,5,"No action, canonical trailing slash redirect"
Page with redirect,https://shaffercon.com/service-areas/los-feliz/commercial-energy-efficiency-upgrades,/service-areas/los-feliz/commercial-energy-efficiency-upgrades/,2025-11-22,service_detail,5,"No action, canonical trailing slash redirect"
Page with redirect,https://shaffercon.com/service-areas/los-feliz/commercial-exhaust-fan-ventilation-wiring,/service-areas/los-feliz/commercial-exhaust-fan-ventilation-wiring/,2026-03-18,service_detail,5,"No action, canonical trailing slash redirect"
Page with redirect,https://shaffercon.com/service-areas/los-feliz/commercial-landscape-outdoor-lighting,/service-areas/los-feliz/commercial-landscape-outdoor-lighting/,2025-12-08,service_detail,5,"No action, canonical trailing slash redirect"
Page with redirect,https://shaffercon.com/service-areas/los-feliz/commercial-lighting-installation-retrofitting,/service-areas/los-feliz/commercial-lighting-installation-retrofitting/,2025-11-26,service_detail,5,"No action, canonical trailing slash redirect"
Page with redirect,https://shaffercon.com/service-areas/los-feliz/commercial-outlet-switch-dimmer-services,/service-areas/los-feliz/commercial-outlet-switch-dimmer-services/,2026-04-08,service_detail,5,"No action, canonical trailing slash redirect"
Page with redirect,https://shaffercon.com/service-areas/los-feliz/commercial-security-motion-lighting,/service-areas/los-feliz/commercial-security-motion-lighting/,2026-03-16,service_detail,5,"No action, canonical trailing slash redirect"
Page with redirect,https://shaffercon.com/service-areas/los-feliz/commercial-whole-building-surge-protection,/service-areas/los-feliz/commercial-whole-building-surge-protection/,2026-03-21,service_detail,5,"No action, canonical trailing slash redirect"
Page with redirect,https://shaffercon.com/service-areas/los-feliz/residential-breaker-panel-service-maintenance,/service-areas/los-feliz/residential-breaker-panel-service-maintenance/,2026-03-22,service_detail,5,"No action, canonical trailing slash redirect"
Page with redirect,https://shaffercon.com/service-areas/los-feliz/residential-electrical-panel-upgrades,/service-areas/los-feliz/residential-electrical-panel-upgrades/,2026-04-05,service_detail,5,"No action, canonical trailing slash redirect"
Page with redirect,https://shaffercon.com/service-areas/los-feliz/residential-ev-charger-installation,/service-areas/los-feliz/residential-ev-charger-installation/,2025-11-26,service_detail,5,"No action, canonical trailing slash redirect"
Page with redirect,https://shaffercon.com/service-areas/pacific-palisades/commercial-breaker-panel-service-maintenance,/service-areas/pacific-palisades/commercial-breaker-panel-service-maintenance/,2026-03-20,service_detail,5,"No action, canonical trailing slash redirect"
Page with redirect,https://shaffercon.com/service-areas/pacific-palisades/commercial-exhaust-fan-ventilation-wiring,/service-areas/pacific-palisades/commercial-exhaust-fan-ventilation-wiring/,2026-03-19,service_detail,5,"No action, canonical trailing slash redirect"
Page with redirect,https://shaffercon.com/service-areas/pacific-palisades/commercial-outlet-switch-dimmer-services,/service-areas/pacific-palisades/commercial-outlet-switch-dimmer-services/,2026-03-20,service_detail,5,"No action, canonical trailing slash redirect"
Page with redirect,https://shaffercon.com/service-areas/pacific-palisades/residential-electrical-panel-upgrades,/service-areas/pacific-palisades/residential-electrical-panel-upgrades/,2026-04-07,service_detail,5,"No action, canonical trailing slash redirect"
Page with redirect,https://shaffercon.com/service-areas/pasadena/commercial-breaker-panel-service-maintenance,/service-areas/pasadena/commercial-breaker-panel-service-maintenance/,2026-03-16,service_detail,5,"No action, canonical trailing slash redirect"
Page with redirect,https://shaffercon.com/service-areas/pasadena/commercial-complete-electrical-rewiring,/service-areas/pasadena/commercial-complete-electrical-rewiring/,2026-04-09,service_detail,5,"No action, canonical trailing slash redirect"
Page with redirect,https://shaffercon.com/service-areas/pasadena/commercial-dedicated-equipment-circuits,/service-areas/pasadena/commercial-dedicated-equipment-circuits/,2026-01-17,service_detail,5,"No action, canonical trailing slash redirect"
Page with redirect,https://shaffercon.com/service-areas/pasadena/commercial-electrical-code-compliance-corrections,/service-areas/pasadena/commercial-electrical-code-compliance-corrections/,2026-03-20,service_detail,5,"No action, canonical trailing slash redirect"
Page with redirect,https://shaffercon.com/service-areas/pasadena/commercial-electrical-safety-inspections,/service-areas/pasadena/commercial-electrical-safety-inspections/,2026-03-21,service_detail,5,"No action, canonical trailing slash redirect"
Page with redirect,https://shaffercon.com/service-areas/pasadena/commercial-electrical-troubleshooting-repairs,/service-areas/pasadena/commercial-electrical-troubleshooting-repairs/,2026-03-17,service_detail,5,"No action, canonical trailing slash redirect"
Page with redirect,https://shaffercon.com/service-areas/pasadena/commercial-energy-efficiency-upgrades,/service-areas/pasadena/commercial-energy-efficiency-upgrades/,2025-11-24,service_detail,5,"No action, canonical trailing slash redirect"
Page with redirect,https://shaffercon.com/service-areas/pasadena/commercial-ev-charger-installation,/service-areas/pasadena/commercial-ev-charger-installation/,2026-01-20,service_detail,5,"No action, canonical trailing slash redirect"
Page with redirect,https://shaffercon.com/service-areas/pasadena/commercial-lighting-installation-retrofitting,/service-areas/pasadena/commercial-lighting-installation-retrofitting/,2026-03-22,service_detail,5,"No action, canonical trailing slash redirect"
Page with redirect,https://shaffercon.com/service-areas/pasadena/commercial-security-motion-lighting,/service-areas/pasadena/commercial-security-motion-lighting/,2026-03-21,service_detail,5,"No action, canonical trailing slash redirect"
Page with redirect,https://shaffercon.com/service-areas/pasadena/commercial-whole-building-surge-protection,/service-areas/pasadena/commercial-whole-building-surge-protection/,2026-03-22,service_detail,5,"No action, canonical trailing slash redirect"
Page with redirect,https://shaffercon.com/service-areas/pasadena/residential-breaker-panel-service-maintenance,/service-areas/pasadena/residential-breaker-panel-service-maintenance/,2025-12-07,service_detail,5,"No action, canonical trailing slash redirect"
Page with redirect,https://shaffercon.com/service-areas/pasadena/residential-electrical-panel-upgrades,/service-areas/pasadena/residential-electrical-panel-upgrades/,2026-03-19,service_detail,5,"No action, canonical trailing slash redirect"
Page with redirect,https://shaffercon.com/service-areas/pasadena/residential-ev-charger-installation,/service-areas/pasadena/residential-ev-charger-installation/,2026-03-21,service_detail,5,"No action, canonical trailing slash redirect"
Page with redirect,https://shaffercon.com/service-areas/santa-clarita/commercial-backup-generator-installation,/service-areas/santa-clarita/commercial-backup-generator-installation/,2026-04-05,service_detail,5,"No action, canonical trailing slash redirect"
Page with redirect,https://shaffercon.com/service-areas/santa-clarita/commercial-breaker-panel-service-maintenance,/service-areas/santa-clarita/commercial-breaker-panel-service-maintenance/,2026-03-16,service_detail,5,"No action, canonical trailing slash redirect"
Page with redirect,https://shaffercon.com/service-areas/santa-clarita/commercial-complete-electrical-rewiring,/service-areas/santa-clarita/commercial-complete-electrical-rewiring/,2026-03-18,service_detail,5,"No action, canonical trailing slash redirect"
Page with redirect,https://shaffercon.com/service-areas/santa-clarita/commercial-dedicated-equipment-circuits,/service-areas/santa-clarita/commercial-dedicated-equipment-circuits/,2026-03-31,service_detail,5,"No action, canonical trailing slash redirect"
Page with redirect,https://shaffercon.com/service-areas/santa-clarita/commercial-electrical-code-compliance-corrections,/service-areas/santa-clarita/commercial-electrical-code-compliance-corrections/,2025-12-07,service_detail,5,"No action, canonical trailing slash redirect"
Page with redirect,https://shaffercon.com/service-areas/santa-clarita/commercial-electrical-panel-upgrades,/service-areas/santa-clarita/commercial-electrical-panel-upgrades/,2026-03-28,service_detail,5,"No action, canonical trailing slash redirect"
Page with redirect,https://shaffercon.com/service-areas/santa-clarita/commercial-electrical-safety-inspections,/service-areas/santa-clarita/commercial-electrical-safety-inspections/,2026-04-04,service_detail,5,"No action, canonical trailing slash redirect"
Page with redirect,https://shaffercon.com/service-areas/santa-clarita/commercial-electrical-troubleshooting-repairs,/service-areas/santa-clarita/commercial-electrical-troubleshooting-repairs/,2026-03-21,service_detail,5,"No action, canonical trailing slash redirect"
Page with redirect,https://shaffercon.com/service-areas/santa-clarita/commercial-energy-efficiency-upgrades,/service-areas/santa-clarita/commercial-energy-efficiency-upgrades/,2026-03-18,service_detail,5,"No action, canonical trailing slash redirect"
Page with redirect,https://shaffercon.com/service-areas/santa-clarita/commercial-ev-charger-installation,/service-areas/santa-clarita/commercial-ev-charger-installation/,2026-03-20,service_detail,5,"No action, canonical trailing slash redirect"
Page with redirect,https://shaffercon.com/service-areas/santa-clarita/commercial-landscape-outdoor-lighting,/service-areas/santa-clarita/commercial-landscape-outdoor-lighting/,2026-04-02,service_detail,5,"No action, canonical trailing slash redirect"
Page with redirect,https://shaffercon.com/service-areas/santa-clarita/commercial-outlet-switch-dimmer-services,/service-areas/santa-clarita/commercial-outlet-switch-dimmer-services/,2026-04-08,service_detail,5,"No action, canonical trailing slash redirect"
Page with redirect,https://shaffercon.com/service-areas/santa-clarita/commercial-security-motion-lighting,/service-areas/santa-clarita/commercial-security-motion-lighting/,2025-11-24,service_detail,5,"No action, canonical trailing slash redirect"
Page with redirect,https://shaffercon.com/service-areas/santa-clarita/commercial-whole-building-surge-protection,/service-areas/santa-clarita/commercial-whole-building-surge-protection/,2026-04-04,service_detail,5,"No action, canonical trailing slash redirect"
Page with redirect,https://shaffercon.com/service-areas/santa-clarita/residential-breaker-panel-service-maintenance,/service-areas/santa-clarita/residential-breaker-panel-service-maintenance/,2026-04-03,service_detail,5,"No action, canonical trailing slash redirect"
Page with redirect,https://shaffercon.com/service-areas/santa-clarita/residential-electrical-panel-upgrades,/service-areas/santa-clarita/residential-electrical-panel-upgrades/,2026-03-10,service_detail,5,"No action, canonical trailing slash redirect"
Page with redirect,https://shaffercon.com/service-areas/santa-clarita/residential-ev-charger-installation,/service-areas/santa-clarita/residential-ev-charger-installation/,2026-03-21,service_detail,5,"No action, canonical trailing slash redirect"
Page with redirect,https://shaffercon.com/service-areas/santa-monica/commercial-backup-generator-installation,/service-areas/santa-monica/commercial-backup-generator-installation/,2026-04-09,service_detail,5,"No action, canonical trailing slash redirect"
Page with redirect,https://shaffercon.com/service-areas/santa-monica/commercial-breaker-panel-service-maintenance,/service-areas/santa-monica/commercial-breaker-panel-service-maintenance/,2026-04-02,service_detail,5,"No action, canonical trailing slash redirect"
Page with redirect,https://shaffercon.com/service-areas/santa-monica/commercial-complete-electrical-rewiring,/service-areas/santa-monica/commercial-complete-electrical-rewiring/,2026-03-21,service_detail,5,"No action, canonical trailing slash redirect"
Page with redirect,https://shaffercon.com/service-areas/santa-monica/commercial-dedicated-equipment-circuits,/service-areas/santa-monica/commercial-dedicated-equipment-circuits/,2026-04-02,service_detail,5,"No action, canonical trailing slash redirect"
Page with redirect,https://shaffercon.com/service-areas/santa-monica/commercial-electrical-troubleshooting-repairs,/service-areas/santa-monica/commercial-electrical-troubleshooting-repairs/,2025-11-27,service_detail,5,"No action, canonical trailing slash redirect"
Page with redirect,https://shaffercon.com/service-areas/santa-monica/commercial-energy-efficiency-upgrades,/service-areas/santa-monica/commercial-energy-efficiency-upgrades/,2026-04-04,service_detail,5,"No action, canonical trailing slash redirect"
Page with redirect,https://shaffercon.com/service-areas/santa-monica/commercial-ev-charger-installation,/service-areas/santa-monica/commercial-ev-charger-installation/,2026-04-04,service_detail,5,"No action, canonical trailing slash redirect"
Page with redirect,https://shaffercon.com/service-areas/santa-monica/commercial-lighting-installation-retrofitting,/service-areas/santa-monica/commercial-lighting-installation-retrofitting/,2025-11-27,service_detail,5,"No action, canonical trailing slash redirect"
Page with redirect,https://shaffercon.com/service-areas/santa-monica/commercial-outlet-switch-dimmer-services,/service-areas/santa-monica/commercial-outlet-switch-dimmer-services/,2026-04-09,service_detail,5,"No action, canonical trailing slash redirect"
Page with redirect,https://shaffercon.com/service-areas/santa-monica/commercial-security-motion-lighting,/service-areas/santa-monica/commercial-security-motion-lighting/,2026-03-26,service_detail,5,"No action, canonical trailing slash redirect"
Page with redirect,https://shaffercon.com/service-areas/santa-monica/residential-breaker-panel-service-maintenance,/service-areas/santa-monica/residential-breaker-panel-service-maintenance/,2026-03-20,service_detail,5,"No action, canonical trailing slash redirect"
Page with redirect,https://shaffercon.com/service-areas/santa-monica/residential-electrical-panel-upgrades,/service-areas/santa-monica/residential-electrical-panel-upgrades/,2026-02-14,service_detail,5,"No action, canonical trailing slash redirect"
Page with redirect,https://shaffercon.com/service-areas/santa-monica/residential-ev-charger-installation,/service-areas/santa-monica/residential-ev-charger-installation/,2026-04-22,service_detail,5,"No action, canonical trailing slash redirect"
Page with redirect,https://shaffercon.com/service-areas/sherman-oaks/commercial-backup-generator-installation,/service-areas/sherman-oaks/commercial-backup-generator-installation/,2026-03-18,service_detail,5,"No action, canonical trailing slash redirect"
Page with redirect,https://shaffercon.com/service-areas/sherman-oaks/commercial-breaker-panel-service-maintenance,/service-areas/sherman-oaks/commercial-breaker-panel-service-maintenance/,2025-11-24,service_detail,5,"No action, canonical trailing slash redirect"
Page with redirect,https://shaffercon.com/service-areas/sherman-oaks/commercial-complete-electrical-rewiring,/service-areas/sherman-oaks/commercial-complete-electrical-rewiring/,2026-04-05,service_detail,5,"No action, canonical trailing slash redirect"
Page with redirect,https://shaffercon.com/service-areas/sherman-oaks/commercial-dedicated-equipment-circuits,/service-areas/sherman-oaks/commercial-dedicated-equipment-circuits/,2026-04-04,service_detail,5,"No action, canonical trailing slash redirect"
Page with redirect,https://shaffercon.com/service-areas/sherman-oaks/commercial-electrical-code-compliance-corrections,/service-areas/sherman-oaks/commercial-electrical-code-compliance-corrections/,2026-04-08,service_detail,5,"No action, canonical trailing slash redirect"
Page with redirect,https://shaffercon.com/service-areas/sherman-oaks/commercial-electrical-safety-inspections,/service-areas/sherman-oaks/commercial-electrical-safety-inspections/,2026-03-16,service_detail,5,"No action, canonical trailing slash redirect"
Page with redirect,https://shaffercon.com/service-areas/sherman-oaks/commercial-electrical-troubleshooting-repairs,/service-areas/sherman-oaks/commercial-electrical-troubleshooting-repairs/,2026-01-16,service_detail,5,"No action, canonical trailing slash redirect"
Page with redirect,https://shaffercon.com/service-areas/sherman-oaks/commercial-ev-charger-installation,/service-areas/sherman-oaks/commercial-ev-charger-installation/,2026-03-28,service_detail,5,"No action, canonical trailing slash redirect"
Page with redirect,https://shaffercon.com/service-areas/sherman-oaks/commercial-landscape-outdoor-lighting,/service-areas/sherman-oaks/commercial-landscape-outdoor-lighting/,2026-01-23,service_detail,5,"No action, canonical trailing slash redirect"
Page with redirect,https://shaffercon.com/service-areas/sherman-oaks/commercial-lighting-installation-retrofitting,/service-areas/sherman-oaks/commercial-lighting-installation-retrofitting/,2026-03-18,service_detail,5,"No action, canonical trailing slash redirect"
Page with redirect,https://shaffercon.com/service-areas/sherman-oaks/commercial-outlet-switch-dimmer-services,/service-areas/sherman-oaks/commercial-outlet-switch-dimmer-services/,2026-03-21,service_detail,5,"No action, canonical trailing slash redirect"
Page with redirect,https://shaffercon.com/service-areas/sherman-oaks/commercial-security-motion-lighting,/service-areas/sherman-oaks/commercial-security-motion-lighting/,2026-03-22,service_detail,5,"No action, canonical trailing slash redirect"
Page with redirect,https://shaffercon.com/service-areas/sherman-oaks/residential-electrical-panel-upgrades,/service-areas/sherman-oaks/residential-electrical-panel-upgrades/,2026-03-20,service_detail,5,"No action, canonical trailing slash redirect"
Page with redirect,https://shaffercon.com/service-areas/sherman-oaks/residential-ev-charger-installation,/service-areas/sherman-oaks/residential-ev-charger-installation/,2025-12-07,service_detail,5,"No action, canonical trailing slash redirect"
Page with redirect,https://shaffercon.com/service-areas/silver-lake/commercial-backup-generator-installation,/service-areas/silver-lake/commercial-backup-generator-installation/,2026-04-04,service_detail,5,"No action, canonical trailing slash redirect"
Page with redirect,https://shaffercon.com/service-areas/silver-lake/commercial-complete-electrical-rewiring,/service-areas/silver-lake/commercial-complete-electrical-rewiring/,2026-03-21,service_detail,5,"No action, canonical trailing slash redirect"
Page with redirect,https://shaffercon.com/service-areas/silver-lake/commercial-dedicated-equipment-circuits,/service-areas/silver-lake/commercial-dedicated-equipment-circuits/,2026-04-09,service_detail,5,"No action, canonical trailing slash redirect"
Page with redirect,https://shaffercon.com/service-areas/silver-lake/commercial-electrical-panel-upgrades,/service-areas/silver-lake/commercial-electrical-panel-upgrades/,2026-03-30,service_detail,5,"No action, canonical trailing slash redirect"
Page with redirect,https://shaffercon.com/service-areas/silver-lake/commercial-electrical-safety-inspections,/service-areas/silver-lake/commercial-electrical-safety-inspections/,2026-04-09,service_detail,5,"No action, canonical trailing slash redirect"
Page with redirect,https://shaffercon.com/service-areas/silver-lake/commercial-electrical-troubleshooting-repairs,/service-areas/silver-lake/commercial-electrical-troubleshooting-repairs/,2026-04-05,service_detail,5,"No action, canonical trailing slash redirect"
Page with redirect,https://shaffercon.com/service-areas/silver-lake/commercial-ev-charger-installation,/service-areas/silver-lake/commercial-ev-charger-installation/,2026-03-21,service_detail,5,"No action, canonical trailing slash redirect"
Page with redirect,https://shaffercon.com/service-areas/silver-lake/commercial-exhaust-fan-ventilation-wiring,/service-areas/silver-lake/commercial-exhaust-fan-ventilation-wiring/,2025-11-23,service_detail,5,"No action, canonical trailing slash redirect"
Page with redirect,https://shaffercon.com/service-areas/silver-lake/commercial-landscape-outdoor-lighting,/service-areas/silver-lake/commercial-landscape-outdoor-lighting/,2026-01-21,service_detail,5,"No action, canonical trailing slash redirect"
Page with redirect,https://shaffercon.com/service-areas/silver-lake/commercial-lighting-installation-retrofitting,/service-areas/silver-lake/commercial-lighting-installation-retrofitting/,2026-04-02,service_detail,5,"No action, canonical trailing slash redirect"
Page with redirect,https://shaffercon.com/service-areas/silver-lake/commercial-outlet-switch-dimmer-services,/service-areas/silver-lake/commercial-outlet-switch-dimmer-services/,2025-12-08,service_detail,5,"No action, canonical trailing slash redirect"
Page with redirect,https://shaffercon.com/service-areas/silver-lake/commercial-whole-building-surge-protection,/service-areas/silver-lake/commercial-whole-building-surge-protection/,2026-04-05,service_detail,5,"No action, canonical trailing slash redirect"
Page with redirect,https://shaffercon.com/service-areas/silver-lake/residential-electrical-panel-upgrades,/service-areas/silver-lake/residential-electrical-panel-upgrades/,2026-03-15,service_detail,5,"No action, canonical trailing slash redirect"
Page with redirect,https://shaffercon.com/service-areas/silver-lake/residential-ev-charger-installation,/service-areas/silver-lake/residential-ev-charger-installation/,2026-03-21,service_detail,5,"No action, canonical trailing slash redirect"
Page with redirect,https://shaffercon.com/service-areas/torrance/commercial-breaker-panel-service-maintenance,/service-areas/torrance/commercial-breaker-panel-service-maintenance/,2026-03-21,service_detail,5,"No action, canonical trailing slash redirect"
Page with redirect,https://shaffercon.com/service-areas/torrance/commercial-complete-electrical-rewiring,/service-areas/torrance/commercial-complete-electrical-rewiring/,2026-04-09,service_detail,5,"No action, canonical trailing slash redirect"
Page with redirect,https://shaffercon.com/service-areas/torrance/commercial-landscape-outdoor-lighting,/service-areas/torrance/commercial-landscape-outdoor-lighting/,2026-02-21,service_detail,5,"No action, canonical trailing slash redirect"
Page with redirect,https://shaffercon.com/service-areas/torrance/commercial-outlet-switch-dimmer-services,/service-areas/torrance/commercial-outlet-switch-dimmer-services/,2026-03-21,service_detail,5,"No action, canonical trailing slash redirect"
Page with redirect,https://shaffercon.com/service-areas/torrance/residential-electrical-panel-upgrades,/service-areas/torrance/residential-electrical-panel-upgrades/,2026-03-16,service_detail,5,"No action, canonical trailing slash redirect"
Page with redirect,https://shaffercon.com/service-areas/venice/commercial-backup-generator-installation,/service-areas/venice/commercial-backup-generator-installation/,2025-12-28,service_detail,5,"No action, canonical trailing slash redirect"
Page with redirect,https://shaffercon.com/service-areas/venice/commercial-dedicated-equipment-circuits,/service-areas/venice/commercial-dedicated-equipment-circuits/,2026-03-16,service_detail,5,"No action, canonical trailing slash redirect"
Page with redirect,https://shaffercon.com/service-areas/venice/commercial-electrical-panel-upgrades,/service-areas/venice/commercial-electrical-panel-upgrades/,2026-03-21,service_detail,5,"No action, canonical trailing slash redirect"
Page with redirect,https://shaffercon.com/service-areas/venice/commercial-electrical-safety-inspections,/service-areas/venice/commercial-electrical-safety-inspections/,2026-03-18,service_detail,5,"No action, canonical trailing slash redirect"
Page with redirect,https://shaffercon.com/service-areas/venice/commercial-electrical-troubleshooting-repairs,/service-areas/venice/commercial-electrical-troubleshooting-repairs/,2026-03-19,service_detail,5,"No action, canonical trailing slash redirect"
Page with redirect,https://shaffercon.com/service-areas/venice/commercial-energy-efficiency-upgrades,/service-areas/venice/commercial-energy-efficiency-upgrades/,2026-03-21,service_detail,5,"No action, canonical trailing slash redirect"
Page with redirect,https://shaffercon.com/service-areas/venice/commercial-exhaust-fan-ventilation-wiring,/service-areas/venice/commercial-exhaust-fan-ventilation-wiring/,2026-02-12,service_detail,5,"No action, canonical trailing slash redirect"
Page with redirect,https://shaffercon.com/service-areas/venice/commercial-outlet-switch-dimmer-services,/service-areas/venice/commercial-outlet-switch-dimmer-services/,2026-03-22,service_detail,5,"No action, canonical trailing slash redirect"
Page with redirect,https://shaffercon.com/service-areas/venice/commercial-security-motion-lighting,/service-areas/venice/commercial-security-motion-lighting/,2026-04-09,service_detail,5,"No action, canonical trailing slash redirect"
Page with redirect,https://shaffercon.com/service-areas/venice/commercial-whole-building-surge-protection,/service-areas/venice/commercial-whole-building-surge-protection/,2026-04-09,service_detail,5,"No action, canonical trailing slash redirect"
Page with redirect,https://shaffercon.com/service-areas/venice/residential-electrical-panel-upgrades,/service-areas/venice/residential-electrical-panel-upgrades/,2026-03-22,service_detail,5,"No action, canonical trailing slash redirect"
Page with redirect,https://shaffercon.com/service-areas/west-hollywood/commercial-backup-generator-installation,/service-areas/west-hollywood/commercial-backup-generator-installation/,2026-03-16,service_detail,5,"No action, canonical trailing slash redirect"
Page with redirect,https://shaffercon.com/service-areas/west-hollywood/commercial-breaker-panel-service-maintenance,/service-areas/west-hollywood/commercial-breaker-panel-service-maintenance/,2026-03-18,service_detail,5,"No action, canonical trailing slash redirect"
Page with redirect,https://shaffercon.com/service-areas/west-hollywood/commercial-complete-electrical-rewiring,/service-areas/west-hollywood/commercial-complete-electrical-rewiring/,2026-03-29,service_detail,5,"No action, canonical trailing slash redirect"
Page with redirect,https://shaffercon.com/service-areas/west-hollywood/commercial-dedicated-equipment-circuits,/service-areas/west-hollywood/commercial-dedicated-equipment-circuits/,2026-03-19,service_detail,5,"No action, canonical trailing slash redirect"
Page with redirect,https://shaffercon.com/service-areas/west-hollywood/commercial-electrical-panel-upgrades,/service-areas/west-hollywood/commercial-electrical-panel-upgrades/,2026-03-15,service_detail,5,"No action, canonical trailing slash redirect"
Page with redirect,https://shaffercon.com/service-areas/west-hollywood/commercial-electrical-troubleshooting-repairs,/service-areas/west-hollywood/commercial-electrical-troubleshooting-repairs/,2026-03-17,service_detail,5,"No action, canonical trailing slash redirect"
Page with redirect,https://shaffercon.com/service-areas/west-hollywood/commercial-energy-efficiency-upgrades,/service-areas/west-hollywood/commercial-energy-efficiency-upgrades/,2026-03-21,service_detail,5,"No action, canonical trailing slash redirect"
Page with redirect,https://shaffercon.com/service-areas/west-hollywood/commercial-ev-charger-installation,/service-areas/west-hollywood/commercial-ev-charger-installation/,2026-03-01,service_detail,5,"No action, canonical trailing slash redirect"
Page with redirect,https://shaffercon.com/service-areas/west-hollywood/commercial-exhaust-fan-ventilation-wiring,/service-areas/west-hollywood/commercial-exhaust-fan-ventilation-wiring/,2026-01-22,service_detail,5,"No action, canonical trailing slash redirect"
Page with redirect,https://shaffercon.com/service-areas/west-hollywood/commercial-landscape-outdoor-lighting,/service-areas/west-hollywood/commercial-landscape-outdoor-lighting/,2026-03-31,service_detail,5,"No action, canonical trailing slash redirect"
Page with redirect,https://shaffercon.com/service-areas/west-hollywood/commercial-lighting-installation-retrofitting,/service-areas/west-hollywood/commercial-lighting-installation-retrofitting/,2026-03-19,service_detail,5,"No action, canonical trailing slash redirect"
Page with redirect,https://shaffercon.com/service-areas/west-hollywood/commercial-outlet-switch-dimmer-services,/service-areas/west-hollywood/commercial-outlet-switch-dimmer-services/,2025-11-27,service_detail,5,"No action, canonical trailing slash redirect"
Page with redirect,https://shaffercon.com/service-areas/west-hollywood/commercial-whole-building-surge-protection,/service-areas/west-hollywood/commercial-whole-building-surge-protection/,2026-03-18,service_detail,5,"No action, canonical trailing slash redirect"
Page with redirect,https://shaffercon.com/service-areas/west-hollywood/residential-breaker-panel-service-maintenance,/service-areas/west-hollywood/residential-breaker-panel-service-maintenance/,2026-03-16,service_detail,5,"No action, canonical trailing slash redirect"
Page with redirect,https://shaffercon.com/service-areas/west-hollywood/residential-electrical-panel-upgrades,/service-areas/west-hollywood/residential-electrical-panel-upgrades/,2026-03-19,service_detail,5,"No action, canonical trailing slash redirect"
Page with redirect,https://shaffercon.com/electrical-load-studies,/electrical-load-studies/,2026-03-10,top_level,5,"No action, canonical trailing slash redirect"
Page with redirect,https://shaffercon.com/residential-ev-charger,/residential-ev-charger/,2026-03-10,top_level,5,"No action, canonical trailing slash redirect"
Page with redirect,https://shaffercon.com/industry-insights/california-title-24-electrical-requirements-renovations,/industry-insights/california-title-24-electrical-requirements-renovations/,2025-11-27,blog,4,"No action, canonical trailing slash redirect"
Page with redirect,https://shaffercon.com/industry-insights/complete-home-led-lighting-upgrade-guide,/industry-insights/complete-home-led-lighting-upgrade-guide/,2025-11-27,blog,4,"No action, canonical trailing slash redirect"
Page with redirect,https://shaffercon.com/industry-insights/electrical-safety-inspection-checklist-los-angeles,/industry-insights/electrical-safety-inspection-checklist-los-angeles/,2026-03-19,blog,4,"No action, canonical trailing slash redirect"
Page with redirect,https://shaffercon.com/industry-insights/ladbs-electrical-permit-process-step-by-step-guide,/industry-insights/ladbs-electrical-permit-process-step-by-step-guide/,2026-04-02,blog,4,"No action, canonical trailing slash redirect"
Page with redirect,https://shaffercon.com/industry-insights/landscape-lighting-design-installation-los-angeles,/industry-insights/landscape-lighting-design-installation-los-angeles/,2025-11-27,blog,4,"No action, canonical trailing slash redirect"
Page with redirect,https://shaffercon.com/industry-insights/led-landscape-lighting-upgrade,/industry-insights/led-landscape-lighting-upgrade/,2025-11-26,blog,4,"No action, canonical trailing slash redirect"
Page with redirect,https://shaffercon.com/industry-insights/led-retrofit-guide-los-angeles-businesses,/industry-insights/led-retrofit-guide-los-angeles-businesses/,2026-01-26,blog,4,"No action, canonical trailing slash redirect"
Page with redirect,https://shaffercon.com/industry-insights/passing-electrical-inspection-common-failures-fixes,/industry-insights/passing-electrical-inspection-common-failures-fixes/,2025-11-27,blog,4,"No action, canonical trailing slash redirect"
Page with redirect,https://shaffercon.com/industry-insights/recessed-lighting-installation-guide,/industry-insights/recessed-lighting-installation-guide/,2026-03-25,blog,4,"No action, canonical trailing slash redirect"
Page with redirect,https://shaffercon.com/industry-insights/under-cabinet-lighting-installation-guide,/industry-insights/under-cabinet-lighting-installation-guide/,2025-11-28,blog,4,"No action, canonical trailing slash redirect"
Page with redirect,https://shaffercon.com/service-areas/altadena/residential-electrical-code-compliance-corrections,/service-areas/altadena/residential-electrical-code-compliance-corrections/,2025-11-24,service_detail,4,"No action, canonical trailing slash redirect"
Page with redirect,https://shaffercon.com/service-areas/altadena/residential-electrical-safety-inspections,/service-areas/altadena/residential-electrical-safety-inspections/,2026-03-17,service_detail,4,"No action, canonical trailing slash redirect"
Page with redirect,https://shaffercon.com/service-areas/altadena/residential-landscape-outdoor-lighting,/service-areas/altadena/residential-landscape-outdoor-lighting/,2026-03-31,service_detail,4,"No action, canonical trailing slash redirect"
Page with redirect,https://shaffercon.com/service-areas/atwater-village/residential-electrical-code-compliance-corrections,/service-areas/atwater-village/residential-electrical-code-compliance-corrections/,2026-03-27,service_detail,4,"No action, canonical trailing slash redirect"
Page with redirect,https://shaffercon.com/service-areas/atwater-village/residential-electrical-safety-inspections,/service-areas/atwater-village/residential-electrical-safety-inspections/,2026-04-09,service_detail,4,"No action, canonical trailing slash redirect"
Page with redirect,https://shaffercon.com/service-areas/atwater-village/residential-landscape-outdoor-lighting,/service-areas/atwater-village/residential-landscape-outdoor-lighting/,2025-11-26,service_detail,4,"No action, canonical trailing slash redirect"
Page with redirect,https://shaffercon.com/service-areas/atwater-village/residential-lighting-installation-retrofitting,/service-areas/atwater-village/residential-lighting-installation-retrofitting/,2026-03-16,service_detail,4,"No action, canonical trailing slash redirect"
Page with redirect,https://shaffercon.com/service-areas/atwater-village/residential-security-motion-lighting,/service-areas/atwater-village/residential-security-motion-lighting/,2026-03-17,service_detail,4,"No action, canonical trailing slash redirect"
Page with redirect,https://shaffercon.com/service-areas/boyle-heights/residential-electrical-safety-inspections,/service-areas/boyle-heights/residential-electrical-safety-inspections/,2026-03-30,service_detail,4,"No action, canonical trailing slash redirect"
Page with redirect,https://shaffercon.com/service-areas/boyle-heights/residential-landscape-outdoor-lighting,/service-areas/boyle-heights/residential-landscape-outdoor-lighting/,2026-03-18,service_detail,4,"No action, canonical trailing slash redirect"
Page with redirect,https://shaffercon.com/service-areas/boyle-heights/residential-security-motion-lighting,/service-areas/boyle-heights/residential-security-motion-lighting/,2026-03-17,service_detail,4,"No action, canonical trailing slash redirect"
Page with redirect,https://shaffercon.com/service-areas/burbank/residential-electrical-code-compliance-corrections,/service-areas/burbank/residential-electrical-code-compliance-corrections/,2026-04-11,service_detail,4,"No action, canonical trailing slash redirect"
Page with redirect,https://shaffercon.com/service-areas/burbank/residential-electrical-safety-inspections,/service-areas/burbank/residential-electrical-safety-inspections/,2025-11-24,service_detail,4,"No action, canonical trailing slash redirect"
Page with redirect,https://shaffercon.com/service-areas/burbank/residential-landscape-outdoor-lighting,/service-areas/burbank/residential-landscape-outdoor-lighting/,2026-04-05,service_detail,4,"No action, canonical trailing slash redirect"
Page with redirect,https://shaffercon.com/service-areas/culver-city/residential-electrical-code-compliance-corrections,/service-areas/culver-city/residential-electrical-code-compliance-corrections/,2025-11-26,service_detail,4,"No action, canonical trailing slash redirect"
Page with redirect,https://shaffercon.com/service-areas/culver-city/residential-electrical-safety-inspections,/service-areas/culver-city/residential-electrical-safety-inspections/,2026-03-18,service_detail,4,"No action, canonical trailing slash redirect"
Page with redirect,https://shaffercon.com/service-areas/culver-city/residential-landscape-outdoor-lighting,/service-areas/culver-city/residential-landscape-outdoor-lighting/,2026-04-02,service_detail,4,"No action, canonical trailing slash redirect"
Page with redirect,https://shaffercon.com/service-areas/culver-city/residential-lighting-installation-retrofitting,/service-areas/culver-city/residential-lighting-installation-retrofitting/,2025-11-25,service_detail,4,"No action, canonical trailing slash redirect"
Page with redirect,https://shaffercon.com/service-areas/culver-city/residential-security-motion-lighting,/service-areas/culver-city/residential-security-motion-lighting/,2026-01-16,service_detail,4,"No action, canonical trailing slash redirect"
Page with redirect,https://shaffercon.com/service-areas/echo-park/residential-electrical-code-compliance-corrections,/service-areas/echo-park/residential-electrical-code-compliance-corrections/,2025-11-09,service_detail,4,"No action, canonical trailing slash redirect"
Page with redirect,https://shaffercon.com/service-areas/echo-park/residential-electrical-safety-inspections,/service-areas/echo-park/residential-electrical-safety-inspections/,2026-04-25,service_detail,4,"No action, canonical trailing slash redirect"
Page with redirect,https://shaffercon.com/service-areas/echo-park/residential-landscape-outdoor-lighting,/service-areas/echo-park/residential-landscape-outdoor-lighting/,2026-03-16,service_detail,4,"No action, canonical trailing slash redirect"
Page with redirect,https://shaffercon.com/service-areas/echo-park/residential-lighting-installation-retrofitting,/service-areas/echo-park/residential-lighting-installation-retrofitting/,2026-03-20,service_detail,4,"No action, canonical trailing slash redirect"
Page with redirect,https://shaffercon.com/service-areas/echo-park/residential-security-motion-lighting,/service-areas/echo-park/residential-security-motion-lighting/,2026-04-07,service_detail,4,"No action, canonical trailing slash redirect"
Page with redirect,https://shaffercon.com/service-areas/glendale/residential-electrical-code-compliance-corrections,/service-areas/glendale/residential-electrical-code-compliance-corrections/,2026-03-22,service_detail,4,"No action, canonical trailing slash redirect"
Page with redirect,https://shaffercon.com/service-areas/glendale/residential-electrical-safety-inspections,/service-areas/glendale/residential-electrical-safety-inspections/,2026-03-16,service_detail,4,"No action, canonical trailing slash redirect"
Page with redirect,https://shaffercon.com/service-areas/glendale/residential-landscape-outdoor-lighting,/service-areas/glendale/residential-landscape-outdoor-lighting/,2026-03-17,service_detail,4,"No action, canonical trailing slash redirect"
Page with redirect,https://shaffercon.com/service-areas/glendale/residential-lighting-installation-retrofitting,/service-areas/glendale/residential-lighting-installation-retrofitting/,2026-04-04,service_detail,4,"No action, canonical trailing slash redirect"
Page with redirect,https://shaffercon.com/service-areas/glendale/residential-security-motion-lighting,/service-areas/glendale/residential-security-motion-lighting/,2026-03-18,service_detail,4,"No action, canonical trailing slash redirect"
Page with redirect,https://shaffercon.com/service-areas/highland-park/residential-electrical-code-compliance-corrections,/service-areas/highland-park/residential-electrical-code-compliance-corrections/,2026-03-16,service_detail,4,"No action, canonical trailing slash redirect"
Page with redirect,https://shaffercon.com/service-areas/highland-park/residential-electrical-safety-inspections,/service-areas/highland-park/residential-electrical-safety-inspections/,2026-03-18,service_detail,4,"No action, canonical trailing slash redirect"
Page with redirect,https://shaffercon.com/service-areas/highland-park/residential-landscape-outdoor-lighting,/service-areas/highland-park/residential-landscape-outdoor-lighting/,2026-03-21,service_detail,4,"No action, canonical trailing slash redirect"
Page with redirect,https://shaffercon.com/service-areas/highland-park/residential-lighting-installation-retrofitting,/service-areas/highland-park/residential-lighting-installation-retrofitting/,2026-03-21,service_detail,4,"No action, canonical trailing slash redirect"
Page with redirect,https://shaffercon.com/service-areas/hollywood/residential-electrical-code-compliance-corrections,/service-areas/hollywood/residential-electrical-code-compliance-corrections/,2026-03-20,service_detail,4,"No action, canonical trailing slash redirect"
Page with redirect,https://shaffercon.com/service-areas/hollywood/residential-security-motion-lighting,/service-areas/hollywood/residential-security-motion-lighting/,2026-04-09,service_detail,4,"No action, canonical trailing slash redirect"
Page with redirect,https://shaffercon.com/service-areas/inglewood/residential-electrical-safety-inspections,/service-areas/inglewood/residential-electrical-safety-inspections/,2026-03-18,service_detail,4,"No action, canonical trailing slash redirect"
Page with redirect,https://shaffercon.com/service-areas/inglewood/residential-landscape-outdoor-lighting,/service-areas/inglewood/residential-landscape-outdoor-lighting/,2026-03-20,service_detail,4,"No action, canonical trailing slash redirect"
Page with redirect,https://shaffercon.com/service-areas/inglewood/residential-lighting-installation-retrofitting,/service-areas/inglewood/residential-lighting-installation-retrofitting/,2026-04-09,service_detail,4,"No action, canonical trailing slash redirect"
Page with redirect,https://shaffercon.com/service-areas/long-beach/residential-electrical-code-compliance-corrections,/service-areas/long-beach/residential-electrical-code-compliance-corrections/,2026-02-01,service_detail,4,"No action, canonical trailing slash redirect"
Page with redirect,https://shaffercon.com/service-areas/long-beach/residential-electrical-safety-inspections,/service-areas/long-beach/residential-electrical-safety-inspections/,2026-01-27,service_detail,4,"No action, canonical trailing slash redirect"
Page with redirect,https://shaffercon.com/service-areas/long-beach/residential-landscape-outdoor-lighting,/service-areas/long-beach/residential-landscape-outdoor-lighting/,2026-03-20,service_detail,4,"No action, canonical trailing slash redirect"
Page with redirect,https://shaffercon.com/service-areas/long-beach/residential-lighting-installation-retrofitting,/service-areas/long-beach/residential-lighting-installation-retrofitting/,2026-04-09,service_detail,4,"No action, canonical trailing slash redirect"
Page with redirect,https://shaffercon.com/service-areas/long-beach/residential-security-motion-lighting,/service-areas/long-beach/residential-security-motion-lighting/,2026-03-21,service_detail,4,"No action, canonical trailing slash redirect"
Page with redirect,https://shaffercon.com/service-areas/los-feliz/residential-electrical-code-compliance-corrections,/service-areas/los-feliz/residential-electrical-code-compliance-corrections/,2025-11-27,service_detail,4,"No action, canonical trailing slash redirect"
Page with redirect,https://shaffercon.com/service-areas/los-feliz/residential-electrical-safety-inspections,/service-areas/los-feliz/residential-electrical-safety-inspections/,2026-03-21,service_detail,4,"No action, canonical trailing slash redirect"
Page with redirect,https://shaffercon.com/service-areas/los-feliz/residential-landscape-outdoor-lighting,/service-areas/los-feliz/residential-landscape-outdoor-lighting/,2026-03-18,service_detail,4,"No action, canonical trailing slash redirect"
Page with redirect,https://shaffercon.com/service-areas/los-feliz/residential-lighting-installation-retrofitting,/service-areas/los-feliz/residential-lighting-installation-retrofitting/,2026-03-16,service_detail,4,"No action, canonical trailing slash redirect"
Page with redirect,https://shaffercon.com/service-areas/los-feliz/residential-security-motion-lighting,/service-areas/los-feliz/residential-security-motion-lighting/,2026-04-09,service_detail,4,"No action, canonical trailing slash redirect"
Page with redirect,https://shaffercon.com/service-areas/pasadena/residential-electrical-safety-inspections,/service-areas/pasadena/residential-electrical-safety-inspections/,2025-11-25,service_detail,4,"No action, canonical trailing slash redirect"
Page with redirect,https://shaffercon.com/service-areas/pasadena/residential-landscape-outdoor-lighting,/service-areas/pasadena/residential-landscape-outdoor-lighting/,2026-04-08,service_detail,4,"No action, canonical trailing slash redirect"
Page with redirect,https://shaffercon.com/service-areas/pasadena/residential-lighting-installation-retrofitting,/service-areas/pasadena/residential-lighting-installation-retrofitting/,2026-03-21,service_detail,4,"No action, canonical trailing slash redirect"
Page with redirect,https://shaffercon.com/service-areas/santa-clarita/residential-electrical-code-compliance-corrections,/service-areas/santa-clarita/residential-electrical-code-compliance-corrections/,2026-03-26,service_detail,4,"No action, canonical trailing slash redirect"
Page with redirect,https://shaffercon.com/service-areas/santa-clarita/residential-electrical-safety-inspections,/service-areas/santa-clarita/residential-electrical-safety-inspections/,2026-03-21,service_detail,4,"No action, canonical trailing slash redirect"
Page with redirect,https://shaffercon.com/service-areas/santa-clarita/residential-landscape-outdoor-lighting,/service-areas/santa-clarita/residential-landscape-outdoor-lighting/,2026-03-21,service_detail,4,"No action, canonical trailing slash redirect"
Page with redirect,https://shaffercon.com/service-areas/santa-clarita/residential-lighting-installation-retrofitting,/service-areas/santa-clarita/residential-lighting-installation-retrofitting/,2026-04-09,service_detail,4,"No action, canonical trailing slash redirect"
Page with redirect,https://shaffercon.com/service-areas/santa-clarita/residential-security-motion-lighting,/service-areas/santa-clarita/residential-security-motion-lighting/,2026-03-22,service_detail,4,"No action, canonical trailing slash redirect"
Page with redirect,https://shaffercon.com/service-areas/santa-monica/residential-electrical-code-compliance-corrections,/service-areas/santa-monica/residential-electrical-code-compliance-corrections/,2026-03-17,service_detail,4,"No action, canonical trailing slash redirect"
Page with redirect,https://shaffercon.com/service-areas/santa-monica/residential-electrical-safety-inspections,/service-areas/santa-monica/residential-electrical-safety-inspections/,2026-03-15,service_detail,4,"No action, canonical trailing slash redirect"
Page with redirect,https://shaffercon.com/service-areas/santa-monica/residential-landscape-outdoor-lighting,/service-areas/santa-monica/residential-landscape-outdoor-lighting/,2026-04-09,service_detail,4,"No action, canonical trailing slash redirect"
Page with redirect,https://shaffercon.com/service-areas/santa-monica/residential-security-motion-lighting,/service-areas/santa-monica/residential-security-motion-lighting/,2025-11-25,service_detail,4,"No action, canonical trailing slash redirect"
Page with redirect,https://shaffercon.com/service-areas/sherman-oaks/residential-electrical-code-compliance-corrections,/service-areas/sherman-oaks/residential-electrical-code-compliance-corrections/,2026-03-18,service_detail,4,"No action, canonical trailing slash redirect"
Page with redirect,https://shaffercon.com/service-areas/sherman-oaks/residential-electrical-safety-inspections,/service-areas/sherman-oaks/residential-electrical-safety-inspections/,2026-03-21,service_detail,4,"No action, canonical trailing slash redirect"
Page with redirect,https://shaffercon.com/service-areas/sherman-oaks/residential-lighting-installation-retrofitting,/service-areas/sherman-oaks/residential-lighting-installation-retrofitting/,2025-12-11,service_detail,4,"No action, canonical trailing slash redirect"
Page with redirect,https://shaffercon.com/service-areas/sherman-oaks/residential-security-motion-lighting,/service-areas/sherman-oaks/residential-security-motion-lighting/,2026-04-08,service_detail,4,"No action, canonical trailing slash redirect"
Page with redirect,https://shaffercon.com/service-areas/silver-lake/residential-electrical-code-compliance-corrections,/service-areas/silver-lake/residential-electrical-code-compliance-corrections/,2026-03-18,service_detail,4,"No action, canonical trailing slash redirect"
Page with redirect,https://shaffercon.com/service-areas/silver-lake/residential-electrical-safety-inspections,/service-areas/silver-lake/residential-electrical-safety-inspections/,2026-03-22,service_detail,4,"No action, canonical trailing slash redirect"
Page with redirect,https://shaffercon.com/service-areas/silver-lake/residential-landscape-outdoor-lighting,/service-areas/silver-lake/residential-landscape-outdoor-lighting/,2026-03-17,service_detail,4,"No action, canonical trailing slash redirect"
Page with redirect,https://shaffercon.com/service-areas/silver-lake/residential-lighting-installation-retrofitting,/service-areas/silver-lake/residential-lighting-installation-retrofitting/,2026-04-09,service_detail,4,"No action, canonical trailing slash redirect"
Page with redirect,https://shaffercon.com/service-areas/torrance/residential-electrical-code-compliance-corrections,/service-areas/torrance/residential-electrical-code-compliance-corrections/,2026-03-17,service_detail,4,"No action, canonical trailing slash redirect"
Page with redirect,https://shaffercon.com/service-areas/venice/residential-electrical-code-compliance-corrections,/service-areas/venice/residential-electrical-code-compliance-corrections/,2026-03-21,service_detail,4,"No action, canonical trailing slash redirect"
Page with redirect,https://shaffercon.com/service-areas/venice/residential-lighting-installation-retrofitting,/service-areas/venice/residential-lighting-installation-retrofitting/,2026-03-21,service_detail,4,"No action, canonical trailing slash redirect"
Page with redirect,https://shaffercon.com/service-areas/venice/residential-security-motion-lighting,/service-areas/venice/residential-security-motion-lighting/,2026-03-16,service_detail,4,"No action, canonical trailing slash redirect"
Page with redirect,https://shaffercon.com/service-areas/west-hollywood/residential-electrical-code-compliance-corrections,/service-areas/west-hollywood/residential-electrical-code-compliance-corrections/,2026-03-21,service_detail,4,"No action, canonical trailing slash redirect"
Page with redirect,https://shaffercon.com/service-areas/west-hollywood/residential-electrical-safety-inspections,/service-areas/west-hollywood/residential-electrical-safety-inspections/,2026-03-16,service_detail,4,"No action, canonical trailing slash redirect"
Page with redirect,https://shaffercon.com/service-areas/west-hollywood/residential-landscape-outdoor-lighting,/service-areas/west-hollywood/residential-landscape-outdoor-lighting/,2026-03-16,service_detail,4,"No action, canonical trailing slash redirect"
Page with redirect,https://shaffercon.com/service-areas/west-hollywood/residential-lighting-installation-retrofitting,/service-areas/west-hollywood/residential-lighting-installation-retrofitting/,2026-03-21,service_detail,4,"No action, canonical trailing slash redirect"
Page with redirect,https://shaffercon.com/service-areas/west-hollywood/residential-security-motion-lighting,/service-areas/west-hollywood/residential-security-motion-lighting/,2026-03-18,service_detail,4,"No action, canonical trailing slash redirect"
Page with redirect,https://shaffercon.com/industry-insights/afci-vs-gfci-circuit-protection-los-angeles,/industry-insights/afci-vs-gfci-circuit-protection-los-angeles/,2025-11-27,blog,3,"No action, canonical trailing slash redirect"
Page with redirect,https://shaffercon.com/industry-insights/bathroom-electrical-safety-gfci-requirements,/industry-insights/bathroom-electrical-safety-gfci-requirements/,2026-01-21,blog,3,"No action, canonical trailing slash redirect"
Page with redirect,https://shaffercon.com/industry-insights/electrical-troubleshooting-basics-homeowners,/industry-insights/electrical-troubleshooting-basics-homeowners/,2025-11-27,blog,3,"No action, canonical trailing slash redirect"
Page with redirect,https://shaffercon.com/industry-insights/whole-house-generator-installation-guide-los-angeles,/industry-insights/whole-house-generator-installation-guide-los-angeles/,2025-11-27,blog,3,"No action, canonical trailing slash redirect"
Page with redirect,https://shaffercon.com/service-areas/altadena/residential-backup-generator-installation,/service-areas/altadena/residential-backup-generator-installation/,2026-03-19,service_detail,3,"No action, canonical trailing slash redirect"
Page with redirect,https://shaffercon.com/service-areas/altadena/residential-dedicated-equipment-circuits,/service-areas/altadena/residential-dedicated-equipment-circuits/,2026-04-09,service_detail,3,"No action, canonical trailing slash redirect"
Page with redirect,https://shaffercon.com/service-areas/altadena/residential-electrical-troubleshooting-repairs,/service-areas/altadena/residential-electrical-troubleshooting-repairs/,2026-03-21,service_detail,3,"No action, canonical trailing slash redirect"
Page with redirect,https://shaffercon.com/service-areas/boyle-heights/residential-backup-generator-installation,/service-areas/boyle-heights/residential-backup-generator-installation/,2025-11-24,service_detail,3,"No action, canonical trailing slash redirect"
Page with redirect,https://shaffercon.com/service-areas/boyle-heights/residential-electrical-troubleshooting-repairs,/service-areas/boyle-heights/residential-electrical-troubleshooting-repairs/,2025-12-10,service_detail,3,"No action, canonical trailing slash redirect"
Page with redirect,https://shaffercon.com/service-areas/burbank/residential-electrical-troubleshooting-repairs,/service-areas/burbank/residential-electrical-troubleshooting-repairs/,2026-03-29,service_detail,3,"No action, canonical trailing slash redirect"
Page with redirect,https://shaffercon.com/service-areas/culver-city/residential-backup-generator-installation,/service-areas/culver-city/residential-backup-generator-installation/,2025-11-24,service_detail,3,"No action, canonical trailing slash redirect"
Page with redirect,https://shaffercon.com/service-areas/culver-city/residential-dedicated-equipment-circuits,/service-areas/culver-city/residential-dedicated-equipment-circuits/,2026-03-18,service_detail,3,"No action, canonical trailing slash redirect"
Page with redirect,https://shaffercon.com/service-areas/culver-city/residential-electrical-troubleshooting-repairs,/service-areas/culver-city/residential-electrical-troubleshooting-repairs/,2026-04-09,service_detail,3,"No action, canonical trailing slash redirect"
Page with redirect,https://shaffercon.com/service-areas/echo-park/residential-electrical-troubleshooting-repairs,/service-areas/echo-park/residential-electrical-troubleshooting-repairs/,2026-04-22,service_detail,3,"No action, canonical trailing slash redirect"
Page with redirect,https://shaffercon.com/service-areas/glendale/residential-dedicated-equipment-circuits,/service-areas/glendale/residential-dedicated-equipment-circuits/,2026-03-18,service_detail,3,"No action, canonical trailing slash redirect"
Page with redirect,https://shaffercon.com/service-areas/glendale/residential-electrical-troubleshooting-repairs,/service-areas/glendale/residential-electrical-troubleshooting-repairs/,2026-03-21,service_detail,3,"No action, canonical trailing slash redirect"
Page with redirect,https://shaffercon.com/service-areas/highland-park/residential-backup-generator-installation,/service-areas/highland-park/residential-backup-generator-installation/,2026-03-18,service_detail,3,"No action, canonical trailing slash redirect"
Page with redirect,https://shaffercon.com/service-areas/highland-park/residential-electrical-troubleshooting-repairs,/service-areas/highland-park/residential-electrical-troubleshooting-repairs/,2026-03-21,service_detail,3,"No action, canonical trailing slash redirect"
Page with redirect,https://shaffercon.com/service-areas/hollywood/residential-backup-generator-installation,/service-areas/hollywood/residential-backup-generator-installation/,2026-03-20,service_detail,3,"No action, canonical trailing slash redirect"
Page with redirect,https://shaffercon.com/service-areas/hollywood/residential-dedicated-equipment-circuits,/service-areas/hollywood/residential-dedicated-equipment-circuits/,2026-03-19,service_detail,3,"No action, canonical trailing slash redirect"
Page with redirect,https://shaffercon.com/service-areas/hollywood/residential-electrical-troubleshooting-repairs,/service-areas/hollywood/residential-electrical-troubleshooting-repairs/,2026-03-19,service_detail,3,"No action, canonical trailing slash redirect"
Page with redirect,https://shaffercon.com/service-areas/inglewood/residential-backup-generator-installation,/service-areas/inglewood/residential-backup-generator-installation/,2026-04-02,service_detail,3,"No action, canonical trailing slash redirect"
Page with redirect,https://shaffercon.com/service-areas/long-beach/residential-dedicated-equipment-circuits,/service-areas/long-beach/residential-dedicated-equipment-circuits/,2026-03-19,service_detail,3,"No action, canonical trailing slash redirect"
Page with redirect,https://shaffercon.com/service-areas/los-feliz/residential-backup-generator-installation,/service-areas/los-feliz/residential-backup-generator-installation/,2026-04-08,service_detail,3,"No action, canonical trailing slash redirect"
Page with redirect,https://shaffercon.com/service-areas/los-feliz/residential-dedicated-equipment-circuits,/service-areas/los-feliz/residential-dedicated-equipment-circuits/,2026-04-02,service_detail,3,"No action, canonical trailing slash redirect"
Page with redirect,https://shaffercon.com/service-areas/pacific-palisades/residential-electrical-troubleshooting-repairs,/service-areas/pacific-palisades/residential-electrical-troubleshooting-repairs/,2026-03-18,service_detail,3,"No action, canonical trailing slash redirect"
Page with redirect,https://shaffercon.com/service-areas/pasadena/residential-electrical-troubleshooting-repairs,/service-areas/pasadena/residential-electrical-troubleshooting-repairs/,2026-04-08,service_detail,3,"No action, canonical trailing slash redirect"
Page with redirect,https://shaffercon.com/service-areas/santa-clarita/residential-dedicated-equipment-circuits,/service-areas/santa-clarita/residential-dedicated-equipment-circuits/,2026-04-09,service_detail,3,"No action, canonical trailing slash redirect"
Page with redirect,https://shaffercon.com/service-areas/santa-monica/residential-dedicated-equipment-circuits,/service-areas/santa-monica/residential-dedicated-equipment-circuits/,2026-04-04,service_detail,3,"No action, canonical trailing slash redirect"
Page with redirect,https://shaffercon.com/service-areas/sherman-oaks/residential-backup-generator-installation,/service-areas/sherman-oaks/residential-backup-generator-installation/,2026-04-09,service_detail,3,"No action, canonical trailing slash redirect"
Page with redirect,https://shaffercon.com/service-areas/sherman-oaks/residential-dedicated-equipment-circuits,/service-areas/sherman-oaks/residential-dedicated-equipment-circuits/,2026-04-09,service_detail,3,"No action, canonical trailing slash redirect"
Page with redirect,https://shaffercon.com/service-areas/sherman-oaks/residential-electrical-troubleshooting-repairs,/service-areas/sherman-oaks/residential-electrical-troubleshooting-repairs/,2026-01-17,service_detail,3,"No action, canonical trailing slash redirect"
Page with redirect,https://shaffercon.com/service-areas/silver-lake/residential-dedicated-equipment-circuits,/service-areas/silver-lake/residential-dedicated-equipment-circuits/,2026-04-08,service_detail,3,"No action, canonical trailing slash redirect"
Page with redirect,https://shaffercon.com/service-areas/silver-lake/residential-electrical-troubleshooting-repairs,/service-areas/silver-lake/residential-electrical-troubleshooting-repairs/,2026-01-22,service_detail,3,"No action, canonical trailing slash redirect"
Page with redirect,https://shaffercon.com/service-areas/torrance/residential-backup-generator-installation,/service-areas/torrance/residential-backup-generator-installation/,2025-12-07,service_detail,3,"No action, canonical trailing slash redirect"
Page with redirect,https://shaffercon.com/service-areas/torrance/residential-dedicated-equipment-circuits,/service-areas/torrance/residential-dedicated-equipment-circuits/,2026-03-16,service_detail,3,"No action, canonical trailing slash redirect"
Page with redirect,https://shaffercon.com/service-areas/venice/residential-backup-generator-installation,/service-areas/venice/residential-backup-generator-installation/,2026-03-30,service_detail,3,"No action, canonical trailing slash redirect"
Page with redirect,https://shaffercon.com/service-areas/venice/residential-dedicated-equipment-circuits,/service-areas/venice/residential-dedicated-equipment-circuits/,2026-03-19,service_detail,3,"No action, canonical trailing slash redirect"
Page with redirect,https://shaffercon.com/service-areas/venice/residential-electrical-troubleshooting-repairs,/service-areas/venice/residential-electrical-troubleshooting-repairs/,2025-12-23,service_detail,3,"No action, canonical trailing slash redirect"
Page with redirect,https://shaffercon.com/service-areas/west-hollywood/residential-electrical-troubleshooting-repairs,/service-areas/west-hollywood/residential-electrical-troubleshooting-repairs/,2026-04-02,service_detail,3,"No action, canonical trailing slash redirect"
Page with redirect,https://shaffercon.com/industry-insights/advancing-electric-vehicle-infrastructure-in-los-angeles-the-role-of-shaffer-construction-inc,/industry-insights/advancing-electric-vehicle-infrastructure-in-los-angeles-the-role-of-shaffer-construction-inc/,2025-11-29,blog,2,"No action, canonical trailing slash redirect"
Page with redirect,https://shaffercon.com/industry-insights/circuit-breaker-tips-repair-safety,/industry-insights/circuit-breaker-tips-repair-safety/,2026-01-09,blog,2,"No action, canonical trailing slash redirect"
Page with redirect,https://shaffercon.com/industry-insights/common-electrical-problems-older-los-angeles-homes,/industry-insights/common-electrical-problems-older-los-angeles-homes/,2025-11-27,blog,2,"No action, canonical trailing slash redirect"
Page with redirect,https://shaffercon.com/industry-insights/customized-electrical-solutions-for-unique-home-designs,/industry-insights/customized-electrical-solutions-for-unique-home-designs/,2025-11-25,blog,2,"No action, canonical trailing slash redirect"
Page with redirect,https://shaffercon.com/industry-insights/dedicated-circuits-when-why-home-appliances-need-them,/industry-insights/dedicated-circuits-when-why-home-appliances-need-them/,2026-01-21,blog,2,"No action, canonical trailing slash redirect"
Page with redirect,https://shaffercon.com/industry-insights/el-segundo-electrician-services-contractor,/industry-insights/el-segundo-electrician-services-contractor/,2025-11-24,blog,2,"No action, canonical trailing slash redirect"
Page with redirect,https://shaffercon.com/industry-insights/electric-water-heater-installation-requirements-costs,/industry-insights/electric-water-heater-installation-requirements-costs/,2025-11-27,blog,2,"No action, canonical trailing slash redirect"
Page with redirect,https://shaffercon.com/industry-insights/electrician-canyon-country-solutions-services,/industry-insights/electrician-canyon-country-solutions-services/,2025-11-08,blog,2,"No action, canonical trailing slash redirect"
Page with redirect,https://shaffercon.com/industry-insights/electrician-inglewood-services-expert,/industry-insights/electrician-inglewood-services-expert/,2026-01-22,blog,2,"No action, canonical trailing slash redirect"
Page with redirect,https://shaffercon.com/industry-insights/electrician-monrovia-ca-comprehensive-electrical-solutions-for-you,/industry-insights/electrician-monrovia-ca-comprehensive-electrical-solutions-for-you/,2026-01-14,blog,2,"No action, canonical trailing slash redirect"
Page with redirect,https://shaffercon.com/industry-insights/electrician-san-marino-ca-services,/industry-insights/electrician-san-marino-ca-services/,2026-01-13,blog,2,"No action, canonical trailing slash redirect"
Page with redirect,https://shaffercon.com/industry-insights/emergency-electrical-repairs-when-to-call-electrician,/industry-insights/emergency-electrical-repairs-when-to-call-electrician/,2025-11-27,blog,2,"No action, canonical trailing slash redirect"
Page with redirect,https://shaffercon.com/industry-insights/exploring-the-benefits-of-solar-power-integration-in-electrical-systems,/industry-insights/exploring-the-benefits-of-solar-power-integration-in-electrical-systems/,2025-11-24,blog,2,"No action, canonical trailing slash redirect"
Page with redirect,https://shaffercon.com/industry-insights/gfi-safety-and-maintenance-essential-tips-for-homeowners,/industry-insights/gfi-safety-and-maintenance-essential-tips-for-homeowners/,2026-03-31,blog,2,"No action, canonical trailing slash redirect"
Page with redirect,https://shaffercon.com/industry-insights/how-to-reduce-electricity-bill-electrical-upgrades,/industry-insights/how-to-reduce-electricity-bill-electrical-upgrades/,2025-11-27,blog,2,"No action, canonical trailing slash redirect"
Page with redirect,https://shaffercon.com/industry-insights/kitchen-electrical-requirements-outlet-placement-guide,/industry-insights/kitchen-electrical-requirements-outlet-placement-guide/,2026-03-12,blog,2,"No action, canonical trailing slash redirect"
Page with redirect,https://shaffercon.com/industry-insights/patio-deck-electrical-planning-guide-los-angeles,/industry-insights/patio-deck-electrical-planning-guide-los-angeles/,2025-11-27,blog,2,"No action, canonical trailing slash redirect"
Page with redirect,https://shaffercon.com/industry-insights/the-future-of-electric-vehicles-impact-on-home-electrical-systems,/industry-insights/the-future-of-electric-vehicles-impact-on-home-electrical-systems/,2025-11-09,blog,2,"No action, canonical trailing slash redirect"
Page with redirect,https://shaffercon.com/industry-insights/the-role-of-electricians-in-sustainable-building-practices,/industry-insights/the-role-of-electricians-in-sustainable-building-practices/,2025-11-23,blog,2,"No action, canonical trailing slash redirect"
Page with redirect,https://shaffercon.com/industry-insights/understanding-dimmers-tips-for-optimal-use-and-installation,/industry-insights/understanding-dimmers-tips-for-optimal-use-and-installation/,2025-11-25,blog,2,"No action, canonical trailing slash redirect"
Page with redirect,https://shaffercon.com/industry-insights/understanding-the-latest-trends-in-residential-electrical-design,/industry-insights/understanding-the-latest-trends-in-residential-electrical-design/,2025-11-28,blog,2,"No action, canonical trailing slash redirect"
Page with redirect,https://shaffercon.com/industry-insights/understanding-voltage-drop-causes-and-solutions-for-your-home,/industry-insights/understanding-voltage-drop-causes-and-solutions-for-your-home/,2026-04-02,blog,2,"No action, canonical trailing slash redirect"
Page with redirect,https://shaffercon.com/industry-insights/understanding-your-los-angeles-electrical-bill,/industry-insights/understanding-your-los-angeles-electrical-bill/,2025-11-27,blog,2,"No action, canonical trailing slash redirect"
Page with redirect,https://shaffercon.com/industry-insights/winter-electrical-safety-tips,/industry-insights/winter-electrical-safety-tips/,2026-01-28,blog,2,"No action, canonical trailing slash redirect"
Page with redirect,https://shaffercon.com/service-areas/altadena,/service-areas/altadena/,2026-03-12,location,2,"No action, canonical trailing slash redirect"
Page with redirect,https://shaffercon.com/service-areas/atwater-village,/service-areas/atwater-village/,2026-03-06,location,2,"No action, canonical trailing slash redirect"
Page with redirect,https://shaffercon.com/service-areas/glendale,/service-areas/glendale/,2026-03-14,location,2,"No action, canonical trailing slash redirect"
Page with redirect,https://shaffercon.com/service-areas/highland-park,/service-areas/highland-park/,2026-03-16,location,2,"No action, canonical trailing slash redirect"
Page with redirect,https://shaffercon.com/service-areas/long-beach,/service-areas/long-beach/,2026-03-15,location,2,"No action, canonical trailing slash redirect"
Page with redirect,https://shaffercon.com/service-areas/los-feliz,/service-areas/los-feliz/,2026-03-14,location,2,"No action, canonical trailing slash redirect"
Page with redirect,https://shaffercon.com/service-areas/pasadena,/service-areas/pasadena/,2026-03-16,location,2,"No action, canonical trailing slash redirect"
Page with redirect,https://shaffercon.com/service-areas/santa-monica,/service-areas/santa-monica/,2026-03-06,location,2,"No action, canonical trailing slash redirect"
Page with redirect,https://shaffercon.com/service-areas/silver-lake,/service-areas/silver-lake/,2026-03-10,location,2,"No action, canonical trailing slash redirect"
Page with redirect,https://shaffercon.com/service-areas/torrance,/service-areas/torrance/,2026-03-09,location,2,"No action, canonical trailing slash redirect"
Page with redirect,https://shaffercon.com/service-areas/venice,/service-areas/venice/,2026-03-15,location,2,"No action, canonical trailing slash redirect"
Page with redirect,https://shaffercon.com/service-areas/altadena/residential-complete-electrical-rewiring,/service-areas/altadena/residential-complete-electrical-rewiring/,2026-04-09,service_detail,2,"No action, canonical trailing slash redirect"
Page with redirect,https://shaffercon.com/service-areas/altadena/residential-exhaust-fan-ventilation-wiring,/service-areas/altadena/residential-exhaust-fan-ventilation-wiring/,2026-03-16,service_detail,2,"No action, canonical trailing slash redirect"
Page with redirect,https://shaffercon.com/service-areas/altadena/residential-outlet-switch-dimmer-services,/service-areas/altadena/residential-outlet-switch-dimmer-services/,2026-03-30,service_detail,2,"No action, canonical trailing slash redirect"
Page with redirect,https://shaffercon.com/service-areas/altadena/residential-whole-building-surge-protection,/service-areas/altadena/residential-whole-building-surge-protection/,2025-11-24,service_detail,2,"No action, canonical trailing slash redirect"
Page with redirect,https://shaffercon.com/service-areas/atwater-village/residential-complete-electrical-rewiring,/service-areas/atwater-village/residential-complete-electrical-rewiring/,2026-04-02,service_detail,2,"No action, canonical trailing slash redirect"
Page with redirect,https://shaffercon.com/service-areas/atwater-village/residential-energy-efficiency-upgrades,/service-areas/atwater-village/residential-energy-efficiency-upgrades/,2026-04-09,service_detail,2,"No action, canonical trailing slash redirect"
Page with redirect,https://shaffercon.com/service-areas/atwater-village/residential-exhaust-fan-ventilation-wiring,/service-areas/atwater-village/residential-exhaust-fan-ventilation-wiring/,2026-03-21,service_detail,2,"No action, canonical trailing slash redirect"
Page with redirect,https://shaffercon.com/service-areas/atwater-village/residential-outlet-switch-dimmer-services,/service-areas/atwater-village/residential-outlet-switch-dimmer-services/,2026-03-18,service_detail,2,"No action, canonical trailing slash redirect"
Page with redirect,https://shaffercon.com/service-areas/boyle-heights/residential-complete-electrical-rewiring,/service-areas/boyle-heights/residential-complete-electrical-rewiring/,2026-04-09,service_detail,2,"No action, canonical trailing slash redirect"
Page with redirect,https://shaffercon.com/service-areas/boyle-heights/residential-energy-efficiency-upgrades,/service-areas/boyle-heights/residential-energy-efficiency-upgrades/,2026-03-22,service_detail,2,"No action, canonical trailing slash redirect"
Page with redirect,https://shaffercon.com/service-areas/boyle-heights/residential-exhaust-fan-ventilation-wiring,/service-areas/boyle-heights/residential-exhaust-fan-ventilation-wiring/,2026-04-09,service_detail,2,"No action, canonical trailing slash redirect"
Page with redirect,https://shaffercon.com/service-areas/boyle-heights/residential-outlet-switch-dimmer-services,/service-areas/boyle-heights/residential-outlet-switch-dimmer-services/,2026-03-30,service_detail,2,"No action, canonical trailing slash redirect"
Page with redirect,https://shaffercon.com/service-areas/burbank/residential-complete-electrical-rewiring,/service-areas/burbank/residential-complete-electrical-rewiring/,2026-03-29,service_detail,2,"No action, canonical trailing slash redirect"
Page with redirect,https://shaffercon.com/service-areas/burbank/residential-energy-efficiency-upgrades,/service-areas/burbank/residential-energy-efficiency-upgrades/,2026-03-21,service_detail,2,"No action, canonical trailing slash redirect"
Page with redirect,https://shaffercon.com/service-areas/burbank/residential-exhaust-fan-ventilation-wiring,/service-areas/burbank/residential-exhaust-fan-ventilation-wiring/,2025-11-24,service_detail,2,"No action, canonical trailing slash redirect"
Page with redirect,https://shaffercon.com/service-areas/burbank/residential-outlet-switch-dimmer-services,/service-areas/burbank/residential-outlet-switch-dimmer-services/,2026-04-09,service_detail,2,"No action, canonical trailing slash redirect"
Page with redirect,https://shaffercon.com/service-areas/burbank/residential-whole-building-surge-protection,/service-areas/burbank/residential-whole-building-surge-protection/,2026-03-16,service_detail,2,"No action, canonical trailing slash redirect"
Page with redirect,https://shaffercon.com/service-areas/culver-city/residential-energy-efficiency-upgrades,/service-areas/culver-city/residential-energy-efficiency-upgrades/,2026-03-21,service_detail,2,"No action, canonical trailing slash redirect"
Page with redirect,https://shaffercon.com/service-areas/culver-city/residential-exhaust-fan-ventilation-wiring,/service-areas/culver-city/residential-exhaust-fan-ventilation-wiring/,2026-03-21,service_detail,2,"No action, canonical trailing slash redirect"
Page with redirect,https://shaffercon.com/service-areas/culver-city/residential-outlet-switch-dimmer-services,/service-areas/culver-city/residential-outlet-switch-dimmer-services/,2026-03-21,service_detail,2,"No action, canonical trailing slash redirect"
Page with redirect,https://shaffercon.com/service-areas/culver-city/residential-whole-building-surge-protection,/service-areas/culver-city/residential-whole-building-surge-protection/,2025-11-25,service_detail,2,"No action, canonical trailing slash redirect"
Page with redirect,https://shaffercon.com/service-areas/echo-park/residential-complete-electrical-rewiring,/service-areas/echo-park/residential-complete-electrical-rewiring/,2026-03-18,service_detail,2,"No action, canonical trailing slash redirect"
Page with redirect,https://shaffercon.com/service-areas/echo-park/residential-energy-efficiency-upgrades,/service-areas/echo-park/residential-energy-efficiency-upgrades/,2026-04-09,service_detail,2,"No action, canonical trailing slash redirect"
Page with redirect,https://shaffercon.com/service-areas/echo-park/residential-exhaust-fan-ventilation-wiring,/service-areas/echo-park/residential-exhaust-fan-ventilation-wiring/,2026-03-30,service_detail,2,"No action, canonical trailing slash redirect"
Page with redirect,https://shaffercon.com/service-areas/echo-park/residential-outlet-switch-dimmer-services,/service-areas/echo-park/residential-outlet-switch-dimmer-services/,2026-03-21,service_detail,2,"No action, canonical trailing slash redirect"
Page with redirect,https://shaffercon.com/service-areas/echo-park/residential-whole-building-surge-protection,/service-areas/echo-park/residential-whole-building-surge-protection/,2026-02-21,service_detail,2,"No action, canonical trailing slash redirect"
Page with redirect,https://shaffercon.com/service-areas/glendale/residential-complete-electrical-rewiring,/service-areas/glendale/residential-complete-electrical-rewiring/,2026-03-17,service_detail,2,"No action, canonical trailing slash redirect"
Page with redirect,https://shaffercon.com/service-areas/glendale/residential-exhaust-fan-ventilation-wiring,/service-areas/glendale/residential-exhaust-fan-ventilation-wiring/,2026-03-19,service_detail,2,"No action, canonical trailing slash redirect"
Page with redirect,https://shaffercon.com/service-areas/glendale/residential-outlet-switch-dimmer-services,/service-areas/glendale/residential-outlet-switch-dimmer-services/,2025-11-23,service_detail,2,"No action, canonical trailing slash redirect"
Page with redirect,https://shaffercon.com/service-areas/glendale/residential-whole-building-surge-protection,/service-areas/glendale/residential-whole-building-surge-protection/,2026-03-22,service_detail,2,"No action, canonical trailing slash redirect"
Page with redirect,https://shaffercon.com/service-areas/highland-park/residential-complete-electrical-rewiring,/service-areas/highland-park/residential-complete-electrical-rewiring/,2026-03-19,service_detail,2,"No action, canonical trailing slash redirect"
Page with redirect,https://shaffercon.com/service-areas/highland-park/residential-energy-efficiency-upgrades,/service-areas/highland-park/residential-energy-efficiency-upgrades/,2026-03-31,service_detail,2,"No action, canonical trailing slash redirect"
Page with redirect,https://shaffercon.com/service-areas/highland-park/residential-outlet-switch-dimmer-services,/service-areas/highland-park/residential-outlet-switch-dimmer-services/,2025-11-24,service_detail,2,"No action, canonical trailing slash redirect"
Page with redirect,https://shaffercon.com/service-areas/highland-park/residential-whole-building-surge-protection,/service-areas/highland-park/residential-whole-building-surge-protection/,2026-04-11,service_detail,2,"No action, canonical trailing slash redirect"
Page with redirect,https://shaffercon.com/service-areas/hollywood/residential-energy-efficiency-upgrades,/service-areas/hollywood/residential-energy-efficiency-upgrades/,2026-04-08,service_detail,2,"No action, canonical trailing slash redirect"
Page with redirect,https://shaffercon.com/service-areas/hollywood/residential-exhaust-fan-ventilation-wiring,/service-areas/hollywood/residential-exhaust-fan-ventilation-wiring/,2026-03-21,service_detail,2,"No action, canonical trailing slash redirect"
Page with redirect,https://shaffercon.com/service-areas/hollywood/residential-outlet-switch-dimmer-services,/service-areas/hollywood/residential-outlet-switch-dimmer-services/,2026-04-09,service_detail,2,"No action, canonical trailing slash redirect"
Page with redirect,https://shaffercon.com/service-areas/inglewood/residential-complete-electrical-rewiring,/service-areas/inglewood/residential-complete-electrical-rewiring/,2026-03-16,service_detail,2,"No action, canonical trailing slash redirect"
Page with redirect,https://shaffercon.com/service-areas/inglewood/residential-energy-efficiency-upgrades,/service-areas/inglewood/residential-energy-efficiency-upgrades/,2026-03-16,service_detail,2,"No action, canonical trailing slash redirect"
Page with redirect,https://shaffercon.com/service-areas/inglewood/residential-exhaust-fan-ventilation-wiring,/service-areas/inglewood/residential-exhaust-fan-ventilation-wiring/,2025-11-24,service_detail,2,"No action, canonical trailing slash redirect"
Page with redirect,https://shaffercon.com/service-areas/inglewood/residential-outlet-switch-dimmer-services,/service-areas/inglewood/residential-outlet-switch-dimmer-services/,2026-03-16,service_detail,2,"No action, canonical trailing slash redirect"
Page with redirect,https://shaffercon.com/service-areas/long-beach/residential-exhaust-fan-ventilation-wiring,/service-areas/long-beach/residential-exhaust-fan-ventilation-wiring/,2026-03-17,service_detail,2,"No action, canonical trailing slash redirect"
Page with redirect,https://shaffercon.com/service-areas/long-beach/residential-whole-building-surge-protection,/service-areas/long-beach/residential-whole-building-surge-protection/,2026-01-21,service_detail,2,"No action, canonical trailing slash redirect"
Page with redirect,https://shaffercon.com/service-areas/los-feliz/residential-complete-electrical-rewiring,/service-areas/los-feliz/residential-complete-electrical-rewiring/,2026-03-21,service_detail,2,"No action, canonical trailing slash redirect"
Page with redirect,https://shaffercon.com/service-areas/los-feliz/residential-energy-efficiency-upgrades,/service-areas/los-feliz/residential-energy-efficiency-upgrades/,2026-03-17,service_detail,2,"No action, canonical trailing slash redirect"
Page with redirect,https://shaffercon.com/service-areas/los-feliz/residential-exhaust-fan-ventilation-wiring,/service-areas/los-feliz/residential-exhaust-fan-ventilation-wiring/,2026-04-09,service_detail,2,"No action, canonical trailing slash redirect"
Page with redirect,https://shaffercon.com/service-areas/los-feliz/residential-outlet-switch-dimmer-services,/service-areas/los-feliz/residential-outlet-switch-dimmer-services/,2025-12-23,service_detail,2,"No action, canonical trailing slash redirect"
Page with redirect,https://shaffercon.com/service-areas/pacific-palisades/residential-complete-electrical-rewiring,/service-areas/pacific-palisades/residential-complete-electrical-rewiring/,2025-12-10,service_detail,2,"No action, canonical trailing slash redirect"
Page with redirect,https://shaffercon.com/service-areas/pasadena/residential-complete-electrical-rewiring,/service-areas/pasadena/residential-complete-electrical-rewiring/,2026-04-22,service_detail,2,"No action, canonical trailing slash redirect"
Page with redirect,https://shaffercon.com/service-areas/pasadena/residential-energy-efficiency-upgrades,/service-areas/pasadena/residential-energy-efficiency-upgrades/,2025-11-09,service_detail,2,"No action, canonical trailing slash redirect"
Page with redirect,https://shaffercon.com/service-areas/pasadena/residential-outlet-switch-dimmer-services,/service-areas/pasadena/residential-outlet-switch-dimmer-services/,2026-03-16,service_detail,2,"No action, canonical trailing slash redirect"
Page with redirect,https://shaffercon.com/service-areas/santa-clarita/residential-complete-electrical-rewiring,/service-areas/santa-clarita/residential-complete-electrical-rewiring/,2025-12-09,service_detail,2,"No action, canonical trailing slash redirect"
Page with redirect,https://shaffercon.com/service-areas/santa-clarita/residential-energy-efficiency-upgrades,/service-areas/santa-clarita/residential-energy-efficiency-upgrades/,2025-12-06,service_detail,2,"No action, canonical trailing slash redirect"
Page with redirect,https://shaffercon.com/service-areas/santa-clarita/residential-exhaust-fan-ventilation-wiring,/service-areas/santa-clarita/residential-exhaust-fan-ventilation-wiring/,2026-04-09,service_detail,2,"No action, canonical trailing slash redirect"
Page with redirect,https://shaffercon.com/service-areas/santa-clarita/residential-outlet-switch-dimmer-services,/service-areas/santa-clarita/residential-outlet-switch-dimmer-services/,2026-03-16,service_detail,2,"No action, canonical trailing slash redirect"
Page with redirect,https://shaffercon.com/service-areas/santa-clarita/residential-whole-building-surge-protection,/service-areas/santa-clarita/residential-whole-building-surge-protection/,2026-04-08,service_detail,2,"No action, canonical trailing slash redirect"
Page with redirect,https://shaffercon.com/service-areas/santa-monica/residential-complete-electrical-rewiring,/service-areas/santa-monica/residential-complete-electrical-rewiring/,2026-03-18,service_detail,2,"No action, canonical trailing slash redirect"
Page with redirect,https://shaffercon.com/service-areas/santa-monica/residential-energy-efficiency-upgrades,/service-areas/santa-monica/residential-energy-efficiency-upgrades/,2026-04-09,service_detail,2,"No action, canonical trailing slash redirect"
Page with redirect,https://shaffercon.com/service-areas/santa-monica/residential-outlet-switch-dimmer-services,/service-areas/santa-monica/residential-outlet-switch-dimmer-services/,2025-11-28,service_detail,2,"No action, canonical trailing slash redirect"
Page with redirect,https://shaffercon.com/service-areas/sherman-oaks/residential-complete-electrical-rewiring,/service-areas/sherman-oaks/residential-complete-electrical-rewiring/,2026-03-21,service_detail,2,"No action, canonical trailing slash redirect"
Page with redirect,https://shaffercon.com/service-areas/sherman-oaks/residential-energy-efficiency-upgrades,/service-areas/sherman-oaks/residential-energy-efficiency-upgrades/,2025-11-24,service_detail,2,"No action, canonical trailing slash redirect"
Page with redirect,https://shaffercon.com/service-areas/sherman-oaks/residential-exhaust-fan-ventilation-wiring,/service-areas/sherman-oaks/residential-exhaust-fan-ventilation-wiring/,2026-04-02,service_detail,2,"No action, canonical trailing slash redirect"
Page with redirect,https://shaffercon.com/service-areas/sherman-oaks/residential-outlet-switch-dimmer-services,/service-areas/sherman-oaks/residential-outlet-switch-dimmer-services/,2025-11-28,service_detail,2,"No action, canonical trailing slash redirect"
Page with redirect,https://shaffercon.com/service-areas/sherman-oaks/residential-whole-building-surge-protection,/service-areas/sherman-oaks/residential-whole-building-surge-protection/,2026-03-18,service_detail,2,"No action, canonical trailing slash redirect"
Page with redirect,https://shaffercon.com/service-areas/torrance/residential-energy-efficiency-upgrades,/service-areas/torrance/residential-energy-efficiency-upgrades/,2025-11-24,service_detail,2,"No action, canonical trailing slash redirect"
Page with redirect,https://shaffercon.com/service-areas/torrance/residential-whole-building-surge-protection,/service-areas/torrance/residential-whole-building-surge-protection/,2026-04-02,service_detail,2,"No action, canonical trailing slash redirect"
Page with redirect,https://shaffercon.com/service-areas/venice/residential-complete-electrical-rewiring,/service-areas/venice/residential-complete-electrical-rewiring/,2026-03-19,service_detail,2,"No action, canonical trailing slash redirect"
Page with redirect,https://shaffercon.com/service-areas/venice/residential-exhaust-fan-ventilation-wiring,/service-areas/venice/residential-exhaust-fan-ventilation-wiring/,2026-03-10,service_detail,2,"No action, canonical trailing slash redirect"
Page with redirect,https://shaffercon.com/service-areas/venice/residential-outlet-switch-dimmer-services,/service-areas/venice/residential-outlet-switch-dimmer-services/,2025-11-23,service_detail,2,"No action, canonical trailing slash redirect"
Page with redirect,https://shaffercon.com/service-areas/venice/residential-whole-building-surge-protection,/service-areas/venice/residential-whole-building-surge-protection/,2026-03-30,service_detail,2,"No action, canonical trailing slash redirect"
Page with redirect,https://shaffercon.com/service-areas/west-hollywood/residential-complete-electrical-rewiring,/service-areas/west-hollywood/residential-complete-electrical-rewiring/,2026-03-18,service_detail,2,"No action, canonical trailing slash redirect"
Page with redirect,https://shaffercon.com/service-areas/west-hollywood/residential-energy-efficiency-upgrades,/service-areas/west-hollywood/residential-energy-efficiency-upgrades/,2026-03-04,service_detail,2,"No action, canonical trailing slash redirect"
Page with redirect,https://shaffercon.com/service-areas/west-hollywood/residential-outlet-switch-dimmer-services,/service-areas/west-hollywood/residential-outlet-switch-dimmer-services/,2026-04-09,service_detail,2,"No action, canonical trailing slash redirect"
Page with redirect,https://shaffercon.com/service-areas/west-hollywood/residential-whole-building-surge-protection,/service-areas/west-hollywood/residential-whole-building-surge-protection/,2026-03-17,service_detail,2,"No action, canonical trailing slash redirect"
Page with redirect,https://shaffercon.com/about-us,/about-us/,2026-03-17,top_level,2,"No action, canonical trailing slash redirect"
Page with redirect,https://shaffercon.com/contact-us,/contact-us/,2026-03-11,top_level,2,"No action, canonical trailing slash redirect"
Page with redirect,https://shaffercon.com/residential-energy-efficiency-upgrades/,/residential-energy-efficiency-upgrades/,2025-10-21,top_level,2,Low priority
Page with redirect,https://shaffercon.com/service-areas?search=%7Bsearch_term_string%7D,/service-areas/,2026-03-15,top_level,2,"No action, canonical trailing slash redirect"
Page with redirect,https://shaffercon.com/service-areas,/service-areas/,2026-03-11,top_level,2,"No action, canonical trailing slash redirect"
Page with redirect,https://shaffercon.com/industry-insights/byd-overtakes-tesla-kia-ev3-usa-nevi-funding-battle-hoboken-jolt-leapmotor-europe,/industry-insights/byd-overtakes-tesla-kia-ev3-usa-nevi-funding-battle-hoboken-jolt-leapmotor-europe/,2026-01-15,blog,1,"No action, canonical trailing slash redirect"
Page with redirect,https://shaffercon.com/industry-insights/california-200000-ev-chargers-oregon-fleet-rebate-germany-truck-charging-electrify-america-simon-tesla-2025-deliveries,/industry-insights/california-200000-ev-chargers-oregon-fleet-rebate-germany-truck-charging-electrify-america-simon-tesla-2025-deliveries/,2025-12-27,blog,1,"No action, canonical trailing slash redirect"
Page with redirect,https://shaffercon.com/industry-insights/ces-2026-mercedes-electric-glc-chargepoint-600kw-used-ev-deals-afeela-tesla-robotaxi,/industry-insights/ces-2026-mercedes-electric-glc-chargepoint-600kw-used-ev-deals-afeela-tesla-robotaxi/,2026-03-04,blog,1,"No action, canonical trailing slash redirect"
Page with redirect,https://shaffercon.com/industry-insights/china-1500kw-charging-gap-ev-consideration-11-percent-toyota-lexus-q1-record-ev-prices-record-low-gap-tesla-supercharger-market-share,/industry-insights/china-1500kw-charging-gap-ev-consideration-11-percent-toyota-lexus-q1-record-ev-prices-record-low-gap-tesla-supercharger-market-share/,2026-04-16,blog,1,"No action, canonical trailing slash redirect"
Page with redirect,https://shaffercon.com/industry-insights/critical-ev-charging-infrastructure-developments-600kw-ultra-fast-charging-launch-reliability-crisis-exposed-california-surpasses-200000-chargers-federal-heavy-duty-investment-and-municipal-gran,/industry-insights/critical-ev-charging-infrastructure-developments-600kw-ultra-fast-charging-launch-reliability-crisis-exposed-california-surpasses-200000-chargers-federal-heavy-duty-investment-and-municipal-gran/,2025-12-29,blog,1,"No action, canonical trailing slash redirect"
Page with redirect,https://shaffercon.com/industry-insights/dodge-charger-nacs-tesla-supercharger-byd-megawatt-technology-year-environmental-groups-lawsuit-electrify-america-dual-cable,/industry-insights/dodge-charger-nacs-tesla-supercharger-byd-megawatt-technology-year-environmental-groups-lawsuit-electrify-america-dual-cable/,2025-12-21,blog,1,"No action, canonical trailing slash redirect"
Page with redirect,https://shaffercon.com/industry-insights/ev-charger-installation-in-los-angeles-the-2024-guide-to-home-public-and-commercial-solutions,/industry-insights/ev-charger-installation-in-los-angeles-the-2024-guide-to-home-public-and-commercial-solutions/,2025-12-24,blog,1,"No action, canonical trailing slash redirect"
Page with redirect,https://shaffercon.com/industry-insights/ev-charging-70000-ports-nevi-reboots-california-79m-grants-v2g-mainstream,/industry-insights/ev-charging-70000-ports-nevi-reboots-california-79m-grants-v2g-mainstream/,2026-04-08,blog,1,"No action, canonical trailing slash redirect"
Page with redirect,https://shaffercon.com/industry-insights/ev-charging-expansion-in-los-angeles-essential-trends-technology-and-tips-for-property-owners-and-businesses,/industry-insights/ev-charging-expansion-in-los-angeles-essential-trends-technology-and-tips-for-property-owners-and-businesses/,2025-11-08,blog,1,"No action, canonical trailing slash redirect"
Page with redirect,https://shaffercon.com/industry-insights/ev-charging-in-2024-essential-trends-and-installation-tips-for-homeowners-businesses-in-los-angeles,/industry-insights/ev-charging-in-2024-essential-trends-and-installation-tips-for-homeowners-businesses-in-los-angeles/,2025-11-26,blog,1,"No action, canonical trailing slash redirect"
Page with redirect,https://shaffercon.com/industry-insights/ev-charging-in-2025-what-homeowners-property-managers-and-businesses-need-to-know,/industry-insights/ev-charging-in-2025-what-homeowners-property-managers-and-businesses-need-to-know/,2025-12-26,blog,1,"No action, canonical trailing slash redirect"
Page with redirect,https://shaffercon.com/industry-insights/ev-charging-infrastructure-in-2025-what-property-owners-in-los-angeles-need-to-know,/industry-insights/ev-charging-infrastructure-in-2025-what-property-owners-in-los-angeles-need-to-know/,2025-11-25,blog,1,"No action, canonical trailing slash redirect"
Page with redirect,https://shaffercon.com/industry-insights/ev-charging-infrastructure-transformation-colorado-nevi-funding-tesla-ai-platform-record-supercharger-expansion-pennsylvania-certification-and-wireless-charging-growth,/industry-insights/ev-charging-infrastructure-transformation-colorado-nevi-funding-tesla-ai-platform-record-supercharger-expansion-pennsylvania-certification-and-wireless-charging-growth/,2025-12-30,blog,1,"No action, canonical trailing slash redirect"
Page with redirect,https://shaffercon.com/industry-insights/ev-charging-infrastructure-trends-2024-innovations-accessibility-and-business-benefits-for-california-and-beyond,/industry-insights/ev-charging-infrastructure-trends-2024-innovations-accessibility-and-business-benefits-for-california-and-beyond/,2025-12-08,blog,1,"No action, canonical trailing slash redirect"
Page with redirect,https://shaffercon.com/industry-insights/ev-technology-breakthroughs-solid-state-batteries-v2g-charging-and-nacs-standardization-transform-los-angeles-infrastructure,/industry-insights/ev-technology-breakthroughs-solid-state-batteries-v2g-charging-and-nacs-standardization-transform-los-angeles-infrastructure/,2025-12-20,blog,1,"No action, canonical trailing slash redirect"
Page with redirect,https://shaffercon.com/industry-insights/evgo-prefabricated-stations-ford-f150-lightning-ends-erev-tesla-fairbanks-megawatt-charging-trucks,/industry-insights/evgo-prefabricated-stations-ford-f150-lightning-ends-erev-tesla-fairbanks-megawatt-charging-trucks/,2025-12-17,blog,1,"No action, canonical trailing slash redirect"
Page with redirect,https://shaffercon.com/industry-insights/ford-19-billion-ev-writedown-lightning-canceled-byd-overtakes-tesla-factorial-solid-state-battery-electrify-america-charge-limit,/industry-insights/ford-19-billion-ev-writedown-lightning-canceled-byd-overtakes-tesla-factorial-solid-state-battery-electrify-america-charge-limit/,2025-12-27,blog,1,"No action, canonical trailing slash redirect"
Page with redirect,https://shaffercon.com/industry-insights/indiana-wireless-highway-charging-bmw-supercharger-access-walmart-network-stellantis-nacs-tesla-3d-maps,/industry-insights/indiana-wireless-highway-charging-bmw-supercharger-access-walmart-network-stellantis-nacs-tesla-3d-maps/,2025-12-31,blog,1,"No action, canonical trailing slash redirect"
Page with redirect,https://shaffercon.com/industry-insights/ionna-circle-k-350-site-partnership-ohio-51m-nevi-64-sites-byd-1500kw-flash-charging-cox-auto-q1-ev-reset-mercedes-eqs-926km-800v,/industry-insights/ionna-circle-k-350-site-partnership-ohio-51m-nevi-64-sites-byd-1500kw-flash-charging-cox-auto-q1-ev-reset-mercedes-eqs-926km-800v/,2026-04-16,blog,1,"No action, canonical trailing slash redirect"
Page with redirect,https://shaffercon.com/industry-insights/laz-parking-50000-ev-chargers-ford-19-billion-writedown-hydrohertz-68-percent-faster-charging-bmw-supercharger,/industry-insights/laz-parking-50000-ev-chargers-ford-19-billion-writedown-hydrohertz-68-percent-faster-charging-bmw-supercharger/,2026-01-02,blog,1,"No action, canonical trailing slash redirect"
Page with redirect,https://shaffercon.com/industry-insights/nec-2026-qualified-installer-requirement-charging-reliability-86-percent-commercial-roi-3-5-year-payback,/industry-insights/nec-2026-qualified-installer-requirement-charging-reliability-86-percent-commercial-roi-3-5-year-payback/,2026-03-08,blog,1,"No action, canonical trailing slash redirect"
Page with redirect,https://shaffercon.com/industry-insights/october-2025-ev-charging-milestone-record-u-s-infrastructure-expansion-california-reliability-standards-and-innovative-streetlight-solutions-transform-los-angeles-landscape,/industry-insights/october-2025-ev-charging-milestone-record-u-s-infrastructure-expansion-california-reliability-standards-and-innovative-streetlight-solutions-transform-los-angeles-landscape/,2025-11-24,blog,1,"No action, canonical trailing slash redirect"
Page with redirect,https://shaffercon.com/industry-insights/october-2025-ev-infrastructure-acceleration-record-charging-expansion-nevi-program-growth-tesla-v4-milestone-wireless-technology-breakthrough-and-california-leadership-transform-market-dynamics,/industry-insights/october-2025-ev-infrastructure-acceleration-record-charging-expansion-nevi-program-growth-tesla-v4-milestone-wireless-technology-breakthrough-and-california-leadership-transform-market-dynamics/,2025-12-20,blog,1,"No action, canonical trailing slash redirect"
Page with redirect,https://shaffercon.com/industry-insights/pool-hot-tub-electrical-requirements-los-angeles,/industry-insights/pool-hot-tub-electrical-requirements-los-angeles/,2025-11-27,blog,1,"No action, canonical trailing slash redirect"
Page with redirect,https://shaffercon.com/industry-insights/states-sue-ev-charging-funds-65000-dc-fast-chargers-oslo-model-ws-development-electrify-america-2026-predictions,/industry-insights/states-sue-ev-charging-funds-65000-dc-fast-chargers-oslo-model-ws-development-electrify-america-2026-predictions/,2025-12-21,blog,1,"No action, canonical trailing slash redirect"
Page with redirect,https://shaffercon.com/industry-insights/tesla-3d-supercharger-maps-porsche-closes-china-network-ford-ionna-plug-charge-holiday-travel-charging,/industry-insights/tesla-3d-supercharger-maps-porsche-closes-china-network-ford-ionna-plug-charge-holiday-travel-charging/,2026-01-05,blog,1,"No action, canonical trailing slash redirect"
Page with redirect,https://shaffercon.com/industry-insights/tesla-940k-supercharger-business-configurator-walmart-50-percent-expansion-yermo-400-stall-toronto-480v-fast-track-coachella-charging-congestion,/industry-insights/tesla-940k-supercharger-business-configurator-walmart-50-percent-expansion-yermo-400-stall-toronto-480v-fast-track-coachella-charging-congestion/,2026-04-16,blog,1,"No action, canonical trailing slash redirect"
Page with redirect,https://shaffercon.com/industry-insights/tesla-supercharger-business-program-us-dc-fast-charging-record-gas-stations-ev-chargers-california-leads-adoption,/industry-insights/tesla-supercharger-business-program-us-dc-fast-charging-record-gas-stations-ev-chargers-california-leads-adoption/,2026-03-12,blog,1,"No action, canonical trailing slash redirect"
Page with redirect,https://shaffercon.com/industry-insights/tesla-supercharger-record-polestar-4-price-cut-ann-arbor-ev-expansion-florida-wireless-charging-byd-megawatt,/industry-insights/tesla-supercharger-record-polestar-4-price-cut-ann-arbor-ev-expansion-florida-wireless-charging-byd-megawatt/,2026-01-15,blog,1,"No action, canonical trailing slash redirect"
Page with redirect,https://shaffercon.com/industry-insights/the-future-of-ev-charging-federal-grants-technological-advancements-and-infrastructure-expansion,/industry-insights/the-future-of-ev-charging-federal-grants-technological-advancements-and-infrastructure-expansion/,2025-11-23,blog,1,"No action, canonical trailing slash redirect"
Page with redirect,https://shaffercon.com/industry-insights/the-future-of-ev-charging-government-initiatives-innovations-and-challenges-in-2024,/industry-insights/the-future-of-ev-charging-government-initiatives-innovations-and-challenges-in-2024/,2025-11-25,blog,1,"No action, canonical trailing slash redirect"
Page with redirect,https://shaffercon.com/industry-insights/the-future-of-ev-charging-infrastructure-top-trends-shaping-los-angeles-in-2024,/industry-insights/the-future-of-ev-charging-infrastructure-top-trends-shaping-los-angeles-in-2024/,2025-11-23,blog,1,"No action, canonical trailing slash redirect"
Page with redirect,https://shaffercon.com/industry-insights/the-future-of-ev-charging-innovations-expansions-and-key-partnerships-shaping-the-industry,/industry-insights/the-future-of-ev-charging-innovations-expansions-and-key-partnerships-shaping-the-industry/,2025-11-27,blog,1,"No action, canonical trailing slash redirect"
Page with redirect,https://shaffercon.com/industry-insights/the-rapid-expansion-of-ev-charging-infrastructure-key-insights-policy-updates-and-practical-tips-for-home-and-business-owners,/industry-insights/the-rapid-expansion-of-ev-charging-infrastructure-key-insights-policy-updates-and-practical-tips-for-home-and-business-owners/,2026-01-07,blog,1,"No action, canonical trailing slash redirect"
Page with redirect,https://shaffercon.com/industry-insights/top-electric-vehicles-for-2024-a-comprehensive-guide,/industry-insights/top-electric-vehicles-for-2024-a-comprehensive-guide/,2026-01-09,blog,1,"No action, canonical trailing slash redirect"
Page with redirect,https://shaffercon.com/industry-insights/why-ev-charger-installations-are-accelerating-in-2025-what-property-owners-in-los-angeles-need-to-know,/industry-insights/why-ev-charger-installations-are-accelerating-in-2025-what-property-owners-in-los-angeles-need-to-know/,2026-01-19,blog,1,"No action, canonical trailing slash redirect"
Page with redirect,https://shaffercon.com/industry-insights/xcharge-brooklyn-depot-donut-lab-solid-state-battery-prologium-california-nevi-grant-honda-afeela,/industry-insights/xcharge-brooklyn-depot-donut-lab-solid-state-battery-prologium-california-nevi-grant-honda-afeela/,2026-01-13,blog,1,"No action, canonical trailing slash redirect"
Page with redirect,https://shaffercon.com/service-areas/altadena/commercial-ceiling-fan-fixture-installation,/service-areas/altadena/commercial-ceiling-fan-fixture-installation/,2025-11-09,service_detail,1,"No action, canonical trailing slash redirect"
Page with redirect,https://shaffercon.com/service-areas/altadena/commercial-data-network-av-wiring,/service-areas/altadena/commercial-data-network-av-wiring/,2025-11-24,service_detail,1,"No action, canonical trailing slash redirect"
Page with redirect,https://shaffercon.com/service-areas/altadena/commercial-pool-hot-tub-spa-electrical,/service-areas/altadena/commercial-pool-hot-tub-spa-electrical/,2026-03-22,service_detail,1,"No action, canonical trailing slash redirect"
Page with redirect,https://shaffercon.com/service-areas/altadena/commercial-smart-automation-systems,/service-areas/altadena/commercial-smart-automation-systems/,2026-03-31,service_detail,1,"No action, canonical trailing slash redirect"
Page with redirect,https://shaffercon.com/service-areas/altadena/residential-ceiling-fan-fixture-installation,/service-areas/altadena/residential-ceiling-fan-fixture-installation/,2025-11-24,service_detail,1,"No action, canonical trailing slash redirect"
Page with redirect,https://shaffercon.com/service-areas/altadena/residential-data-network-av-wiring,/service-areas/altadena/residential-data-network-av-wiring/,2025-11-09,service_detail,1,"No action, canonical trailing slash redirect"
Page with redirect,https://shaffercon.com/service-areas/altadena/residential-pool-hot-tub-spa-electrical,/service-areas/altadena/residential-pool-hot-tub-spa-electrical/,2026-04-11,service_detail,1,"No action, canonical trailing slash redirect"
Page with redirect,https://shaffercon.com/service-areas/atwater-village/commercial-ceiling-fan-fixture-installation,/service-areas/atwater-village/commercial-ceiling-fan-fixture-installation/,2026-03-17,service_detail,1,"No action, canonical trailing slash redirect"
Page with redirect,https://shaffercon.com/service-areas/atwater-village/commercial-pool-hot-tub-spa-electrical,/service-areas/atwater-village/commercial-pool-hot-tub-spa-electrical/,2026-03-31,service_detail,1,"No action, canonical trailing slash redirect"
Page with redirect,https://shaffercon.com/service-areas/atwater-village/residential-ceiling-fan-fixture-installation,/service-areas/atwater-village/residential-ceiling-fan-fixture-installation/,2026-03-21,service_detail,1,"No action, canonical trailing slash redirect"
Page with redirect,https://shaffercon.com/service-areas/atwater-village/residential-data-network-av-wiring,/service-areas/atwater-village/residential-data-network-av-wiring/,2025-11-27,service_detail,1,"No action, canonical trailing slash redirect"
Page with redirect,https://shaffercon.com/service-areas/atwater-village/residential-pool-hot-tub-spa-electrical,/service-areas/atwater-village/residential-pool-hot-tub-spa-electrical/,2025-12-10,service_detail,1,"No action, canonical trailing slash redirect"
Page with redirect,https://shaffercon.com/service-areas/atwater-village/residential-smart-automation-systems,/service-areas/atwater-village/residential-smart-automation-systems/,2026-01-23,service_detail,1,"No action, canonical trailing slash redirect"
Page with redirect,https://shaffercon.com/service-areas/beverly-hills/commercial-data-network-av-wiring,/service-areas/beverly-hills/commercial-data-network-av-wiring/,2026-03-11,service_detail,1,"No action, canonical trailing slash redirect"
Page with redirect,https://shaffercon.com/service-areas/beverly-hills/commercial-pool-hot-tub-spa-electrical,/service-areas/beverly-hills/commercial-pool-hot-tub-spa-electrical/,2026-04-18,service_detail,1,"No action, canonical trailing slash redirect"
Page with redirect,https://shaffercon.com/service-areas/beverly-hills/residential-ceiling-fan-fixture-installation,/service-areas/beverly-hills/residential-ceiling-fan-fixture-installation/,2026-03-03,service_detail,1,"No action, canonical trailing slash redirect"
Page with redirect,https://shaffercon.com/service-areas/beverly-hills/residential-data-network-av-wiring,/service-areas/beverly-hills/residential-data-network-av-wiring/,2026-03-19,service_detail,1,"No action, canonical trailing slash redirect"
Page with redirect,https://shaffercon.com/service-areas/beverly-hills/residential-pool-hot-tub-spa-electrical,/service-areas/beverly-hills/residential-pool-hot-tub-spa-electrical/,2026-04-02,service_detail,1,"No action, canonical trailing slash redirect"
Page with redirect,https://shaffercon.com/service-areas/boyle-heights/commercial-ceiling-fan-fixture-installation,/service-areas/boyle-heights/commercial-ceiling-fan-fixture-installation/,2026-04-05,service_detail,1,"No action, canonical trailing slash redirect"
Page with redirect,https://shaffercon.com/service-areas/boyle-heights/commercial-data-network-av-wiring,/service-areas/boyle-heights/commercial-data-network-av-wiring/,2026-03-18,service_detail,1,"No action, canonical trailing slash redirect"
Page with redirect,https://shaffercon.com/service-areas/boyle-heights/commercial-pool-hot-tub-spa-electrical,/service-areas/boyle-heights/commercial-pool-hot-tub-spa-electrical/,2026-03-19,service_detail,1,"No action, canonical trailing slash redirect"
Page with redirect,https://shaffercon.com/service-areas/boyle-heights/residential-pool-hot-tub-spa-electrical,/service-areas/boyle-heights/residential-pool-hot-tub-spa-electrical/,2025-11-24,service_detail,1,"No action, canonical trailing slash redirect"
Page with redirect,https://shaffercon.com/service-areas/boyle-heights/residential-smart-automation-systems,/service-areas/boyle-heights/residential-smart-automation-systems/,2026-03-21,service_detail,1,"No action, canonical trailing slash redirect"
Page with redirect,https://shaffercon.com/service-areas/burbank/commercial-smart-automation-systems,/service-areas/burbank/commercial-smart-automation-systems/,2026-03-20,service_detail,1,"No action, canonical trailing slash redirect"
Page with redirect,https://shaffercon.com/service-areas/burbank/residential-ceiling-fan-fixture-installation,/service-areas/burbank/residential-ceiling-fan-fixture-installation/,2026-03-21,service_detail,1,"No action, canonical trailing slash redirect"
Page with redirect,https://shaffercon.com/service-areas/burbank/residential-data-network-av-wiring,/service-areas/burbank/residential-data-network-av-wiring/,2025-12-07,service_detail,1,"No action, canonical trailing slash redirect"
Page with redirect,https://shaffercon.com/service-areas/burbank/residential-pool-hot-tub-spa-electrical,/service-areas/burbank/residential-pool-hot-tub-spa-electrical/,2026-03-21,service_detail,1,"No action, canonical trailing slash redirect"
Page with redirect,https://shaffercon.com/service-areas/burbank/residential-smart-automation-systems,/service-areas/burbank/residential-smart-automation-systems/,2026-03-18,service_detail,1,"No action, canonical trailing slash redirect"
Page with redirect,https://shaffercon.com/service-areas/culver-city/commercial-ceiling-fan-fixture-installation,/service-areas/culver-city/commercial-ceiling-fan-fixture-installation/,2026-04-09,service_detail,1,"No action, canonical trailing slash redirect"
Page with redirect,https://shaffercon.com/service-areas/culver-city/commercial-data-network-av-wiring,/service-areas/culver-city/commercial-data-network-av-wiring/,2026-04-02,service_detail,1,"No action, canonical trailing slash redirect"
Page with redirect,https://shaffercon.com/service-areas/culver-city/commercial-pool-hot-tub-spa-electrical,/service-areas/culver-city/commercial-pool-hot-tub-spa-electrical/,2026-03-21,service_detail,1,"No action, canonical trailing slash redirect"
Page with redirect,https://shaffercon.com/service-areas/culver-city/residential-ceiling-fan-fixture-installation,/service-areas/culver-city/residential-ceiling-fan-fixture-installation/,2026-02-25,service_detail,1,"No action, canonical trailing slash redirect"
Page with redirect,https://shaffercon.com/service-areas/culver-city/residential-data-network-av-wiring,/service-areas/culver-city/residential-data-network-av-wiring/,2026-03-17,service_detail,1,"No action, canonical trailing slash redirect"
Page with redirect,https://shaffercon.com/service-areas/culver-city/residential-pool-hot-tub-spa-electrical,/service-areas/culver-city/residential-pool-hot-tub-spa-electrical/,2026-03-21,service_detail,1,"No action, canonical trailing slash redirect"
Page with redirect,https://shaffercon.com/service-areas/culver-city/residential-smart-automation-systems,/service-areas/culver-city/residential-smart-automation-systems/,2026-04-08,service_detail,1,"No action, canonical trailing slash redirect"
Page with redirect,https://shaffercon.com/service-areas/echo-park/commercial-ceiling-fan-fixture-installation,/service-areas/echo-park/commercial-ceiling-fan-fixture-installation/,2026-04-09,service_detail,1,"No action, canonical trailing slash redirect"
Page with redirect,https://shaffercon.com/service-areas/echo-park/commercial-data-network-av-wiring,/service-areas/echo-park/commercial-data-network-av-wiring/,2026-04-02,service_detail,1,"No action, canonical trailing slash redirect"
Page with redirect,https://shaffercon.com/service-areas/echo-park/commercial-smart-automation-systems,/service-areas/echo-park/commercial-smart-automation-systems/,2026-03-21,service_detail,1,"No action, canonical trailing slash redirect"
Page with redirect,https://shaffercon.com/service-areas/echo-park/residential-ceiling-fan-fixture-installation,/service-areas/echo-park/residential-ceiling-fan-fixture-installation/,2026-03-27,service_detail,1,"No action, canonical trailing slash redirect"
Page with redirect,https://shaffercon.com/service-areas/echo-park/residential-data-network-av-wiring,/service-areas/echo-park/residential-data-network-av-wiring/,2026-04-09,service_detail,1,"No action, canonical trailing slash redirect"
Page with redirect,https://shaffercon.com/service-areas/echo-park/residential-pool-hot-tub-spa-electrical,/service-areas/echo-park/residential-pool-hot-tub-spa-electrical/,2026-03-18,service_detail,1,"No action, canonical trailing slash redirect"
Page with redirect,https://shaffercon.com/service-areas/echo-park/residential-smart-automation-systems,/service-areas/echo-park/residential-smart-automation-systems/,2026-04-09,service_detail,1,"No action, canonical trailing slash redirect"
Page with redirect,https://shaffercon.com/service-areas/glendale/commercial-ceiling-fan-fixture-installation,/service-areas/glendale/commercial-ceiling-fan-fixture-installation/,2026-03-18,service_detail,1,"No action, canonical trailing slash redirect"
Page with redirect,https://shaffercon.com/service-areas/glendale/commercial-smart-automation-systems,/service-areas/glendale/commercial-smart-automation-systems/,2026-03-16,service_detail,1,"No action, canonical trailing slash redirect"
Page with redirect,https://shaffercon.com/service-areas/glendale/residential-ceiling-fan-fixture-installation,/service-areas/glendale/residential-ceiling-fan-fixture-installation/,2026-03-17,service_detail,1,"No action, canonical trailing slash redirect"
Page with redirect,https://shaffercon.com/service-areas/glendale/residential-data-network-av-wiring,/service-areas/glendale/residential-data-network-av-wiring/,2026-04-08,service_detail,1,"No action, canonical trailing slash redirect"
Page with redirect,https://shaffercon.com/service-areas/glendale/residential-pool-hot-tub-spa-electrical,/service-areas/glendale/residential-pool-hot-tub-spa-electrical/,2026-04-08,service_detail,1,"No action, canonical trailing slash redirect"
Page with redirect,https://shaffercon.com/service-areas/glendale/residential-smart-automation-systems,/service-areas/glendale/residential-smart-automation-systems/,2026-03-18,service_detail,1,"No action, canonical trailing slash redirect"
Page with redirect,https://shaffercon.com/service-areas/highland-park/commercial-data-network-av-wiring,/service-areas/highland-park/commercial-data-network-av-wiring/,2026-03-19,service_detail,1,"No action, canonical trailing slash redirect"
Page with redirect,https://shaffercon.com/service-areas/highland-park/commercial-pool-hot-tub-spa-electrical,/service-areas/highland-park/commercial-pool-hot-tub-spa-electrical/,2026-04-02,service_detail,1,"No action, canonical trailing slash redirect"
Page with redirect,https://shaffercon.com/service-areas/highland-park/commercial-smart-automation-systems,/service-areas/highland-park/commercial-smart-automation-systems/,2026-03-21,service_detail,1,"No action, canonical trailing slash redirect"
Page with redirect,https://shaffercon.com/service-areas/highland-park/residential-ceiling-fan-fixture-installation,/service-areas/highland-park/residential-ceiling-fan-fixture-installation/,2025-11-28,service_detail,1,"No action, canonical trailing slash redirect"
Page with redirect,https://shaffercon.com/service-areas/highland-park/residential-data-network-av-wiring,/service-areas/highland-park/residential-data-network-av-wiring/,2026-03-26,service_detail,1,"No action, canonical trailing slash redirect"
Page with redirect,https://shaffercon.com/service-areas/highland-park/residential-pool-hot-tub-spa-electrical,/service-areas/highland-park/residential-pool-hot-tub-spa-electrical/,2025-11-25,service_detail,1,"No action, canonical trailing slash redirect"
Page with redirect,https://shaffercon.com/service-areas/highland-park/residential-smart-automation-systems,/service-areas/highland-park/residential-smart-automation-systems/,2026-04-09,service_detail,1,"No action, canonical trailing slash redirect"
Page with redirect,https://shaffercon.com/service-areas/hollywood/commercial-data-network-av-wiring,/service-areas/hollywood/commercial-data-network-av-wiring/,2026-01-01,service_detail,1,"No action, canonical trailing slash redirect"
Page with redirect,https://shaffercon.com/service-areas/hollywood/commercial-pool-hot-tub-spa-electrical,/service-areas/hollywood/commercial-pool-hot-tub-spa-electrical/,2026-03-20,service_detail,1,"No action, canonical trailing slash redirect"
Page with redirect,https://shaffercon.com/service-areas/hollywood/residential-ceiling-fan-fixture-installation,/service-areas/hollywood/residential-ceiling-fan-fixture-installation/,2025-11-22,service_detail,1,"No action, canonical trailing slash redirect"
Page with redirect,https://shaffercon.com/service-areas/hollywood/residential-data-network-av-wiring,/service-areas/hollywood/residential-data-network-av-wiring/,2026-04-08,service_detail,1,"No action, canonical trailing slash redirect"
Page with redirect,https://shaffercon.com/service-areas/inglewood/commercial-data-network-av-wiring,/service-areas/inglewood/commercial-data-network-av-wiring/,2025-11-25,service_detail,1,"No action, canonical trailing slash redirect"
Page with redirect,https://shaffercon.com/service-areas/inglewood/commercial-pool-hot-tub-spa-electrical,/service-areas/inglewood/commercial-pool-hot-tub-spa-electrical/,2026-04-09,service_detail,1,"No action, canonical trailing slash redirect"
Page with redirect,https://shaffercon.com/service-areas/inglewood/residential-ceiling-fan-fixture-installation,/service-areas/inglewood/residential-ceiling-fan-fixture-installation/,2026-03-19,service_detail,1,"No action, canonical trailing slash redirect"
Page with redirect,https://shaffercon.com/service-areas/inglewood/residential-data-network-av-wiring,/service-areas/inglewood/residential-data-network-av-wiring/,2026-02-14,service_detail,1,"No action, canonical trailing slash redirect"
Page with redirect,https://shaffercon.com/service-areas/inglewood/residential-pool-hot-tub-spa-electrical,/service-areas/inglewood/residential-pool-hot-tub-spa-electrical/,2025-11-24,service_detail,1,"No action, canonical trailing slash redirect"
Page with redirect,https://shaffercon.com/service-areas/inglewood/residential-smart-automation-systems,/service-areas/inglewood/residential-smart-automation-systems/,2026-03-18,service_detail,1,"No action, canonical trailing slash redirect"
Page with redirect,https://shaffercon.com/service-areas/long-beach/commercial-ceiling-fan-fixture-installation,/service-areas/long-beach/commercial-ceiling-fan-fixture-installation/,2026-03-16,service_detail,1,"No action, canonical trailing slash redirect"
Page with redirect,https://shaffercon.com/service-areas/long-beach/commercial-smart-automation-systems,/service-areas/long-beach/commercial-smart-automation-systems/,2026-03-19,service_detail,1,"No action, canonical trailing slash redirect"
Page with redirect,https://shaffercon.com/service-areas/long-beach/residential-ceiling-fan-fixture-installation,/service-areas/long-beach/residential-ceiling-fan-fixture-installation/,2026-04-09,service_detail,1,"No action, canonical trailing slash redirect"
Page with redirect,https://shaffercon.com/service-areas/long-beach/residential-data-network-av-wiring,/service-areas/long-beach/residential-data-network-av-wiring/,2026-04-02,service_detail,1,"No action, canonical trailing slash redirect"
Page with redirect,https://shaffercon.com/service-areas/long-beach/residential-pool-hot-tub-spa-electrical,/service-areas/long-beach/residential-pool-hot-tub-spa-electrical/,2026-03-20,service_detail,1,"No action, canonical trailing slash redirect"
Page with redirect,https://shaffercon.com/service-areas/long-beach/residential-smart-automation-systems,/service-areas/long-beach/residential-smart-automation-systems/,2026-04-27,service_detail,1,"No action, canonical trailing slash redirect"
Page with redirect,https://shaffercon.com/service-areas/los-feliz/commercial-ceiling-fan-fixture-installation,/service-areas/los-feliz/commercial-ceiling-fan-fixture-installation/,2026-03-21,service_detail,1,"No action, canonical trailing slash redirect"
Page with redirect,https://shaffercon.com/service-areas/los-feliz/commercial-data-network-av-wiring,/service-areas/los-feliz/commercial-data-network-av-wiring/,2026-03-19,service_detail,1,"No action, canonical trailing slash redirect"
Page with redirect,https://shaffercon.com/service-areas/los-feliz/commercial-smart-automation-systems,/service-areas/los-feliz/commercial-smart-automation-systems/,2026-04-02,service_detail,1,"No action, canonical trailing slash redirect"
Page with redirect,https://shaffercon.com/service-areas/los-feliz/residential-ceiling-fan-fixture-installation,/service-areas/los-feliz/residential-ceiling-fan-fixture-installation/,2026-04-07,service_detail,1,"No action, canonical trailing slash redirect"
Page with redirect,https://shaffercon.com/service-areas/los-feliz/residential-data-network-av-wiring,/service-areas/los-feliz/residential-data-network-av-wiring/,2026-04-09,service_detail,1,"No action, canonical trailing slash redirect"
Page with redirect,https://shaffercon.com/service-areas/los-feliz/residential-pool-hot-tub-spa-electrical,/service-areas/los-feliz/residential-pool-hot-tub-spa-electrical/,2026-03-20,service_detail,1,"No action, canonical trailing slash redirect"
Page with redirect,https://shaffercon.com/service-areas/los-feliz/residential-smart-automation-systems,/service-areas/los-feliz/residential-smart-automation-systems/,2026-01-15,service_detail,1,"No action, canonical trailing slash redirect"
Page with redirect,https://shaffercon.com/service-areas/pasadena/commercial-ceiling-fan-fixture-installation,/service-areas/pasadena/commercial-ceiling-fan-fixture-installation/,2025-12-10,service_detail,1,"No action, canonical trailing slash redirect"
Page with redirect,https://shaffercon.com/service-areas/pasadena/commercial-data-network-av-wiring,/service-areas/pasadena/commercial-data-network-av-wiring/,2026-04-09,service_detail,1,"No action, canonical trailing slash redirect"
Page with redirect,https://shaffercon.com/service-areas/pasadena/commercial-smart-automation-systems,/service-areas/pasadena/commercial-smart-automation-systems/,2026-03-17,service_detail,1,"No action, canonical trailing slash redirect"
Page with redirect,https://shaffercon.com/service-areas/pasadena/residential-data-network-av-wiring,/service-areas/pasadena/residential-data-network-av-wiring/,2026-03-17,service_detail,1,"No action, canonical trailing slash redirect"
Page with redirect,https://shaffercon.com/service-areas/santa-clarita/commercial-ceiling-fan-fixture-installation,/service-areas/santa-clarita/commercial-ceiling-fan-fixture-installation/,2025-12-08,service_detail,1,"No action, canonical trailing slash redirect"
Page with redirect,https://shaffercon.com/service-areas/santa-clarita/commercial-data-network-av-wiring,/service-areas/santa-clarita/commercial-data-network-av-wiring/,2026-04-02,service_detail,1,"No action, canonical trailing slash redirect"
Page with redirect,https://shaffercon.com/service-areas/santa-clarita/commercial-smart-automation-systems,/service-areas/santa-clarita/commercial-smart-automation-systems/,2026-03-18,service_detail,1,"No action, canonical trailing slash redirect"
Page with redirect,https://shaffercon.com/service-areas/santa-clarita/residential-pool-hot-tub-spa-electrical,/service-areas/santa-clarita/residential-pool-hot-tub-spa-electrical/,2026-04-05,service_detail,1,"No action, canonical trailing slash redirect"
Page with redirect,https://shaffercon.com/service-areas/santa-clarita/residential-smart-automation-systems,/service-areas/santa-clarita/residential-smart-automation-systems/,2025-11-27,service_detail,1,"No action, canonical trailing slash redirect"
Page with redirect,https://shaffercon.com/service-areas/santa-monica/commercial-ceiling-fan-fixture-installation,/service-areas/santa-monica/commercial-ceiling-fan-fixture-installation/,2026-04-08,service_detail,1,"No action, canonical trailing slash redirect"
Page with redirect,https://shaffercon.com/service-areas/santa-monica/commercial-data-network-av-wiring,/service-areas/santa-monica/commercial-data-network-av-wiring/,2026-03-18,service_detail,1,"No action, canonical trailing slash redirect"
Page with redirect,https://shaffercon.com/service-areas/santa-monica/commercial-pool-hot-tub-spa-electrical,/service-areas/santa-monica/commercial-pool-hot-tub-spa-electrical/,2025-11-24,service_detail,1,"No action, canonical trailing slash redirect"
Page with redirect,https://shaffercon.com/service-areas/santa-monica/commercial-smart-automation-systems,/service-areas/santa-monica/commercial-smart-automation-systems/,2026-03-16,service_detail,1,"No action, canonical trailing slash redirect"
Page with redirect,https://shaffercon.com/service-areas/santa-monica/residential-ceiling-fan-fixture-installation,/service-areas/santa-monica/residential-ceiling-fan-fixture-installation/,2026-03-31,service_detail,1,"No action, canonical trailing slash redirect"
Page with redirect,https://shaffercon.com/service-areas/santa-monica/residential-data-network-av-wiring,/service-areas/santa-monica/residential-data-network-av-wiring/,2026-03-18,service_detail,1,"No action, canonical trailing slash redirect"
Page with redirect,https://shaffercon.com/service-areas/santa-monica/residential-pool-hot-tub-spa-electrical,/service-areas/santa-monica/residential-pool-hot-tub-spa-electrical/,2026-03-31,service_detail,1,"No action, canonical trailing slash redirect"
Page with redirect,https://shaffercon.com/service-areas/santa-monica/residential-smart-automation-systems,/service-areas/santa-monica/residential-smart-automation-systems/,2026-01-21,service_detail,1,"No action, canonical trailing slash redirect"
Page with redirect,https://shaffercon.com/service-areas/sherman-oaks/commercial-ceiling-fan-fixture-installation,/service-areas/sherman-oaks/commercial-ceiling-fan-fixture-installation/,2026-03-19,service_detail,1,"No action, canonical trailing slash redirect"
Page with redirect,https://shaffercon.com/service-areas/sherman-oaks/commercial-data-network-av-wiring,/service-areas/sherman-oaks/commercial-data-network-av-wiring/,2026-04-04,service_detail,1,"No action, canonical trailing slash redirect"
Page with redirect,https://shaffercon.com/service-areas/sherman-oaks/commercial-pool-hot-tub-spa-electrical,/service-areas/sherman-oaks/commercial-pool-hot-tub-spa-electrical/,2026-04-09,service_detail,1,"No action, canonical trailing slash redirect"
Page with redirect,https://shaffercon.com/service-areas/sherman-oaks/residential-ceiling-fan-fixture-installation,/service-areas/sherman-oaks/residential-ceiling-fan-fixture-installation/,2026-04-05,service_detail,1,"No action, canonical trailing slash redirect"
Page with redirect,https://shaffercon.com/service-areas/sherman-oaks/residential-data-network-av-wiring,/service-areas/sherman-oaks/residential-data-network-av-wiring/,2026-04-16,service_detail,1,"No action, canonical trailing slash redirect"
Page with redirect,https://shaffercon.com/service-areas/sherman-oaks/residential-pool-hot-tub-spa-electrical,/service-areas/sherman-oaks/residential-pool-hot-tub-spa-electrical/,2026-03-22,service_detail,1,"No action, canonical trailing slash redirect"
Page with redirect,https://shaffercon.com/service-areas/silver-lake/commercial-ceiling-fan-fixture-installation,/service-areas/silver-lake/commercial-ceiling-fan-fixture-installation/,2026-04-01,service_detail,1,"No action, canonical trailing slash redirect"
Page with redirect,https://shaffercon.com/service-areas/silver-lake/commercial-data-network-av-wiring,/service-areas/silver-lake/commercial-data-network-av-wiring/,2026-03-21,service_detail,1,"No action, canonical trailing slash redirect"
Page with redirect,https://shaffercon.com/service-areas/silver-lake/commercial-pool-hot-tub-spa-electrical,/service-areas/silver-lake/commercial-pool-hot-tub-spa-electrical/,2026-04-05,service_detail,1,"No action, canonical trailing slash redirect"
Page with redirect,https://shaffercon.com/service-areas/silver-lake/commercial-smart-automation-systems,/service-areas/silver-lake/commercial-smart-automation-systems/,2026-03-18,service_detail,1,"No action, canonical trailing slash redirect"
Page with redirect,https://shaffercon.com/service-areas/silver-lake/residential-ceiling-fan-fixture-installation,/service-areas/silver-lake/residential-ceiling-fan-fixture-installation/,2026-04-09,service_detail,1,"No action, canonical trailing slash redirect"
Page with redirect,https://shaffercon.com/service-areas/silver-lake/residential-pool-hot-tub-spa-electrical,/service-areas/silver-lake/residential-pool-hot-tub-spa-electrical/,2026-04-17,service_detail,1,"No action, canonical trailing slash redirect"
Page with redirect,https://shaffercon.com/service-areas/torrance/commercial-ceiling-fan-fixture-installation,/service-areas/torrance/commercial-ceiling-fan-fixture-installation/,2026-04-05,service_detail,1,"No action, canonical trailing slash redirect"
Page with redirect,https://shaffercon.com/service-areas/torrance/residential-ceiling-fan-fixture-installation,/service-areas/torrance/residential-ceiling-fan-fixture-installation/,2026-04-11,service_detail,1,"No action, canonical trailing slash redirect"
Page with redirect,https://shaffercon.com/service-areas/torrance/residential-data-network-av-wiring,/service-areas/torrance/residential-data-network-av-wiring/,2025-11-24,service_detail,1,"No action, canonical trailing slash redirect"
Page with redirect,https://shaffercon.com/service-areas/torrance/residential-pool-hot-tub-spa-electrical,/service-areas/torrance/residential-pool-hot-tub-spa-electrical/,2026-03-30,service_detail,1,"No action, canonical trailing slash redirect"
Page with redirect,https://shaffercon.com/service-areas/venice/commercial-data-network-av-wiring,/service-areas/venice/commercial-data-network-av-wiring/,2026-03-18,service_detail,1,"No action, canonical trailing slash redirect"
Page with redirect,https://shaffercon.com/service-areas/venice/commercial-smart-automation-systems,/service-areas/venice/commercial-smart-automation-systems/,2025-11-26,service_detail,1,"No action, canonical trailing slash redirect"
Page with redirect,https://shaffercon.com/service-areas/venice/residential-data-network-av-wiring,/service-areas/venice/residential-data-network-av-wiring/,2026-03-18,service_detail,1,"No action, canonical trailing slash redirect"
Page with redirect,https://shaffercon.com/service-areas/venice/residential-pool-hot-tub-spa-electrical,/service-areas/venice/residential-pool-hot-tub-spa-electrical/,2026-04-05,service_detail,1,"No action, canonical trailing slash redirect"
Page with redirect,https://shaffercon.com/service-areas/venice/residential-smart-automation-systems,/service-areas/venice/residential-smart-automation-systems/,2026-03-21,service_detail,1,"No action, canonical trailing slash redirect"
Page with redirect,https://shaffercon.com/service-areas/west-hollywood/commercial-ceiling-fan-fixture-installation,/service-areas/west-hollywood/commercial-ceiling-fan-fixture-installation/,2026-03-18,service_detail,1,"No action, canonical trailing slash redirect"
Page with redirect,https://shaffercon.com/service-areas/west-hollywood/commercial-data-network-av-wiring,/service-areas/west-hollywood/commercial-data-network-av-wiring/,2026-02-22,service_detail,1,"No action, canonical trailing slash redirect"
Page with redirect,https://shaffercon.com/service-areas/west-hollywood/commercial-pool-hot-tub-spa-electrical,/service-areas/west-hollywood/commercial-pool-hot-tub-spa-electrical/,2026-03-20,service_detail,1,"No action, canonical trailing slash redirect"
Page with redirect,https://shaffercon.com/service-areas/west-hollywood/commercial-smart-automation-systems,/service-areas/west-hollywood/commercial-smart-automation-systems/,2026-03-27,service_detail,1,"No action, canonical trailing slash redirect"
Page with redirect,https://shaffercon.com/service-areas/west-hollywood/residential-ceiling-fan-fixture-installation,/service-areas/west-hollywood/residential-ceiling-fan-fixture-installation/,2026-03-21,service_detail,1,"No action, canonical trailing slash redirect"
Page with redirect,https://shaffercon.com/service-areas/west-hollywood/residential-pool-hot-tub-spa-electrical,/service-areas/west-hollywood/residential-pool-hot-tub-spa-electrical/,2026-03-26,service_detail,1,"No action, canonical trailing slash redirect"
Page with redirect,https://shaffercon.com/service-areas/west-hollywood/residential-smart-automation-systems,/service-areas/west-hollywood/residential-smart-automation-systems/,2026-04-09,service_detail,1,"No action, canonical trailing slash redirect"
Page with redirect,https://shaffercon.com/commercial-smart-automation-systems/,/commercial-smart-automation-systems/,2025-10-21,top_level,1,Low priority
Page with redirect,https://shaffercon.com/residential-ceiling-fan-fixture-installation/,/residential-ceiling-fan-fixture-installation/,2025-10-27,top_level,1,Low priority
Page with redirect,https://shaffercon.com/residential-data-network-av-wiring/,/residential-data-network-av-wiring/,2025-10-21,top_level,1,Low priority
