Top pages,Clicks,Impressions,CTR,Position
https://shaffercon.com/industry-insights/ladbs-electrical-permit-process-step-by-step-guide/,72,19736,0.36%,7.29
https://shaffercon.com/industry-insights/california-2026-building-code-ev-charging-requirements-home-real-estate-trend-32-new-models/,69,18825,0.37%,5.60
https://shaffercon.com/industry-insights/california-title-24-electrical-requirements-renovations/,59,10882,0.54%,9.12
https://shaffercon.com/industry-insights/kitchen-electrical-requirements-outlet-placement-guide/,58,25582,0.23%,6.59
https://shaffercon.com/industry-insights/complete-guide-electrical-panel-upgrades-los-angeles/,57,9745,0.58%,14.27
https://shaffercon.com/,48,1659,2.89%,11.41
https://shaffercon.com/contact-us/,29,1545,1.88%,24.44
https://shaffercon.com/industry-insights/passing-electrical-inspection-common-failures-fixes/,28,5486,0.51%,5.82
https://shaffercon.com/industry-insights/recessed-lighting-installation-guide/,28,4894,0.57%,5.81
https://shaffercon.com/industry-insights/dedicated-circuits-when-why-home-appliances-need-them/,14,3913,0.36%,9.79
https://shaffercon.com/industry-insights/subpanel-installation-guide-when-why-you-need-one/,12,3088,0.39%,9.10
http://www.shaffercon.com/,11,559,1.97%,14.29
https://shaffercon.com/industry-insights/afci-vs-gfci-circuit-protection-los-angeles/,9,1739,0.52%,11.90
https://shaffercon.com/industry-insights/nec-2026-qualified-installer-requirement-charging-reliability-86-percent-commercial-roi-3-5-year-payback/,9,5779,0.16%,5.93
https://shaffercon.com/electrical-load-studies/,8,445,1.80%,5.41
https://shaffercon.com/industry-insights/complete-guide-electrical-panel-upgrades-los-angeles,6,430,1.40%,7.49
https://shaffercon.com/industry-insights/panel-upgrades-the-essentials-of-zinsco-panel-upgrade-or-replacement/,6,1115,0.54%,7.64
https://shaffercon.com/service-areas/glendale/residential-electrical-panel-upgrades/,6,561,1.07%,15.06
https://shaffercon.com/industry-insights/bathroom-electrical-safety-gfci-requirements/,5,3106,0.16%,6.96
https://shaffercon.com/industry-insights/tesla-worlds-largest-supercharger-los-angeles-curbside-charging-expansion-volkswagen-network-access-dynamic-pricing-long-beach-ev-infrastructure/,5,3339,0.15%,8.56
https://shaffercon.com/led-retrofit-services/,5,1428,0.35%,20.62
https://shaffercon.com/industry-insights/electrical-safety-inspection-checklist-los-angeles/,3,846,0.35%,29.17
https://shaffercon.com/industry-insights/federal-pacific-zinsco-panels-replacement-los-angeles/,3,881,0.34%,7.01
https://shaffercon.com/industry-insights/kitchen-electrical-requirements-outlet-placement-guide,3,484,0.62%,8.53
https://shaffercon.com/industry-insights/passing-electrical-inspection-common-failures-fixes,3,363,0.83%,7.29
https://shaffercon.com/industry-insights/the-ultimate-guide-to-ev-charger-installation-and-infrastructure-in-los-angeles/,3,4050,0.07%,32.86
https://shaffercon.com/service-areas/burbank/,3,1375,0.22%,21.26
https://shaffercon.com/service-areas/glendale/,3,347,0.86%,20.29
https://shaffercon.com/industry-insights/autel-nayax-100k-contactless-payments-multifamily-charging-solutions-catl-sodium-ion-ai-grid-integration/,2,674,0.30%,7.80
https://shaffercon.com/industry-insights/ces-2026-mercedes-electric-glc-chargepoint-600kw-used-ev-deals-afeela-tesla-robotaxi/,2,244,0.82%,8.05
https://shaffercon.com/industry-insights/exploring-the-rapid-growth-and-key-trends-in-ev-charging-infrastructure-in-2023/,2,1947,0.10%,52.89
https://shaffercon.com/industry-insights/panel-upgrades-navigating-federal-pacific-panel-upgrade-or-replacement/,2,118,1.69%,11.80
https://shaffercon.com/industry-insights/stellantis-supercharger-access-dc-fast-charging-growth-autel-ces-electricfish-gas-stations-gm-writedown/,2,762,0.26%,6.27
https://shaffercon.com/industry-insights/trump-ev-policy-reversals-charger-reliability-donut-lab-production-byd-megawatt-charging-nevi-update/,2,210,0.95%,7.13
https://shaffercon.com/industry-insights/understanding-your-los-angeles-electrical-bill,2,7094,0.03%,5.18
https://shaffercon.com/industry-insights/whole-house-generator-installation-guide-los-angeles/,2,148,1.35%,6.60
https://shaffercon.com/residential-ev-charger/,2,816,0.25%,26.59
https://shaffercon.com/about-us/,1,236,0.42%,10.50
https://shaffercon.com/industry-insights/ac-charging-network-ev-tax-credits-ford-30k-pickup-tesla-fsd-market-forecast/,1,426,0.23%,8.36
https://shaffercon.com/industry-insights/advancing-electric-vehicle-infrastructure-in-los-angeles-the-role-of-shaffer-construction-inc/,1,23,4.35%,18.87
https://shaffercon.com/industry-insights/ceiling-fan-installation-benefits-aesthetics,1,649,0.15%,10.07
https://shaffercon.com/industry-insights/electrician-pasadena-ev-chargers/,1,84,1.19%,8.56
https://shaffercon.com/industry-insights/emergency-electrical-repairs-when-to-call-electrician/,1,142,0.70%,7.55
https://shaffercon.com/industry-insights/ev-charging-70000-ports-nevi-reboots-california-79m-grants-v2g-mainstream/,1,480,0.21%,5.43
https://shaffercon.com/industry-insights/ev-charging-infrastructure-in-2025-what-property-owners-in-los-angeles-need-to-know/,1,25,4.00%,5.12
https://shaffercon.com/industry-insights/ev-technology-breakthroughs-solid-state-batteries-v2g-charging-and-nacs-standardization-transform-los-angeles-infrastructure,1,126,0.79%,6.63
https://shaffercon.com/industry-insights/exploring-shaffer-constructions-load-study-services-in-la/,1,129,0.78%,8.45
https://shaffercon.com/industry-insights/federal-pacific-zinsco-panels-replacement-los-angeles,1,15,6.67%,7.80
https://shaffercon.com/industry-insights/ford-19-billion-ev-writedown-lightning-canceled-byd-overtakes-tesla-factorial-solid-state-battery-electrify-america-charge-limit/,1,106,0.94%,8.39
https://shaffercon.com/industry-insights/garbage-disposal-maintenance-safety-tips/,1,99,1.01%,10.23
https://shaffercon.com/industry-insights/gfci-safety-installation-guide,1,18,5.56%,8.56
https://shaffercon.com/industry-insights/gfi-electrical-outlets-ensuring-safety-in-your-electrical-setup/,1,635,0.16%,14.30
https://shaffercon.com/industry-insights/landscape-lighting-design-installation-los-angeles,1,42,2.38%,8.95
https://shaffercon.com/industry-insights/new-california-solar-battery-project-rule-why-licensed-electricians-are-essential/,1,382,0.26%,7.95
https://shaffercon.com/industry-insights/office-electrical-upgrades-modern-workplaces/,1,299,0.33%,6.79
https://shaffercon.com/industry-insights/outdoor-lighting-installation-guide-los-angeles/,1,373,0.27%,10.56
https://shaffercon.com/industry-insights/residential-electrical-services-what-every-homeowner-should-know-about-hiring-a-contractor,1,10,10.00%,4.30
https://shaffercon.com/industry-insights/retail-store-electrical-planning-design-guide/,1,697,0.14%,6.65
https://shaffercon.com/industry-insights/tesla-940k-supercharger-business-configurator-walmart-50-percent-expansion-yermo-400-stall-toronto-480v-fast-track-coachella-charging-congestion/,1,1145,0.09%,6.73
https://shaffercon.com/industry-insights/tesla-supercharger-business-program-us-dc-fast-charging-record-gas-stations-ev-chargers-california-leads-adoption/,1,5316,0.02%,9.28
https://shaffercon.com/industry-insights/the-ultimate-guide-to-ev-charger-installation-and-infrastructure-in-los-angeles,1,226,0.44%,8.12
https://shaffercon.com/industry-insights/ultimate-guide-home-ev-charger-installation-los-angeles,1,75,1.33%,7.53
https://shaffercon.com/industry-insights/under-cabinet-lighting-installation-guide,1,28,3.57%,8.54
https://shaffercon.com/industry-insights/voltpost-lamppost-charging-porsche-wireless-florida-highway-rivian-r2-chevy-bolt-return/,1,48,2.08%,7.54
https://shaffercon.com/service-areas/burbank/residential-electrical-panel-upgrades/,1,199,0.50%,11.52
https://shaffercon.com/service-areas/burbank/residential-ev-charger-installation/,1,121,0.83%,7.32
https://shaffercon.com/service-areas/burbank/residential-landscape-outdoor-lighting/,1,6,16.67%,17.83
https://shaffercon.com/service-areas/glendale/commercial-electrical-panel-upgrades/,1,443,0.23%,27.55
https://shaffercon.com/service-areas/highland-park/,1,121,0.83%,19.05
https://shaffercon.com/service-areas/inglewood/residential-electrical-panel-upgrades/,1,8,12.50%,4.62
https://shaffercon.com/service-areas/long-beach/,1,517,0.19%,24.67
https://shaffercon.com/service-areas/long-beach/commercial-ev-charger-installation,1,9,11.11%,6.33
https://shaffercon.com/service-areas/long-beach/residential-exhaust-fan-ventilation-wiring/,1,2,50.00%,8.00
https://shaffercon.com/service-areas/long-beach/residential-smart-automation-systems,1,55,1.82%,6.62
https://shaffercon.com/service-areas/los-feliz/,1,218,0.46%,16.85
https://shaffercon.com/service-areas/pasadena/,1,153,0.65%,22.01
https://shaffercon.com/service-areas/santa-clarita/,1,511,0.20%,20.45
https://shaffercon.com/service-areas/santa-clarita/commercial-backup-generator-installation/,1,7,14.29%,6.71
https://shaffercon.com/service-areas/santa-clarita/commercial-data-network-av-wiring/,1,61,1.64%,10.05
https://shaffercon.com/service-areas/santa-clarita/residential-backup-generator-installation/,1,68,1.47%,8.37
https://shaffercon.com/service-areas/santa-clarita/residential-pool-hot-tub-spa-electrical/,1,17,5.88%,4.12
https://shaffercon.com/service-areas/santa-monica/residential-dedicated-equipment-circuits/,1,1,100.00%,1.00
https://shaffercon.com/service-areas/santa-monica/residential-energy-efficiency-upgrades/,1,12,8.33%,16.00
https://shaffercon.com/service-areas/santa-monica/residential-ev-charger-installation/,1,142,0.70%,7.52
https://shaffercon.com/service-areas/sherman-oaks/commercial-electrical-troubleshooting-repairs,1,7,14.29%,8.71
https://shaffercon.com/service-areas/sherman-oaks/residential-data-network-av-wiring,1,3,33.33%,6.33
https://shaffercon.com/service-areas/silver-lake/commercial-ev-charger-installation/,1,4,25.00%,10.25
https://shaffercon.com/service-areas/torrance/commercial-landscape-outdoor-lighting/,1,23,4.35%,15.52
https://shaffercon.com/service-areas/torrance/residential-electrical-panel-upgrades,1,12,8.33%,5.42
https://shaffercon.com/service-areas/venice/commercial-data-network-av-wiring/,1,9,11.11%,11.44
https://shaffercon.com/brand-assets/Shaffer-Construction-Logo-light-mode-cropped.png,0,3,0.00%,19.67
https://shaffercon.com/commercial-electric-vehicle-chargers/,0,1033,0.00%,55.27
https://shaffercon.com/commercial-electrical-troubleshooting-repairs/,0,1,0.00%,25.00
https://shaffercon.com/commercial-energy-efficiency-upgrades/,0,3,0.00%,37.33
https://shaffercon.com/commercial-landscape-outdoor-lighting/,0,4,0.00%,61.00
https://shaffercon.com/commercial-security-motion-lighting/,0,3,0.00%,16.67
https://shaffercon.com/emerging-trends-in-ev-charger-installation-and-infrastructure/,0,2,0.00%,5.00
https://shaffercon.com/ev-charging-infrastructure-update-nevi-milestones-tesla-record-expansion-and-growing-infrastructure-demands/,0,571,0.00%,6.22
https://shaffercon.com/games/,0,23,0.00%,18.09
https://shaffercon.com/games/classic-hopscotch.html,0,4,0.00%,5.50
https://shaffercon.com/games/electrician-doom.html,0,1,0.00%,10.00
https://shaffercon.com/games/zappy-bird.html,0,2,0.00%,6.00
https://shaffercon.com/images/electrical-panel-meter-installation.jpg,0,1,0.00%,24.00
https://shaffercon.com/images/ev-charger-122.jpg,0,1,0.00%,48.00
https://shaffercon.com/industry-insights,0,14,0.00%,7.14
https://shaffercon.com/industry-insights/,0,750,0.00%,10.49
https://shaffercon.com/industry-insights/2024-ev-charger-installations-key-incentives-and-innovations-transforming-the-industry/,0,14,0.00%,13.64
https://shaffercon.com/industry-insights/2025-ev-sales-decline-2026-outlook-new-models-china-price-war-charger-tax-credit-deadline/,0,219,0.00%,7.63
https://shaffercon.com/industry-insights/a-closer-look-at-our-load-study-services-and-why-your-ev-business-needs-them,0,16,0.00%,7.38
https://shaffercon.com/industry-insights/a-closer-look-at-our-load-study-services-and-why-your-ev-business-needs-them/,0,91,0.00%,7.44
https://shaffercon.com/industry-insights/accelerating-electric-vehicle-adoption-the-importance-of-expanding-ev-charger-infrastructure,0,1,0.00%,7.00
https://shaffercon.com/industry-insights/accelerating-electric-vehicle-adoption-the-importance-of-expanding-ev-charger-infrastructure/,0,2,0.00%,34.00
https://shaffercon.com/industry-insights/accelerating-ev-adoption-the-latest-trends-in-los-angeles-charging-infrastructure-and-what-they-mean-for-your-property,0,5,0.00%,5.40
https://shaffercon.com/industry-insights/advancements-in-electric-vehicle-charging-trends-innovations-and-their-impact-on-urban-development/,0,15,0.00%,8.33
https://shaffercon.com/industry-insights/advancements-in-ev-charger-installations-building-the-future-of-electric-vehicle-infrastructure/,0,27,0.00%,45.33
https://shaffercon.com/industry-insights/advancing-electric-vehicle-infrastructure-in-los-angeles-the-role-of-shaffer-construction-inc,0,4,0.00%,8.00
https://shaffercon.com/industry-insights/afci-installation-electrical-safety,0,21,0.00%,9.86
https://shaffercon.com/industry-insights/afci-installation-electrical-safety/,0,142,0.00%,5.81
https://shaffercon.com/industry-insights/afci-vs-gfci-circuit-protection-los-angeles,0,4,0.00%,4.50
https://shaffercon.com/industry-insights/aluminum-wiring-replacement-key-considerations-and-safety-tips,0,93,0.00%,8.45
https://shaffercon.com/industry-insights/aluminum-wiring-replacement-key-considerations-and-safety-tips/,0,392,0.00%,28.50
https://shaffercon.com/industry-insights/boost-your-business-with-ev-charging-stations-a-guide,0,8,0.00%,9.00
https://shaffercon.com/industry-insights/boosting-local-economy-and-sustainability-the-impact-of-expanding-ev-charging-stations-in-los-angeles/,0,34,0.00%,6.74
https://shaffercon.com/industry-insights/building-a-sustainable-future-the-importance-of-expanding-ev-charging-infrastructure-in-los-angeles/,0,18,0.00%,13.72
https://shaffercon.com/industry-insights/building-a-sustainable-future-the-role-of-shaffer-construction-in-los-angeles-ev-charging-infrastructure-expansion/,0,5,0.00%,8.80
https://shaffercon.com/industry-insights/byd-home-charger-sharing-pennsylvania-turnpike-nevi-eu-2035-goals-watered-down-snowbird-ski-resort-holiday-charging,0,51,0.00%,4.57
https://shaffercon.com/industry-insights/byd-home-charger-sharing-pennsylvania-turnpike-nevi-eu-2035-goals-watered-down-snowbird-ski-resort-holiday-charging/,0,777,0.00%,6.85
https://shaffercon.com/industry-insights/byd-overtakes-tesla-ev-winter-range-improvements-workplace-charging-growth-pennsylvania-nevi/,0,504,0.00%,6.79
https://shaffercon.com/industry-insights/byd-overtakes-tesla-kia-ev3-usa-nevi-funding-battle-hoboken-jolt-leapmotor-europe/,0,126,0.00%,12.01
https://shaffercon.com/industry-insights/california-200000-ev-chargers-oregon-fleet-rebate-germany-truck-charging-electrify-america-simon-tesla-2025-deliveries,0,13,0.00%,7.85
https://shaffercon.com/industry-insights/california-200000-ev-chargers-oregon-fleet-rebate-germany-truck-charging-electrify-america-simon-tesla-2025-deliveries/,0,77,0.00%,8.12
https://shaffercon.com/industry-insights/california-title-24-electrical-requirements-renovations,0,64,0.00%,7.84
https://shaffercon.com/industry-insights/californias-ev-charging-boom-how-los-angeles-is-leading-the-electric-vehicle-infrastructure-revolution/,0,16,0.00%,8.69
https://shaffercon.com/industry-insights/californias-ev-charging-buildout-what-los-angeles-building-owners-renters-and-fleets-should-know/,0,74,0.00%,8.01
https://shaffercon.com/industry-insights/case-study-how-our-electrical-services-boosted-a-local-la-business/,0,8,0.00%,5.25
https://shaffercon.com/industry-insights/ceiling-fan-installation-benefits-aesthetics/,0,51,0.00%,6.51
https://shaffercon.com/industry-insights/china-1500kw-charging-gap-ev-consideration-11-percent-toyota-lexus-q1-record-ev-prices-record-low-gap-tesla-supercharger-market-share/,0,34,0.00%,5.53
https://shaffercon.com/industry-insights/china-mandatory-ev-efficiency-rules-genesis-gv60-nacs-pennsylvania-nevi-slate-truck-discontinued-evs/,0,758,0.00%,5.68
https://shaffercon.com/industry-insights/christmas-light-safety-maintenance-tips,0,9,0.00%,11.33
https://shaffercon.com/industry-insights/christmas-light-safety-maintenance-tips/,0,225,0.00%,14.19
https://shaffercon.com/industry-insights/circuit-breaker-tips-repair-safety,0,6,0.00%,5.50
https://shaffercon.com/industry-insights/circuit-breaker-tips-repair-safety/,0,21,0.00%,6.86
https://shaffercon.com/industry-insights/cloth-wiring-safety-upgrade,0,161,0.00%,8.34
https://shaffercon.com/industry-insights/cloth-wiring-safety-upgrade/,0,300,0.00%,8.93
https://shaffercon.com/industry-insights/colliers-envirospark-chargepoint-express-grid-wyoming-ev-marketplace-tesla-lost-hills-2025-technology-breakthroughs,0,63,0.00%,7.27
https://shaffercon.com/industry-insights/colliers-envirospark-chargepoint-express-grid-wyoming-ev-marketplace-tesla-lost-hills-2025-technology-breakthroughs/,0,52,0.00%,7.54
https://shaffercon.com/industry-insights/commercial-electrical-code-compliance-los-angeles/,0,42,0.00%,9.81
https://shaffercon.com/industry-insights/commercial-electrical-systems-navigating-the-complexities,0,1,0.00%,8.00
https://shaffercon.com/industry-insights/commercial-electrical-systems-navigating-the-complexities/,0,32,0.00%,12.41
https://shaffercon.com/industry-insights/commercial-electrician-ev-charging-safety,0,16,0.00%,9.06
https://shaffercon.com/industry-insights/commercial-electrician-ev-charging-safety/,0,618,0.00%,20.10
https://shaffercon.com/industry-insights/commercial-ev-charging-stations-roi-guide-los-angeles/,0,168,0.00%,10.61
https://shaffercon.com/industry-insights/common-electrical-problems-older-los-angeles-homes,0,127,0.00%,5.20
https://shaffercon.com/industry-insights/complete-home-led-lighting-upgrade-guide,0,59,0.00%,7.44
https://shaffercon.com/industry-insights/complete-home-led-lighting-upgrade-guide/,0,428,0.00%,8.43
https://shaffercon.com/industry-insights/critical-ev-charging-infrastructure-developments-600kw-ultra-fast-charging-launch-reliability-crisis-exposed-california-surpasses-200000-chargers-federal-heavy-duty-investment-and-municipal-gran/,0,236,0.00%,6.46
https://shaffercon.com/industry-insights/customized-electrical-solutions-for-unique-home-designs,0,1,0.00%,2.00
https://shaffercon.com/industry-insights/customized-electrical-solutions-for-unique-home-designs/,0,1,0.00%,6.00
https://shaffercon.com/industry-insights/december-2025-ev-charging-infrastructure-georgia-nevi-funding-stellantis-supercharger-access-ultra-fast-charging-breakthroughs/,0,189,0.00%,6.20
https://shaffercon.com/industry-insights/dedicated-circuits-when-why-home-appliances-need-them,0,24,0.00%,9.92
https://shaffercon.com/industry-insights/do-i-need-panel-upgrade-install-ev-charger,0,50,0.00%,15.18
https://shaffercon.com/industry-insights/dodge-charger-nacs-tesla-supercharger-byd-megawatt-technology-year-environmental-groups-lawsuit-electrify-america-dual-cable,0,59,0.00%,6.66
https://shaffercon.com/industry-insights/dodge-charger-nacs-tesla-supercharger-byd-megawatt-technology-year-environmental-groups-lawsuit-electrify-america-dual-cable/,0,470,0.00%,6.51
https://shaffercon.com/industry-insights/efficient-energy-tips-for-a-greener-la-holiday-season,0,1,0.00%,4.00
https://shaffercon.com/industry-insights/efficient-energy-tips-for-a-greener-la-holiday-season/,0,1,0.00%,8.00
https://shaffercon.com/industry-insights/el-segundo-electrician-services-contractor/,0,30,0.00%,7.07
https://shaffercon.com/industry-insights/electric-services-brentwood-ca-experts,0,17,0.00%,15.71
https://shaffercon.com/industry-insights/electric-services-brentwood-ca-experts/,0,18,0.00%,5.22
https://shaffercon.com/industry-insights/electric-vehicle-charging-in-los-angeles-key-insights-and-future-trends,0,1,0.00%,11.00
https://shaffercon.com/industry-insights/electric-vehicle-charging-in-los-angeles-key-insights-and-future-trends/,0,30,0.00%,9.30
https://shaffercon.com/industry-insights/electric-vehicles-mitsubishi-chargers,0,24,0.00%,10.04
https://shaffercon.com/industry-insights/electric-vehicles-mitsubishi-chargers/,0,336,0.00%,6.71
https://shaffercon.com/industry-insights/electric-water-heater-installation-requirements-costs,0,59,0.00%,8.22
https://shaffercon.com/industry-insights/electric-water-heater-installation-requirements-costs/,0,93,0.00%,8.12
https://shaffercon.com/industry-insights/electrical-innovations-green-construction/,0,2,0.00%,17.50
https://shaffercon.com/industry-insights/electrical-load-studies-what-they-are-los-angeles/,0,404,0.00%,6.89
https://shaffercon.com/industry-insights/electrical-safety-inspection-checklist-los-angeles,0,58,0.00%,9.22
https://shaffercon.com/industry-insights/electrical-safety-tips-home/,0,3,0.00%,5.67
https://shaffercon.com/industry-insights/electrical-service-upgrade-100-to-200-amp-guide,0,150,0.00%,7.89
https://shaffercon.com/industry-insights/electrical-services-rancho-palos-verdes,0,6,0.00%,10.17
https://shaffercon.com/industry-insights/electrical-services-rancho-palos-verdes/,0,18,0.00%,5.56
https://shaffercon.com/industry-insights/electrical-solutions-property-restoration,0,1,0.00%,3.00
https://shaffercon.com/industry-insights/electrical-tips-new-construction,0,7,0.00%,6.71
https://shaffercon.com/industry-insights/electrical-tips-new-construction/,0,51,0.00%,8.45
https://shaffercon.com/industry-insights/electrical-troubleshooting-basics-homeowners/,0,55,0.00%,7.44
https://shaffercon.com/industry-insights/electrical-upgrade-benefits-signs,0,2,0.00%,7.00
https://shaffercon.com/industry-insights/electrical-upgrade-benefits-signs/,0,6,0.00%,12.50
https://shaffercon.com/industry-insights/electrician-altadena-ca-your-local-electrical-service-experts,0,11,0.00%,8.55
https://shaffercon.com/industry-insights/electrician-altadena-ca-your-local-electrical-service-experts/,0,6,0.00%,6.67
https://shaffercon.com/industry-insights/electrician-chatsworth-ca-electrical-services,0,1,0.00%,4.00
https://shaffercon.com/industry-insights/electrician-chatsworth-ca-electrical-services/,0,3,0.00%,31.67
https://shaffercon.com/industry-insights/electrician-el-monte-expert-services,0,5,0.00%,8.00
https://shaffercon.com/industry-insights/electrician-el-monte-expert-services/,0,8,0.00%,5.75
https://shaffercon.com/industry-insights/electrician-inglewood-services-expert,0,2,0.00%,6.50
https://shaffercon.com/industry-insights/electrician-inglewood-services-expert/,0,4,0.00%,9.75
https://shaffercon.com/industry-insights/electrician-irwindale-ca-skilled-electrical-assistance-for-your-projects/,0,4,0.00%,5.25
https://shaffercon.com/industry-insights/electrician-lawndale-ca-trusted-local-electrical-services,0,1,0.00%,6.00
https://shaffercon.com/industry-insights/electrician-lawndale-ca-trusted-local-electrical-services/,0,81,0.00%,8.65
https://shaffercon.com/industry-insights/electrician-monrovia-ca-comprehensive-electrical-solutions-for-you,0,8,0.00%,9.00
https://shaffercon.com/industry-insights/electrician-monrovia-ca-comprehensive-electrical-solutions-for-you/,0,8,0.00%,8.38
https://shaffercon.com/industry-insights/electrician-monterey-park-services-installation,0,25,0.00%,8.92
https://shaffercon.com/industry-insights/electrician-monterey-park-services-installation/,0,4,0.00%,5.50
https://shaffercon.com/industry-insights/electrician-moorpark-ca-dedicated-electrical-expertise-for-your-needs/,0,11,0.00%,7.64
https://shaffercon.com/industry-insights/electrician-pasadena-ev-chargers,0,6,0.00%,10.00
https://shaffercon.com/industry-insights/electrician-redondo-beach-ev-charger/,0,39,0.00%,9.82
https://shaffercon.com/industry-insights/electrician-san-gabriel-vehicle-charging,0,2,0.00%,7.50
https://shaffercon.com/industry-insights/electrician-san-gabriel-vehicle-charging/,0,13,0.00%,8.15
https://shaffercon.com/industry-insights/electrician-san-marino-ca-services/,0,19,0.00%,9.53
https://shaffercon.com/industry-insights/electrician-services-agoura-hills-ev/,0,116,0.00%,12.28
https://shaffercon.com/industry-insights/electrician-services-laguna-niguel-ca,0,3,0.00%,3.00
https://shaffercon.com/industry-insights/electrician-services-laguna-niguel-ca/,0,6,0.00%,8.50
https://shaffercon.com/industry-insights/electricians-baldwin-park-ev-installation/,0,38,0.00%,12.42
https://shaffercon.com/industry-insights/electricitys-impact-on-sustainable-construction-practices/,0,47,0.00%,27.74
https://shaffercon.com/industry-insights/electrify-america-simon-500-chargers-chevy-equinox-ev-sales-record-workplace-charging-benefits-omni-port/,0,62,0.00%,8.47
https://shaffercon.com/industry-insights/emerging-trends-and-challenges-in-ev-charging-infrastructure-what-you-need-to-know/,0,30,0.00%,14.63
https://shaffercon.com/industry-insights/emerging-trends-in-ev-charging-infrastructure-innovations-and-challenges-ahead/,0,172,0.00%,17.02
https://shaffercon.com/industry-insights/energy-saving-tips-home-efficiency/,0,5,0.00%,18.00
https://shaffercon.com/industry-insights/ev-charger-installation-and-infrastructure-what-every-los-angeles-property-owner-needs-to-know/,0,1,0.00%,8.00
https://shaffercon.com/industry-insights/ev-charger-installation-guide,0,5,0.00%,13.20
https://shaffercon.com/industry-insights/ev-charger-installation-guide-for-los-angeles-plan-permit-install-and-futureproof/,0,91,0.00%,8.57
https://shaffercon.com/industry-insights/ev-charger-installation-guide/,0,12,0.00%,11.00
https://shaffercon.com/industry-insights/ev-charger-installation-in-los-angeles-the-2024-guide-to-home-public-and-commercial-solutions/,0,8,0.00%,17.38
https://shaffercon.com/industry-insights/ev-charger-installation-in-los-angeles-what-property-owners-need-to-know/,0,45,0.00%,7.76
https://shaffercon.com/industry-insights/ev-charger-installation-infrastructure-how-to-decide-pay-for-and-plan-your-project/,0,99,0.00%,24.34
https://shaffercon.com/industry-insights/ev-charging-70000-ports-nevi-reboots-california-79m-grants-v2g-mainstream,0,204,0.00%,4.98
https://shaffercon.com/industry-insights/ev-charging-acceleration-november-2025-chargepoint-sourcewell-illinois-funding-global-technology-showcase-workplace-charging-growth-and-california-fast-charge-initiatives/,0,11,0.00%,7.09
https://shaffercon.com/industry-insights/ev-charging-in-2024-essential-trends-and-installation-tips-for-homeowners-businesses-in-los-angeles,0,40,0.00%,7.25
https://shaffercon.com/industry-insights/ev-charging-in-2024-essential-trends-and-installation-tips-for-homeowners-businesses-in-los-angeles/,0,3,0.00%,4.67
https://shaffercon.com/industry-insights/ev-charging-in-2025-latest-trends-challenges-and-solutions-for-homeowners-and-businesses-in-los-angeles,0,163,0.00%,6.25
https://shaffercon.com/industry-insights/ev-charging-in-2025-latest-trends-challenges-and-solutions-for-homeowners-and-businesses-in-los-angeles/,0,42,0.00%,9.69
https://shaffercon.com/industry-insights/ev-charging-in-2025-what-homeowners-property-managers-and-businesses-need-to-know/,0,28,0.00%,6.25
https://shaffercon.com/industry-insights/ev-charging-in-california-types-installation-challenges-and-future-proof-solutions-for-homes-and-businesses/,0,8,0.00%,14.75
https://shaffercon.com/industry-insights/ev-charging-in-los-angeles-costs-grid-programs-v2g-and-how-to-avoid-common-installation-regrets/,0,14,0.00%,8.21
https://shaffercon.com/industry-insights/ev-charging-in-los-angeles-key-trends-incentives-and-installation-tips-for-property-owners,0,10,0.00%,7.60
https://shaffercon.com/industry-insights/ev-charging-in-los-angeles-key-trends-incentives-and-installation-tips-for-property-owners/,0,75,0.00%,9.83
https://shaffercon.com/industry-insights/ev-charging-in-los-angeles-where-the-network-is-headed-and-how-property-owners-can-prepare/,0,1,0.00%,8.00
https://shaffercon.com/industry-insights/ev-charging-infrastructure-accelerates-america-achieves-record-20-growth-nacs-universal-adoption-maryland-5-million-funding-270kw-wireless-breakthrough-and-california-incentive-evolution/,0,38,0.00%,10.74
https://shaffercon.com/industry-insights/ev-charging-infrastructure-breakthrough-developments-france-pioneers-300kw-dynamic-wireless-highway-charging-tesla-v4-achieves-500kw-operational-deployment-china-accelerates-toward-28-million-facil/,0,18,0.00%,8.61
https://shaffercon.com/industry-insights/ev-charging-infrastructure-in-2025-growth-innovation-and-the-road-ahead/,0,118,0.00%,27.92
https://shaffercon.com/industry-insights/ev-charging-infrastructure-in-california-latest-trends-challenges-and-solutions-for-homeowners-and-businesses,0,79,0.00%,24.14
https://shaffercon.com/industry-insights/ev-charging-infrastructure-in-california-latest-trends-challenges-and-solutions-for-homeowners-and-businesses/,0,2,0.00%,11.00
https://shaffercon.com/industry-insights/ev-charging-infrastructure-network-milestones-65000-us-ports-illinois-funding-tesla-v4-technology-nevi-streamlining-and-google-maps-integration-shape-november-2025-market/,0,624,0.00%,9.39
https://shaffercon.com/industry-insights/ev-charging-infrastructure-roundup-ionna-250m-california-investment-wireless-highway-charging-tesla-supercharger-growth,0,51,0.00%,6.14
https://shaffercon.com/industry-insights/ev-charging-infrastructure-roundup-ionna-250m-california-investment-wireless-highway-charging-tesla-supercharger-growth/,0,11,0.00%,5.27
https://shaffercon.com/industry-insights/ev-charging-infrastructure-transformation-colorado-nevi-funding-tesla-ai-platform-record-supercharger-expansion-pennsylvania-certification-and-wireless-charging-growth/,0,222,0.00%,9.14
https://shaffercon.com/industry-insights/ev-charging-infrastructure-trends-2024-innovations-accessibility-and-business-benefits-for-california-and-beyond,0,8,0.00%,10.38
https://shaffercon.com/industry-insights/ev-charging-infrastructure-trends-2024-innovations-accessibility-and-business-benefits-for-california-and-beyond/,0,98,0.00%,50.58
https://shaffercon.com/industry-insights/ev-charging-infrastructure-update-record-u-s-expansion-pennsylvania-nevi-leadership-global-growth-and-innovative-streetlight-solutions,0,215,0.00%,6.31
https://shaffercon.com/industry-insights/ev-charging-infrastructure-update-record-u-s-expansion-pennsylvania-nevi-leadership-global-growth-and-innovative-streetlight-solutions/,0,95,0.00%,6.57
https://shaffercon.com/industry-insights/ev-charging-reliability-improvements-condo-hoa-installation-guide-ladwp-sce-rebates-post-tax-credit-market/,0,118,0.00%,8.38
https://shaffercon.com/industry-insights/ev-charging-summit-execution-era-grid-delays-87-billion-stellantis-supercharger-evgo-growth/,0,8,0.00%,9.88
https://shaffercon.com/industry-insights/ev-infrastructure-evolution-accelerates-tesla-multipass-european-expansion-federal-incentive-expiration-impact-california-leadership-milestone-france-wireless-highway-charging-breakthrough-and-co/,0,164,0.00%,10.89
https://shaffercon.com/industry-insights/ev-policy-transformation-federal-tax-credit-expiration-california-hov-access-ends-record-29-market-share-600kw-charging-coming-and-nevi-program-expansion,0,23,0.00%,8.74
https://shaffercon.com/industry-insights/ev-policy-transformation-federal-tax-credit-expiration-california-hov-access-ends-record-29-market-share-600kw-charging-coming-and-nevi-program-expansion/,0,23,0.00%,7.87
https://shaffercon.com/industry-insights/ev-technology-breakthroughs-solid-state-batteries-v2g-charging-and-nacs-standardization-transform-los-angeles-infrastructure/,0,54,0.00%,12.54
https://shaffercon.com/industry-insights/evgo-autocharge-5-million-sessions-rivian-network-expansion-california-2025-ev-charging-mandates-multifamily-requirements/,0,108,0.00%,7.41
https://shaffercon.com/industry-insights/evgo-prefabricated-stations-ford-f150-lightning-ends-erev-tesla-fairbanks-megawatt-charging-trucks/,0,50,0.00%,9.80
https://shaffercon.com/industry-insights/evgo-record-growth-electrify-america-road-trip-charging-reliability-improves-california-incentives,0,110,0.00%,6.55
https://shaffercon.com/industry-insights/evgo-record-growth-electrify-america-road-trip-charging-reliability-improves-california-incentives/,0,136,0.00%,7.82
https://shaffercon.com/industry-insights/expanding-electric-vehicle-charging-infrastructure-a-look-at-california-and-beyond/,0,380,0.00%,38.96
https://shaffercon.com/industry-insights/expanding-electric-vehicle-charging-infrastructure-key-developments-and-community-efforts,0,154,0.00%,47.27
https://shaffercon.com/industry-insights/expanding-electric-vehicle-charging-infrastructure-key-developments-and-community-efforts/,0,276,0.00%,48.94
https://shaffercon.com/industry-insights/expanding-ev-charging-infrastructure-current-trends-challenges-and-future-investment,0,3,0.00%,7.33
https://shaffercon.com/industry-insights/expanding-ev-charging-infrastructure-current-trends-challenges-and-future-investment/,0,4,0.00%,6.75
https://shaffercon.com/industry-insights/expert-christmas-light-installation-services-in-los-angeles,0,17,0.00%,12.41
https://shaffercon.com/industry-insights/expert-christmas-light-installation-services-in-los-angeles/,0,5,0.00%,7.40
https://shaffercon.com/industry-insights/exploring-shaffer-constructions-load-study-services-in-la,0,15,0.00%,8.33
https://shaffercon.com/industry-insights/exploring-the-benefits-of-solar-power-integration-in-electrical-systems,0,5,0.00%,10.40
https://shaffercon.com/industry-insights/exploring-the-benefits-of-solar-power-integration-in-electrical-systems/,0,36,0.00%,9.86
https://shaffercon.com/industry-insights/exploring-the-rapid-growth-and-key-trends-in-ev-charging-infrastructure-in-2023,0,19,0.00%,15.95
https://shaffercon.com/industry-insights/fall-into-savings-efficient-electricity-use-in-autumn,0,23,0.00%,7.22
https://shaffercon.com/industry-insights/ford-19-billion-ev-writedown-lightning-canceled-byd-overtakes-tesla-factorial-solid-state-battery-electrify-america-charge-limit,0,20,0.00%,7.40
https://shaffercon.com/industry-insights/from-design-to-maintenance-the-life-cycle-of-electric-vehicle-installations/,0,3,0.00%,4.33
https://shaffercon.com/industry-insights/fuse-box-upgrade-guide,0,8,0.00%,9.62
https://shaffercon.com/industry-insights/fuse-box-upgrade-guide/,0,31,0.00%,11.03
https://shaffercon.com/industry-insights/fuses-101-essential-tips-for-handling-and-replacement/,0,14,0.00%,6.21
https://shaffercon.com/industry-insights/generator-installations-power-security-for-your-home-or-business/,0,25,0.00%,7.64
https://shaffercon.com/industry-insights/gfci-safety-installation-guide/,0,202,0.00%,39.75
https://shaffercon.com/industry-insights/gfi-safety-and-maintenance-essential-tips-for-homeowners/,0,406,0.00%,16.83
https://shaffercon.com/industry-insights/holiday-lighting-installation-safety-best-practices/,0,86,0.00%,7.34
https://shaffercon.com/industry-insights/home-electrical-safety-best-practices,0,7,0.00%,4.71
https://shaffercon.com/industry-insights/home-electrical-safety-best-practices/,0,12,0.00%,7.25
https://shaffercon.com/industry-insights/home-electrical-tips-safety/,0,6,0.00%,7.33
https://shaffercon.com/industry-insights/home-panel-upgrade-guide/,0,4,0.00%,4.75
https://shaffercon.com/industry-insights/house-rewire-tips-safety-reliability/,0,61,0.00%,7.54
https://shaffercon.com/industry-insights/house-surge-protectors-tips-for-selection-and-installation/,0,8,0.00%,7.88
https://shaffercon.com/industry-insights/how-california-and-nationwide-funding-changes-make-now-the-time-to-install-ev-chargers-a-practical-guide-for-los-angeles-property-owners,0,12,0.00%,10.58
https://shaffercon.com/industry-insights/how-california-and-nationwide-funding-changes-make-now-the-time-to-install-ev-chargers-a-practical-guide-for-los-angeles-property-owners/,0,19,0.00%,17.47
https://shaffercon.com/industry-insights/how-funding-freezes-and-ultra-fast-chargers-are-reshaping-las-ev-infrastructure-in-2025/,0,37,0.00%,7.70
https://shaffercon.com/industry-insights/how-los-angeles-property-owners-can-install-ev-chargers-funding-financing-and-practical-steps/,0,16,0.00%,8.31
https://shaffercon.com/industry-insights/how-ready-is-your-property-for-ev-chargers-a-practical-guide-for-los-angeles-homeowners-businesses/,0,10,0.00%,8.30
https://shaffercon.com/industry-insights/how-the-return-of-nevi-funding-and-new-partnerships-are-accelerating-ev-charging-in-los-angeles/,0,8,0.00%,13.12
https://shaffercon.com/industry-insights/how-to-choose-right-ev-charger-los-angeles,0,2,0.00%,3.00
https://shaffercon.com/industry-insights/how-to-choose-right-ev-charger-los-angeles/,0,86,0.00%,9.21
https://shaffercon.com/industry-insights/how-to-know-home-needs-electrical-panel-upgrade/,0,13,0.00%,47.69
https://shaffercon.com/industry-insights/indiana-wireless-highway-charging-bmw-supercharger-access-walmart-network-stellantis-nacs-tesla-3d-maps/,0,78,0.00%,7.28
https://shaffercon.com/industry-insights/installing-ev-chargers-in-los-angeles-your-guide-to-a-greener-future,0,15,0.00%,8.53
https://shaffercon.com/industry-insights/installing-ev-chargers-in-los-angeles-your-guide-to-a-greener-future/,0,211,0.00%,13.58
https://shaffercon.com/industry-insights/ionna-circle-k-350-site-partnership-ohio-51m-nevi-64-sites-byd-1500kw-flash-charging-cox-auto-q1-ev-reset-mercedes-eqs-926km-800v/,0,34,0.00%,10.06
https://shaffercon.com/industry-insights/knowing-when-to-upgrade-your-commercial-electrical-systems,0,3,0.00%,7.33
https://shaffercon.com/industry-insights/knowing-when-to-upgrade-your-commercial-electrical-systems/,0,26,0.00%,8.19
https://shaffercon.com/industry-insights/ladbs-electrical-permit-process-step-by-step-guide,0,117,0.00%,5.53
https://shaffercon.com/industry-insights/latest-innovations-in-ev-charging-how-shaffer-construction-is-leading-the-way-in-los-angeles/,0,12,0.00%,5.58
https://shaffercon.com/industry-insights/laz-parking-50000-ev-chargers-ford-19-billion-writedown-hydrohertz-68-percent-faster-charging-bmw-supercharger,0,56,0.00%,8.61
https://shaffercon.com/industry-insights/laz-parking-50000-ev-chargers-ford-19-billion-writedown-hydrohertz-68-percent-faster-charging-bmw-supercharger/,0,48,0.00%,7.21
https://shaffercon.com/industry-insights/led-landscape-lighting-upgrade,0,4,0.00%,7.25
https://shaffercon.com/industry-insights/led-landscape-lighting-upgrade/,0,1,0.00%,5.00
https://shaffercon.com/industry-insights/led-retrofit-guide-los-angeles-businesses,0,26,0.00%,9.35
https://shaffercon.com/industry-insights/led-retrofit-guide-los-angeles-businesses/,0,264,0.00%,7.86
https://shaffercon.com/industry-insights/lucid-best-luxury-ev-brand-renault-efficiency-record-hyundai-biggest-ev-2025-year-review-global-sales/,0,216,0.00%,7.15
https://shaffercon.com/industry-insights/major-ev-charging-developments-volkswagen-supercharger-access-google-maps-integration-nacs-standardization-65000-us-ports-and-sonoma-county-expansion-shape-november-2025-infrastructure-landscape,0,22,0.00%,11.23
https://shaffercon.com/industry-insights/major-ev-charging-developments-volkswagen-supercharger-access-google-maps-integration-nacs-standardization-65000-us-ports-and-sonoma-county-expansion-shape-november-2025-infrastructure-landscape/,0,23,0.00%,6.74
https://shaffercon.com/industry-insights/mastering-circuit-breakers-tips-for-effective-resetting/,0,7,0.00%,9.29
https://shaffercon.com/industry-insights/maximizing-energy-efficiency-advanced-electrical-technologies-for-homes/,0,6,0.00%,30.83
https://shaffercon.com/industry-insights/modern-lighting-trends-solutions,0,2,0.00%,10.00
https://shaffercon.com/industry-insights/nacs-connector-48-percent-market-share-fleet-megawatt-charging-installation-costs-utility-rebates/,0,1036,0.00%,5.71
https://shaffercon.com/industry-insights/navigating-california-ev-incentives-in-2025-maximize-your-savings-with-shaffer-construction/,0,7,0.00%,17.00
https://shaffercon.com/industry-insights/navigating-californias-ev-charger-surge-trends-technologies-and-community-impact/,0,8,0.00%,7.38
https://shaffercon.com/industry-insights/navigating-the-challenges-and-solutions-in-expanding-the-ev-charging-network-in-los-angeles/,0,72,0.00%,6.01
https://shaffercon.com/industry-insights/navigating-the-future-essential-insights-for-ev-charger-installation-and-infrastructure-in-los-angeles/,0,1,0.00%,9.00
https://shaffercon.com/industry-insights/navigating-the-future-essential-trends-and-tips-for-ev-charging-infrastructure,0,17,0.00%,8.18
https://shaffercon.com/industry-insights/navigating-the-future-essential-trends-and-tips-for-ev-charging-infrastructure/,0,95,0.00%,7.20
https://shaffercon.com/industry-insights/october-2025-ev-charging-milestone-record-u-s-infrastructure-expansion-california-reliability-standards-and-innovative-streetlight-solutions-transform-los-angeles-landscape/,0,886,0.00%,6.58
https://shaffercon.com/industry-insights/october-2025-ev-infrastructure-acceleration-record-charging-expansion-nevi-program-growth-tesla-v4-milestone-wireless-technology-breakthrough-and-california-leadership-transform-market-dynamics/,0,142,0.00%,7.56
https://shaffercon.com/industry-insights/off-lease-evs-flood-market-toyota-billion-investment-vw-recall-ev-cancellations-chargepoint-consolidation/,0,124,0.00%,7.27
https://shaffercon.com/industry-insights/office-electrical-upgrades-modern-workplaces,0,114,0.00%,5.61
https://shaffercon.com/industry-insights/outdoor-lighting-installation-guide-los-angeles,0,74,0.00%,7.57
https://shaffercon.com/industry-insights/overcoming-barriers-the-future-of-ev-charger-infrastructure-in-los-angeles,0,3,0.00%,4.00
https://shaffercon.com/industry-insights/overcoming-barriers-the-future-of-ev-charger-infrastructure-in-los-angeles/,0,5,0.00%,4.60
https://shaffercon.com/industry-insights/panel-upgrades-navigating-federal-pacific-panel-upgrade-or-replacement,0,1,0.00%,9.00
https://shaffercon.com/industry-insights/panel-upgrades-the-essentials-of-zinsco-panel-upgrade-or-replacement,0,13,0.00%,6.62
https://shaffercon.com/industry-insights/patio-deck-electrical-planning-guide-los-angeles,0,73,0.00%,6.58
https://shaffercon.com/industry-insights/patio-deck-electrical-planning-guide-los-angeles/,0,62,0.00%,6.89
https://shaffercon.com/industry-insights/planning-ev-charger-infrastructure-installation-in-los-angeles-costs-options-and-what-to-expect/,0,11,0.00%,30.91
https://shaffercon.com/industry-insights/pool-hot-tub-electrical-requirements-los-angeles,0,17,0.00%,9.24
https://shaffercon.com/industry-insights/pool-hot-tub-electrical-requirements-los-angeles/,0,132,0.00%,6.96
https://shaffercon.com/industry-insights/power-outage-preparation-guide-los-angeles/,0,107,0.00%,7.58
https://shaffercon.com/industry-insights/power-tips-for-your-refrigerator-ensuring-efficient-operation,0,3,0.00%,6.33
https://shaffercon.com/industry-insights/power-tips-for-your-refrigerator-ensuring-efficient-operation/,0,33,0.00%,8.33
https://shaffercon.com/industry-insights/powering-the-ev-revolution-latest-advances-and-infrastructure-solutions-for-u-s-charging-networks,0,19,0.00%,51.16
https://shaffercon.com/industry-insights/powering-the-ev-revolution-latest-advances-and-infrastructure-solutions-for-u-s-charging-networks/,0,4,0.00%,22.75
https://shaffercon.com/industry-insights/powering-the-future-why-expanding-ev-charging-infrastructure-in-los-angeles-matters-now-more-than-ever,0,4,0.00%,6.00
https://shaffercon.com/industry-insights/powerstation-off-grid-solar-chargers-california-zev-mandate-35-percent-loves-texas-ev-stations-tariff-costs-35-billion-site-size-growing/,0,16,0.00%,5.75
https://shaffercon.com/industry-insights/preparing-los-angeles-buildings-for-the-ev-charging-boom-what-owners-developers-and-businesses-need-to-know/,0,13,0.00%,7.54
https://shaffercon.com/industry-insights/preparing-your-property-for-the-next-wave-of-ev-charging-a-practical-guide-for-los-angeles-owners/,0,23,0.00%,7.57
https://shaffercon.com/industry-insights/professional-wiring-installation-tips,0,1,0.00%,2.00
https://shaffercon.com/industry-insights/public-ev-charging-what-property-owners-and-developers-in-los-angeles-need-to-know/,0,8,0.00%,7.50
https://shaffercon.com/industry-insights/pushmatic-panel-upgrade-guide,0,10,0.00%,6.20
https://shaffercon.com/industry-insights/pushmatic-panel-upgrade-guide-2/,0,49,0.00%,6.84
https://shaffercon.com/industry-insights/pushmatic-panel-upgrade-guide/,0,93,0.00%,6.37
https://shaffercon.com/industry-insights/q1-2026-fast-charging-report-evgo-nacs-expansion-catl-60gwh-sodium-ion-toyota-ev-sales-139-percent-kia-ev6-ev9-price-cuts/,0,17,0.00%,6.47
https://shaffercon.com/industry-insights/recessed-lighting-installation-guide,0,117,0.00%,9.22
https://shaffercon.com/industry-insights/reliable-facilities-maintenance-electrician-services-by-shaffer-construction-inc,0,7,0.00%,12.43
https://shaffercon.com/industry-insights/renewable-energy-systems-transforming-electrical-infrastructures,0,3,0.00%,8.33
https://shaffercon.com/industry-insights/renewable-energy-systems-transforming-electrical-infrastructures/,0,8,0.00%,11.25
https://shaffercon.com/industry-insights/residential-electrical-services-what-every-homeowner-should-know-about-hiring-a-contractor/,0,2,0.00%,13.50
https://shaffercon.com/industry-insights/retail-store-electrical-planning-design-guide,0,166,0.00%,5.84
https://shaffercon.com/industry-insights/revolutionary-ev-charging-developments-transform-infrastructure-landscape-ultra-fast-1mw-technology-streetlight-integration-300-billion-global-investment-forecast-pennsylvania-community-expansion,0,1,0.00%,5.00
https://shaffercon.com/industry-insights/revolutionary-ev-charging-developments-transform-infrastructure-landscape-ultra-fast-1mw-technology-streetlight-integration-300-billion-global-investment-forecast-pennsylvania-community-expansion/,0,12,0.00%,18.00
https://shaffercon.com/industry-insights/rivian-r2-production-vw-billion-milestone-sk-signet-400kw-charger-nevi-876-million-cuts-byd-profit-decline/,0,80,0.00%,6.26
https://shaffercon.com/industry-insights/should-i-install-an-ev-charger-at-home-a-practical-guide-for-los-angeles-homeowners/,0,3,0.00%,9.00
https://shaffercon.com/industry-insights/should-you-install-an-ev-charger-at-home-a-practical-guide-for-los-angeles-homeowners/,0,26,0.00%,10.65
https://shaffercon.com/industry-insights/smart-ev-charging-solutions/,0,4,0.00%,10.00
https://shaffercon.com/industry-insights/smart-home-contractor-los-angeles/,0,2,0.00%,7.50
https://shaffercon.com/industry-insights/smart-home-electrical-wiring-future-proofing-los-angeles/,0,21,0.00%,9.14
https://shaffercon.com/industry-insights/smoke-detector-installation-guide,0,4,0.00%,10.00
https://shaffercon.com/industry-insights/smoke-detector-installation-guide/,0,17,0.00%,12.76
https://shaffercon.com/industry-insights/solar-canopy-ev-charging-german-automakers-supercharger-access-ionna-network-expansion-billing-architecture,0,9,0.00%,15.89
https://shaffercon.com/industry-insights/solar-canopy-ev-charging-german-automakers-supercharger-access-ionna-network-expansion-billing-architecture/,0,4,0.00%,9.25
https://shaffercon.com/industry-insights/solving-lighting-problems-practical-tips-for-homeowners/,0,5,0.00%,2.80
https://shaffercon.com/industry-insights/sparkling-holiday-lights-illuminating-your-festive-season-with-shaffer-construction/,0,20,0.00%,10.30
https://shaffercon.com/industry-insights/states-sue-ev-charging-funds-65000-dc-fast-chargers-oslo-model-ws-development-electrify-america-2026-predictions/,0,287,0.00%,8.33
https://shaffercon.com/industry-insights/surging-ahead-how-the-ev-charging-station-market-is-transforming-los-angeles-properties-and-communities/,0,3,0.00%,5.33
https://shaffercon.com/industry-insights/telephone-power-essentials-tips-for-reliable-operation,0,4,0.00%,8.00
https://shaffercon.com/industry-insights/telephone-power-essentials-tips-for-reliable-operation/,0,7,0.00%,11.71
https://shaffercon.com/industry-insights/tesla-3d-supercharger-maps-porsche-closes-china-network-ford-ionna-plug-charge-holiday-travel-charging,0,16,0.00%,6.44
https://shaffercon.com/industry-insights/tesla-3d-supercharger-maps-porsche-closes-china-network-ford-ionna-plug-charge-holiday-travel-charging/,0,318,0.00%,7.80
https://shaffercon.com/industry-insights/tesla-model-y-juniper-wisconsin-ev-grants-georgia-rivian-hyundai-new-evs-cybertruck-long-range/,0,148,0.00%,8.79
https://shaffercon.com/industry-insights/tesla-q1-2026-earnings-catl-next-gen-ecosystem-mercedes-c-class-473-miles-europe-51-percent-ev-share-30c-june-30-deadline/,0,8,0.00%,7.50
https://shaffercon.com/industry-insights/tesla-q1-results-beat-chargepoint-600kw-express-solo-rivian-r2-production-launch-nyserda-45m-nevi-ford-ev-sales-collapse-rivian-overtakes/,0,45,0.00%,5.16
https://shaffercon.com/industry-insights/tesla-supercharger-record-polestar-4-price-cut-ann-arbor-ev-expansion-florida-wireless-charging-byd-megawatt/,0,1941,0.00%,7.66
https://shaffercon.com/industry-insights/tesla-superchargers-80000-stalls-kia-ev3-35k-debut-ev-realty-truck-hub-tariffs-charging-costs-v2g-mainstream/,0,231,0.00%,6.72
https://shaffercon.com/industry-insights/the-complete-guide-to-ev-charging-infrastructure-in-los-angeles-trends-technologies-and-installation-tips-for-property-owners/,0,32,0.00%,9.50
https://shaffercon.com/industry-insights/the-critical-importance-of-investing-in-ev-charging-infrastructure-for-a-sustainable-future,0,3,0.00%,7.67
https://shaffercon.com/industry-insights/the-critical-importance-of-investing-in-ev-charging-infrastructure-for-a-sustainable-future/,0,51,0.00%,43.20
https://shaffercon.com/industry-insights/the-electric-vehicle-charging-revolution-key-trends-and-future-prospects/,0,22,0.00%,12.55
https://shaffercon.com/industry-insights/the-essential-guide-to-ev-charging-infrastructure-benefits-strategies-and-future-trends,0,122,0.00%,37.14
https://shaffercon.com/industry-insights/the-essential-guide-to-ev-charging-infrastructure-benefits-strategies-and-future-trends/,0,949,0.00%,72.27
https://shaffercon.com/industry-insights/the-essential-guide-to-installing-ev-chargers-benefits-considerations-and-technologies,0,7,0.00%,8.00
https://shaffercon.com/industry-insights/the-essential-role-of-ev-charging-infrastructure-in-driving-sustainable-transportation/,0,5,0.00%,36.80
https://shaffercon.com/industry-insights/the-future-is-electric-the-importance-of-ev-charging-stations-in-commercial-properties,0,29,0.00%,13.90
https://shaffercon.com/industry-insights/the-future-is-electric-the-importance-of-ev-charging-stations-in-commercial-properties/,0,39,0.00%,22.38
https://shaffercon.com/industry-insights/the-future-of-electric-vehicle-charging-economic-benefits-technological-innovations-and-government-initiatives,0,4,0.00%,9.25
https://shaffercon.com/industry-insights/the-future-of-electric-vehicle-charging-economic-benefits-technological-innovations-and-government-initiatives/,0,4,0.00%,3.25
https://shaffercon.com/industry-insights/the-future-of-electric-vehicle-charging-infrastructure-trends-innovations-and-insights/,0,65,0.00%,7.82
https://shaffercon.com/industry-insights/the-future-of-electric-vehicle-charging-infrastructure-trends-opportunities-and-innovations,0,3,0.00%,8.33
https://shaffercon.com/industry-insights/the-future-of-electric-vehicle-charging-infrastructure-trends-opportunities-and-innovations/,0,18,0.00%,8.72
https://shaffercon.com/industry-insights/the-future-of-electric-vehicle-charging-insights-on-infrastructure-growth-and-safety-innovations/,0,2,0.00%,4.50
https://shaffercon.com/industry-insights/the-future-of-electric-vehicle-charging-why-infrastructure-matters-for-sustainable-growth/,0,259,0.00%,67.90
https://shaffercon.com/industry-insights/the-future-of-electric-vehicles-impact-on-home-electrical-systems/,0,29,0.00%,5.90
https://shaffercon.com/industry-insights/the-future-of-electric-vehicles-key-trends-for-electricians-and-clients,0,8,0.00%,53.50
https://shaffercon.com/industry-insights/the-future-of-electric-vehicles-why-investing-in-ev-charger-infrastructure-is-essential/,0,17,0.00%,15.94
https://shaffercon.com/industry-insights/the-future-of-ev-charger-installation-transforming-transportation-in-los-angeles,0,11,0.00%,9.09
https://shaffercon.com/industry-insights/the-future-of-ev-charger-installation-transforming-transportation-in-los-angeles/,0,5,0.00%,24.80
https://shaffercon.com/industry-insights/the-future-of-ev-charger-installation-trends-incentives-and-innovations-you-need-to-know,0,18,0.00%,25.22
https://shaffercon.com/industry-insights/the-future-of-ev-charger-installation-trends-incentives-and-innovations-you-need-to-know/,0,8,0.00%,27.88
https://shaffercon.com/industry-insights/the-future-of-ev-charger-installations-how-government-initiatives-and-business-benefits-are-shaping-the-industry/,0,101,0.00%,16.97
https://shaffercon.com/industry-insights/the-future-of-ev-charging-federal-grants-technological-advancements-and-infrastructure-expansion,0,2,0.00%,3.50
https://shaffercon.com/industry-insights/the-future-of-ev-charging-federal-grants-technological-advancements-and-infrastructure-expansion/,0,15,0.00%,5.53
https://shaffercon.com/industry-insights/the-future-of-ev-charging-government-initiatives-innovations-and-challenges-in-2024/,0,233,0.00%,36.84
https://shaffercon.com/industry-insights/the-future-of-ev-charging-how-smart-infrastructure-bidirectional-tech-and-community-collaboration-are-shaping-los-angeles/,0,10,0.00%,45.70
https://shaffercon.com/industry-insights/the-future-of-ev-charging-in-los-angeles-breakthrough-technologies-expanded-access-and-smarter-infrastructure/,0,2,0.00%,8.50
https://shaffercon.com/industry-insights/the-future-of-ev-charging-in-los-angeles-new-technologies-solar-integration-and-incentives-for-property-owners/,0,16,0.00%,5.12
https://shaffercon.com/industry-insights/the-future-of-ev-charging-in-los-angeles-policy-updates-security-innovations-and-expanding-access-for-all-residents/,0,12,0.00%,23.42
https://shaffercon.com/industry-insights/the-future-of-ev-charging-in-los-angeles-trends-challenges-and-how-property-owners-can-prepare/,0,46,0.00%,5.22
https://shaffercon.com/industry-insights/the-future-of-ev-charging-in-los-angeles-trends-challenges-and-opportunities-for-sustainable-growth/,0,89,0.00%,6.07
https://shaffercon.com/industry-insights/the-future-of-ev-charging-in-los-angeles-trends-incentives-and-essential-upgrades-for-property-owners/,0,5,0.00%,5.20
https://shaffercon.com/industry-insights/the-future-of-ev-charging-infrastructure-innovations-policy-updates-and-smart-solutions-for-california-property-owners/,0,9,0.00%,14.33
https://shaffercon.com/industry-insights/the-future-of-ev-charging-infrastructure-key-trends-innovations-and-opportunities-for-los-angeles-businesses-and-homeowners/,0,16,0.00%,27.19
https://shaffercon.com/industry-insights/the-future-of-ev-charging-infrastructure-top-trends-shaping-los-angeles-in-2024/,0,2,0.00%,31.00
https://shaffercon.com/industry-insights/the-future-of-ev-charging-infrastructure-trends-challenges-and-solutions-for-reliable-electric-vehicle-power,0,11,0.00%,11.64
https://shaffercon.com/industry-insights/the-future-of-ev-charging-infrastructure-trends-challenges-and-solutions-for-reliable-electric-vehicle-power/,0,10,0.00%,60.30
https://shaffercon.com/industry-insights/the-future-of-ev-charging-innovations-expansions-and-key-partnerships-shaping-the-industry/,0,4,0.00%,77.75
https://shaffercon.com/industry-insights/the-future-of-ev-charging-speed-security-and-reliability-for-drivers-and-businesses/,0,20,0.00%,6.40
https://shaffercon.com/industry-insights/the-future-of-ev-charging-trends-challenges-and-innovations-in-charging-infrastructure,0,19,0.00%,8.11
https://shaffercon.com/industry-insights/the-future-of-home-and-public-ev-charging-trends-economics-and-practical-innovations-for-los-angeles-in-2025,0,34,0.00%,5.44
https://shaffercon.com/industry-insights/the-future-of-home-and-public-ev-charging-trends-economics-and-practical-innovations-for-los-angeles-in-2025/,0,186,0.00%,7.55
https://shaffercon.com/industry-insights/the-future-of-sustainable-transportation-exploring-the-rise-of-ev-charging-stations,0,21,0.00%,5.43
https://shaffercon.com/industry-insights/the-future-of-sustainable-transportation-exploring-the-rise-of-ev-charging-stations/,0,13,0.00%,7.54
https://shaffercon.com/industry-insights/the-green-revolution-how-ev-solutions-reduce-energy-waste-and-save-money,0,14,0.00%,7.57
https://shaffercon.com/industry-insights/the-green-revolution-how-ev-solutions-reduce-energy-waste-and-save-money/,0,22,0.00%,7.95
https://shaffercon.com/industry-insights/the-growing-demand-for-ev-charging-infrastructure-how-maintenance-and-innovation-shape-the-future,0,1,0.00%,13.00
https://shaffercon.com/industry-insights/the-growing-demand-for-ev-charging-infrastructure-how-maintenance-and-innovation-shape-the-future/,0,49,0.00%,68.84
https://shaffercon.com/industry-insights/the-growing-landscape-of-ev-charging-infrastructure-trends-innovations-and-future-prospects/,0,47,0.00%,59.74
https://shaffercon.com/industry-insights/the-importance-of-ev-charger-infrastructure-for-a-sustainable-los-angeles/,0,15,0.00%,36.20
https://shaffercon.com/industry-insights/the-importance-of-regular-electrical-maintenance-for-safety-and-efficiency,0,1,0.00%,10.00
https://shaffercon.com/industry-insights/the-latest-trends-in-ev-charger-installation-a-2024-guide-for-los-angeles-homes-businesses-and-multifamily-properties/,0,95,0.00%,12.16
https://shaffercon.com/industry-insights/the-rapid-expansion-of-ev-charging-infrastructure-key-insights-policy-updates-and-practical-tips-for-home-and-business-owners/,0,102,0.00%,33.99
https://shaffercon.com/industry-insights/the-real-cost-of-ev-charging-in-los-angeles-why-investing-in-a-home-or-business-charger-is-the-smart-choice/,0,2,0.00%,8.50
https://shaffercon.com/industry-insights/the-rise-of-electric-vehicle-charging-stations-a-new-era-of-sustainable-transportation-in-the-u-s,0,2,0.00%,8.50
https://shaffercon.com/industry-insights/the-rise-of-electric-vehicle-charging-stations-a-new-era-of-sustainable-transportation-in-the-u-s/,0,14,0.00%,23.21
https://shaffercon.com/industry-insights/the-rise-of-ev-charging-infrastructure-in-the-u-s-challenges-opportunities-and-future-prospects/,0,35,0.00%,15.11
https://shaffercon.com/industry-insights/the-rise-of-ev-charging-infrastructure-trends-challenges-and-solutions-for-the-future,0,154,0.00%,9.27
https://shaffercon.com/industry-insights/the-rise-of-ev-charging-infrastructure-trends-challenges-and-solutions-for-the-future/,0,1041,0.00%,52.26
https://shaffercon.com/industry-insights/the-role-of-electricians-in-sustainable-building-practices/,0,2,0.00%,8.50
https://shaffercon.com/industry-insights/the-state-of-ev-charging-the-reality-innovations-and-whats-next-for-electric-vehicle-owners,0,20,0.00%,8.80
https://shaffercon.com/industry-insights/the-state-of-ev-charging-the-reality-innovations-and-whats-next-for-electric-vehicle-owners/,0,57,0.00%,14.09
https://shaffercon.com/industry-insights/the-ultimate-guide-to-christmas-lights-illuminate-your-holidays-with-shaffer-construction/,0,32,0.00%,10.03
https://shaffercon.com/industry-insights/the-vital-role-of-ev-charging-infrastructure-in-accelerating-electric-vehicle-adoption,0,2,0.00%,14.50
https://shaffercon.com/industry-insights/the-vital-role-of-ev-charging-infrastructure-in-accelerating-electric-vehicle-adoption/,0,18,0.00%,14.06
https://shaffercon.com/industry-insights/top-electric-vehicles-for-2024-a-comprehensive-guide/,0,159,0.00%,9.21
https://shaffercon.com/industry-insights/top-trends-challenges-and-innovations-in-ev-charging-infrastructure-for-2025,0,4,0.00%,6.50
https://shaffercon.com/industry-insights/top-trends-challenges-and-innovations-in-ev-charging-infrastructure-for-2025/,0,121,0.00%,15.64
https://shaffercon.com/industry-insights/transforming-mobility-the-rise-of-ev-charging-infrastructure-across-america/,0,10,0.00%,42.20
https://shaffercon.com/industry-insights/ultimate-guide-home-ev-charger-installation-los-angeles/,0,528,0.00%,7.71
https://shaffercon.com/industry-insights/ultimate-guide-to-ev-charger-installation-incentives-in-los-angeles-funding-tax-credits-and-future-proof-solutions-for-2024,0,30,0.00%,8.53
https://shaffercon.com/industry-insights/ultimate-guide-to-ev-charger-installation-incentives-in-los-angeles-funding-tax-credits-and-future-proof-solutions-for-2024/,0,41,0.00%,13.12
https://shaffercon.com/industry-insights/under-cabinet-lighting-installation-guide/,0,36,0.00%,8.61
https://shaffercon.com/industry-insights/understanding-dimmers-tips-for-optimal-use-and-installation/,0,8,0.00%,7.25
https://shaffercon.com/industry-insights/understanding-the-latest-trends-in-residential-electrical-design,0,1,0.00%,1.00
https://shaffercon.com/industry-insights/understanding-the-latest-trends-in-residential-electrical-design/,0,29,0.00%,8.79
https://shaffercon.com/industry-insights/understanding-the-value-of-licensed-electrical-contractors,0,19,0.00%,8.74
https://shaffercon.com/industry-insights/understanding-the-value-of-licensed-electrical-contractors/,0,64,0.00%,7.50
https://shaffercon.com/industry-insights/understanding-voltage-drop-causes-and-solutions-for-your-home/,0,73,0.00%,6.90
https://shaffercon.com/industry-insights/unleashing-the-benefits-why-installing-ev-chargers-is-a-smart-investment-for-your-property/,0,32,0.00%,11.03
https://shaffercon.com/industry-insights/us-dc-fast-charging-65000-stalls-byd-overtakes-tesla-2025-rivian-r2-affordable-evs-bolt-leaf/,0,298,0.00%,7.76
https://shaffercon.com/industry-insights/used-ev-sales-surge-12-percent-ford-free-charger-power-promise-utilities-managed-charging-175k-level-2-ports-denza-500-mile-range/,0,13,0.00%,7.15
https://shaffercon.com/industry-insights/what-the-rebooted-nevi-program-means-for-ev-charger-projects-in-los-angeles,0,19,0.00%,6.68
https://shaffercon.com/industry-insights/why-permitting-policy-and-smart-design-matter-for-faster-ev-charger-deployment-in-los-angeles/,0,11,0.00%,8.09
https://shaffercon.com/industry-insights/why-upgrading-your-electrical-panel-is-crucial-for-los-angeles-homes/,0,41,0.00%,5.49
https://shaffercon.com/industry-insights/winter-electrical-safety-tips,0,6,0.00%,12.50
https://shaffercon.com/industry-insights/winter-electrical-tips-safeguarding-your-ev-chargers-more,0,8,0.00%,23.00
https://shaffercon.com/industry-insights/winter-electrical-tips-safeguarding-your-ev-chargers-more/,0,4,0.00%,7.00
https://shaffercon.com/industry-insights/xcharge-brooklyn-depot-donut-lab-solid-state-battery-prologium-california-nevi-grant-honda-afeela/,0,103,0.00%,9.71
https://shaffercon.com/realtors/,0,6,0.00%,6.50
https://shaffercon.com/residential-landscape-outdoor-lighting/,0,10,0.00%,35.40
https://shaffercon.com/residential-security-motion-lighting/,0,6,0.00%,13.83
https://shaffercon.com/revolutionary-ev-charging-developments-transform-infrastructure-landscape-ultra-fast-1mw-technology-streetlight-integration-300-billion-global-investment-forecast-pennsylvania-community-expansion/,0,1,0.00%,6.00
https://shaffercon.com/service-areas/,0,137,0.00%,9.80
https://shaffercon.com/service-areas/altadena/,0,194,0.00%,22.18
https://shaffercon.com/service-areas/altadena/commercial-backup-generator-installation/,0,3,0.00%,35.00
https://shaffercon.com/service-areas/altadena/commercial-complete-electrical-rewiring/,0,3,0.00%,10.67
https://shaffercon.com/service-areas/altadena/commercial-data-network-av-wiring/,0,5,0.00%,10.80
https://shaffercon.com/service-areas/altadena/commercial-dedicated-equipment-circuits,0,3,0.00%,18.33
https://shaffercon.com/service-areas/altadena/commercial-electrical-code-compliance-corrections/,0,5,0.00%,29.20
https://shaffercon.com/service-areas/altadena/commercial-electrical-panel-upgrades/,0,8,0.00%,3.50
https://shaffercon.com/service-areas/altadena/commercial-electrical-safety-inspections/,0,4,0.00%,6.50
https://shaffercon.com/service-areas/altadena/commercial-ev-charger-installation/,0,4,0.00%,7.50
https://shaffercon.com/service-areas/altadena/commercial-exhaust-fan-ventilation-wiring/,0,1,0.00%,11.00
https://shaffercon.com/service-areas/altadena/commercial-landscape-outdoor-lighting/,0,1,0.00%,6.00
https://shaffercon.com/service-areas/altadena/commercial-lighting-installation-retrofitting,0,4,0.00%,3.50
https://shaffercon.com/service-areas/altadena/commercial-outlet-switch-dimmer-services/,0,1,0.00%,8.00
https://shaffercon.com/service-areas/altadena/commercial-pool-hot-tub-spa-electrical,0,1,0.00%,12.00
https://shaffercon.com/service-areas/altadena/commercial-smart-automation-systems,0,1,0.00%,12.00
https://shaffercon.com/service-areas/altadena/commercial-whole-building-surge-protection,0,1,0.00%,1.00
https://shaffercon.com/service-areas/altadena/commercial-whole-building-surge-protection/,0,3,0.00%,8.33
https://shaffercon.com/service-areas/altadena/residential-backup-generator-installation,0,1,0.00%,3.00
https://shaffercon.com/service-areas/altadena/residential-breaker-panel-service-maintenance,0,1,0.00%,9.00
https://shaffercon.com/service-areas/altadena/residential-ceiling-fan-fixture-installation/,0,2,0.00%,2.50
https://shaffercon.com/service-areas/altadena/residential-complete-electrical-rewiring/,0,1,0.00%,5.00
https://shaffercon.com/service-areas/altadena/residential-data-network-av-wiring/,0,12,0.00%,11.08
https://shaffercon.com/service-areas/altadena/residential-dedicated-equipment-circuits,0,2,0.00%,5.50
https://shaffercon.com/service-areas/altadena/residential-dedicated-equipment-circuits/,0,1,0.00%,9.00
https://shaffercon.com/service-areas/altadena/residential-electrical-code-compliance-corrections/,0,15,0.00%,17.53
https://shaffercon.com/service-areas/altadena/residential-electrical-panel-upgrades/,0,4,0.00%,29.25
https://shaffercon.com/service-areas/altadena/residential-electrical-safety-inspections,0,1,0.00%,2.00
https://shaffercon.com/service-areas/altadena/residential-electrical-safety-inspections/,0,3,0.00%,39.33
https://shaffercon.com/service-areas/altadena/residential-energy-efficiency-upgrades,0,4,0.00%,11.50
https://shaffercon.com/service-areas/altadena/residential-ev-charger-installation/,0,1,0.00%,9.00
https://shaffercon.com/service-areas/altadena/residential-landscape-outdoor-lighting/,0,7,0.00%,6.00
https://shaffercon.com/service-areas/altadena/residential-lighting-installation-retrofitting,0,1,0.00%,3.00
https://shaffercon.com/service-areas/altadena/residential-lighting-installation-retrofitting/,0,1,0.00%,3.00
https://shaffercon.com/service-areas/altadena/residential-outlet-switch-dimmer-services/,0,2,0.00%,2.50
https://shaffercon.com/service-areas/altadena/residential-pool-hot-tub-spa-electrical/,0,1,0.00%,9.00
https://shaffercon.com/service-areas/altadena/residential-security-motion-lighting,0,1,0.00%,7.00
https://shaffercon.com/service-areas/altadena/residential-whole-building-surge-protection/,0,2,0.00%,12.50
https://shaffercon.com/service-areas/atwater-village/,0,255,0.00%,16.99
https://shaffercon.com/service-areas/atwater-village/commercial-backup-generator-installation,0,7,0.00%,14.14
https://shaffercon.com/service-areas/atwater-village/commercial-backup-generator-installation/,0,28,0.00%,11.54
https://shaffercon.com/service-areas/atwater-village/commercial-breaker-panel-service-maintenance,0,3,0.00%,4.67
https://shaffercon.com/service-areas/atwater-village/commercial-ceiling-fan-fixture-installation/,0,1,0.00%,6.00
https://shaffercon.com/service-areas/atwater-village/commercial-complete-electrical-rewiring/,0,7,0.00%,21.00
https://shaffercon.com/service-areas/atwater-village/commercial-dedicated-equipment-circuits,0,1,0.00%,12.00
https://shaffercon.com/service-areas/atwater-village/commercial-electrical-code-compliance-corrections,0,4,0.00%,7.00
https://shaffercon.com/service-areas/atwater-village/commercial-electrical-panel-upgrades,0,10,0.00%,9.20
https://shaffercon.com/service-areas/atwater-village/commercial-electrical-panel-upgrades/,0,1,0.00%,9.00
https://shaffercon.com/service-areas/atwater-village/commercial-electrical-safety-inspections,0,2,0.00%,8.00
https://shaffercon.com/service-areas/atwater-village/commercial-electrical-troubleshooting-repairs/,0,1,0.00%,10.00
https://shaffercon.com/service-areas/atwater-village/commercial-energy-efficiency-upgrades/,0,3,0.00%,5.33
https://shaffercon.com/service-areas/atwater-village/commercial-exhaust-fan-ventilation-wiring,0,1,0.00%,11.00
https://shaffercon.com/service-areas/atwater-village/commercial-exhaust-fan-ventilation-wiring/,0,6,0.00%,10.33
https://shaffercon.com/service-areas/atwater-village/commercial-landscape-outdoor-lighting/,0,8,0.00%,8.25
https://shaffercon.com/service-areas/atwater-village/commercial-lighting-installation-retrofitting/,0,2,0.00%,35.50
https://shaffercon.com/service-areas/atwater-village/commercial-outlet-switch-dimmer-services,0,1,0.00%,9.00
https://shaffercon.com/service-areas/atwater-village/commercial-pool-hot-tub-spa-electrical/,0,2,0.00%,3.00
https://shaffercon.com/service-areas/atwater-village/commercial-security-motion-lighting,0,1,0.00%,6.00
https://shaffercon.com/service-areas/atwater-village/commercial-security-motion-lighting/,0,1,0.00%,26.00
https://shaffercon.com/service-areas/atwater-village/commercial-smart-automation-systems/,0,1,0.00%,10.00
https://shaffercon.com/service-areas/atwater-village/commercial-whole-building-surge-protection/,0,3,0.00%,15.00
https://shaffercon.com/service-areas/atwater-village/residential-backup-generator-installation,0,7,0.00%,7.57
https://shaffercon.com/service-areas/atwater-village/residential-ceiling-fan-fixture-installation/,0,1,0.00%,11.00
https://shaffercon.com/service-areas/atwater-village/residential-complete-electrical-rewiring,0,1,0.00%,45.00
https://shaffercon.com/service-areas/atwater-village/residential-complete-electrical-rewiring/,0,2,0.00%,6.00
https://shaffercon.com/service-areas/atwater-village/residential-data-network-av-wiring/,0,4,0.00%,15.00
https://shaffercon.com/service-areas/atwater-village/residential-dedicated-equipment-circuits,0,6,0.00%,8.83
https://shaffercon.com/service-areas/atwater-village/residential-electrical-code-compliance-corrections,0,6,0.00%,13.17
https://shaffercon.com/service-areas/atwater-village/residential-electrical-code-compliance-corrections/,0,1,0.00%,4.00
https://shaffercon.com/service-areas/atwater-village/residential-electrical-panel-upgrades,0,3,0.00%,5.33
https://shaffercon.com/service-areas/atwater-village/residential-electrical-panel-upgrades/,0,9,0.00%,11.11
https://shaffercon.com/service-areas/atwater-village/residential-electrical-safety-inspections,0,1,0.00%,9.00
https://shaffercon.com/service-areas/atwater-village/residential-electrical-troubleshooting-repairs/,0,8,0.00%,11.88
https://shaffercon.com/service-areas/atwater-village/residential-energy-efficiency-upgrades,0,1,0.00%,9.00
https://shaffercon.com/service-areas/atwater-village/residential-ev-charger-installation/,0,43,0.00%,26.14
https://shaffercon.com/service-areas/atwater-village/residential-exhaust-fan-ventilation-wiring,0,1,0.00%,6.00
https://shaffercon.com/service-areas/atwater-village/residential-landscape-outdoor-lighting/,0,1,0.00%,11.00
https://shaffercon.com/service-areas/atwater-village/residential-outlet-switch-dimmer-services,0,3,0.00%,10.00
https://shaffercon.com/service-areas/atwater-village/residential-outlet-switch-dimmer-services/,0,1,0.00%,8.00
https://shaffercon.com/service-areas/atwater-village/residential-pool-hot-tub-spa-electrical,0,1,0.00%,34.00
https://shaffercon.com/service-areas/atwater-village/residential-pool-hot-tub-spa-electrical/,0,29,0.00%,19.97
https://shaffercon.com/service-areas/atwater-village/residential-smart-automation-systems/,0,2,0.00%,8.00
https://shaffercon.com/service-areas/atwater-village/residential-whole-building-surge-protection,0,1,0.00%,15.00
https://shaffercon.com/service-areas/atwater-village/residential-whole-building-surge-protection/,0,1,0.00%,40.00
https://shaffercon.com/service-areas/backup-generator-installation__trashed/commercial-backup-generator-installation/,0,2,0.00%,26.00
https://shaffercon.com/service-areas/backup-generator-installation__trashed/residential-backup-generator-installation/,0,4,0.00%,6.25
https://shaffercon.com/service-areas/beverly-hills/,0,372,0.00%,26.29
https://shaffercon.com/service-areas/beverly-hills/commercial-backup-generator-installation/,0,4,0.00%,7.75
https://shaffercon.com/service-areas/beverly-hills/commercial-complete-electrical-rewiring,0,5,0.00%,39.20
https://shaffercon.com/service-areas/beverly-hills/commercial-complete-electrical-rewiring/,0,4,0.00%,4.25
https://shaffercon.com/service-areas/beverly-hills/commercial-data-network-av-wiring/,0,3,0.00%,2.67
https://shaffercon.com/service-areas/beverly-hills/commercial-dedicated-equipment-circuits,0,1,0.00%,3.00
https://shaffercon.com/service-areas/beverly-hills/commercial-dedicated-equipment-circuits/,0,3,0.00%,5.67
https://shaffercon.com/service-areas/beverly-hills/commercial-electrical-code-compliance-corrections,0,1,0.00%,12.00
https://shaffercon.com/service-areas/beverly-hills/commercial-electrical-code-compliance-corrections/,0,35,0.00%,8.69
https://shaffercon.com/service-areas/beverly-hills/commercial-electrical-safety-inspections/,0,1,0.00%,8.00
https://shaffercon.com/service-areas/beverly-hills/commercial-electrical-troubleshooting-repairs/,0,30,0.00%,6.67
https://shaffercon.com/service-areas/beverly-hills/commercial-energy-efficiency-upgrades,0,1,0.00%,12.00
https://shaffercon.com/service-areas/beverly-hills/commercial-ev-charger-installation,0,4,0.00%,29.75
https://shaffercon.com/service-areas/beverly-hills/commercial-ev-charger-installation/,0,5,0.00%,24.00
https://shaffercon.com/service-areas/beverly-hills/commercial-landscape-outdoor-lighting,0,6,0.00%,13.83
https://shaffercon.com/service-areas/beverly-hills/commercial-landscape-outdoor-lighting/,0,2,0.00%,20.00
https://shaffercon.com/service-areas/beverly-hills/commercial-pool-hot-tub-spa-electrical,0,10,0.00%,8.80
https://shaffercon.com/service-areas/beverly-hills/commercial-pool-hot-tub-spa-electrical/,0,8,0.00%,37.50
https://shaffercon.com/service-areas/beverly-hills/commercial-security-motion-lighting/,0,1,0.00%,2.00
https://shaffercon.com/service-areas/beverly-hills/commercial-smart-automation-systems,0,1,0.00%,21.00
https://shaffercon.com/service-areas/beverly-hills/commercial-smart-automation-systems/,0,22,0.00%,15.00
https://shaffercon.com/service-areas/beverly-hills/residential-backup-generator-installation,0,15,0.00%,7.93
https://shaffercon.com/service-areas/beverly-hills/residential-backup-generator-installation/,0,8,0.00%,11.00
https://shaffercon.com/service-areas/beverly-hills/residential-breaker-panel-service-maintenance/,0,1,0.00%,5.00
https://shaffercon.com/service-areas/beverly-hills/residential-ceiling-fan-fixture-installation,0,1,0.00%,2.00
https://shaffercon.com/service-areas/beverly-hills/residential-ceiling-fan-fixture-installation/,0,2,0.00%,11.00
https://shaffercon.com/service-areas/beverly-hills/residential-complete-electrical-rewiring,0,12,0.00%,4.17
https://shaffercon.com/service-areas/beverly-hills/residential-complete-electrical-rewiring/,0,16,0.00%,4.06
https://shaffercon.com/service-areas/beverly-hills/residential-data-network-av-wiring,0,2,0.00%,6.00
https://shaffercon.com/service-areas/beverly-hills/residential-data-network-av-wiring/,0,11,0.00%,1.45
https://shaffercon.com/service-areas/beverly-hills/residential-dedicated-equipment-circuits/,0,9,0.00%,3.56
https://shaffercon.com/service-areas/beverly-hills/residential-electrical-code-compliance-corrections,0,6,0.00%,5.50
https://shaffercon.com/service-areas/beverly-hills/residential-electrical-safety-inspections/,0,10,0.00%,6.00
https://shaffercon.com/service-areas/beverly-hills/residential-electrical-troubleshooting-repairs,0,1,0.00%,9.00
https://shaffercon.com/service-areas/beverly-hills/residential-energy-efficiency-upgrades,0,3,0.00%,8.67
https://shaffercon.com/service-areas/beverly-hills/residential-ev-charger-installation,0,8,0.00%,6.38
https://shaffercon.com/service-areas/beverly-hills/residential-ev-charger-installation/,0,47,0.00%,5.11
https://shaffercon.com/service-areas/beverly-hills/residential-landscape-outdoor-lighting,0,38,0.00%,7.37
https://shaffercon.com/service-areas/beverly-hills/residential-landscape-outdoor-lighting/,0,36,0.00%,8.64
https://shaffercon.com/service-areas/beverly-hills/residential-lighting-installation-retrofitting,0,2,0.00%,9.00
https://shaffercon.com/service-areas/beverly-hills/residential-outlet-switch-dimmer-services/,0,8,0.00%,16.00
https://shaffercon.com/service-areas/beverly-hills/residential-pool-hot-tub-spa-electrical,0,6,0.00%,4.33
https://shaffercon.com/service-areas/beverly-hills/residential-pool-hot-tub-spa-electrical/,0,7,0.00%,7.86
https://shaffercon.com/service-areas/beverly-hills/residential-security-motion-lighting,0,2,0.00%,2.50
https://shaffercon.com/service-areas/beverly-hills/residential-security-motion-lighting/,0,4,0.00%,11.25
https://shaffercon.com/service-areas/beverly-hills/residential-smart-automation-systems/,0,259,0.00%,16.41
https://shaffercon.com/service-areas/boyle-heights/,0,145,0.00%,8.36
https://shaffercon.com/service-areas/boyle-heights/commercial-backup-generator-installation,0,1,0.00%,87.00
https://shaffercon.com/service-areas/boyle-heights/commercial-backup-generator-installation/,0,2,0.00%,73.50
https://shaffercon.com/service-areas/boyle-heights/commercial-breaker-panel-service-maintenance,0,1,0.00%,45.00
https://shaffercon.com/service-areas/boyle-heights/commercial-ceiling-fan-fixture-installation/,0,1,0.00%,87.00
https://shaffercon.com/service-areas/boyle-heights/commercial-complete-electrical-rewiring,0,3,0.00%,36.67
https://shaffercon.com/service-areas/boyle-heights/commercial-data-network-av-wiring,0,1,0.00%,9.00
https://shaffercon.com/service-areas/boyle-heights/commercial-electrical-code-compliance-corrections/,0,1,0.00%,48.00
https://shaffercon.com/service-areas/boyle-heights/commercial-electrical-safety-inspections/,0,1,0.00%,40.00
https://shaffercon.com/service-areas/boyle-heights/commercial-electrical-troubleshooting-repairs,0,3,0.00%,9.00
https://shaffercon.com/service-areas/boyle-heights/commercial-energy-efficiency-upgrades/,0,2,0.00%,56.00
https://shaffercon.com/service-areas/boyle-heights/commercial-ev-charger-installation/,0,1,0.00%,23.00
https://shaffercon.com/service-areas/boyle-heights/commercial-exhaust-fan-ventilation-wiring/,0,1,0.00%,7.00
https://shaffercon.com/service-areas/boyle-heights/commercial-outlet-switch-dimmer-services,0,1,0.00%,4.00
https://shaffercon.com/service-areas/boyle-heights/residential-backup-generator-installation/,0,8,0.00%,41.00
https://shaffercon.com/service-areas/boyle-heights/residential-breaker-panel-service-maintenance,0,1,0.00%,28.00
https://shaffercon.com/service-areas/boyle-heights/residential-complete-electrical-rewiring,0,3,0.00%,14.67
https://shaffercon.com/service-areas/boyle-heights/residential-complete-electrical-rewiring/,0,5,0.00%,13.40
https://shaffercon.com/service-areas/boyle-heights/residential-data-network-av-wiring,0,1,0.00%,1.00
https://shaffercon.com/service-areas/boyle-heights/residential-electrical-code-compliance-corrections/,0,12,0.00%,23.67
https://shaffercon.com/service-areas/boyle-heights/residential-electrical-panel-upgrades/,0,3,0.00%,5.67
https://shaffercon.com/service-areas/boyle-heights/residential-electrical-safety-inspections,0,3,0.00%,9.33
https://shaffercon.com/service-areas/boyle-heights/residential-electrical-safety-inspections/,0,1,0.00%,7.00
https://shaffercon.com/service-areas/boyle-heights/residential-ev-charger-installation/,0,22,0.00%,34.91
https://shaffercon.com/service-areas/boyle-heights/residential-landscape-outdoor-lighting/,0,1,0.00%,92.00
https://shaffercon.com/service-areas/boyle-heights/residential-pool-hot-tub-spa-electrical/,0,2,0.00%,8.50
https://shaffercon.com/service-areas/boyle-heights/residential-smart-automation-systems,0,1,0.00%,6.00
https://shaffercon.com/service-areas/burbank/commercial-backup-generator-installation,0,8,0.00%,8.12
https://shaffercon.com/service-areas/burbank/commercial-backup-generator-installation/,0,15,0.00%,12.00
https://shaffercon.com/service-areas/burbank/commercial-breaker-panel-service-maintenance,0,1,0.00%,9.00
https://shaffercon.com/service-areas/burbank/commercial-breaker-panel-service-maintenance/,0,2,0.00%,11.50
https://shaffercon.com/service-areas/burbank/commercial-ceiling-fan-fixture-installation/,0,11,0.00%,20.64
https://shaffercon.com/service-areas/burbank/commercial-complete-electrical-rewiring/,0,3,0.00%,4.00
https://shaffercon.com/service-areas/burbank/commercial-data-network-av-wiring,0,13,0.00%,22.46
https://shaffercon.com/service-areas/burbank/commercial-data-network-av-wiring/,0,4,0.00%,11.00
https://shaffercon.com/service-areas/burbank/commercial-dedicated-equipment-circuits/,0,9,0.00%,26.56
https://shaffercon.com/service-areas/burbank/commercial-electrical-code-compliance-corrections,0,13,0.00%,16.77
https://shaffercon.com/service-areas/burbank/commercial-electrical-code-compliance-corrections/,0,5,0.00%,15.60
https://shaffercon.com/service-areas/burbank/commercial-electrical-panel-upgrades,0,4,0.00%,10.50
https://shaffercon.com/service-areas/burbank/commercial-electrical-panel-upgrades/,0,59,0.00%,16.88
https://shaffercon.com/service-areas/burbank/commercial-electrical-safety-inspections,0,2,0.00%,10.00
https://shaffercon.com/service-areas/burbank/commercial-electrical-safety-inspections/,0,2,0.00%,7.00
https://shaffercon.com/service-areas/burbank/commercial-electrical-troubleshooting-repairs,0,4,0.00%,7.50
https://shaffercon.com/service-areas/burbank/commercial-electrical-troubleshooting-repairs/,0,2,0.00%,9.00
https://shaffercon.com/service-areas/burbank/commercial-energy-efficiency-upgrades,0,1,0.00%,5.00
https://shaffercon.com/service-areas/burbank/commercial-energy-efficiency-upgrades/,0,2,0.00%,7.50
https://shaffercon.com/service-areas/burbank/commercial-ev-charger-installation,0,16,0.00%,13.94
https://shaffercon.com/service-areas/burbank/commercial-ev-charger-installation/,0,4,0.00%,11.75
https://shaffercon.com/service-areas/burbank/commercial-landscape-outdoor-lighting,0,8,0.00%,16.25
https://shaffercon.com/service-areas/burbank/commercial-landscape-outdoor-lighting/,0,10,0.00%,10.70
https://shaffercon.com/service-areas/burbank/commercial-lighting-installation-retrofitting,0,12,0.00%,13.25
https://shaffercon.com/service-areas/burbank/commercial-lighting-installation-retrofitting/,0,10,0.00%,10.60
https://shaffercon.com/service-areas/burbank/commercial-pool-hot-tub-spa-electrical/,0,9,0.00%,17.00
https://shaffercon.com/service-areas/burbank/commercial-security-motion-lighting,0,1,0.00%,9.00
https://shaffercon.com/service-areas/burbank/commercial-smart-automation-systems,0,20,0.00%,6.00
https://shaffercon.com/service-areas/burbank/commercial-smart-automation-systems/,0,11,0.00%,4.18
https://shaffercon.com/service-areas/burbank/commercial-whole-building-surge-protection,0,1,0.00%,3.00
https://shaffercon.com/service-areas/burbank/commercial-whole-building-surge-protection/,0,6,0.00%,10.33
https://shaffercon.com/service-areas/burbank/residential-backup-generator-installation,0,3,0.00%,4.67
https://shaffercon.com/service-areas/burbank/residential-breaker-panel-service-maintenance/,0,2,0.00%,5.00
https://shaffercon.com/service-areas/burbank/residential-ceiling-fan-fixture-installation,0,5,0.00%,5.60
https://shaffercon.com/service-areas/burbank/residential-ceiling-fan-fixture-installation/,0,15,0.00%,10.87
https://shaffercon.com/service-areas/burbank/residential-complete-electrical-rewiring/,0,24,0.00%,5.96
https://shaffercon.com/service-areas/burbank/residential-data-network-av-wiring,0,5,0.00%,7.80
https://shaffercon.com/service-areas/burbank/residential-data-network-av-wiring/,0,52,0.00%,9.75
https://shaffercon.com/service-areas/burbank/residential-electrical-code-compliance-corrections,0,1,0.00%,49.00
https://shaffercon.com/service-areas/burbank/residential-electrical-code-compliance-corrections/,0,7,0.00%,6.43
https://shaffercon.com/service-areas/burbank/residential-electrical-panel-upgrades,0,60,0.00%,7.18
https://shaffercon.com/service-areas/burbank/residential-electrical-safety-inspections/,0,37,0.00%,11.38
https://shaffercon.com/service-areas/burbank/residential-electrical-troubleshooting-repairs,0,2,0.00%,12.50
https://shaffercon.com/service-areas/burbank/residential-electrical-troubleshooting-repairs/,0,5,0.00%,6.60
https://shaffercon.com/service-areas/burbank/residential-energy-efficiency-upgrades,0,10,0.00%,4.80
https://shaffercon.com/service-areas/burbank/residential-energy-efficiency-upgrades/,0,33,0.00%,8.18
https://shaffercon.com/service-areas/burbank/residential-exhaust-fan-ventilation-wiring/,0,17,0.00%,8.59
https://shaffercon.com/service-areas/burbank/residential-landscape-outdoor-lighting,0,12,0.00%,7.58
https://shaffercon.com/service-areas/burbank/residential-lighting-installation-retrofitting/,0,34,0.00%,8.91
https://shaffercon.com/service-areas/burbank/residential-outlet-switch-dimmer-services,0,18,0.00%,49.06
https://shaffercon.com/service-areas/burbank/residential-pool-hot-tub-spa-electrical,0,1,0.00%,2.00
https://shaffercon.com/service-areas/burbank/residential-pool-hot-tub-spa-electrical/,0,6,0.00%,4.83
https://shaffercon.com/service-areas/burbank/residential-security-motion-lighting,0,3,0.00%,6.33
https://shaffercon.com/service-areas/burbank/residential-smart-automation-systems,0,11,0.00%,7.36
https://shaffercon.com/service-areas/burbank/residential-smart-automation-systems/,0,55,0.00%,7.73
https://shaffercon.com/service-areas/burbank/residential-whole-building-surge-protection,0,6,0.00%,26.17
https://shaffercon.com/service-areas/burbank/residential-whole-building-surge-protection/,0,15,0.00%,2.73
https://shaffercon.com/service-areas/commercial-pool-hot-tub-spa-electrical/,0,4,0.00%,12.50
https://shaffercon.com/service-areas/culver-city/,0,457,0.00%,27.16
https://shaffercon.com/service-areas/culver-city/commercial-backup-generator-installation,0,4,0.00%,9.75
https://shaffercon.com/service-areas/culver-city/commercial-backup-generator-installation/,0,2,0.00%,19.50
https://shaffercon.com/service-areas/culver-city/commercial-breaker-panel-service-maintenance,0,3,0.00%,10.67
https://shaffercon.com/service-areas/culver-city/commercial-ceiling-fan-fixture-installation,0,1,0.00%,10.00
https://shaffercon.com/service-areas/culver-city/commercial-data-network-av-wiring,0,1,0.00%,9.00
https://shaffercon.com/service-areas/culver-city/commercial-data-network-av-wiring/,0,3,0.00%,4.33
https://shaffercon.com/service-areas/culver-city/commercial-dedicated-equipment-circuits,0,2,0.00%,9.50
https://shaffercon.com/service-areas/culver-city/commercial-dedicated-equipment-circuits/,0,1,0.00%,8.00
https://shaffercon.com/service-areas/culver-city/commercial-electrical-code-compliance-corrections,0,1,0.00%,2.00
https://shaffercon.com/service-areas/culver-city/commercial-electrical-code-compliance-corrections/,0,2,0.00%,2.00
https://shaffercon.com/service-areas/culver-city/commercial-electrical-panel-upgrades,0,2,0.00%,5.50
https://shaffercon.com/service-areas/culver-city/commercial-electrical-safety-inspections,0,1,0.00%,9.00
https://shaffercon.com/service-areas/culver-city/commercial-electrical-troubleshooting-repairs,0,1,0.00%,24.00
https://shaffercon.com/service-areas/culver-city/commercial-energy-efficiency-upgrades,0,9,0.00%,6.44
https://shaffercon.com/service-areas/culver-city/commercial-ev-charger-installation,0,13,0.00%,7.00
https://shaffercon.com/service-areas/culver-city/commercial-ev-charger-installation/,0,8,0.00%,11.38
https://shaffercon.com/service-areas/culver-city/commercial-exhaust-fan-ventilation-wiring,0,5,0.00%,7.80
https://shaffercon.com/service-areas/culver-city/commercial-exhaust-fan-ventilation-wiring/,0,1,0.00%,2.00
https://shaffercon.com/service-areas/culver-city/commercial-landscape-outdoor-lighting,0,13,0.00%,20.54
https://shaffercon.com/service-areas/culver-city/commercial-outlet-switch-dimmer-services/,0,19,0.00%,8.84
https://shaffercon.com/service-areas/culver-city/commercial-pool-hot-tub-spa-electrical,0,12,0.00%,44.67
https://shaffercon.com/service-areas/culver-city/commercial-pool-hot-tub-spa-electrical/,0,7,0.00%,28.00
https://shaffercon.com/service-areas/culver-city/commercial-smart-automation-systems,0,6,0.00%,15.50
https://shaffercon.com/service-areas/culver-city/commercial-smart-automation-systems/,0,1,0.00%,5.00
https://shaffercon.com/service-areas/culver-city/commercial-whole-building-surge-protection,0,2,0.00%,5.50
https://shaffercon.com/service-areas/culver-city/commercial-whole-building-surge-protection/,0,11,0.00%,10.91
https://shaffercon.com/service-areas/culver-city/residential-backup-generator-installation,0,3,0.00%,3.33
https://shaffercon.com/service-areas/culver-city/residential-backup-generator-installation/,0,19,0.00%,15.16
https://shaffercon.com/service-areas/culver-city/residential-breaker-panel-service-maintenance,0,1,0.00%,12.00
https://shaffercon.com/service-areas/culver-city/residential-breaker-panel-service-maintenance/,0,1,0.00%,5.00
https://shaffercon.com/service-areas/culver-city/residential-ceiling-fan-fixture-installation,0,2,0.00%,3.00
https://shaffercon.com/service-areas/culver-city/residential-ceiling-fan-fixture-installation/,0,3,0.00%,4.33
https://shaffercon.com/service-areas/culver-city/residential-complete-electrical-rewiring,0,3,0.00%,19.67
https://shaffercon.com/service-areas/culver-city/residential-complete-electrical-rewiring/,0,1,0.00%,3.00
https://shaffercon.com/service-areas/culver-city/residential-data-network-av-wiring,0,1,0.00%,3.00
https://shaffercon.com/service-areas/culver-city/residential-data-network-av-wiring/,0,9,0.00%,5.78
https://shaffercon.com/service-areas/culver-city/residential-dedicated-equipment-circuits,0,5,0.00%,7.60
https://shaffercon.com/service-areas/culver-city/residential-dedicated-equipment-circuits/,0,3,0.00%,13.00
https://shaffercon.com/service-areas/culver-city/residential-electrical-code-compliance-corrections/,0,13,0.00%,12.77
https://shaffercon.com/service-areas/culver-city/residential-electrical-panel-upgrades,0,2,0.00%,5.50
https://shaffercon.com/service-areas/culver-city/residential-electrical-panel-upgrades/,0,14,0.00%,9.43
https://shaffercon.com/service-areas/culver-city/residential-electrical-safety-inspections,0,2,0.00%,5.50
https://shaffercon.com/service-areas/culver-city/residential-electrical-safety-inspections/,0,1,0.00%,8.00
https://shaffercon.com/service-areas/culver-city/residential-electrical-troubleshooting-repairs,0,2,0.00%,42.00
https://shaffercon.com/service-areas/culver-city/residential-electrical-troubleshooting-repairs/,0,16,0.00%,20.75
https://shaffercon.com/service-areas/culver-city/residential-energy-efficiency-upgrades,0,1,0.00%,10.00
https://shaffercon.com/service-areas/culver-city/residential-energy-efficiency-upgrades/,0,3,0.00%,10.00
https://shaffercon.com/service-areas/culver-city/residential-ev-charger-installation,0,8,0.00%,9.62
https://shaffercon.com/service-areas/culver-city/residential-ev-charger-installation/,0,32,0.00%,8.59
https://shaffercon.com/service-areas/culver-city/residential-exhaust-fan-ventilation-wiring,0,5,0.00%,5.40
https://shaffercon.com/service-areas/culver-city/residential-exhaust-fan-ventilation-wiring/,0,6,0.00%,19.67
https://shaffercon.com/service-areas/culver-city/residential-landscape-outdoor-lighting,0,10,0.00%,4.80
https://shaffercon.com/service-areas/culver-city/residential-landscape-outdoor-lighting/,0,12,0.00%,6.92
https://shaffercon.com/service-areas/culver-city/residential-lighting-installation-retrofitting/,0,4,0.00%,6.50
https://shaffercon.com/service-areas/culver-city/residential-outlet-switch-dimmer-services/,0,2,0.00%,6.00
https://shaffercon.com/service-areas/culver-city/residential-pool-hot-tub-spa-electrical,0,4,0.00%,67.25
https://shaffercon.com/service-areas/culver-city/residential-pool-hot-tub-spa-electrical/,0,4,0.00%,15.50
https://shaffercon.com/service-areas/culver-city/residential-security-motion-lighting/,0,1,0.00%,4.00
https://shaffercon.com/service-areas/culver-city/residential-smart-automation-systems/,0,1,0.00%,8.00
https://shaffercon.com/service-areas/culver-city/residential-whole-building-surge-protection/,0,6,0.00%,11.67
https://shaffercon.com/service-areas/echo-park/,0,246,0.00%,7.76
https://shaffercon.com/service-areas/echo-park/commercial-backup-generator-installation/,0,1,0.00%,1.00
https://shaffercon.com/service-areas/echo-park/commercial-breaker-panel-service-maintenance,0,4,0.00%,5.00
https://shaffercon.com/service-areas/echo-park/commercial-breaker-panel-service-maintenance/,0,6,0.00%,8.17
https://shaffercon.com/service-areas/echo-park/commercial-ceiling-fan-fixture-installation/,0,1,0.00%,5.00
https://shaffercon.com/service-areas/echo-park/commercial-data-network-av-wiring,0,1,0.00%,9.00
https://shaffercon.com/service-areas/echo-park/commercial-data-network-av-wiring/,0,1,0.00%,16.00
https://shaffercon.com/service-areas/echo-park/commercial-dedicated-equipment-circuits/,0,3,0.00%,7.33
https://shaffercon.com/service-areas/echo-park/commercial-electrical-code-compliance-corrections/,0,12,0.00%,14.83
https://shaffercon.com/service-areas/echo-park/commercial-electrical-panel-upgrades/,0,4,0.00%,21.00
https://shaffercon.com/service-areas/echo-park/commercial-electrical-safety-inspections/,0,1,0.00%,8.00
https://shaffercon.com/service-areas/echo-park/commercial-electrical-troubleshooting-repairs,0,2,0.00%,6.00
https://shaffercon.com/service-areas/echo-park/commercial-energy-efficiency-upgrades,0,3,0.00%,9.67
https://shaffercon.com/service-areas/echo-park/commercial-ev-charger-installation/,0,3,0.00%,7.67
https://shaffercon.com/service-areas/echo-park/commercial-exhaust-fan-ventilation-wiring,0,2,0.00%,1.00
https://shaffercon.com/service-areas/echo-park/commercial-exhaust-fan-ventilation-wiring/,0,5,0.00%,5.60
https://shaffercon.com/service-areas/echo-park/commercial-landscape-outdoor-lighting/,0,16,0.00%,12.19
https://shaffercon.com/service-areas/echo-park/commercial-lighting-installation-retrofitting/,0,1,0.00%,8.00
https://shaffercon.com/service-areas/echo-park/commercial-outlet-switch-dimmer-services/,0,4,0.00%,28.50
https://shaffercon.com/service-areas/echo-park/commercial-security-motion-lighting,0,1,0.00%,12.00
https://shaffercon.com/service-areas/echo-park/commercial-whole-building-surge-protection,0,4,0.00%,3.50
https://shaffercon.com/service-areas/echo-park/commercial-whole-building-surge-protection/,0,5,0.00%,9.20
https://shaffercon.com/service-areas/echo-park/residential-backup-generator-installation/,0,8,0.00%,7.62
https://shaffercon.com/service-areas/echo-park/residential-breaker-panel-service-maintenance/,0,2,0.00%,10.00
https://shaffercon.com/service-areas/echo-park/residential-ceiling-fan-fixture-installation,0,1,0.00%,2.00
https://shaffercon.com/service-areas/echo-park/residential-ceiling-fan-fixture-installation/,0,1,0.00%,10.00
https://shaffercon.com/service-areas/echo-park/residential-complete-electrical-rewiring,0,3,0.00%,8.33
https://shaffercon.com/service-areas/echo-park/residential-data-network-av-wiring/,0,6,0.00%,10.83
https://shaffercon.com/service-areas/echo-park/residential-dedicated-equipment-circuits,0,3,0.00%,11.67
https://shaffercon.com/service-areas/echo-park/residential-dedicated-equipment-circuits/,0,3,0.00%,7.33
https://shaffercon.com/service-areas/echo-park/residential-electrical-code-compliance-corrections,0,3,0.00%,10.33
https://shaffercon.com/service-areas/echo-park/residential-electrical-panel-upgrades,0,2,0.00%,5.00
https://shaffercon.com/service-areas/echo-park/residential-electrical-panel-upgrades/,0,2,0.00%,6.00
https://shaffercon.com/service-areas/echo-park/residential-electrical-safety-inspections/,0,6,0.00%,18.50
https://shaffercon.com/service-areas/echo-park/residential-electrical-troubleshooting-repairs,0,1,0.00%,4.00
https://shaffercon.com/service-areas/echo-park/residential-electrical-troubleshooting-repairs/,0,1,0.00%,4.00
https://shaffercon.com/service-areas/echo-park/residential-energy-efficiency-upgrades,0,6,0.00%,8.17
https://shaffercon.com/service-areas/echo-park/residential-ev-charger-installation,0,4,0.00%,8.50
https://shaffercon.com/service-areas/echo-park/residential-ev-charger-installation/,0,7,0.00%,7.00
https://shaffercon.com/service-areas/echo-park/residential-exhaust-fan-ventilation-wiring,0,6,0.00%,4.50
https://shaffercon.com/service-areas/echo-park/residential-exhaust-fan-ventilation-wiring/,0,1,0.00%,6.00
https://shaffercon.com/service-areas/echo-park/residential-landscape-outdoor-lighting,0,1,0.00%,2.00
https://shaffercon.com/service-areas/echo-park/residential-landscape-outdoor-lighting/,0,5,0.00%,8.00
https://shaffercon.com/service-areas/echo-park/residential-lighting-installation-retrofitting,0,2,0.00%,37.00
https://shaffercon.com/service-areas/echo-park/residential-lighting-installation-retrofitting/,0,2,0.00%,30.00
https://shaffercon.com/service-areas/echo-park/residential-pool-hot-tub-spa-electrical,0,2,0.00%,8.00
https://shaffercon.com/service-areas/echo-park/residential-security-motion-lighting,0,1,0.00%,8.00
https://shaffercon.com/service-areas/echo-park/residential-security-motion-lighting/,0,2,0.00%,6.00
https://shaffercon.com/service-areas/echo-park/residential-smart-automation-systems,0,1,0.00%,10.00
https://shaffercon.com/service-areas/echo-park/residential-whole-building-surge-protection,0,1,0.00%,2.00
https://shaffercon.com/service-areas/echo-park/residential-whole-building-surge-protection/,0,1,0.00%,7.00
https://shaffercon.com/service-areas/glendale/commercial-backup-generator-installation,0,48,0.00%,13.04
https://shaffercon.com/service-areas/glendale/commercial-backup-generator-installation/,0,285,0.00%,47.95
https://shaffercon.com/service-areas/glendale/commercial-breaker-panel-service-maintenance,0,1,0.00%,20.00
https://shaffercon.com/service-areas/glendale/commercial-breaker-panel-service-maintenance/,0,1,0.00%,15.00
https://shaffercon.com/service-areas/glendale/commercial-ceiling-fan-fixture-installation,0,5,0.00%,7.40
https://shaffercon.com/service-areas/glendale/commercial-ceiling-fan-fixture-installation/,0,8,0.00%,6.25
https://shaffercon.com/service-areas/glendale/commercial-complete-electrical-rewiring/,0,1,0.00%,12.00
https://shaffercon.com/service-areas/glendale/commercial-data-network-av-wiring/,0,24,0.00%,15.12
https://shaffercon.com/service-areas/glendale/commercial-electrical-safety-inspections,0,2,0.00%,3.50
https://shaffercon.com/service-areas/glendale/commercial-electrical-troubleshooting-repairs,0,5,0.00%,19.40
https://shaffercon.com/service-areas/glendale/commercial-electrical-troubleshooting-repairs/,0,25,0.00%,22.52
https://shaffercon.com/service-areas/glendale/commercial-energy-efficiency-upgrades/,0,2,0.00%,11.00
https://shaffercon.com/service-areas/glendale/commercial-ev-charger-installation,0,8,0.00%,25.75
https://shaffercon.com/service-areas/glendale/commercial-ev-charger-installation/,0,14,0.00%,28.29
https://shaffercon.com/service-areas/glendale/commercial-exhaust-fan-ventilation-wiring/,0,633,0.00%,14.23
https://shaffercon.com/service-areas/glendale/commercial-landscape-outdoor-lighting,0,15,0.00%,26.53
https://shaffercon.com/service-areas/glendale/commercial-landscape-outdoor-lighting/,0,13,0.00%,18.46
https://shaffercon.com/service-areas/glendale/commercial-lighting-installation-retrofitting,0,1,0.00%,36.00
https://shaffercon.com/service-areas/glendale/commercial-lighting-installation-retrofitting/,0,14,0.00%,8.07
https://shaffercon.com/service-areas/glendale/commercial-outlet-switch-dimmer-services/,0,18,0.00%,18.22
https://shaffercon.com/service-areas/glendale/commercial-pool-hot-tub-spa-electrical/,0,5,0.00%,8.20
https://shaffercon.com/service-areas/glendale/commercial-security-motion-lighting/,0,7,0.00%,37.86
https://shaffercon.com/service-areas/glendale/commercial-whole-building-surge-protection/,0,10,0.00%,10.70
https://shaffercon.com/service-areas/glendale/residential-backup-generator-installation,0,21,0.00%,26.43
https://shaffercon.com/service-areas/glendale/residential-backup-generator-installation/,0,7,0.00%,15.86
https://shaffercon.com/service-areas/glendale/residential-breaker-panel-service-maintenance/,0,3,0.00%,13.00
https://shaffercon.com/service-areas/glendale/residential-ceiling-fan-fixture-installation,0,9,0.00%,8.56
https://shaffercon.com/service-areas/glendale/residential-ceiling-fan-fixture-installation/,0,2,0.00%,4.50
https://shaffercon.com/service-areas/glendale/residential-complete-electrical-rewiring,0,11,0.00%,8.18
https://shaffercon.com/service-areas/glendale/residential-complete-electrical-rewiring/,0,3,0.00%,4.67
https://shaffercon.com/service-areas/glendale/residential-data-network-av-wiring,0,2,0.00%,11.50
https://shaffercon.com/service-areas/glendale/residential-data-network-av-wiring/,0,71,0.00%,16.06
https://shaffercon.com/service-areas/glendale/residential-dedicated-equipment-circuits/,0,4,0.00%,6.25
https://shaffercon.com/service-areas/glendale/residential-electrical-code-compliance-corrections,0,1,0.00%,5.00
https://shaffercon.com/service-areas/glendale/residential-electrical-code-compliance-corrections/,0,4,0.00%,7.50
https://shaffercon.com/service-areas/glendale/residential-electrical-troubleshooting-repairs,0,4,0.00%,15.00
https://shaffercon.com/service-areas/glendale/residential-electrical-troubleshooting-repairs/,0,1,0.00%,2.00
https://shaffercon.com/service-areas/glendale/residential-energy-efficiency-upgrades/,0,17,0.00%,7.94
https://shaffercon.com/service-areas/glendale/residential-ev-charger-installation,0,30,0.00%,8.70
https://shaffercon.com/service-areas/glendale/residential-ev-charger-installation/,0,9,0.00%,9.22
https://shaffercon.com/service-areas/glendale/residential-exhaust-fan-ventilation-wiring,0,62,0.00%,8.48
https://shaffercon.com/service-areas/glendale/residential-exhaust-fan-ventilation-wiring/,0,35,0.00%,10.43
https://shaffercon.com/service-areas/glendale/residential-landscape-outdoor-lighting,0,33,0.00%,19.94
https://shaffercon.com/service-areas/glendale/residential-landscape-outdoor-lighting/,0,170,0.00%,13.22
https://shaffercon.com/service-areas/glendale/residential-lighting-installation-retrofitting,0,4,0.00%,3.00
https://shaffercon.com/service-areas/glendale/residential-lighting-installation-retrofitting/,0,8,0.00%,12.00
https://shaffercon.com/service-areas/glendale/residential-outlet-switch-dimmer-services/,0,3,0.00%,9.00
https://shaffercon.com/service-areas/glendale/residential-pool-hot-tub-spa-electrical,0,3,0.00%,9.00
https://shaffercon.com/service-areas/glendale/residential-pool-hot-tub-spa-electrical/,0,15,0.00%,5.27
https://shaffercon.com/service-areas/glendale/residential-security-motion-lighting,0,10,0.00%,5.40
https://shaffercon.com/service-areas/glendale/residential-security-motion-lighting/,0,1,0.00%,7.00
https://shaffercon.com/service-areas/glendale/residential-smart-automation-systems,0,1,0.00%,4.00
https://shaffercon.com/service-areas/glendale/residential-smart-automation-systems/,0,1,0.00%,4.00
https://shaffercon.com/service-areas/glendale/residential-whole-building-surge-protection,0,5,0.00%,5.80
https://shaffercon.com/service-areas/glendale/residential-whole-building-surge-protection/,0,11,0.00%,8.45
https://shaffercon.com/service-areas/highland-park/commercial-backup-generator-installation/,0,10,0.00%,27.80
https://shaffercon.com/service-areas/highland-park/commercial-breaker-panel-service-maintenance/,0,3,0.00%,64.33
https://shaffercon.com/service-areas/highland-park/commercial-ceiling-fan-fixture-installation,0,2,0.00%,15.50
https://shaffercon.com/service-areas/highland-park/commercial-ceiling-fan-fixture-installation/,0,7,0.00%,23.71
https://shaffercon.com/service-areas/highland-park/commercial-complete-electrical-rewiring,0,1,0.00%,18.00
https://shaffercon.com/service-areas/highland-park/commercial-complete-electrical-rewiring/,0,7,0.00%,18.43
https://shaffercon.com/service-areas/highland-park/commercial-data-network-av-wiring,0,1,0.00%,12.00
https://shaffercon.com/service-areas/highland-park/commercial-dedicated-equipment-circuits,0,1,0.00%,7.00
https://shaffercon.com/service-areas/highland-park/commercial-electrical-code-compliance-corrections/,0,4,0.00%,14.75
https://shaffercon.com/service-areas/highland-park/commercial-electrical-panel-upgrades/,0,11,0.00%,41.45
https://shaffercon.com/service-areas/highland-park/commercial-electrical-safety-inspections,0,1,0.00%,8.00
https://shaffercon.com/service-areas/highland-park/commercial-electrical-troubleshooting-repairs,0,12,0.00%,36.92
https://shaffercon.com/service-areas/highland-park/commercial-electrical-troubleshooting-repairs/,0,6,0.00%,74.17
https://shaffercon.com/service-areas/highland-park/commercial-energy-efficiency-upgrades/,0,1,0.00%,6.00
https://shaffercon.com/service-areas/highland-park/commercial-ev-charger-installation,0,2,0.00%,7.50
https://shaffercon.com/service-areas/highland-park/commercial-ev-charger-installation/,0,30,0.00%,27.17
https://shaffercon.com/service-areas/highland-park/commercial-landscape-outdoor-lighting,0,1,0.00%,12.00
https://shaffercon.com/service-areas/highland-park/commercial-landscape-outdoor-lighting/,0,17,0.00%,26.65
https://shaffercon.com/service-areas/highland-park/commercial-lighting-installation-retrofitting,0,50,0.00%,26.24
https://shaffercon.com/service-areas/highland-park/commercial-lighting-installation-retrofitting/,0,49,0.00%,25.18
https://shaffercon.com/service-areas/highland-park/commercial-outlet-switch-dimmer-services/,0,7,0.00%,23.86
https://shaffercon.com/service-areas/highland-park/commercial-pool-hot-tub-spa-electrical,0,1,0.00%,12.00
https://shaffercon.com/service-areas/highland-park/commercial-smart-automation-systems/,0,33,0.00%,14.15
https://shaffercon.com/service-areas/highland-park/commercial-whole-building-surge-protection,0,6,0.00%,32.67
https://shaffercon.com/service-areas/highland-park/residential-backup-generator-installation,0,12,0.00%,12.67
https://shaffercon.com/service-areas/highland-park/residential-backup-generator-installation/,0,6,0.00%,18.00
https://shaffercon.com/service-areas/highland-park/residential-ceiling-fan-fixture-installation,0,4,0.00%,72.50
https://shaffercon.com/service-areas/highland-park/residential-ceiling-fan-fixture-installation/,0,32,0.00%,24.47
https://shaffercon.com/service-areas/highland-park/residential-complete-electrical-rewiring,0,2,0.00%,35.00
https://shaffercon.com/service-areas/highland-park/residential-complete-electrical-rewiring/,0,7,0.00%,32.29
https://shaffercon.com/service-areas/highland-park/residential-data-network-av-wiring/,0,6,0.00%,24.83
https://shaffercon.com/service-areas/highland-park/residential-electrical-panel-upgrades,0,9,0.00%,24.56
https://shaffercon.com/service-areas/highland-park/residential-electrical-panel-upgrades/,0,1,0.00%,29.00
https://shaffercon.com/service-areas/highland-park/residential-electrical-safety-inspections/,0,1,0.00%,3.00
https://shaffercon.com/service-areas/highland-park/residential-electrical-troubleshooting-repairs,0,1,0.00%,33.00
https://shaffercon.com/service-areas/highland-park/residential-electrical-troubleshooting-repairs/,0,23,0.00%,33.65
https://shaffercon.com/service-areas/highland-park/residential-energy-efficiency-upgrades,0,6,0.00%,28.17
https://shaffercon.com/service-areas/highland-park/residential-energy-efficiency-upgrades/,0,5,0.00%,30.00
https://shaffercon.com/service-areas/highland-park/residential-ev-charger-installation,0,37,0.00%,9.86
https://shaffercon.com/service-areas/highland-park/residential-ev-charger-installation/,0,9,0.00%,19.22
https://shaffercon.com/service-areas/highland-park/residential-landscape-outdoor-lighting,0,1,0.00%,2.00
https://shaffercon.com/service-areas/highland-park/residential-landscape-outdoor-lighting/,0,20,0.00%,16.00
https://shaffercon.com/service-areas/highland-park/residential-lighting-installation-retrofitting/,0,11,0.00%,19.36
https://shaffercon.com/service-areas/highland-park/residential-outlet-switch-dimmer-services/,0,4,0.00%,28.00
https://shaffercon.com/service-areas/highland-park/residential-pool-hot-tub-spa-electrical,0,1,0.00%,18.00
https://shaffercon.com/service-areas/highland-park/residential-pool-hot-tub-spa-electrical/,0,6,0.00%,9.83
https://shaffercon.com/service-areas/highland-park/residential-smart-automation-systems,0,13,0.00%,23.85
https://shaffercon.com/service-areas/highland-park/residential-smart-automation-systems/,0,10,0.00%,16.10
https://shaffercon.com/service-areas/hollywood/,0,121,0.00%,12.28
https://shaffercon.com/service-areas/hollywood/commercial-backup-generator-installation/,0,34,0.00%,9.12
https://shaffercon.com/service-areas/hollywood/commercial-ceiling-fan-fixture-installation/,0,13,0.00%,20.08
https://shaffercon.com/service-areas/hollywood/commercial-complete-electrical-rewiring/,0,2,0.00%,4.50
https://shaffercon.com/service-areas/hollywood/commercial-data-network-av-wiring/,0,2,0.00%,6.50
https://shaffercon.com/service-areas/hollywood/commercial-electrical-code-compliance-corrections/,0,5,0.00%,6.60
https://shaffercon.com/service-areas/hollywood/commercial-electrical-safety-inspections/,0,1,0.00%,13.00
https://shaffercon.com/service-areas/hollywood/commercial-energy-efficiency-upgrades,0,11,0.00%,25.73
https://shaffercon.com/service-areas/hollywood/commercial-ev-charger-installation,0,1,0.00%,18.00
https://shaffercon.com/service-areas/hollywood/commercial-ev-charger-installation/,0,2,0.00%,12.50
https://shaffercon.com/service-areas/hollywood/commercial-landscape-outdoor-lighting/,0,8,0.00%,10.25
https://shaffercon.com/service-areas/hollywood/commercial-lighting-installation-retrofitting,0,3,0.00%,8.33
https://shaffercon.com/service-areas/hollywood/commercial-outlet-switch-dimmer-services/,0,1,0.00%,10.00
https://shaffercon.com/service-areas/hollywood/commercial-pool-hot-tub-spa-electrical,0,1,0.00%,3.00
https://shaffercon.com/service-areas/hollywood/commercial-pool-hot-tub-spa-electrical/,0,3,0.00%,5.33
https://shaffercon.com/service-areas/hollywood/commercial-security-motion-lighting,0,1,0.00%,11.00
https://shaffercon.com/service-areas/hollywood/commercial-security-motion-lighting/,0,5,0.00%,8.00
https://shaffercon.com/service-areas/hollywood/commercial-smart-automation-systems,0,36,0.00%,13.67
https://shaffercon.com/service-areas/hollywood/commercial-whole-building-surge-protection/,0,7,0.00%,17.29
https://shaffercon.com/service-areas/hollywood/residential-ceiling-fan-fixture-installation,0,5,0.00%,6.40
https://shaffercon.com/service-areas/hollywood/residential-ceiling-fan-fixture-installation/,0,18,0.00%,8.72
https://shaffercon.com/service-areas/hollywood/residential-electrical-panel-upgrades/,0,1,0.00%,7.00
https://shaffercon.com/service-areas/hollywood/residential-electrical-safety-inspections,0,12,0.00%,8.33
https://shaffercon.com/service-areas/hollywood/residential-ev-charger-installation,0,3,0.00%,8.00
https://shaffercon.com/service-areas/hollywood/residential-exhaust-fan-ventilation-wiring/,0,1,0.00%,11.00
https://shaffercon.com/service-areas/hollywood/residential-landscape-outdoor-lighting,0,2,0.00%,9.50
https://shaffercon.com/service-areas/hollywood/residential-lighting-installation-retrofitting/,0,1,0.00%,4.00
https://shaffercon.com/service-areas/hollywood/residential-security-motion-lighting,0,5,0.00%,8.20
https://shaffercon.com/service-areas/hollywood/residential-security-motion-lighting/,0,20,0.00%,7.70
https://shaffercon.com/service-areas/hollywood/residential-smart-automation-systems/,0,10,0.00%,25.50
https://shaffercon.com/service-areas/hollywood/residential-whole-building-surge-protection/,0,1,0.00%,2.00
https://shaffercon.com/service-areas/inglewood/,0,363,0.00%,15.01
https://shaffercon.com/service-areas/inglewood/commercial-backup-generator-installation/,0,3,0.00%,26.00
https://shaffercon.com/service-areas/inglewood/commercial-complete-electrical-rewiring,0,1,0.00%,8.00
https://shaffercon.com/service-areas/inglewood/commercial-complete-electrical-rewiring/,0,5,0.00%,9.00
https://shaffercon.com/service-areas/inglewood/commercial-data-network-av-wiring,0,1,0.00%,4.00
https://shaffercon.com/service-areas/inglewood/commercial-dedicated-equipment-circuits,0,2,0.00%,3.00
https://shaffercon.com/service-areas/inglewood/commercial-dedicated-equipment-circuits/,0,3,0.00%,5.33
https://shaffercon.com/service-areas/inglewood/commercial-electrical-code-compliance-corrections/,0,3,0.00%,7.67
https://shaffercon.com/service-areas/inglewood/commercial-electrical-panel-upgrades,0,1,0.00%,20.00
https://shaffercon.com/service-areas/inglewood/commercial-electrical-panel-upgrades/,0,4,0.00%,16.00
https://shaffercon.com/service-areas/inglewood/commercial-electrical-safety-inspections,0,1,0.00%,11.00
https://shaffercon.com/service-areas/inglewood/commercial-electrical-troubleshooting-repairs/,0,16,0.00%,13.00
https://shaffercon.com/service-areas/inglewood/commercial-energy-efficiency-upgrades/,0,1,0.00%,48.00
https://shaffercon.com/service-areas/inglewood/commercial-ev-charger-installation,0,3,0.00%,8.00
https://shaffercon.com/service-areas/inglewood/commercial-ev-charger-installation/,0,5,0.00%,8.20
https://shaffercon.com/service-areas/inglewood/commercial-landscape-outdoor-lighting,0,1,0.00%,9.00
https://shaffercon.com/service-areas/inglewood/commercial-landscape-outdoor-lighting/,0,2,0.00%,3.50
https://shaffercon.com/service-areas/inglewood/commercial-lighting-installation-retrofitting,0,1,0.00%,2.00
https://shaffercon.com/service-areas/inglewood/commercial-lighting-installation-retrofitting/,0,24,0.00%,31.17
https://shaffercon.com/service-areas/inglewood/commercial-pool-hot-tub-spa-electrical/,0,2,0.00%,27.50
https://shaffercon.com/service-areas/inglewood/commercial-security-motion-lighting/,0,5,0.00%,14.00
https://shaffercon.com/service-areas/inglewood/commercial-smart-automation-systems/,0,8,0.00%,17.88
https://shaffercon.com/service-areas/inglewood/commercial-whole-building-surge-protection/,0,1,0.00%,9.00
https://shaffercon.com/service-areas/inglewood/residential-backup-generator-installation/,0,3,0.00%,4.00
https://shaffercon.com/service-areas/inglewood/residential-breaker-panel-service-maintenance/,0,3,0.00%,5.67
https://shaffercon.com/service-areas/inglewood/residential-complete-electrical-rewiring/,0,3,0.00%,7.00
https://shaffercon.com/service-areas/inglewood/residential-data-network-av-wiring,0,1,0.00%,7.00
https://shaffercon.com/service-areas/inglewood/residential-dedicated-equipment-circuits/,0,2,0.00%,36.00
https://shaffercon.com/service-areas/inglewood/residential-electrical-safety-inspections,0,1,0.00%,7.00
https://shaffercon.com/service-areas/inglewood/residential-electrical-troubleshooting-repairs/,0,9,0.00%,4.44
https://shaffercon.com/service-areas/inglewood/residential-energy-efficiency-upgrades/,0,2,0.00%,10.00
https://shaffercon.com/service-areas/inglewood/residential-ev-charger-installation/,0,14,0.00%,44.36
https://shaffercon.com/service-areas/inglewood/residential-exhaust-fan-ventilation-wiring/,0,2,0.00%,5.00
https://shaffercon.com/service-areas/inglewood/residential-landscape-outdoor-lighting/,0,1,0.00%,7.00
https://shaffercon.com/service-areas/inglewood/residential-lighting-installation-retrofitting,0,1,0.00%,46.00
https://shaffercon.com/service-areas/inglewood/residential-lighting-installation-retrofitting/,0,1,0.00%,6.00
https://shaffercon.com/service-areas/inglewood/residential-outlet-switch-dimmer-services,0,1,0.00%,6.00
https://shaffercon.com/service-areas/inglewood/residential-pool-hot-tub-spa-electrical/,0,2,0.00%,32.50
https://shaffercon.com/service-areas/inglewood/residential-security-motion-lighting/,0,1,0.00%,2.00
https://shaffercon.com/service-areas/inglewood/residential-smart-automation-systems,0,4,0.00%,19.00
https://shaffercon.com/service-areas/inglewood/residential-smart-automation-systems/,0,6,0.00%,15.67
https://shaffercon.com/service-areas/inglewood/residential-whole-building-surge-protection/,0,8,0.00%,5.12
https://shaffercon.com/service-areas/long-beach/commercial-backup-generator-installation,0,521,0.00%,10.18
https://shaffercon.com/service-areas/long-beach/commercial-backup-generator-installation/,0,298,0.00%,8.69
https://shaffercon.com/service-areas/long-beach/commercial-ceiling-fan-fixture-installation,0,1,0.00%,20.00
https://shaffercon.com/service-areas/long-beach/commercial-ceiling-fan-fixture-installation/,0,63,0.00%,22.10
https://shaffercon.com/service-areas/long-beach/commercial-complete-electrical-rewiring,0,6,0.00%,8.50
https://shaffercon.com/service-areas/long-beach/commercial-data-network-av-wiring,0,8,0.00%,7.38
https://shaffercon.com/service-areas/long-beach/commercial-data-network-av-wiring/,0,29,0.00%,34.10
https://shaffercon.com/service-areas/long-beach/commercial-electrical-code-compliance-corrections/,0,1,0.00%,12.00
https://shaffercon.com/service-areas/long-beach/commercial-electrical-panel-upgrades/,0,2,0.00%,30.00
https://shaffercon.com/service-areas/long-beach/commercial-electrical-troubleshooting-repairs,0,2,0.00%,5.00
https://shaffercon.com/service-areas/long-beach/commercial-electrical-troubleshooting-repairs/,0,1,0.00%,8.00
https://shaffercon.com/service-areas/long-beach/commercial-ev-charger-installation/,0,1,0.00%,1.00
https://shaffercon.com/service-areas/long-beach/commercial-exhaust-fan-ventilation-wiring/,0,8,0.00%,41.75
https://shaffercon.com/service-areas/long-beach/commercial-landscape-outdoor-lighting/,0,79,0.00%,32.05
https://shaffercon.com/service-areas/long-beach/commercial-lighting-installation-retrofitting,0,10,0.00%,6.30
https://shaffercon.com/service-areas/long-beach/commercial-lighting-installation-retrofitting/,0,2,0.00%,6.00
https://shaffercon.com/service-areas/long-beach/commercial-pool-hot-tub-spa-electrical,0,1,0.00%,12.00
https://shaffercon.com/service-areas/long-beach/commercial-smart-automation-systems/,0,40,0.00%,4.58
https://shaffercon.com/service-areas/long-beach/commercial-whole-building-surge-protection,0,4,0.00%,23.00
https://shaffercon.com/service-areas/long-beach/commercial-whole-building-surge-protection/,0,7,0.00%,7.43
https://shaffercon.com/service-areas/long-beach/residential-backup-generator-installation,0,26,0.00%,11.08
https://shaffercon.com/service-areas/long-beach/residential-ceiling-fan-fixture-installation,0,35,0.00%,6.54
https://shaffercon.com/service-areas/long-beach/residential-ceiling-fan-fixture-installation/,0,56,0.00%,6.71
https://shaffercon.com/service-areas/long-beach/residential-data-network-av-wiring,0,17,0.00%,11.94
https://shaffercon.com/service-areas/long-beach/residential-data-network-av-wiring/,0,3,0.00%,12.33
https://shaffercon.com/service-areas/long-beach/residential-electrical-code-compliance-corrections/,0,1,0.00%,6.00
https://shaffercon.com/service-areas/long-beach/residential-electrical-panel-upgrades,0,1,0.00%,7.00
https://shaffercon.com/service-areas/long-beach/residential-electrical-panel-upgrades/,0,4,0.00%,6.50
https://shaffercon.com/service-areas/long-beach/residential-electrical-safety-inspections/,0,3,0.00%,4.67
https://shaffercon.com/service-areas/long-beach/residential-ev-charger-installation,0,38,0.00%,8.37
https://shaffercon.com/service-areas/long-beach/residential-ev-charger-installation/,0,156,0.00%,9.31
https://shaffercon.com/service-areas/long-beach/residential-landscape-outdoor-lighting,0,33,0.00%,10.21
https://shaffercon.com/service-areas/long-beach/residential-landscape-outdoor-lighting/,0,46,0.00%,11.76
https://shaffercon.com/service-areas/long-beach/residential-lighting-installation-retrofitting,0,7,0.00%,7.00
https://shaffercon.com/service-areas/long-beach/residential-lighting-installation-retrofitting/,0,10,0.00%,7.70
https://shaffercon.com/service-areas/long-beach/residential-pool-hot-tub-spa-electrical,0,3,0.00%,6.33
https://shaffercon.com/service-areas/long-beach/residential-pool-hot-tub-spa-electrical/,0,5,0.00%,6.20
https://shaffercon.com/service-areas/long-beach/residential-security-motion-lighting,0,2,0.00%,6.50
https://shaffercon.com/service-areas/long-beach/residential-security-motion-lighting/,0,1,0.00%,5.00
https://shaffercon.com/service-areas/long-beach/residential-smart-automation-systems/,0,2,0.00%,4.50
https://shaffercon.com/service-areas/long-beach/residential-whole-building-surge-protection/,0,6,0.00%,5.50
https://shaffercon.com/service-areas/los-feliz/commercial-complete-electrical-rewiring,0,20,0.00%,27.95
https://shaffercon.com/service-areas/los-feliz/commercial-complete-electrical-rewiring/,0,6,0.00%,25.50
https://shaffercon.com/service-areas/los-feliz/commercial-data-network-av-wiring,0,2,0.00%,6.00
https://shaffercon.com/service-areas/los-feliz/commercial-dedicated-equipment-circuits/,0,1,0.00%,94.00
https://shaffercon.com/service-areas/los-feliz/commercial-electrical-code-compliance-corrections/,0,25,0.00%,6.40
https://shaffercon.com/service-areas/los-feliz/commercial-electrical-panel-upgrades/,0,1,0.00%,2.00
https://shaffercon.com/service-areas/los-feliz/commercial-energy-efficiency-upgrades/,0,3,0.00%,22.67
https://shaffercon.com/service-areas/los-feliz/commercial-landscape-outdoor-lighting,0,1,0.00%,11.00
https://shaffercon.com/service-areas/los-feliz/commercial-landscape-outdoor-lighting/,0,12,0.00%,8.92
https://shaffercon.com/service-areas/los-feliz/commercial-lighting-installation-retrofitting,0,2,0.00%,6.50
https://shaffercon.com/service-areas/los-feliz/commercial-lighting-installation-retrofitting/,0,4,0.00%,5.75
https://shaffercon.com/service-areas/los-feliz/commercial-pool-hot-tub-spa-electrical/,0,2,0.00%,26.50
https://shaffercon.com/service-areas/los-feliz/commercial-security-motion-lighting/,0,1,0.00%,3.00
https://shaffercon.com/service-areas/los-feliz/commercial-whole-building-surge-protection/,0,1,0.00%,7.00
https://shaffercon.com/service-areas/los-feliz/residential-backup-generator-installation/,0,2,0.00%,22.00
https://shaffercon.com/service-areas/los-feliz/residential-breaker-panel-service-maintenance,0,1,0.00%,17.00
https://shaffercon.com/service-areas/los-feliz/residential-breaker-panel-service-maintenance/,0,2,0.00%,12.00
https://shaffercon.com/service-areas/los-feliz/residential-ceiling-fan-fixture-installation,0,2,0.00%,3.50
https://shaffercon.com/service-areas/los-feliz/residential-ceiling-fan-fixture-installation/,0,2,0.00%,5.00
https://shaffercon.com/service-areas/los-feliz/residential-data-network-av-wiring,0,2,0.00%,13.50
https://shaffercon.com/service-areas/los-feliz/residential-dedicated-equipment-circuits/,0,3,0.00%,28.33
https://shaffercon.com/service-areas/los-feliz/residential-electrical-code-compliance-corrections/,0,9,0.00%,30.00
https://shaffercon.com/service-areas/los-feliz/residential-energy-efficiency-upgrades/,0,2,0.00%,1.50
https://shaffercon.com/service-areas/los-feliz/residential-ev-charger-installation,0,1,0.00%,12.00
https://shaffercon.com/service-areas/los-feliz/residential-ev-charger-installation/,0,1,0.00%,8.00
https://shaffercon.com/service-areas/los-feliz/residential-lighting-installation-retrofitting,0,1,0.00%,5.00
https://shaffercon.com/service-areas/los-feliz/residential-lighting-installation-retrofitting/,0,5,0.00%,38.40
https://shaffercon.com/service-areas/los-feliz/residential-pool-hot-tub-spa-electrical,0,5,0.00%,7.40
https://shaffercon.com/service-areas/los-feliz/residential-pool-hot-tub-spa-electrical/,0,11,0.00%,8.09
https://shaffercon.com/service-areas/los-feliz/residential-security-motion-lighting/,0,3,0.00%,6.33
https://shaffercon.com/service-areas/los-feliz/residential-smart-automation-systems,0,1,0.00%,8.00
https://shaffercon.com/service-areas/pacific-palisades/,0,132,0.00%,30.92
https://shaffercon.com/service-areas/pacific-palisades/commercial-complete-electrical-rewiring/,0,1,0.00%,5.00
https://shaffercon.com/service-areas/pacific-palisades/commercial-data-network-av-wiring/,0,1,0.00%,10.00
https://shaffercon.com/service-areas/pacific-palisades/commercial-electrical-code-compliance-corrections/,0,1,0.00%,7.00
https://shaffercon.com/service-areas/pacific-palisades/commercial-electrical-panel-upgrades/,0,1,0.00%,4.00
https://shaffercon.com/service-areas/pacific-palisades/commercial-electrical-safety-inspections/,0,1,0.00%,8.00
https://shaffercon.com/service-areas/pacific-palisades/commercial-energy-efficiency-upgrades/,0,1,0.00%,9.00
https://shaffercon.com/service-areas/pacific-palisades/commercial-exhaust-fan-ventilation-wiring,0,3,0.00%,11.00
https://shaffercon.com/service-areas/pacific-palisades/commercial-landscape-outdoor-lighting/,0,5,0.00%,11.60
https://shaffercon.com/service-areas/pacific-palisades/commercial-lighting-installation-retrofitting/,0,1,0.00%,12.00
https://shaffercon.com/service-areas/pacific-palisades/commercial-smart-automation-systems/,0,2,0.00%,11.00
https://shaffercon.com/service-areas/pacific-palisades/commercial-whole-building-surge-protection/,0,4,0.00%,6.00
https://shaffercon.com/service-areas/pacific-palisades/residential-backup-generator-installation/,0,8,0.00%,7.75
https://shaffercon.com/service-areas/pacific-palisades/residential-breaker-panel-service-maintenance/,0,2,0.00%,47.50
https://shaffercon.com/service-areas/pacific-palisades/residential-data-network-av-wiring/,0,32,0.00%,10.75
https://shaffercon.com/service-areas/pacific-palisades/residential-dedicated-equipment-circuits/,0,8,0.00%,12.38
https://shaffercon.com/service-areas/pacific-palisades/residential-electrical-code-compliance-corrections/,0,1,0.00%,6.00
https://shaffercon.com/service-areas/pacific-palisades/residential-electrical-panel-upgrades/,0,10,0.00%,15.80
https://shaffercon.com/service-areas/pacific-palisades/residential-electrical-troubleshooting-repairs,0,1,0.00%,1.00
https://shaffercon.com/service-areas/pacific-palisades/residential-electrical-troubleshooting-repairs/,0,1,0.00%,3.00
https://shaffercon.com/service-areas/pacific-palisades/residential-energy-efficiency-upgrades/,0,32,0.00%,57.69
https://shaffercon.com/service-areas/pacific-palisades/residential-ev-charger-installation/,0,16,0.00%,10.62
https://shaffercon.com/service-areas/pacific-palisades/residential-landscape-outdoor-lighting/,0,74,0.00%,7.58
https://shaffercon.com/service-areas/pacific-palisades/residential-lighting-installation-retrofitting/,0,4,0.00%,2.25
https://shaffercon.com/service-areas/pacific-palisades/residential-outlet-switch-dimmer-services/,0,1,0.00%,9.00
https://shaffercon.com/service-areas/pacific-palisades/residential-pool-hot-tub-spa-electrical/,0,8,0.00%,7.75
https://shaffercon.com/service-areas/pacific-palisades/residential-security-motion-lighting/,0,4,0.00%,12.25
https://shaffercon.com/service-areas/pacific-palisades/residential-smart-automation-systems/,0,165,0.00%,12.85
https://shaffercon.com/service-areas/pasadena/commercial-backup-generator-installation,0,42,0.00%,15.14
https://shaffercon.com/service-areas/pasadena/commercial-backup-generator-installation/,0,45,0.00%,25.07
https://shaffercon.com/service-areas/pasadena/commercial-breaker-panel-service-maintenance/,0,2,0.00%,8.50
https://shaffercon.com/service-areas/pasadena/commercial-ceiling-fan-fixture-installation/,0,30,0.00%,17.27
https://shaffercon.com/service-areas/pasadena/commercial-complete-electrical-rewiring,0,10,0.00%,6.20
https://shaffercon.com/service-areas/pasadena/commercial-data-network-av-wiring,0,7,0.00%,8.14
https://shaffercon.com/service-areas/pasadena/commercial-data-network-av-wiring/,0,1,0.00%,22.00
https://shaffercon.com/service-areas/pasadena/commercial-electrical-code-compliance-corrections/,0,1,0.00%,9.00
https://shaffercon.com/service-areas/pasadena/commercial-electrical-panel-upgrades,0,8,0.00%,15.00
https://shaffercon.com/service-areas/pasadena/commercial-electrical-panel-upgrades/,0,10,0.00%,30.50
https://shaffercon.com/service-areas/pasadena/commercial-electrical-troubleshooting-repairs,0,6,0.00%,19.67
https://shaffercon.com/service-areas/pasadena/commercial-electrical-troubleshooting-repairs/,0,5,0.00%,5.60
https://shaffercon.com/service-areas/pasadena/commercial-energy-efficiency-upgrades/,0,6,0.00%,29.83
https://shaffercon.com/service-areas/pasadena/commercial-landscape-outdoor-lighting,0,1,0.00%,12.00
https://shaffercon.com/service-areas/pasadena/commercial-landscape-outdoor-lighting/,0,1,0.00%,24.00
https://shaffercon.com/service-areas/pasadena/commercial-lighting-installation-retrofitting,0,2,0.00%,6.50
https://shaffercon.com/service-areas/pasadena/commercial-lighting-installation-retrofitting/,0,57,0.00%,3.95
https://shaffercon.com/service-areas/pasadena/commercial-outlet-switch-dimmer-services/,0,3,0.00%,14.00
https://shaffercon.com/service-areas/pasadena/commercial-pool-hot-tub-spa-electrical/,0,1,0.00%,9.00
https://shaffercon.com/service-areas/pasadena/commercial-security-motion-lighting/,0,42,0.00%,7.38
https://shaffercon.com/service-areas/pasadena/commercial-smart-automation-systems/,0,85,0.00%,17.25
https://shaffercon.com/service-areas/pasadena/commercial-whole-building-surge-protection,0,28,0.00%,13.64
https://shaffercon.com/service-areas/pasadena/commercial-whole-building-surge-protection/,0,5,0.00%,35.60
https://shaffercon.com/service-areas/pasadena/residential-backup-generator-installation,0,225,0.00%,17.32
https://shaffercon.com/service-areas/pasadena/residential-backup-generator-installation/,0,290,0.00%,15.95
https://shaffercon.com/service-areas/pasadena/residential-breaker-panel-service-maintenance/,0,3,0.00%,8.33
https://shaffercon.com/service-areas/pasadena/residential-ceiling-fan-fixture-installation/,0,47,0.00%,5.94
https://shaffercon.com/service-areas/pasadena/residential-complete-electrical-rewiring,0,5,0.00%,7.60
https://shaffercon.com/service-areas/pasadena/residential-complete-electrical-rewiring/,0,14,0.00%,5.36
https://shaffercon.com/service-areas/pasadena/residential-data-network-av-wiring,0,1,0.00%,4.00
https://shaffercon.com/service-areas/pasadena/residential-dedicated-equipment-circuits/,0,2,0.00%,6.00
https://shaffercon.com/service-areas/pasadena/residential-electrical-code-compliance-corrections/,0,1,0.00%,6.00
https://shaffercon.com/service-areas/pasadena/residential-electrical-panel-upgrades,0,12,0.00%,8.00
https://shaffercon.com/service-areas/pasadena/residential-electrical-panel-upgrades/,0,22,0.00%,10.14
https://shaffercon.com/service-areas/pasadena/residential-electrical-safety-inspections/,0,4,0.00%,6.50
https://shaffercon.com/service-areas/pasadena/residential-electrical-troubleshooting-repairs,0,28,0.00%,25.29
https://shaffercon.com/service-areas/pasadena/residential-electrical-troubleshooting-repairs/,0,5,0.00%,31.00
https://shaffercon.com/service-areas/pasadena/residential-energy-efficiency-upgrades,0,1,0.00%,2.00
https://shaffercon.com/service-areas/pasadena/residential-energy-efficiency-upgrades/,0,3,0.00%,4.00
https://shaffercon.com/service-areas/pasadena/residential-ev-charger-installation,0,5,0.00%,7.60
https://shaffercon.com/service-areas/pasadena/residential-ev-charger-installation/,0,7,0.00%,8.00
https://shaffercon.com/service-areas/pasadena/residential-exhaust-fan-ventilation-wiring/,0,11,0.00%,13.36
https://shaffercon.com/service-areas/pasadena/residential-landscape-outdoor-lighting,0,2,0.00%,8.50
https://shaffercon.com/service-areas/pasadena/residential-landscape-outdoor-lighting/,0,2,0.00%,5.00
https://shaffercon.com/service-areas/pasadena/residential-lighting-installation-retrofitting,0,7,0.00%,11.00
https://shaffercon.com/service-areas/pasadena/residential-lighting-installation-retrofitting/,0,41,0.00%,28.46
https://shaffercon.com/service-areas/pasadena/residential-outlet-switch-dimmer-services,0,1,0.00%,11.00
https://shaffercon.com/service-areas/pasadena/residential-outlet-switch-dimmer-services/,0,5,0.00%,9.00
https://shaffercon.com/service-areas/pasadena/residential-security-motion-lighting,0,16,0.00%,8.50
https://shaffercon.com/service-areas/pasadena/residential-smart-automation-systems,0,158,0.00%,7.54
https://shaffercon.com/service-areas/pasadena/residential-smart-automation-systems/,0,20,0.00%,6.90
https://shaffercon.com/service-areas/pasadena/residential-whole-building-surge-protection,0,48,0.00%,3.88
https://shaffercon.com/service-areas/pasadena/residential-whole-building-surge-protection/,0,9,0.00%,9.56
https://shaffercon.com/service-areas/santa-clarita/commercial-backup-generator-installation,0,2,0.00%,12.50
https://shaffercon.com/service-areas/santa-clarita/commercial-breaker-panel-service-maintenance/,0,1,0.00%,66.00
https://shaffercon.com/service-areas/santa-clarita/commercial-ceiling-fan-fixture-installation,0,2,0.00%,7.00
https://shaffercon.com/service-areas/santa-clarita/commercial-ceiling-fan-fixture-installation/,0,6,0.00%,15.33
https://shaffercon.com/service-areas/santa-clarita/commercial-data-network-av-wiring,0,1,0.00%,11.00
https://shaffercon.com/service-areas/santa-clarita/commercial-dedicated-equipment-circuits,0,2,0.00%,10.00
https://shaffercon.com/service-areas/santa-clarita/commercial-dedicated-equipment-circuits/,0,2,0.00%,10.00
https://shaffercon.com/service-areas/santa-clarita/commercial-electrical-panel-upgrades/,0,10,0.00%,7.10
https://shaffercon.com/service-areas/santa-clarita/commercial-electrical-safety-inspections,0,2,0.00%,8.50
https://shaffercon.com/service-areas/santa-clarita/commercial-electrical-troubleshooting-repairs,0,14,0.00%,10.36
https://shaffercon.com/service-areas/santa-clarita/commercial-electrical-troubleshooting-repairs/,0,3,0.00%,10.33
https://shaffercon.com/service-areas/santa-clarita/commercial-energy-efficiency-upgrades/,0,3,0.00%,9.00
https://shaffercon.com/service-areas/santa-clarita/commercial-ev-charger-installation,0,7,0.00%,3.29
https://shaffercon.com/service-areas/santa-clarita/commercial-ev-charger-installation/,0,4,0.00%,5.75
https://shaffercon.com/service-areas/santa-clarita/commercial-landscape-outdoor-lighting,0,23,0.00%,11.39
https://shaffercon.com/service-areas/santa-clarita/commercial-landscape-outdoor-lighting/,0,25,0.00%,15.16
https://shaffercon.com/service-areas/santa-clarita/commercial-lighting-installation-retrofitting,0,5,0.00%,5.60
https://shaffercon.com/service-areas/santa-clarita/commercial-outlet-switch-dimmer-services/,0,1,0.00%,6.00
https://shaffercon.com/service-areas/santa-clarita/commercial-pool-hot-tub-spa-electrical,0,18,0.00%,10.89
https://shaffercon.com/service-areas/santa-clarita/commercial-pool-hot-tub-spa-electrical/,0,6,0.00%,8.50
https://shaffercon.com/service-areas/santa-clarita/commercial-security-motion-lighting/,0,11,0.00%,13.45
https://shaffercon.com/service-areas/santa-clarita/commercial-smart-automation-systems,0,4,0.00%,3.75
https://shaffercon.com/service-areas/santa-clarita/commercial-smart-automation-systems/,0,4,0.00%,2.50
https://shaffercon.com/service-areas/santa-clarita/commercial-whole-building-surge-protection,0,7,0.00%,5.43
https://shaffercon.com/service-areas/santa-clarita/commercial-whole-building-surge-protection/,0,3,0.00%,21.33
https://shaffercon.com/service-areas/santa-clarita/residential-breaker-panel-service-maintenance,0,4,0.00%,7.75
https://shaffercon.com/service-areas/santa-clarita/residential-breaker-panel-service-maintenance/,0,2,0.00%,7.50
https://shaffercon.com/service-areas/santa-clarita/residential-ceiling-fan-fixture-installation/,0,43,0.00%,12.60
https://shaffercon.com/service-areas/santa-clarita/residential-complete-electrical-rewiring,0,10,0.00%,6.70
https://shaffercon.com/service-areas/santa-clarita/residential-complete-electrical-rewiring/,0,5,0.00%,6.20
https://shaffercon.com/service-areas/santa-clarita/residential-data-network-av-wiring,0,13,0.00%,3.15
https://shaffercon.com/service-areas/santa-clarita/residential-data-network-av-wiring/,0,10,0.00%,7.20
https://shaffercon.com/service-areas/santa-clarita/residential-dedicated-equipment-circuits,0,11,0.00%,7.09
https://shaffercon.com/service-areas/santa-clarita/residential-dedicated-equipment-circuits/,0,5,0.00%,4.20
https://shaffercon.com/service-areas/santa-clarita/residential-electrical-code-compliance-corrections,0,14,0.00%,20.43
https://shaffercon.com/service-areas/santa-clarita/residential-electrical-code-compliance-corrections/,0,4,0.00%,7.25
https://shaffercon.com/service-areas/santa-clarita/residential-electrical-panel-upgrades/,0,14,0.00%,9.14
https://shaffercon.com/service-areas/santa-clarita/residential-electrical-safety-inspections,0,7,0.00%,5.71
https://shaffercon.com/service-areas/santa-clarita/residential-electrical-safety-inspections/,0,2,0.00%,6.50
https://shaffercon.com/service-areas/santa-clarita/residential-energy-efficiency-upgrades/,0,12,0.00%,10.50
https://shaffercon.com/service-areas/santa-clarita/residential-ev-charger-installation,0,11,0.00%,5.09
https://shaffercon.com/service-areas/santa-clarita/residential-ev-charger-installation/,0,33,0.00%,8.18
https://shaffercon.com/service-areas/santa-clarita/residential-exhaust-fan-ventilation-wiring,0,15,0.00%,10.60
https://shaffercon.com/service-areas/santa-clarita/residential-exhaust-fan-ventilation-wiring/,0,2,0.00%,6.00
https://shaffercon.com/service-areas/santa-clarita/residential-landscape-outdoor-lighting/,0,9,0.00%,10.56
https://shaffercon.com/service-areas/santa-clarita/residential-lighting-installation-retrofitting,0,11,0.00%,5.73
https://shaffercon.com/service-areas/santa-clarita/residential-lighting-installation-retrofitting/,0,5,0.00%,5.00
https://shaffercon.com/service-areas/santa-clarita/residential-outlet-switch-dimmer-services/,0,1,0.00%,9.00
https://shaffercon.com/service-areas/santa-clarita/residential-pool-hot-tub-spa-electrical,0,15,0.00%,4.13
https://shaffercon.com/service-areas/santa-clarita/residential-security-motion-lighting,0,6,0.00%,6.67
https://shaffercon.com/service-areas/santa-clarita/residential-security-motion-lighting/,0,7,0.00%,5.57
https://shaffercon.com/service-areas/santa-clarita/residential-smart-automation-systems/,0,20,0.00%,6.25
https://shaffercon.com/service-areas/santa-clarita/residential-whole-building-surge-protection,0,8,0.00%,4.00
https://shaffercon.com/service-areas/santa-clarita/residential-whole-building-surge-protection/,0,1,0.00%,2.00
https://shaffercon.com/service-areas/santa-monica/,0,197,0.00%,19.17
https://shaffercon.com/service-areas/santa-monica/commercial-backup-generator-installation,0,13,0.00%,19.62
https://shaffercon.com/service-areas/santa-monica/commercial-ceiling-fan-fixture-installation,0,9,0.00%,15.89
https://shaffercon.com/service-areas/santa-monica/commercial-ceiling-fan-fixture-installation/,0,10,0.00%,14.80
https://shaffercon.com/service-areas/santa-monica/commercial-complete-electrical-rewiring,0,4,0.00%,7.25
https://shaffercon.com/service-areas/santa-monica/commercial-complete-electrical-rewiring/,0,16,0.00%,26.00
https://shaffercon.com/service-areas/santa-monica/commercial-data-network-av-wiring,0,3,0.00%,7.67
https://shaffercon.com/service-areas/santa-monica/commercial-data-network-av-wiring/,0,8,0.00%,4.62
https://shaffercon.com/service-areas/santa-monica/commercial-dedicated-equipment-circuits,0,1,0.00%,12.00
https://shaffercon.com/service-areas/santa-monica/commercial-electrical-code-compliance-corrections/,0,4,0.00%,5.50
https://shaffercon.com/service-areas/santa-monica/commercial-electrical-panel-upgrades/,0,18,0.00%,35.44
https://shaffercon.com/service-areas/santa-monica/commercial-electrical-safety-inspections,0,3,0.00%,7.67
https://shaffercon.com/service-areas/santa-monica/commercial-energy-efficiency-upgrades/,0,2,0.00%,13.00
https://shaffercon.com/service-areas/santa-monica/commercial-ev-charger-installation,0,36,0.00%,18.14
https://shaffercon.com/service-areas/santa-monica/commercial-ev-charger-installation/,0,3,0.00%,12.67
https://shaffercon.com/service-areas/santa-monica/commercial-landscape-outdoor-lighting,0,14,0.00%,14.07
https://shaffercon.com/service-areas/santa-monica/commercial-lighting-installation-retrofitting/,0,14,0.00%,10.50
https://shaffercon.com/service-areas/santa-monica/commercial-outlet-switch-dimmer-services/,0,1,0.00%,1.00
https://shaffercon.com/service-areas/santa-monica/commercial-pool-hot-tub-spa-electrical,0,7,0.00%,5.43
https://shaffercon.com/service-areas/santa-monica/commercial-pool-hot-tub-spa-electrical/,0,6,0.00%,6.33
https://shaffercon.com/service-areas/santa-monica/commercial-security-motion-lighting,0,4,0.00%,35.75
https://shaffercon.com/service-areas/santa-monica/commercial-security-motion-lighting/,0,10,0.00%,15.80
https://shaffercon.com/service-areas/santa-monica/commercial-smart-automation-systems,0,8,0.00%,40.00
https://shaffercon.com/service-areas/santa-monica/commercial-smart-automation-systems/,0,10,0.00%,23.80
https://shaffercon.com/service-areas/santa-monica/commercial-whole-building-surge-protection,0,4,0.00%,2.25
https://shaffercon.com/service-areas/santa-monica/residential-backup-generator-installation,0,26,0.00%,11.19
https://shaffercon.com/service-areas/santa-monica/residential-breaker-panel-service-maintenance/,0,3,0.00%,20.00
https://shaffercon.com/service-areas/santa-monica/residential-ceiling-fan-fixture-installation/,0,31,0.00%,4.26
https://shaffercon.com/service-areas/santa-monica/residential-complete-electrical-rewiring/,0,66,0.00%,4.09
https://shaffercon.com/service-areas/santa-monica/residential-data-network-av-wiring,0,11,0.00%,11.18
https://shaffercon.com/service-areas/santa-monica/residential-data-network-av-wiring/,0,233,0.00%,7.40
https://shaffercon.com/service-areas/santa-monica/residential-electrical-code-compliance-corrections,0,2,0.00%,8.00
https://shaffercon.com/service-areas/santa-monica/residential-electrical-panel-upgrades,0,3,0.00%,6.33
https://shaffercon.com/service-areas/santa-monica/residential-electrical-panel-upgrades/,0,27,0.00%,5.70
https://shaffercon.com/service-areas/santa-monica/residential-electrical-safety-inspections,0,7,0.00%,4.71
https://shaffercon.com/service-areas/santa-monica/residential-electrical-safety-inspections/,0,78,0.00%,29.14
https://shaffercon.com/service-areas/santa-monica/residential-electrical-troubleshooting-repairs/,0,17,0.00%,35.35
https://shaffercon.com/service-areas/santa-monica/residential-energy-efficiency-upgrades,0,6,0.00%,32.00
https://shaffercon.com/service-areas/santa-monica/residential-ev-charger-installation,0,54,0.00%,7.72
https://shaffercon.com/service-areas/santa-monica/residential-exhaust-fan-ventilation-wiring/,0,5,0.00%,7.60
https://shaffercon.com/service-areas/santa-monica/residential-landscape-outdoor-lighting,0,35,0.00%,6.97
https://shaffercon.com/service-areas/santa-monica/residential-landscape-outdoor-lighting/,0,12,0.00%,8.00
https://shaffercon.com/service-areas/santa-monica/residential-lighting-installation-retrofitting,0,3,0.00%,26.33
https://shaffercon.com/service-areas/santa-monica/residential-lighting-installation-retrofitting/,0,25,0.00%,13.48
https://shaffercon.com/service-areas/santa-monica/residential-outlet-switch-dimmer-services/,0,4,0.00%,4.75
https://shaffercon.com/service-areas/santa-monica/residential-pool-hot-tub-spa-electrical,0,9,0.00%,16.56
https://shaffercon.com/service-areas/santa-monica/residential-pool-hot-tub-spa-electrical/,0,23,0.00%,6.78
https://shaffercon.com/service-areas/santa-monica/residential-security-motion-lighting,0,5,0.00%,7.20
https://shaffercon.com/service-areas/santa-monica/residential-security-motion-lighting/,0,9,0.00%,3.56
https://shaffercon.com/service-areas/santa-monica/residential-smart-automation-systems/,0,63,0.00%,9.03
https://shaffercon.com/service-areas/santa-monica/residential-whole-building-surge-protection,0,1,0.00%,9.00
https://shaffercon.com/service-areas/sherman-oaks/,0,738,0.00%,31.21
https://shaffercon.com/service-areas/sherman-oaks/commercial-backup-generator-installation/,0,11,0.00%,8.45
https://shaffercon.com/service-areas/sherman-oaks/commercial-complete-electrical-rewiring,0,4,0.00%,7.75
https://shaffercon.com/service-areas/sherman-oaks/commercial-complete-electrical-rewiring/,0,2,0.00%,12.50
https://shaffercon.com/service-areas/sherman-oaks/commercial-data-network-av-wiring,0,4,0.00%,29.25
https://shaffercon.com/service-areas/sherman-oaks/commercial-data-network-av-wiring/,0,14,0.00%,41.14
https://shaffercon.com/service-areas/sherman-oaks/commercial-electrical-code-compliance-corrections/,0,2,0.00%,2.50
https://shaffercon.com/service-areas/sherman-oaks/commercial-electrical-panel-upgrades/,0,4,0.00%,27.25
https://shaffercon.com/service-areas/sherman-oaks/commercial-electrical-safety-inspections,0,1,0.00%,6.00
https://shaffercon.com/service-areas/sherman-oaks/commercial-electrical-safety-inspections/,0,1,0.00%,9.00
https://shaffercon.com/service-areas/sherman-oaks/commercial-energy-efficiency-upgrades/,0,2,0.00%,4.50
https://shaffercon.com/service-areas/sherman-oaks/commercial-ev-charger-installation,0,1,0.00%,11.00
https://shaffercon.com/service-areas/sherman-oaks/commercial-ev-charger-installation/,0,5,0.00%,12.20
https://shaffercon.com/service-areas/sherman-oaks/commercial-landscape-outdoor-lighting,0,1,0.00%,8.00
https://shaffercon.com/service-areas/sherman-oaks/commercial-landscape-outdoor-lighting/,0,3,0.00%,26.33
https://shaffercon.com/service-areas/sherman-oaks/commercial-lighting-installation-retrofitting,0,2,0.00%,6.00
https://shaffercon.com/service-areas/sherman-oaks/commercial-lighting-installation-retrofitting/,0,2,0.00%,12.50
https://shaffercon.com/service-areas/sherman-oaks/commercial-outlet-switch-dimmer-services/,0,4,0.00%,12.75
https://shaffercon.com/service-areas/sherman-oaks/commercial-pool-hot-tub-spa-electrical,0,1,0.00%,7.00
https://shaffercon.com/service-areas/sherman-oaks/commercial-pool-hot-tub-spa-electrical/,0,5,0.00%,8.20
https://shaffercon.com/service-areas/sherman-oaks/commercial-security-motion-lighting/,0,4,0.00%,17.75
https://shaffercon.com/service-areas/sherman-oaks/commercial-smart-automation-systems,0,13,0.00%,5.38
https://shaffercon.com/service-areas/sherman-oaks/residential-backup-generator-installation,0,4,0.00%,15.75
https://shaffercon.com/service-areas/sherman-oaks/residential-backup-generator-installation/,0,4,0.00%,4.25
https://shaffercon.com/service-areas/sherman-oaks/residential-breaker-panel-service-maintenance,0,2,0.00%,9.00
https://shaffercon.com/service-areas/sherman-oaks/residential-ceiling-fan-fixture-installation,0,4,0.00%,7.50
https://shaffercon.com/service-areas/sherman-oaks/residential-ceiling-fan-fixture-installation/,0,2,0.00%,9.00
https://shaffercon.com/service-areas/sherman-oaks/residential-complete-electrical-rewiring,0,4,0.00%,5.75
https://shaffercon.com/service-areas/sherman-oaks/residential-complete-electrical-rewiring/,0,32,0.00%,3.91
https://shaffercon.com/service-areas/sherman-oaks/residential-data-network-av-wiring/,0,1,0.00%,3.00
https://shaffercon.com/service-areas/sherman-oaks/residential-dedicated-equipment-circuits,0,1,0.00%,19.00
https://shaffercon.com/service-areas/sherman-oaks/residential-dedicated-equipment-circuits/,0,3,0.00%,23.33
https://shaffercon.com/service-areas/sherman-oaks/residential-electrical-code-compliance-corrections,0,1,0.00%,5.00
https://shaffercon.com/service-areas/sherman-oaks/residential-electrical-code-compliance-corrections/,0,3,0.00%,6.00
https://shaffercon.com/service-areas/sherman-oaks/residential-electrical-panel-upgrades,0,3,0.00%,18.33
https://shaffercon.com/service-areas/sherman-oaks/residential-electrical-panel-upgrades/,0,16,0.00%,7.62
https://shaffercon.com/service-areas/sherman-oaks/residential-electrical-safety-inspections,0,3,0.00%,35.33
https://shaffercon.com/service-areas/sherman-oaks/residential-electrical-safety-inspections/,0,3,0.00%,5.00
https://shaffercon.com/service-areas/sherman-oaks/residential-electrical-troubleshooting-repairs,0,2,0.00%,10.00
https://shaffercon.com/service-areas/sherman-oaks/residential-electrical-troubleshooting-repairs/,0,2,0.00%,21.50
https://shaffercon.com/service-areas/sherman-oaks/residential-energy-efficiency-upgrades,0,6,0.00%,37.17
https://shaffercon.com/service-areas/sherman-oaks/residential-ev-charger-installation/,0,30,0.00%,5.13
https://shaffercon.com/service-areas/sherman-oaks/residential-exhaust-fan-ventilation-wiring,0,4,0.00%,7.75
https://shaffercon.com/service-areas/sherman-oaks/residential-exhaust-fan-ventilation-wiring/,0,3,0.00%,6.33
https://shaffercon.com/service-areas/sherman-oaks/residential-landscape-outdoor-lighting,0,10,0.00%,9.20
https://shaffercon.com/service-areas/sherman-oaks/residential-landscape-outdoor-lighting/,0,3,0.00%,6.33
https://shaffercon.com/service-areas/sherman-oaks/residential-lighting-installation-retrofitting,0,1,0.00%,3.00
https://shaffercon.com/service-areas/sherman-oaks/residential-lighting-installation-retrofitting/,0,3,0.00%,8.67
https://shaffercon.com/service-areas/sherman-oaks/residential-outlet-switch-dimmer-services,0,3,0.00%,38.67
https://shaffercon.com/service-areas/sherman-oaks/residential-outlet-switch-dimmer-services/,0,1,0.00%,7.00
https://shaffercon.com/service-areas/sherman-oaks/residential-pool-hot-tub-spa-electrical,0,2,0.00%,3.00
https://shaffercon.com/service-areas/sherman-oaks/residential-pool-hot-tub-spa-electrical/,0,3,0.00%,14.33
https://shaffercon.com/service-areas/sherman-oaks/residential-security-motion-lighting,0,6,0.00%,3.67
https://shaffercon.com/service-areas/sherman-oaks/residential-security-motion-lighting/,0,20,0.00%,7.95
https://shaffercon.com/service-areas/sherman-oaks/residential-smart-automation-systems,0,3,0.00%,6.33
https://shaffercon.com/service-areas/sherman-oaks/residential-smart-automation-systems/,0,5,0.00%,4.80
https://shaffercon.com/service-areas/sherman-oaks/residential-whole-building-surge-protection,0,26,0.00%,43.50
https://shaffercon.com/service-areas/sherman-oaks/residential-whole-building-surge-protection/,0,25,0.00%,5.00
https://shaffercon.com/service-areas/silver-lake/,0,207,0.00%,11.75
https://shaffercon.com/service-areas/silver-lake/commercial-backup-generator-installation,0,1,0.00%,8.00
https://shaffercon.com/service-areas/silver-lake/commercial-backup-generator-installation/,0,2,0.00%,11.00
https://shaffercon.com/service-areas/silver-lake/commercial-ceiling-fan-fixture-installation,0,4,0.00%,50.75
https://shaffercon.com/service-areas/silver-lake/commercial-complete-electrical-rewiring,0,1,0.00%,2.00
https://shaffercon.com/service-areas/silver-lake/commercial-dedicated-equipment-circuits/,0,2,0.00%,26.00
https://shaffercon.com/service-areas/silver-lake/commercial-electrical-code-compliance-corrections,0,28,0.00%,16.21
https://shaffercon.com/service-areas/silver-lake/commercial-electrical-code-compliance-corrections/,0,1,0.00%,13.00
https://shaffercon.com/service-areas/silver-lake/commercial-electrical-panel-upgrades/,0,2,0.00%,34.50
https://shaffercon.com/service-areas/silver-lake/commercial-electrical-safety-inspections,0,10,0.00%,77.00
https://shaffercon.com/service-areas/silver-lake/commercial-electrical-safety-inspections/,0,3,0.00%,45.33
https://shaffercon.com/service-areas/silver-lake/commercial-electrical-troubleshooting-repairs/,0,1,0.00%,5.00
https://shaffercon.com/service-areas/silver-lake/commercial-energy-efficiency-upgrades/,0,2,0.00%,6.00
https://shaffercon.com/service-areas/silver-lake/commercial-exhaust-fan-ventilation-wiring/,0,6,0.00%,5.17
https://shaffercon.com/service-areas/silver-lake/commercial-landscape-outdoor-lighting,0,17,0.00%,8.88
https://shaffercon.com/service-areas/silver-lake/commercial-landscape-outdoor-lighting/,0,44,0.00%,13.45
https://shaffercon.com/service-areas/silver-lake/commercial-lighting-installation-retrofitting/,0,1,0.00%,10.00
https://shaffercon.com/service-areas/silver-lake/commercial-outlet-switch-dimmer-services/,0,4,0.00%,9.75
https://shaffercon.com/service-areas/silver-lake/commercial-pool-hot-tub-spa-electrical,0,7,0.00%,2.57
https://shaffercon.com/service-areas/silver-lake/commercial-pool-hot-tub-spa-electrical/,0,12,0.00%,4.17
https://shaffercon.com/service-areas/silver-lake/commercial-security-motion-lighting/,0,1,0.00%,26.00
https://shaffercon.com/service-areas/silver-lake/residential-breaker-panel-service-maintenance,0,2,0.00%,12.00
https://shaffercon.com/service-areas/silver-lake/residential-ceiling-fan-fixture-installation,0,5,0.00%,14.60
https://shaffercon.com/service-areas/silver-lake/residential-ceiling-fan-fixture-installation/,0,3,0.00%,31.00
https://shaffercon.com/service-areas/silver-lake/residential-complete-electrical-rewiring,0,3,0.00%,5.00
https://shaffercon.com/service-areas/silver-lake/residential-complete-electrical-rewiring/,0,2,0.00%,9.50
https://shaffercon.com/service-areas/silver-lake/residential-dedicated-equipment-circuits/,0,1,0.00%,4.00
https://shaffercon.com/service-areas/silver-lake/residential-electrical-code-compliance-corrections/,0,5,0.00%,7.20
https://shaffercon.com/service-areas/silver-lake/residential-electrical-panel-upgrades,0,1,0.00%,6.00
https://shaffercon.com/service-areas/silver-lake/residential-electrical-panel-upgrades/,0,6,0.00%,6.50
https://shaffercon.com/service-areas/silver-lake/residential-electrical-safety-inspections/,0,1,0.00%,5.00
https://shaffercon.com/service-areas/silver-lake/residential-electrical-troubleshooting-repairs,0,2,0.00%,7.00
https://shaffercon.com/service-areas/silver-lake/residential-electrical-troubleshooting-repairs/,0,3,0.00%,8.67
https://shaffercon.com/service-areas/silver-lake/residential-energy-efficiency-upgrades,0,5,0.00%,3.40
https://shaffercon.com/service-areas/silver-lake/residential-ev-charger-installation,0,3,0.00%,10.00
https://shaffercon.com/service-areas/silver-lake/residential-ev-charger-installation/,0,2,0.00%,9.00
https://shaffercon.com/service-areas/silver-lake/residential-exhaust-fan-ventilation-wiring/,0,1,0.00%,11.00
https://shaffercon.com/service-areas/silver-lake/residential-landscape-outdoor-lighting/,0,1,0.00%,5.00
https://shaffercon.com/service-areas/silver-lake/residential-lighting-installation-retrofitting,0,1,0.00%,8.00
https://shaffercon.com/service-areas/silver-lake/residential-pool-hot-tub-spa-electrical,0,4,0.00%,23.75
https://shaffercon.com/service-areas/silver-lake/residential-pool-hot-tub-spa-electrical/,0,8,0.00%,25.62
https://shaffercon.com/service-areas/silver-lake/residential-security-motion-lighting,0,1,0.00%,9.00
https://shaffercon.com/service-areas/torrance/,0,415,0.00%,15.20
https://shaffercon.com/service-areas/torrance/commercial-backup-generator-installation/,0,11,0.00%,7.09
https://shaffercon.com/service-areas/torrance/commercial-ceiling-fan-fixture-installation,0,9,0.00%,13.44
https://shaffercon.com/service-areas/torrance/commercial-ceiling-fan-fixture-installation/,0,19,0.00%,17.95
https://shaffercon.com/service-areas/torrance/commercial-complete-electrical-rewiring,0,2,0.00%,19.50
https://shaffercon.com/service-areas/torrance/commercial-data-network-av-wiring/,0,15,0.00%,16.53
https://shaffercon.com/service-areas/torrance/commercial-dedicated-equipment-circuits,0,13,0.00%,11.08
https://shaffercon.com/service-areas/torrance/commercial-electrical-code-compliance-corrections,0,11,0.00%,22.82
https://shaffercon.com/service-areas/torrance/commercial-electrical-panel-upgrades/,0,5,0.00%,28.80
https://shaffercon.com/service-areas/torrance/commercial-electrical-safety-inspections/,0,66,0.00%,19.05
https://shaffercon.com/service-areas/torrance/commercial-electrical-troubleshooting-repairs/,0,2,0.00%,5.50
https://shaffercon.com/service-areas/torrance/commercial-ev-charger-installation/,0,6,0.00%,9.83
https://shaffercon.com/service-areas/torrance/commercial-exhaust-fan-ventilation-wiring/,0,34,0.00%,21.97
https://shaffercon.com/service-areas/torrance/commercial-lighting-installation-retrofitting/,0,1,0.00%,6.00
https://shaffercon.com/service-areas/torrance/commercial-outlet-switch-dimmer-services/,0,8,0.00%,12.75
https://shaffercon.com/service-areas/torrance/commercial-pool-hot-tub-spa-electrical,0,27,0.00%,4.74
https://shaffercon.com/service-areas/torrance/commercial-pool-hot-tub-spa-electrical/,0,3,0.00%,4.67
https://shaffercon.com/service-areas/torrance/commercial-security-motion-lighting/,0,9,0.00%,22.11
https://shaffercon.com/service-areas/torrance/commercial-smart-automation-systems/,0,3,0.00%,4.33
https://shaffercon.com/service-areas/torrance/residential-backup-generator-installation,0,11,0.00%,8.45
https://shaffercon.com/service-areas/torrance/residential-backup-generator-installation/,0,59,0.00%,4.41
https://shaffercon.com/service-areas/torrance/residential-breaker-panel-service-maintenance/,0,2,0.00%,12.00
https://shaffercon.com/service-areas/torrance/residential-ceiling-fan-fixture-installation,0,3,0.00%,9.33
https://shaffercon.com/service-areas/torrance/residential-ceiling-fan-fixture-installation/,0,52,0.00%,6.58
https://shaffercon.com/service-areas/torrance/residential-complete-electrical-rewiring/,0,4,0.00%,9.25
https://shaffercon.com/service-areas/torrance/residential-data-network-av-wiring/,0,15,0.00%,9.40
https://shaffercon.com/service-areas/torrance/residential-dedicated-equipment-circuits,0,1,0.00%,11.00
https://shaffercon.com/service-areas/torrance/residential-electrical-code-compliance-corrections/,0,3,0.00%,8.00
https://shaffercon.com/service-areas/torrance/residential-electrical-panel-upgrades/,0,13,0.00%,6.15
https://shaffercon.com/service-areas/torrance/residential-electrical-safety-inspections/,0,54,0.00%,5.98
https://shaffercon.com/service-areas/torrance/residential-electrical-troubleshooting-repairs/,0,11,0.00%,9.73
https://shaffercon.com/service-areas/torrance/residential-energy-efficiency-upgrades/,0,19,0.00%,14.42
https://shaffercon.com/service-areas/torrance/residential-ev-charger-installation/,0,461,0.00%,23.28
https://shaffercon.com/service-areas/torrance/residential-landscape-outdoor-lighting,0,27,0.00%,35.44
https://shaffercon.com/service-areas/torrance/residential-landscape-outdoor-lighting/,0,16,0.00%,17.88
https://shaffercon.com/service-areas/torrance/residential-lighting-installation-retrofitting/,0,1,0.00%,8.00
https://shaffercon.com/service-areas/torrance/residential-outlet-switch-dimmer-services/,0,10,0.00%,10.60
https://shaffercon.com/service-areas/torrance/residential-pool-hot-tub-spa-electrical,0,10,0.00%,3.70
https://shaffercon.com/service-areas/torrance/residential-pool-hot-tub-spa-electrical/,0,3,0.00%,3.00
https://shaffercon.com/service-areas/torrance/residential-security-motion-lighting/,0,6,0.00%,7.83
https://shaffercon.com/service-areas/torrance/residential-smart-automation-systems/,0,23,0.00%,7.78
https://shaffercon.com/service-areas/torrance/residential-whole-building-surge-protection/,0,5,0.00%,10.00
https://shaffercon.com/service-areas/venice/,0,69,0.00%,26.71
https://shaffercon.com/service-areas/venice/commercial-backup-generator-installation,0,6,0.00%,38.83
https://shaffercon.com/service-areas/venice/commercial-backup-generator-installation/,0,4,0.00%,31.75
https://shaffercon.com/service-areas/venice/commercial-ceiling-fan-fixture-installation,0,4,0.00%,42.00
https://shaffercon.com/service-areas/venice/commercial-complete-electrical-rewiring/,0,1,0.00%,3.00
https://shaffercon.com/service-areas/venice/commercial-dedicated-equipment-circuits/,0,1,0.00%,6.00
https://shaffercon.com/service-areas/venice/commercial-electrical-code-compliance-corrections,0,13,0.00%,5.08
https://shaffercon.com/service-areas/venice/commercial-electrical-panel-upgrades/,0,2,0.00%,5.50
https://shaffercon.com/service-areas/venice/commercial-electrical-troubleshooting-repairs,0,1,0.00%,8.00
https://shaffercon.com/service-areas/venice/commercial-energy-efficiency-upgrades,0,7,0.00%,7.00
https://shaffercon.com/service-areas/venice/commercial-energy-efficiency-upgrades/,0,4,0.00%,8.00
https://shaffercon.com/service-areas/venice/commercial-ev-charger-installation/,0,8,0.00%,23.50
https://shaffercon.com/service-areas/venice/commercial-landscape-outdoor-lighting,0,43,0.00%,13.86
https://shaffercon.com/service-areas/venice/commercial-lighting-installation-retrofitting/,0,6,0.00%,11.17
https://shaffercon.com/service-areas/venice/commercial-outlet-switch-dimmer-services/,0,2,0.00%,10.00
https://shaffercon.com/service-areas/venice/commercial-pool-hot-tub-spa-electrical,0,11,0.00%,14.09
https://shaffercon.com/service-areas/venice/commercial-security-motion-lighting,0,6,0.00%,4.50
https://shaffercon.com/service-areas/venice/commercial-security-motion-lighting/,0,4,0.00%,5.25
https://shaffercon.com/service-areas/venice/commercial-smart-automation-systems/,0,2,0.00%,23.00
https://shaffercon.com/service-areas/venice/commercial-whole-building-surge-protection,0,15,0.00%,33.00
https://shaffercon.com/service-areas/venice/commercial-whole-building-surge-protection/,0,3,0.00%,47.33
https://shaffercon.com/service-areas/venice/residential-backup-generator-installation,0,1,0.00%,2.00
https://shaffercon.com/service-areas/venice/residential-backup-generator-installation/,0,3,0.00%,18.33
https://shaffercon.com/service-areas/venice/residential-breaker-panel-service-maintenance/,0,2,0.00%,7.50
https://shaffercon.com/service-areas/venice/residential-ceiling-fan-fixture-installation,0,5,0.00%,24.20
https://shaffercon.com/service-areas/venice/residential-data-network-av-wiring,0,1,0.00%,10.00
https://shaffercon.com/service-areas/venice/residential-dedicated-equipment-circuits,0,2,0.00%,9.00
https://shaffercon.com/service-areas/venice/residential-dedicated-equipment-circuits/,0,3,0.00%,7.67
https://shaffercon.com/service-areas/venice/residential-electrical-code-compliance-corrections,0,10,0.00%,7.80
https://shaffercon.com/service-areas/venice/residential-electrical-code-compliance-corrections/,0,2,0.00%,10.00
https://shaffercon.com/service-areas/venice/residential-electrical-panel-upgrades,0,9,0.00%,8.11
https://shaffercon.com/service-areas/venice/residential-electrical-panel-upgrades/,0,5,0.00%,25.80
https://shaffercon.com/service-areas/venice/residential-electrical-troubleshooting-repairs/,0,4,0.00%,7.25
https://shaffercon.com/service-areas/venice/residential-energy-efficiency-upgrades,0,22,0.00%,16.55
https://shaffercon.com/service-areas/venice/residential-ev-charger-installation,0,1,0.00%,44.00
https://shaffercon.com/service-areas/venice/residential-ev-charger-installation/,0,1,0.00%,11.00
https://shaffercon.com/service-areas/venice/residential-exhaust-fan-ventilation-wiring/,0,11,0.00%,8.00
https://shaffercon.com/service-areas/venice/residential-landscape-outdoor-lighting,0,39,0.00%,14.21
https://shaffercon.com/service-areas/venice/residential-lighting-installation-retrofitting/,0,3,0.00%,7.33
https://shaffercon.com/service-areas/venice/residential-outlet-switch-dimmer-services,0,1,0.00%,12.00
https://shaffercon.com/service-areas/venice/residential-pool-hot-tub-spa-electrical,0,13,0.00%,6.77
https://shaffercon.com/service-areas/venice/residential-pool-hot-tub-spa-electrical/,0,13,0.00%,5.62
https://shaffercon.com/service-areas/venice/residential-security-motion-lighting/,0,1,0.00%,27.00
https://shaffercon.com/service-areas/venice/residential-smart-automation-systems,0,2,0.00%,8.00
https://shaffercon.com/service-areas/venice/residential-smart-automation-systems/,0,6,0.00%,5.17
https://shaffercon.com/service-areas/venice/residential-whole-building-surge-protection/,0,2,0.00%,9.00
https://shaffercon.com/service-areas/west-hollywood/,0,696,0.00%,24.69
https://shaffercon.com/service-areas/west-hollywood/commercial-backup-generator-installation,0,2,0.00%,23.50
https://shaffercon.com/service-areas/west-hollywood/commercial-backup-generator-installation/,0,10,0.00%,12.40
https://shaffercon.com/service-areas/west-hollywood/commercial-breaker-panel-service-maintenance,0,1,0.00%,10.00
https://shaffercon.com/service-areas/west-hollywood/commercial-breaker-panel-service-maintenance/,0,2,0.00%,28.00
https://shaffercon.com/service-areas/west-hollywood/commercial-ceiling-fan-fixture-installation,0,3,0.00%,62.33
https://shaffercon.com/service-areas/west-hollywood/commercial-ceiling-fan-fixture-installation/,0,6,0.00%,42.33
https://shaffercon.com/service-areas/west-hollywood/commercial-complete-electrical-rewiring/,0,1,0.00%,3.00
https://shaffercon.com/service-areas/west-hollywood/commercial-data-network-av-wiring,0,2,0.00%,5.50
https://shaffercon.com/service-areas/west-hollywood/commercial-data-network-av-wiring/,0,1,0.00%,10.00
https://shaffercon.com/service-areas/west-hollywood/commercial-dedicated-equipment-circuits/,0,5,0.00%,8.60
https://shaffercon.com/service-areas/west-hollywood/commercial-electrical-code-compliance-corrections/,0,6,0.00%,12.17
https://shaffercon.com/service-areas/west-hollywood/commercial-electrical-panel-upgrades/,0,3,0.00%,2.00
https://shaffercon.com/service-areas/west-hollywood/commercial-electrical-safety-inspections,0,1,0.00%,44.00
https://shaffercon.com/service-areas/west-hollywood/commercial-electrical-safety-inspections/,0,8,0.00%,15.75
https://shaffercon.com/service-areas/west-hollywood/commercial-electrical-troubleshooting-repairs,0,1,0.00%,15.00
https://shaffercon.com/service-areas/west-hollywood/commercial-electrical-troubleshooting-repairs/,0,3,0.00%,18.67
https://shaffercon.com/service-areas/west-hollywood/commercial-energy-efficiency-upgrades,0,1,0.00%,6.00
https://shaffercon.com/service-areas/west-hollywood/commercial-energy-efficiency-upgrades/,0,4,0.00%,18.00
https://shaffercon.com/service-areas/west-hollywood/commercial-ev-charger-installation,0,9,0.00%,18.89
https://shaffercon.com/service-areas/west-hollywood/commercial-ev-charger-installation/,0,16,0.00%,14.31
https://shaffercon.com/service-areas/west-hollywood/commercial-exhaust-fan-ventilation-wiring/,0,5,0.00%,8.60
https://shaffercon.com/service-areas/west-hollywood/commercial-landscape-outdoor-lighting/,0,11,0.00%,16.55
https://shaffercon.com/service-areas/west-hollywood/commercial-lighting-installation-retrofitting/,0,2,0.00%,22.00
https://shaffercon.com/service-areas/west-hollywood/commercial-outlet-switch-dimmer-services,0,1,0.00%,8.00
https://shaffercon.com/service-areas/west-hollywood/commercial-outlet-switch-dimmer-services/,0,1,0.00%,76.00
https://shaffercon.com/service-areas/west-hollywood/commercial-pool-hot-tub-spa-electrical/,0,3,0.00%,24.67
https://shaffercon.com/service-areas/west-hollywood/commercial-security-motion-lighting/,0,10,0.00%,11.40
https://shaffercon.com/service-areas/west-hollywood/commercial-smart-automation-systems,0,3,0.00%,8.00
https://shaffercon.com/service-areas/west-hollywood/commercial-smart-automation-systems/,0,55,0.00%,8.45
https://shaffercon.com/service-areas/west-hollywood/commercial-whole-building-surge-protection/,0,4,0.00%,27.50
https://shaffercon.com/service-areas/west-hollywood/residential-backup-generator-installation/,0,93,0.00%,38.29
https://shaffercon.com/service-areas/west-hollywood/residential-breaker-panel-service-maintenance,0,1,0.00%,9.00
https://shaffercon.com/service-areas/west-hollywood/residential-breaker-panel-service-maintenance/,0,2,0.00%,6.00
https://shaffercon.com/service-areas/west-hollywood/residential-ceiling-fan-fixture-installation,0,10,0.00%,39.60
https://shaffercon.com/service-areas/west-hollywood/residential-ceiling-fan-fixture-installation/,0,26,0.00%,28.65
https://shaffercon.com/service-areas/west-hollywood/residential-data-network-av-wiring/,0,7,0.00%,9.00
https://shaffercon.com/service-areas/west-hollywood/residential-dedicated-equipment-circuits/,0,20,0.00%,7.80
https://shaffercon.com/service-areas/west-hollywood/residential-electrical-code-compliance-corrections,0,3,0.00%,18.00
https://shaffercon.com/service-areas/west-hollywood/residential-electrical-code-compliance-corrections/,0,1,0.00%,19.00
https://shaffercon.com/service-areas/west-hollywood/residential-electrical-panel-upgrades,0,5,0.00%,5.20
https://shaffercon.com/service-areas/west-hollywood/residential-electrical-panel-upgrades/,0,5,0.00%,4.60
https://shaffercon.com/service-areas/west-hollywood/residential-electrical-safety-inspections,0,2,0.00%,7.50
https://shaffercon.com/service-areas/west-hollywood/residential-electrical-safety-inspections/,0,4,0.00%,7.75
https://shaffercon.com/service-areas/west-hollywood/residential-electrical-troubleshooting-repairs,0,4,0.00%,10.00
https://shaffercon.com/service-areas/west-hollywood/residential-electrical-troubleshooting-repairs/,0,11,0.00%,11.27
https://shaffercon.com/service-areas/west-hollywood/residential-energy-efficiency-upgrades,0,3,0.00%,69.00
https://shaffercon.com/service-areas/west-hollywood/residential-energy-efficiency-upgrades/,0,4,0.00%,26.50
https://shaffercon.com/service-areas/west-hollywood/residential-ev-charger-installation/,0,10,0.00%,7.10
https://shaffercon.com/service-areas/west-hollywood/residential-landscape-outdoor-lighting,0,3,0.00%,7.33
https://shaffercon.com/service-areas/west-hollywood/residential-landscape-outdoor-lighting/,0,33,0.00%,15.33
https://shaffercon.com/service-areas/west-hollywood/residential-lighting-installation-retrofitting,0,1,0.00%,9.00
https://shaffercon.com/service-areas/west-hollywood/residential-lighting-installation-retrofitting/,0,2,0.00%,9.00
https://shaffercon.com/service-areas/west-hollywood/residential-outlet-switch-dimmer-services/,0,2,0.00%,5.50
https://shaffercon.com/service-areas/west-hollywood/residential-pool-hot-tub-spa-electrical,0,12,0.00%,2.08
https://shaffercon.com/service-areas/west-hollywood/residential-pool-hot-tub-spa-electrical/,0,10,0.00%,5.10
https://shaffercon.com/service-areas/west-hollywood/residential-security-motion-lighting,0,8,0.00%,6.25
https://shaffercon.com/service-areas/west-hollywood/residential-security-motion-lighting/,0,10,0.00%,5.60
https://shaffercon.com/service-areas/west-hollywood/residential-smart-automation-systems,0,12,0.00%,16.08
https://shaffercon.com/service-areas/west-hollywood/residential-smart-automation-systems/,0,20,0.00%,11.60
https://shaffercon.com/service-areas/west-hollywood/residential-whole-building-surge-protection/,0,3,0.00%,9.00
https://shaffercon.com/statewide-facilities-maintenance/,0,203,0.00%,13.09
