Query,Page,Clicks,Impressions,CTR,Position
shaffer construction,https://shaffercon.com/,15,330,4.55%,7.48
shaffer construction,https://shaffercon.com/contact-us/,4,63,6.35%,8.76
schaffer construction,https://shaffercon.com/,3,33,9.09%,9.18
electrical panel upgrade permit los angeles,https://shaffercon.com/industry-insights/ladbs-electrical-permit-process-step-by-step-guide/,2,50,4.00%,6.96
shaffer construction,http://www.shaffercon.com/,2,51,3.92%,3.88
1986,https://shaffercon.com/industry-insights/california-title-24-electrical-requirements-renovations/,1,1,100.00%,10.00
commercial electrician services sherman oaks,https://shaffercon.com/service-areas/sherman-oaks/commercial-electrical-troubleshooting-repairs,1,7,14.29%,8.71
distance between outlets in kitchen,https://shaffercon.com/industry-insights/kitchen-electrical-requirements-outlet-placement-guide/,1,4,25.00%,7.00
electrical final inspection,https://shaffercon.com/industry-insights/passing-electrical-inspection-common-failures-fixes/,1,30,3.33%,4.80
electricians in los angeles,http://www.shaffercon.com/,1,1,100.00%,161.00
ev.construction,https://shaffercon.com/,1,1,100.00%,105.00
kitchen outlet spacing,https://shaffercon.com/industry-insights/kitchen-electrical-requirements-outlet-placement-guide/,1,36,2.78%,7.86
lighting retrofit electrician,https://shaffercon.com/led-retrofit-services/,1,115,0.87%,10.58
nec kitchen circuit requirements,https://shaffercon.com/industry-insights/kitchen-electrical-requirements-outlet-placement-guide/,1,22,4.55%,7.00
schaefer electric,https://shaffercon.com/service-areas/pasadena/,1,1,100.00%,5.00
schafer electric,https://shaffercon.com/service-areas/glendale/,1,5,20.00%,8.80
schaffer construction,https://shaffercon.com/contact-us/,1,18,5.56%,11.72
schaffer electric,https://shaffercon.com/,1,16,6.25%,8.31
shaeffer construction,https://shaffercon.com/,1,1,100.00%,3.00
shaffer construction co,https://shaffercon.com/,1,19,5.26%,9.84
shaffer construction co,https://shaffercon.com/contact-us/,1,3,33.33%,1.00
shaffer electric,https://shaffercon.com/contact-us/,1,15,6.67%,9.40
yes,https://shaffercon.com/industry-insights/ladbs-electrical-permit-process-step-by-step-guide/,1,5,20.00%,3.40
yes,https://shaffercon.com/industry-insights/nec-2026-qualified-installer-requirement-charging-reliability-86-percent-commercial-roi-3-5-year-payback/,1,4,25.00%,3.50
zinsco panel replacement,https://shaffercon.com/industry-insights/panel-upgrades-the-essentials-of-zinsco-panel-upgrade-or-replacement/,1,113,0.88%,7.94
zinsco panel upgrade,https://shaffercon.com/industry-insights/panel-upgrades-the-essentials-of-zinsco-panel-upgrade-or-replacement/,1,16,6.25%,3.88
산호세,https://shaffercon.com/industry-insights/california-2026-building-code-ev-charging-requirements-home-real-estate-trend-32-new-models/,1,1,100.00%,5.00
"""2 million charging sessions per day"" tesla",https://shaffercon.com/industry-insights/tesla-supercharger-business-program-us-dc-fast-charging-record-gas-stations-ev-chargers-california-leads-adoption/,0,1,0.00%,8.00
"""213-482-0000"" ladbs",https://shaffercon.com/industry-insights/ladbs-electrical-permit-process-step-by-step-guide/,0,1,0.00%,10.00
"""according to the u.s. department of energy"" ""electric vehicle registrations""",https://shaffercon.com/industry-insights/emerging-trends-in-ev-charging-infrastructure-innovations-and-challenges-ahead/,0,2,0.00%,5.50
"""almost 2 million charging sessions per day"" tesla",https://shaffercon.com/industry-insights/tesla-supercharger-business-program-us-dc-fast-charging-record-gas-stations-ev-chargers-california-leads-adoption/,0,1,0.00%,9.00
"""august 2024"" ""florida"" ""ev charging"" ""ports""",https://shaffercon.com/industry-insights/dodge-charger-nacs-tesla-supercharger-byd-megawatt-technology-year-environmental-groups-lawsuit-electrify-america-dual-cable,0,1,0.00%,9.00
"""bloombergnef"" ""24.3 million"" ev 2026",https://shaffercon.com/industry-insights/byd-overtakes-tesla-ev-winter-range-improvements-workplace-charging-growth-pennsylvania-nevi/,0,16,0.00%,7.56
"""blue mountain service plaza"" ""ccs""",https://shaffercon.com/industry-insights/china-mandatory-ev-efficiency-rules-genesis-gv60-nacs-pennsylvania-nevi-slate-truck-discontinued-evs/,0,5,0.00%,6.00
"""blue mountain"" ""ccs"" ""turnpike""",https://shaffercon.com/industry-insights/china-mandatory-ev-efficiency-rules-genesis-gv60-nacs-pennsylvania-nevi-slate-truck-discontinued-evs/,0,1,0.00%,6.00
"""charging sessions per day"" ""tesla"" 2023",https://shaffercon.com/ev-charging-infrastructure-update-nevi-milestones-tesla-record-expansion-and-growing-infrastructure-demands/,0,21,0.00%,4.38
"""charging sessions per day"" tesla",https://shaffercon.com/ev-charging-infrastructure-update-nevi-milestones-tesla-record-expansion-and-growing-infrastructure-demands/,0,5,0.00%,4.60
"""charging sessions per day"" tesla 2023",https://shaffercon.com/ev-charging-infrastructure-update-nevi-milestones-tesla-record-expansion-and-growing-infrastructure-demands/,0,87,0.00%,4.47
"""cybertruck"" ""362 miles"" epa",https://shaffercon.com/industry-insights/tesla-model-y-juniper-wisconsin-ev-grants-georgia-rivian-hyundai-new-evs-cybertruck-long-range/,0,1,0.00%,10.00
"""enphase iq ev charger 2"" torque terminals",https://shaffercon.com/industry-insights/the-state-of-ev-charging-the-reality-innovations-and-whats-next-for-electric-vehicle-owners/,0,4,0.00%,8.00
"""ev charging"" ""trends.google.com/trends/explore""",https://shaffercon.com/industry-insights/navigating-the-future-essential-trends-and-tips-for-ev-charging-infrastructure,0,1,0.00%,11.00
"""first step in the sales panel upgrade""",https://shaffercon.com/industry-insights/complete-guide-electrical-panel-upgrades-los-angeles/,0,4,0.00%,6.50
"""home ev charger"" google trends state",https://shaffercon.com/industry-insights/,0,1,0.00%,7.00
"""home ev charger"" google trends state interest",https://shaffercon.com/industry-insights/,0,2,0.00%,12.00
"""i-15"" ""alternative fuel corridor"" california",https://shaffercon.com/industry-insights/october-2025-ev-charging-milestone-record-u-s-infrastructure-expansion-california-reliability-standards-and-innovative-streetlight-solutions-transform-los-angeles-landscape/,0,16,0.00%,7.81
"""i-15"" ""alternative fuel corridor"" california ev",https://shaffercon.com/industry-insights/october-2025-ev-charging-milestone-record-u-s-infrastructure-expansion-california-reliability-standards-and-innovative-streetlight-solutions-transform-los-angeles-landscape/,0,18,0.00%,6.67
"""i-15"" ""nevi"" california corridor group",https://shaffercon.com/industry-insights/october-2025-ev-charging-milestone-record-u-s-infrastructure-expansion-california-reliability-standards-and-innovative-streetlight-solutions-transform-los-angeles-landscape/,0,1,0.00%,4.00
"""i-15"" ""nevi"" california energy commission",https://shaffercon.com/industry-insights/october-2025-ev-charging-milestone-record-u-s-infrastructure-expansion-california-reliability-standards-and-innovative-streetlight-solutions-transform-los-angeles-landscape/,0,6,0.00%,8.33
"""sessions per day"" tesla supercharger 2023",https://shaffercon.com/ev-charging-infrastructure-update-nevi-milestones-tesla-record-expansion-and-growing-infrastructure-demands/,0,8,0.00%,7.12
"""tesla wall connector"" ""nema 3r""",https://shaffercon.com/industry-insights/how-to-choose-right-ev-charger-los-angeles/,0,1,0.00%,10.00
"""tesla"" ""charging sessions per day"" 2023",https://shaffercon.com/ev-charging-infrastructure-update-nevi-milestones-tesla-record-expansion-and-growing-infrastructure-demands/,0,2,0.00%,4.50
"""the point hotel & suites"" envirospark charging",https://shaffercon.com/industry-insights/colliers-envirospark-chargepoint-express-grid-wyoming-ev-marketplace-tesla-lost-hills-2025-technology-breakthroughs/,0,1,0.00%,4.00
"""understand your bill"" ladwp",https://shaffercon.com/industry-insights/understanding-your-los-angeles-electrical-bill,0,35,0.00%,1.00
*panel upgrade,https://shaffercon.com/industry-insights/complete-guide-electrical-panel-upgrades-los-angeles,0,6,0.00%,14.00
*panel upgrade,https://shaffercon.com/industry-insights/complete-guide-electrical-panel-upgrades-los-angeles/,0,10,0.00%,9.40
15 or 20 amp,https://shaffercon.com/industry-insights/kitchen-electrical-requirements-outlet-placement-guide/,0,1,0.00%,8.00
200 amp panel upgrade cost los angeles,https://shaffercon.com/industry-insights/complete-guide-electrical-panel-upgrades-los-angeles/,0,5,0.00%,20.60
200 amp service panel upgrade los angeles,https://shaffercon.com/industry-insights/complete-guide-electrical-panel-upgrades-los-angeles/,0,19,0.00%,13.63
200amp electrical panel capacity 60amp ev charger continuous load,https://shaffercon.com/industry-insights/do-i-need-panel-upgrade-install-ev-charger,0,6,0.00%,18.17
2020 nec kitchen circuit requirements,https://shaffercon.com/industry-insights/kitchen-electrical-requirements-outlet-placement-guide/,0,4,0.00%,45.25
2023 nec ev charger requirements,https://shaffercon.com/industry-insights/commercial-electrician-ev-charging-safety/,0,1,0.00%,93.00
2023 nec ev charger requirements,https://shaffercon.com/industry-insights/nec-2026-qualified-installer-requirement-charging-reliability-86-percent-commercial-roi-3-5-year-payback/,0,2,0.00%,41.00
2025 california electrical code,https://shaffercon.com/industry-insights/california-title-24-electrical-requirements-renovations/,0,1,0.00%,64.00
2025 california electrical code cec 210.12 afci requirements dwelling units,https://shaffercon.com/industry-insights/afci-installation-electrical-safety/,0,20,0.00%,5.00
2026,https://shaffercon.com/industry-insights/afci-vs-gfci-circuit-protection-los-angeles/,0,1,0.00%,4.00
2026 electric charger,https://shaffercon.com/industry-insights/california-2026-building-code-ev-charging-requirements-home-real-estate-trend-32-new-models/,0,1,0.00%,1.00
2026 electric charger,https://shaffercon.com/industry-insights/nec-2026-qualified-installer-requirement-charging-reliability-86-percent-commercial-roi-3-5-year-payback/,0,1,0.00%,1.00
2026 ev charger,https://shaffercon.com/industry-insights/nec-2026-qualified-installer-requirement-charging-reliability-86-percent-commercial-roi-3-5-year-payback/,0,1,0.00%,1.00
2026 glc 400,https://shaffercon.com/industry-insights/ces-2026-mercedes-electric-glc-chargepoint-600kw-used-ev-deals-afeela-tesla-robotaxi/,0,1,0.00%,1.00
2026 power claim system,https://shaffercon.com/industry-insights/nec-2026-qualified-installer-requirement-charging-reliability-86-percent-commercial-roi-3-5-year-payback/,0,2,0.00%,5.00
24 electrical,https://shaffercon.com/industry-insights/california-title-24-electrical-requirements-renovations/,0,43,0.00%,43.07
24 electrician,https://shaffercon.com/industry-insights/california-title-24-electrical-requirements-renovations/,0,1,0.00%,12.00
24 hour electrician vs regular electrician for electrical repairs,https://shaffercon.com/industry-insights/emergency-electrical-repairs-when-to-call-electrician/,0,1,0.00%,7.00
24 hour emergency electrical service near me in beverly hills ca,https://shaffercon.com/statewide-facilities-maintenance/,0,1,0.00%,67.00
24 hour emergency electrical service near me in burbank ca,https://shaffercon.com/service-areas/burbank/,0,3,0.00%,91.00
24 point electrical inspection,https://shaffercon.com/industry-insights/california-title-24-electrical-requirements-renovations/,0,3,0.00%,23.33
24/7 generator service glendale,https://shaffercon.com/service-areas/glendale/commercial-backup-generator-installation/,0,1,0.00%,27.00
325 north larchmont blvd,https://shaffercon.com/commercial-electric-vehicle-chargers/,0,1,0.00%,11.00
40 amp range outlet,https://shaffercon.com/industry-insights/kitchen-electrical-requirements-outlet-placement-guide/,0,14,0.00%,1.00
40 amp range receptacle,https://shaffercon.com/industry-insights/kitchen-electrical-requirements-outlet-placement-guide/,0,3,0.00%,1.00
40a range receptacle,https://shaffercon.com/industry-insights/kitchen-electrical-requirements-outlet-placement-guide/,0,1,0.00%,1.00
5 year electrical inspection,https://shaffercon.com/industry-insights/california-title-24-electrical-requirements-renovations/,0,1,0.00%,56.00
550kw ev charger,https://shaffercon.com/industry-insights/ev-charging-infrastructure-in-2025-growth-innovation-and-the-road-ahead/,0,1,0.00%,13.00
550kw ev charging station,https://shaffercon.com/industry-insights/ev-charging-infrastructure-in-2025-growth-innovation-and-the-road-ahead/,0,1,0.00%,18.00
550kw ev charging station installers,https://shaffercon.com/industry-insights/ev-charging-infrastructure-in-2025-growth-innovation-and-the-road-ahead/,0,1,0.00%,17.00
60 amp sub panel installation,https://shaffercon.com/industry-insights/subpanel-installation-guide-when-why-you-need-one/,0,1,0.00%,43.00
60amp ev charger continuous load vs charging only load calculation,https://shaffercon.com/service-areas/culver-city/residential-ev-charger-installation/,0,2,0.00%,29.00
_______ is required when operating a router.a gfcippea spotterall of these answers are correct,https://shaffercon.com/industry-insights/gfci-safety-installation-guide/,0,1,0.00%,1.00
a - amp breaker is commonly used for receptacle circuits in kitchens and various dedicated circuits.,https://shaffercon.com/industry-insights/dedicated-circuits-when-why-home-appliances-need-them/,0,2,0.00%,19.00
"a 15-ampere, 120-volt branch circuit in a residential dwelling unit is permitted to supply 12 general-purpose receptacles.",https://shaffercon.com/industry-insights/kitchen-electrical-requirements-outlet-placement-guide/,0,1,0.00%,2.00
a _____ - amp breaker is commonly used for receptacle circuits in kitchens and various dedicated circuits.,https://shaffercon.com/industry-insights/dedicated-circuits-when-why-home-appliances-need-them/,0,1,0.00%,12.00
a hazard can exist if the electronics within a gfci fail because the circuit remains _____ without gfci protection.,https://shaffercon.com/industry-insights/gfi-safety-and-maintenance-essential-tips-for-homeowners/,0,19,0.00%,3.32
a nurse performs an evaluation to determine whether a client's home is electrically safe. which finding indicates the need for further investigation and intervention? a safety-type extension cord is secured to the floor with electrical tape. electrical kitchen appliances are located away from the sink. wiring for the television runs under the carpet. electrical cords are free of frayed and damaged wires.,https://shaffercon.com/industry-insights/kitchen-electrical-requirements-outlet-placement-guide/,0,3,0.00%,2.00
a receptacle is mounted inside of a kitchen cabinet for the purpose of plugging in a microwave oven. this receptacle ___ to be connected to the same circuit that supplies the other receptacles that serve the countertop areas. question 6 select one: a. is permitted b. is not permitted,https://shaffercon.com/industry-insights/kitchen-electrical-requirements-outlet-placement-guide/,0,1,0.00%,1.00
ac installation boyle heights,https://shaffercon.com/service-areas/glendale/residential-electrical-panel-upgrades/,0,1,0.00%,49.00
"according to the nec, what is the minimum countertop space in a kitchen that is required to have a receptacle outlet?",https://shaffercon.com/industry-insights/kitchen-electrical-requirements-outlet-placement-guide/,0,13,0.00%,10.92
"according to the nec®, recessed luminaires (fixtures) that are identified for contact with insulation shall have all recessed parts at least ___ from combustible materials.",https://shaffercon.com/industry-insights/recessed-lighting-installation-guide/,0,1,0.00%,1.00
"according to the nec®, recessed luminaires (fixtures) that are not identified for contact with insulation shall have all recessed parts at least ___ from combustible materials.",https://shaffercon.com/industry-insights/recessed-lighting-installation-guide/,0,1,0.00%,1.00
advanced shading solutions beverly hills,https://shaffercon.com/service-areas/beverly-hills/commercial-smart-automation-systems/,0,7,0.00%,28.86
afci and gfci breaker,https://shaffercon.com/industry-insights/afci-vs-gfci-circuit-protection-los-angeles/,0,1,0.00%,57.00
afci and gfci breakers,https://shaffercon.com/industry-insights/afci-vs-gfci-circuit-protection-los-angeles/,0,1,0.00%,49.00
afci breaker vs gfci,https://shaffercon.com/industry-insights/afci-vs-gfci-circuit-protection-los-angeles/,0,1,0.00%,62.00
afci breaker vs gfci breaker,https://shaffercon.com/industry-insights/afci-vs-gfci-circuit-protection-los-angeles/,0,1,0.00%,61.00
afci breaker vs regular breaker,https://shaffercon.com/industry-insights/afci-vs-gfci-circuit-protection-los-angeles/,0,8,0.00%,43.75
afci gfci breaker requirements,https://shaffercon.com/industry-insights/afci-vs-gfci-circuit-protection-los-angeles/,0,2,0.00%,69.50
afci in bathroom,https://shaffercon.com/industry-insights/afci-vs-gfci-circuit-protection-los-angeles/,0,1,0.00%,41.00
afci outlet vs gfci,https://shaffercon.com/industry-insights/afci-vs-gfci-circuit-protection-los-angeles/,0,1,0.00%,84.00
afci protected,https://shaffercon.com/industry-insights/afci-vs-gfci-circuit-protection-los-angeles/,0,7,0.00%,77.14
afci requirements,https://shaffercon.com/industry-insights/afci-vs-gfci-circuit-protection-los-angeles/,0,3,0.00%,73.33
afci vs cafci,https://shaffercon.com/industry-insights/afci-vs-gfci-circuit-protection-los-angeles/,0,16,0.00%,35.56
afci vs gfci,https://shaffercon.com/industry-insights/afci-vs-gfci-circuit-protection-los-angeles/,0,2,0.00%,70.00
afci vs gfci breakers,https://shaffercon.com/industry-insights/afci-vs-gfci-circuit-protection-los-angeles/,0,2,0.00%,56.00
afci vs gfci outlet,https://shaffercon.com/industry-insights/afci-vs-gfci-circuit-protection-los-angeles/,0,1,0.00%,83.00
afci vs gfci receptacle,https://shaffercon.com/industry-insights/afci-vs-gfci-circuit-protection-los-angeles/,0,2,0.00%,37.00
afci vs regular breaker,https://shaffercon.com/industry-insights/afci-vs-gfci-circuit-protection-los-angeles/,0,2,0.00%,46.50
affordable clean energy providers for ev owners urban apartments smart home integration 2026,https://shaffercon.com/industry-insights/california-2026-building-code-ev-charging-requirements-home-real-estate-trend-32-new-models/,0,9,0.00%,6.56
affordable clean energy providers for urban apartments ev owners smart home integration 2026,https://shaffercon.com/industry-insights/california-2026-building-code-ev-charging-requirements-home-real-estate-trend-32-new-models/,0,1,0.00%,3.00
affordable clean energy providers for urban ev owners apartments smart home integration 2026,https://shaffercon.com/industry-insights/california-2026-building-code-ev-charging-requirements-home-real-estate-trend-32-new-models/,0,3,0.00%,4.00
affordable electrical contractor santa clarita ca,https://shaffercon.com/service-areas/santa-clarita/,0,2,0.00%,42.00
affordable electrical upgrade services los angeles ca,https://shaffercon.com/industry-insights/complete-guide-electrical-panel-upgrades-los-angeles/,0,1,0.00%,79.00
affordable electricity plans for ev owners smart home tech-heavy apartments urban 2026,https://shaffercon.com/industry-insights/california-2026-building-code-ev-charging-requirements-home-real-estate-trend-32-new-models/,0,1,0.00%,9.00
affordable green energy plans for ev owners apartments urban 2026,https://shaffercon.com/industry-insights/california-2026-building-code-ev-charging-requirements-home-real-estate-trend-32-new-models/,0,1,0.00%,6.00
agoura hills solar electricity,https://shaffercon.com/industry-insights/electrician-services-agoura-hills-ev/,0,1,0.00%,85.00
all,https://shaffercon.com/industry-insights/passing-electrical-inspection-common-failures-fixes/,0,1,0.00%,14.00
all appliance circuits( ranges water heaters,https://shaffercon.com/industry-insights/dedicated-circuits-when-why-home-appliances-need-them/,0,2,0.00%,73.50
"along a kitchen countertop in a restaurant, the maximum spacing between receptacles is ___. question 4 select one: a. 6 feet b. 4 feet c. 12 feet d. not specified e. 2 feet",https://shaffercon.com/industry-insights/kitchen-electrical-requirements-outlet-placement-guide/,0,1,0.00%,1.00
altadena commercial landscaping,https://shaffercon.com/service-areas/echo-park/commercial-landscape-outdoor-lighting/,0,7,0.00%,17.57
altadena construction contractor,https://shaffercon.com/service-areas/altadena/,0,3,0.00%,65.33
altadena general contractors,https://shaffercon.com/service-areas/altadena/,0,6,0.00%,81.67
alternative fuel corridor i-15 california nevi,https://shaffercon.com/industry-insights/october-2025-ev-charging-milestone-record-u-s-infrastructure-expansion-california-reliability-standards-and-innovative-streetlight-solutions-transform-los-angeles-landscape/,0,2,0.00%,8.50
aluminum house wiring retrofitting,https://shaffercon.com/industry-insights/aluminum-wiring-replacement-key-considerations-and-safety-tips/,0,1,0.00%,49.00
aluminum wire remediation,https://shaffercon.com/industry-insights/aluminum-wiring-replacement-key-considerations-and-safety-tips/,0,55,0.00%,68.00
aluminum wire replacement,https://shaffercon.com/industry-insights/aluminum-wiring-replacement-key-considerations-and-safety-tips/,0,1,0.00%,15.00
aluminum wiring fix,https://shaffercon.com/industry-insights/aluminum-wiring-replacement-key-considerations-and-safety-tips/,0,4,0.00%,81.25
aluminum wiring repair,https://shaffercon.com/industry-insights/aluminum-wiring-replacement-key-considerations-and-safety-tips/,0,4,0.00%,79.25
aluminum wiring replacement,https://shaffercon.com/industry-insights/aluminum-wiring-replacement-key-considerations-and-safety-tips/,0,13,0.00%,27.46
aluminum wiring replacement cost,https://shaffercon.com/industry-insights/aluminum-wiring-replacement-key-considerations-and-safety-tips/,0,1,0.00%,49.00
an afci circuit breaker can be used instead of a standard circuit breaker,https://shaffercon.com/industry-insights/afci-vs-gfci-circuit-protection-los-angeles/,0,1,0.00%,59.00
angeleno account,https://shaffercon.com/industry-insights/ladbs-electrical-permit-process-step-by-step-guide/,0,2,0.00%,6.00
apartment ev charger installation,https://shaffercon.com/industry-insights/the-ultimate-guide-to-ev-charger-installation-and-infrastructure-in-los-angeles/,0,11,0.00%,73.18
appliance circuit installation,https://shaffercon.com/industry-insights/dedicated-circuits-when-why-home-appliances-need-them/,0,1,0.00%,15.00
"appliance circuits, task lighting and appliance circuits",https://shaffercon.com/industry-insights/kitchen-electrical-requirements-outlet-placement-guide/,0,2,0.00%,18.50
arc fault breaker vs gfci,https://shaffercon.com/industry-insights/afci-vs-gfci-circuit-protection-los-angeles/,0,1,0.00%,68.00
arc fault receptacle instead of breaker,https://shaffercon.com/industry-insights/afci-vs-gfci-circuit-protection-los-angeles/,0,1,0.00%,54.00
are 20 amp outlets required in kitchen,https://shaffercon.com/industry-insights/kitchen-electrical-requirements-outlet-placement-guide/,0,1,0.00%,13.00
are bathroom lighting circuits required to be gfci protected nec,https://shaffercon.com/industry-insights/bathroom-electrical-safety-gfci-requirements/,0,1,0.00%,12.00
are bathroom lights required to be gfci protected nec,https://shaffercon.com/industry-insights/bathroom-electrical-safety-gfci-requirements/,0,1,0.00%,11.00
are gfci required in bathrooms,https://shaffercon.com/industry-insights/bathroom-electrical-safety-gfci-requirements/,0,1,0.00%,34.00
are pushmatic panels safe,https://shaffercon.com/industry-insights/pushmatic-panel-upgrade-guide/,0,1,0.00%,45.00
are they safe to use?,https://shaffercon.com/industry-insights/gfi-safety-and-maintenance-essential-tips-for-homeowners/,0,1,0.00%,4.00
are you required to have electricity in your house,https://shaffercon.com/industry-insights/california-title-24-electrical-requirements-renovations/,0,1,0.00%,24.00
area lighting,https://shaffercon.com/industry-insights/recessed-lighting-installation-guide/,0,1,0.00%,1.00
asf electric,https://shaffercon.com/,0,1,0.00%,41.00
asf electric inc,https://shaffercon.com/,0,2,0.00%,55.50
atwater construction,https://shaffercon.com/service-areas/atwater-village/,0,1,0.00%,67.00
atwater electrical contractor,https://shaffercon.com/service-areas/atwater-village/,0,35,0.00%,16.23
atwater electrical contractor,https://shaffercon.com/service-areas/atwater-village/residential-electrical-troubleshooting-repairs/,0,6,0.00%,12.83
atwater tub,https://shaffercon.com/service-areas/atwater-village/residential-pool-hot-tub-spa-electrical/,0,7,0.00%,29.71
atwater village fence contractor,https://shaffercon.com/service-areas/atwater-village/residential-ev-charger-installation/,0,2,0.00%,28.00
"autel ev charging solutions dallas, tx",https://shaffercon.com/industry-insights/autel-nayax-100k-contactless-payments-multifamily-charging-solutions-catl-sodium-ion-ai-grid-integration/,0,3,0.00%,36.00
automated lights beverly hills ca,https://shaffercon.com/service-areas/beverly-hills/residential-smart-automation-systems/,0,2,0.00%,13.00
automated shading system beverly hills,https://shaffercon.com/service-areas/beverly-hills/commercial-smart-automation-systems,0,1,0.00%,21.00
automated shading system beverly hills,https://shaffercon.com/service-areas/beverly-hills/commercial-smart-automation-systems/,0,1,0.00%,28.00
automated shading system beverly hills,https://shaffercon.com/service-areas/beverly-hills/residential-smart-automation-systems/,0,3,0.00%,43.00
autonomous vehicle charging infrastructure,https://shaffercon.com/industry-insights/the-future-of-electric-vehicle-charging-why-infrastructure-matters-for-sustainable-growth/,0,2,0.00%,87.50
av cabling and wiring services,https://shaffercon.com/service-areas/altadena/residential-data-network-av-wiring/,0,1,0.00%,54.00
average response time emergency electrician,https://shaffercon.com/industry-insights/emergency-electrical-repairs-when-to-call-electrician/,0,1,0.00%,9.00
b permit,https://shaffercon.com/industry-insights/ladbs-electrical-permit-process-step-by-step-guide/,0,3,0.00%,33.00
backup generator installation​ west grove,https://shaffercon.com/service-areas/west-hollywood/residential-backup-generator-installation/,0,1,0.00%,87.00
backup generator sales long beach ca,https://shaffercon.com/service-areas/long-beach/commercial-backup-generator-installation,0,489,0.00%,10.19
backup generator sales long beach ca,https://shaffercon.com/service-areas/long-beach/commercial-backup-generator-installation/,0,282,0.00%,8.59
backup generator sales long beach ca,https://shaffercon.com/service-areas/long-beach/residential-backup-generator-installation,0,1,0.00%,8.00
backup generators services in pembroke,https://shaffercon.com/service-areas/sherman-oaks/residential-backup-generator-installation,0,1,0.00%,45.00
backup generators services in pembroke,https://shaffercon.com/service-areas/west-hollywood/residential-backup-generator-installation/,0,2,0.00%,63.00
batch feed garbage disposal,https://shaffercon.com/industry-insights/garbage-disposal-maintenance-safety-tips/,0,3,0.00%,32.67
bathroom ceiling lights,https://shaffercon.com/industry-insights/recessed-lighting-installation-guide/,0,1,0.00%,1.00
bathroom circuit requirements,https://shaffercon.com/industry-insights/bathroom-electrical-safety-gfci-requirements/,0,1,0.00%,34.00
bathroom electrical code requirements,https://shaffercon.com/industry-insights/bathroom-electrical-safety-gfci-requirements/,0,1,0.00%,13.00
bathroom exhaust fan pasadena,https://shaffercon.com/service-areas/pasadena/residential-exhaust-fan-ventilation-wiring/,0,9,0.00%,12.89
bathroom gfci code,https://shaffercon.com/industry-insights/bathroom-electrical-safety-gfci-requirements/,0,1,0.00%,11.00
bathroom gfci height,https://shaffercon.com/industry-insights/bathroom-electrical-safety-gfci-requirements/,0,1,0.00%,40.00
bathroom outlet code,https://shaffercon.com/industry-insights/bathroom-electrical-safety-gfci-requirements/,0,1,0.00%,55.00
battery storage contractor santa clarita,https://shaffercon.com/service-areas/santa-clarita/,0,37,0.00%,10.46
battery storage contractor santa clarita,https://shaffercon.com/service-areas/santa-clarita/residential-energy-efficiency-upgrades/,0,10,0.00%,10.50
become an ev charger installer,https://shaffercon.com/industry-insights/the-ultimate-guide-to-ev-charger-installation-and-infrastructure-in-los-angeles/,0,1,0.00%,78.00
bedroom ceiling fan installation pasadena ca,https://shaffercon.com/service-areas/pasadena/residential-ceiling-fan-fixture-installation/,0,1,0.00%,4.00
"beginning january 1, 2026, newly manufactured recreational vehicles shall have which of the following permanently installed between the feeder connection and the panelboard or transfer switch?",https://shaffercon.com/industry-insights/california-2026-building-code-ev-charging-requirements-home-real-estate-trend-32-new-models/,0,1,0.00%,1.00
best 100% green energy providers for apartments ev charging 2026,https://shaffercon.com/industry-insights/california-2026-building-code-ev-charging-requirements-home-real-estate-trend-32-new-models/,0,2,0.00%,5.50
best affordable clean energy providers for ev owners urban apartments 2026,https://shaffercon.com/industry-insights/california-2026-building-code-ev-charging-requirements-home-real-estate-trend-32-new-models/,0,1,0.00%,9.00
best affordable green energy plans for ev owners apartments smart home 2026,https://shaffercon.com/industry-insights/california-2026-building-code-ev-charging-requirements-home-real-estate-trend-32-new-models/,0,1,0.00%,20.00
best affordable green energy plans for ev owners apartments urban 2026,https://shaffercon.com/industry-insights/california-2026-building-code-ev-charging-requirements-home-real-estate-trend-32-new-models/,0,1,0.00%,16.00
best affordable green energy plans for ev owners apartments us 2026,https://shaffercon.com/industry-insights/california-2026-building-code-ev-charging-requirements-home-real-estate-trend-32-new-models/,0,1,0.00%,12.00
best affordable sustainable green energy providers for ev owners urban apartments 2026,https://shaffercon.com/industry-insights/california-2026-building-code-ev-charging-requirements-home-real-estate-trend-32-new-models/,0,1,0.00%,14.00
best budget-friendly green energy plans for urban apartment dwellers with ev charging 2026,https://shaffercon.com/industry-insights/california-2026-building-code-ev-charging-requirements-home-real-estate-trend-32-new-models/,0,2,0.00%,10.50
best budget-friendly green energy plans for urban apartment dwellers with ev charging us 2026,https://shaffercon.com/industry-insights/california-2026-building-code-ev-charging-requirements-home-real-estate-trend-32-new-models/,0,2,0.00%,16.50
best clean electricity providers for ev owners urban apartments smart home integration 2025 2026,https://shaffercon.com/industry-insights/california-2026-building-code-ev-charging-requirements-home-real-estate-trend-32-new-models/,0,2,0.00%,19.00
best eco-friendly electricity plans for ev owners 2026,https://shaffercon.com/industry-insights/california-2026-building-code-ev-charging-requirements-home-real-estate-trend-32-new-models/,0,1,0.00%,18.00
best electrical rewiring contractor for an older home in sherman oaks?,https://shaffercon.com/service-areas/sherman-oaks/,0,2,0.00%,8.00
best electrical rewiring contractor older home sherman oaks,https://shaffercon.com/service-areas/sherman-oaks/,0,7,0.00%,10.71
best electrical rewiring contractor older home sherman oaks,https://shaffercon.com/service-areas/sherman-oaks/residential-breaker-panel-service-maintenance,0,2,0.00%,9.00
best electrical systems for net-zero infrastructure in new developments,https://shaffercon.com/industry-insights/electrical-innovations-green-construction/,0,1,0.00%,16.00
best electricity plans for apartments with ev charging smart home integration 2026,https://shaffercon.com/industry-insights/california-2026-building-code-ev-charging-requirements-home-real-estate-trend-32-new-models/,0,1,0.00%,10.00
best electricity plans for ev owners apartments urban 2026,https://shaffercon.com/industry-insights/california-2026-building-code-ev-charging-requirements-home-real-estate-trend-32-new-models/,0,6,0.00%,7.67
best electricity plans for ev owners apartments urban lifestyle 2026,https://shaffercon.com/industry-insights/california-2026-building-code-ev-charging-requirements-home-real-estate-trend-32-new-models/,0,2,0.00%,9.00
best electricity plans for ev owners apartments urban professionals 2026,https://shaffercon.com/industry-insights/california-2026-building-code-ev-charging-requirements-home-real-estate-trend-32-new-models/,0,11,0.00%,12.45
best electricity plans for low usage households 2026 ev charging smart home integration,https://shaffercon.com/industry-insights/california-2026-building-code-ev-charging-requirements-home-real-estate-trend-32-new-models/,0,1,0.00%,3.00
best electricity plans for variable schedules ev charging smart home integration 2026,https://shaffercon.com/industry-insights/california-2026-building-code-ev-charging-requirements-home-real-estate-trend-32-new-models/,0,8,0.00%,11.88
best electricity plans for variable schedules ev owners smart home urban apartments 2026,https://shaffercon.com/industry-insights/california-2026-building-code-ev-charging-requirements-home-real-estate-trend-32-new-models/,0,4,0.00%,10.25
best electricity plans for variable schedules ev owners urban apartments 2026,https://shaffercon.com/industry-insights/california-2026-building-code-ev-charging-requirements-home-real-estate-trend-32-new-models/,0,2,0.00%,17.00
best electricity providers for apartments with ev charging 2026,https://shaffercon.com/industry-insights/california-2026-building-code-ev-charging-requirements-home-real-estate-trend-32-new-models/,0,1,0.00%,10.00
best electricity providers for smart home ev charging urban apartments 2025 2026,https://shaffercon.com/industry-insights/california-2026-building-code-ev-charging-requirements-home-real-estate-trend-32-new-models/,0,3,0.00%,4.33
best electricity rate structures tariffs for businesses installing ev charging stations 2025 2026,https://shaffercon.com/industry-insights/california-2026-building-code-ev-charging-requirements-home-real-estate-trend-32-new-models/,0,1,0.00%,8.00
best ev brands for charging infrastructure 2024,https://shaffercon.com/industry-insights/top-electric-vehicles-for-2024-a-comprehensive-guide/,0,1,0.00%,16.00
best ev brands with charging infrastructure 2024,https://shaffercon.com/industry-insights/top-electric-vehicles-for-2024-a-comprehensive-guide/,0,4,0.00%,14.75
best ev charger installers near me,https://shaffercon.com/service-areas/torrance/residential-ev-charger-installation/,0,1,0.00%,1.00
best ev charger service contracts for property managers 2025,https://shaffercon.com/industry-insights/ev-charging-in-2025-what-homeowners-property-managers-and-businesses-need-to-know/,0,10,0.00%,5.20
best ev chargers,https://shaffercon.com/industry-insights/california-2026-building-code-ev-charging-requirements-home-real-estate-trend-32-new-models/,0,1,0.00%,25.00
best ev-friendly renewable electricity plans for urban apartments 2026,https://shaffercon.com/industry-insights/california-2026-building-code-ev-charging-requirements-home-real-estate-trend-32-new-models/,0,1,0.00%,15.00
best evs for apartment dwellers no home charging public charging infrastructure 2025 2026,https://shaffercon.com/industry-insights/california-2026-building-code-ev-charging-requirements-home-real-estate-trend-32-new-models/,0,1,0.00%,10.00
best garage ventilation glendale,https://shaffercon.com/service-areas/glendale/commercial-exhaust-fan-ventilation-wiring/,0,1,0.00%,13.00
best green electricity plans for ev owners apartments 2026,https://shaffercon.com/industry-insights/california-2026-building-code-ev-charging-requirements-home-real-estate-trend-32-new-models/,0,7,0.00%,9.29
best green electricity plans for ev owners apartments urban 2026,https://shaffercon.com/industry-insights/california-2026-building-code-ev-charging-requirements-home-real-estate-trend-32-new-models/,0,4,0.00%,16.75
best green energy plans for apartments with ev charging 2026,https://shaffercon.com/industry-insights/california-2026-building-code-ev-charging-requirements-home-real-estate-trend-32-new-models/,0,6,0.00%,6.50
best green energy plans for ev owners apartment dwellers 2026,https://shaffercon.com/industry-insights/california-2026-building-code-ev-charging-requirements-home-real-estate-trend-32-new-models/,0,1,0.00%,18.00
best green energy plans for ev owners apartments 2026,https://shaffercon.com/industry-insights/california-2026-building-code-ev-charging-requirements-home-real-estate-trend-32-new-models/,0,6,0.00%,6.00
best green energy plans for ev owners apartments smart home integration 2026,https://shaffercon.com/industry-insights/california-2026-building-code-ev-charging-requirements-home-real-estate-trend-32-new-models/,0,4,0.00%,8.75
best green energy plans for ev owners apartments urban flexible lifestyle 2026,https://shaffercon.com/industry-insights/california-2026-building-code-ev-charging-requirements-home-real-estate-trend-32-new-models/,0,3,0.00%,15.67
best green energy providers for apartments ev charging 2026,https://shaffercon.com/industry-insights/california-2026-building-code-ev-charging-requirements-home-real-estate-trend-32-new-models/,0,1,0.00%,9.00
best green energy providers for ev owners apartments smart home integration 2025 2026,https://shaffercon.com/industry-insights/california-2026-building-code-ev-charging-requirements-home-real-estate-trend-32-new-models/,0,8,0.00%,15.38
best green energy providers for ev owners apartments smart home integration 2026,https://shaffercon.com/industry-insights/california-2026-building-code-ev-charging-requirements-home-real-estate-trend-32-new-models/,0,6,0.00%,16.17
best home charging setups for off-road evs,https://shaffercon.com/industry-insights/california-2026-building-code-ev-charging-requirements-home-real-estate-trend-32-new-models/,0,1,0.00%,1.00
best led recessed lighting brands,https://shaffercon.com/industry-insights/recessed-lighting-installation-guide/,0,1,0.00%,1.00
best live in los angeles,https://shaffercon.com/service-areas/silver-lake/,0,1,0.00%,1.00
best luxury electric vehicles 2025 2026 mercedes bmw audi porsche cadillac lucid rivian volvo,https://shaffercon.com/industry-insights/lucid-best-luxury-ev-brand-renault-efficiency-record-hyundai-biggest-ev-2025-year-review-global-sales/,0,3,0.00%,11.33
best renewable electricity plans for ev owners apartments smart home integration 2025 2026,https://shaffercon.com/industry-insights/california-2026-building-code-ev-charging-requirements-home-real-estate-trend-32-new-models/,0,1,0.00%,7.00
best renewable electricity plans for ev owners apartments urban 2026,https://shaffercon.com/industry-insights/california-2026-building-code-ev-charging-requirements-home-real-estate-trend-32-new-models/,0,8,0.00%,13.62
best renewable electricity plans for ev owners apartments urban lifestyle 2026,https://shaffercon.com/industry-insights/california-2026-building-code-ev-charging-requirements-home-real-estate-trend-32-new-models/,0,2,0.00%,17.00
best renewable electricity plans for ev owners urban apartments 2026,https://shaffercon.com/industry-insights/california-2026-building-code-ev-charging-requirements-home-real-estate-trend-32-new-models/,0,1,0.00%,11.00
best renewable energy plans 2026 for ev owners apartments urban tech-savvy,https://shaffercon.com/industry-insights/california-2026-building-code-ev-charging-requirements-home-real-estate-trend-32-new-models/,0,14,0.00%,10.86
best renewable energy plans 2026 for ev owners urban apartments smart home integration,https://shaffercon.com/industry-insights/california-2026-building-code-ev-charging-requirements-home-real-estate-trend-32-new-models/,0,5,0.00%,4.00
best renewable energy plans for ev owners 2026 apartment dwellers smart home integration,https://shaffercon.com/industry-insights/california-2026-building-code-ev-charging-requirements-home-real-estate-trend-32-new-models/,0,3,0.00%,12.33
best renewable energy plans for ev owners 2026 urban apartments smart home integration,https://shaffercon.com/industry-insights/california-2026-building-code-ev-charging-requirements-home-real-estate-trend-32-new-models/,0,4,0.00%,5.00
best renewable energy plans for ev owners apartments 2026,https://shaffercon.com/industry-insights/california-2026-building-code-ev-charging-requirements-home-real-estate-trend-32-new-models/,0,5,0.00%,4.60
best renewable energy plans for ev owners apartments smart home integration 2026,https://shaffercon.com/industry-insights/california-2026-building-code-ev-charging-requirements-home-real-estate-trend-32-new-models/,0,3,0.00%,12.00
best renewable energy plans for ev owners apartments urban 2026,https://shaffercon.com/industry-insights/california-2026-building-code-ev-charging-requirements-home-real-estate-trend-32-new-models/,0,1,0.00%,10.00
best renewable energy plans for ev owners apartments urban flexible lifestyle 2026,https://shaffercon.com/industry-insights/california-2026-building-code-ev-charging-requirements-home-real-estate-trend-32-new-models/,0,12,0.00%,10.08
best renewable energy plans for ev owners with smart home integration 2026,https://shaffercon.com/industry-insights/california-2026-building-code-ev-charging-requirements-home-real-estate-trend-32-new-models/,0,2,0.00%,9.50
best renewable energy plans for new homeowners 2026 ev charging smart home integration,https://shaffercon.com/industry-insights/california-2026-building-code-ev-charging-requirements-home-real-estate-trend-32-new-models/,0,1,0.00%,20.00
best renewable energy providers for apartments ev charging 2026,https://shaffercon.com/industry-insights/california-2026-building-code-ev-charging-requirements-home-real-estate-trend-32-new-models/,0,2,0.00%,7.00
best renewable energy providers for ev owners apartments 2026,https://shaffercon.com/industry-insights/california-2026-building-code-ev-charging-requirements-home-real-estate-trend-32-new-models/,0,5,0.00%,7.60
best renewable energy providers for ev owners apartments smart home integration 2026,https://shaffercon.com/industry-insights/california-2026-building-code-ev-charging-requirements-home-real-estate-trend-32-new-models/,0,1,0.00%,5.00
best renewable energy providers for ev owners apartments urban areas 2026,https://shaffercon.com/industry-insights/california-2026-building-code-ev-charging-requirements-home-real-estate-trend-32-new-models/,0,1,0.00%,18.00
best solutions for architects permitting ev chargers,https://shaffercon.com/industry-insights/the-ultimate-guide-to-ev-charger-installation-and-infrastructure-in-los-angeles/,0,2,0.00%,41.50
best sustainable electricity plans for ev owners apartments urban 2026,https://shaffercon.com/industry-insights/california-2026-building-code-ev-charging-requirements-home-real-estate-trend-32-new-models/,0,3,0.00%,13.33
best sustainable electricity providers for ev owners apartments urban areas us 2026,https://shaffercon.com/industry-insights/california-2026-building-code-ev-charging-requirements-home-real-estate-trend-32-new-models/,0,1,0.00%,18.00
best sustainable energy plans for ev owners apartments urban professionals 2026,https://shaffercon.com/industry-insights/california-2026-building-code-ev-charging-requirements-home-real-estate-trend-32-new-models/,0,1,0.00%,15.00
beverly contractors electrical,https://shaffercon.com/service-areas/beverly-hills/,0,2,0.00%,57.00
beverly hills commercial landscaping,https://shaffercon.com/service-areas/beverly-hills/commercial-landscape-outdoor-lighting,0,1,0.00%,20.00
beverly hills commercial landscaping,https://shaffercon.com/service-areas/beverly-hills/commercial-landscape-outdoor-lighting/,0,2,0.00%,20.00
beverly hills electrician,https://shaffercon.com/service-areas/beverly-hills/,0,7,0.00%,73.43
beverly hills house rewire,https://shaffercon.com/service-areas/beverly-hills/,0,6,0.00%,18.67
beverly hills house rewire,https://shaffercon.com/service-areas/beverly-hills/residential-complete-electrical-rewiring,0,10,0.00%,3.70
beverly hills house rewire,https://shaffercon.com/service-areas/beverly-hills/residential-complete-electrical-rewiring/,0,15,0.00%,4.07
beverly hills house rewire,https://shaffercon.com/service-areas/burbank/residential-complete-electrical-rewiring/,0,2,0.00%,30.00
beverly hills luxury home automation experts,https://shaffercon.com/service-areas/beverly-hills/,0,2,0.00%,76.50
beverly hills luxury home automation experts,https://shaffercon.com/service-areas/beverly-hills/residential-smart-automation-systems/,0,2,0.00%,13.00
bill schaffer,https://shaffercon.com/contact-us/,0,2,0.00%,3.50
boyle heights,https://shaffercon.com/service-areas/boyle-heights/,0,2,0.00%,3.50
branover contractors,https://shaffercon.com/service-areas/west-hollywood/,0,1,0.00%,36.00
branover contractors inc,https://shaffercon.com/service-areas/west-hollywood/,0,1,0.00%,32.00
breaker panel upgrade,https://shaffercon.com/industry-insights/complete-guide-electrical-panel-upgrades-los-angeles/,0,14,0.00%,4.14
breaker panel upgrade inglewood,https://shaffercon.com/service-areas/inglewood/,0,12,0.00%,6.17
breaker panel upgrade inglewood,https://shaffercon.com/service-areas/inglewood/commercial-electrical-panel-upgrades/,0,1,0.00%,17.00
breaker panel upgrade inglewood,https://shaffercon.com/service-areas/inglewood/residential-breaker-panel-service-maintenance/,0,3,0.00%,5.67
breaker panel upgrade inglewood,https://shaffercon.com/service-areas/inglewood/residential-electrical-panel-upgrades/,0,2,0.00%,4.00
breaker panel upgrade los angeles,https://shaffercon.com/industry-insights/complete-guide-electrical-panel-upgrades-los-angeles/,0,10,0.00%,12.80
breaker panel upgrades,https://shaffercon.com/industry-insights/complete-guide-electrical-panel-upgrades-los-angeles/,0,101,0.00%,1.00
breaker size for range,https://shaffercon.com/industry-insights/kitchen-electrical-requirements-outlet-placement-guide/,0,8,0.00%,1.00
brian shaffer construction site,http://www.shaffercon.com/,0,2,0.00%,6.50
brian shaffer construction site,https://shaffercon.com/contact-us/,0,2,0.00%,6.50
briefly explain gfci and afci protection requirements for outdoor receptacles and lighting.,https://shaffercon.com/industry-insights/afci-vs-gfci-circuit-protection-los-angeles/,0,3,0.00%,14.00
build and price hyundai,https://shaffercon.com/industry-insights/california-2026-building-code-ev-charging-requirements-home-real-estate-trend-32-new-models/,0,1,0.00%,17.00
building a better california,https://shaffercon.com/industry-insights/california-2026-building-code-ev-charging-requirements-home-real-estate-trend-32-new-models/,0,1,0.00%,1.00
building code electrical,https://shaffercon.com/industry-insights/california-title-24-electrical-requirements-renovations/,0,2,0.00%,56.50
building code for electrical outlets,https://shaffercon.com/industry-insights/california-title-24-electrical-requirements-renovations/,0,1,0.00%,90.00
building codes electrical,https://shaffercon.com/industry-insights/california-title-24-electrical-requirements-renovations/,0,1,0.00%,93.00
building codes for ev chargers,https://shaffercon.com/industry-insights/the-ultimate-guide-to-ev-charger-installation-and-infrastructure-in-los-angeles/,0,3,0.00%,80.33
building control electrical work,https://shaffercon.com/industry-insights/california-title-24-electrical-requirements-renovations/,0,1,0.00%,54.00
building maintenance west hollywood,https://shaffercon.com/service-areas/west-hollywood/,0,32,0.00%,59.62
building permit expeditor sherman oaks,https://shaffercon.com/service-areas/sherman-oaks/,0,1,0.00%,28.00
building permit orange county,https://shaffercon.com/industry-insights/california-title-24-electrical-requirements-renovations/,0,1,0.00%,5.00
building regulations electric vehicle charging,https://shaffercon.com/industry-insights/the-ultimate-guide-to-ev-charger-installation-and-infrastructure-in-los-angeles/,0,7,0.00%,75.86
building regulations electrical work,https://shaffercon.com/industry-insights/california-title-24-electrical-requirements-renovations/,0,2,0.00%,69.00
built in stove,https://shaffercon.com/industry-insights/kitchen-electrical-requirements-outlet-placement-guide/,0,1,0.00%,2.00
built-in kitchen appliances installation guidelines electrical plumbing ventilation,https://shaffercon.com/industry-insights/kitchen-electrical-requirements-outlet-placement-guide/,0,1,0.00%,10.00
bulbs for recessed lighting,https://shaffercon.com/industry-insights/recessed-lighting-installation-guide/,0,1,0.00%,1.00
bulbs for recessed lights,https://shaffercon.com/industry-insights/recessed-lighting-installation-guide/,0,1,0.00%,1.00
burbank commercial electrician,https://shaffercon.com/service-areas/burbank/,0,39,0.00%,10.26
burbank contractors,https://shaffercon.com/service-areas/burbank/,0,1,0.00%,19.00
burbank contractors electrical,https://shaffercon.com/service-areas/burbank/,0,36,0.00%,7.03
burbank electric,https://shaffercon.com/service-areas/burbank/,0,1,0.00%,30.00
burbank electrical,https://shaffercon.com/service-areas/burbank/,0,1,0.00%,32.00
burbank electrical businesses,https://shaffercon.com/service-areas/burbank/,0,38,0.00%,10.29
burbank electrical companies,https://shaffercon.com/service-areas/burbank/,0,31,0.00%,8.87
burbank electrical contractor,https://shaffercon.com/service-areas/burbank/,0,6,0.00%,6.00
burbank electrical contractors,https://shaffercon.com/service-areas/burbank/,0,42,0.00%,9.00
burbank electrician,https://shaffercon.com/service-areas/burbank/,0,41,0.00%,52.56
burbank electricians,https://shaffercon.com/service-areas/burbank/,0,1,0.00%,16.00
burbank house rewire,https://shaffercon.com/service-areas/burbank/,0,9,0.00%,17.56
burbank house rewire,https://shaffercon.com/service-areas/burbank/residential-complete-electrical-rewiring/,0,13,0.00%,4.46
burbank house rewire,https://shaffercon.com/service-areas/burbank/residential-outlet-switch-dimmer-services,0,1,0.00%,35.00
burbank residential electrician,https://shaffercon.com/service-areas/burbank/,0,18,0.00%,25.72
burbank story pole contractor,https://shaffercon.com/service-areas/burbank/,0,29,0.00%,33.03
business electrical installation long beach ca,https://shaffercon.com/service-areas/long-beach/,0,1,0.00%,43.00
business lighting services in highland park,https://shaffercon.com/service-areas/highland-park/commercial-lighting-installation-retrofitting,0,26,0.00%,11.15
business lighting services in highland park,https://shaffercon.com/service-areas/highland-park/commercial-lighting-installation-retrofitting/,0,23,0.00%,8.61
business lighting services in highland village,https://shaffercon.com/service-areas/highland-park/commercial-lighting-installation-retrofitting,0,12,0.00%,52.17
business lighting services in highland village,https://shaffercon.com/service-areas/highland-park/commercial-lighting-installation-retrofitting/,0,22,0.00%,43.05
byd flash charging vs tesla supercharger comparison 2026,https://shaffercon.com/industry-insights/tesla-supercharger-record-polestar-4-price-cut-ann-arbor-ev-expansion-florida-wireless-charging-byd-megawatt/,0,1,0.00%,12.00
ca energy commission title 24,https://shaffercon.com/industry-insights/california-title-24-electrical-requirements-renovations/,0,2,0.00%,58.50
ca title 24 requirements,https://shaffercon.com/industry-insights/california-title-24-electrical-requirements-renovations/,0,5,0.00%,54.60
cafci vs afci,https://shaffercon.com/industry-insights/afci-vs-gfci-circuit-protection-los-angeles/,0,35,0.00%,24.03
cafci vs gfci,https://shaffercon.com/industry-insights/afci-vs-gfci-circuit-protection-los-angeles/,0,1,0.00%,53.00
calculate lumens for a room,https://shaffercon.com/industry-insights/recessed-lighting-installation-guide/,0,1,0.00%,2.00
california,https://shaffercon.com/industry-insights/california-2026-building-code-ev-charging-requirements-home-real-estate-trend-32-new-models/,0,2,0.00%,6.00
california,https://shaffercon.com/industry-insights/california-title-24-electrical-requirements-renovations/,0,1,0.00%,5.00
california afci code requirements,https://shaffercon.com/industry-insights/afci-vs-gfci-circuit-protection-los-angeles/,0,1,0.00%,1.00
california building code electric vehicle charging stations,https://shaffercon.com/industry-insights/california-2026-building-code-ev-charging-requirements-home-real-estate-trend-32-new-models/,0,1,0.00%,18.00
california building code ev charging stations,https://shaffercon.com/industry-insights/california-2026-building-code-ev-charging-requirements-home-real-estate-trend-32-new-models/,0,3,0.00%,14.67
california code for electrical outlets,https://shaffercon.com/industry-insights/california-title-24-electrical-requirements-renovations/,0,2,0.00%,40.50
california electric code,https://shaffercon.com/industry-insights/california-title-24-electrical-requirements-renovations/,0,8,0.00%,4.25
california electric vehicle,https://shaffercon.com/industry-insights/california-2026-building-code-ev-charging-requirements-home-real-estate-trend-32-new-models/,0,1,0.00%,3.00
california electrical code,https://shaffercon.com/industry-insights/california-title-24-electrical-requirements-renovations/,0,43,0.00%,11.86
california electrical code 2024,https://shaffercon.com/industry-insights/california-title-24-electrical-requirements-renovations/,0,3,0.00%,6.33
california electrical code 2025,https://shaffercon.com/industry-insights/california-title-24-electrical-requirements-renovations/,0,1,0.00%,60.00
california electrical code dishwasher dedicated circuit,https://shaffercon.com/industry-insights/dedicated-circuits-when-why-home-appliances-need-them/,0,1,0.00%,9.00
california electrical code online,https://shaffercon.com/industry-insights/california-title-24-electrical-requirements-renovations/,0,3,0.00%,16.67
california electrical code title 24,https://shaffercon.com/industry-insights/california-title-24-electrical-requirements-renovations/,0,1,0.00%,1.00
california electrical code title 24 part 3,https://shaffercon.com/industry-insights/california-title-24-electrical-requirements-renovations/,0,1,0.00%,10.00
california electrical codes,https://shaffercon.com/industry-insights/california-title-24-electrical-requirements-renovations/,0,3,0.00%,21.00
california ev charger incentives 2026,https://shaffercon.com/industry-insights/california-2026-building-code-ev-charging-requirements-home-real-estate-trend-32-new-models/,0,2,0.00%,12.00
california ev charging,https://shaffercon.com/industry-insights/expanding-electric-vehicle-charging-infrastructure-a-look-at-california-and-beyond/,0,3,0.00%,65.33
california ev charging infrastructure,https://shaffercon.com/industry-insights/expanding-electric-vehicle-charging-infrastructure-a-look-at-california-and-beyond/,0,1,0.00%,43.00
california ev charging infrastructure status 2026,https://shaffercon.com/industry-insights/california-2026-building-code-ev-charging-requirements-home-real-estate-trend-32-new-models/,0,9,0.00%,4.56
california ev charging infrastructure update 2026,https://shaffercon.com/industry-insights/california-2026-building-code-ev-charging-requirements-home-real-estate-trend-32-new-models/,0,22,0.00%,4.18
california ev charging news 2026,https://shaffercon.com/industry-insights/california-2026-building-code-ev-charging-requirements-home-real-estate-trend-32-new-models/,0,1,0.00%,10.00
california ev charging station business market 2025 2026,https://shaffercon.com/industry-insights/california-2026-building-code-ev-charging-requirements-home-real-estate-trend-32-new-models/,0,57,0.00%,6.02
california ev requirements,https://shaffercon.com/industry-insights/california-2026-building-code-ev-charging-requirements-home-real-estate-trend-32-new-models/,0,3,0.00%,2.67
california house circuit electrical code requirements,https://shaffercon.com/industry-insights/california-title-24-electrical-requirements-renovations/,0,15,0.00%,9.87
california house circuit electrical code requirements,https://shaffercon.com/industry-insights/dedicated-circuits-when-why-home-appliances-need-them/,0,18,0.00%,10.17
california house circuit requirements,https://shaffercon.com/industry-insights/california-title-24-electrical-requirements-renovations/,0,2,0.00%,5.50
california house circuit requirements,https://shaffercon.com/industry-insights/dedicated-circuits-when-why-home-appliances-need-them/,0,65,0.00%,10.05
california house circuit safety regulations,https://shaffercon.com/industry-insights/california-title-24-electrical-requirements-renovations/,0,4,0.00%,8.25
california house circuit safety regulations,https://shaffercon.com/industry-insights/dedicated-circuits-when-why-home-appliances-need-them/,0,63,0.00%,8.33
california nevi plan i-15 corridor designated alternative fuel corridor,https://shaffercon.com/industry-insights/october-2025-ev-charging-milestone-record-u-s-infrastructure-expansion-california-reliability-standards-and-innovative-streetlight-solutions-transform-los-angeles-landscape/,0,1,0.00%,11.00
california public ev chargers 2026,https://shaffercon.com/industry-insights/california-2026-building-code-ev-charging-requirements-home-real-estate-trend-32-new-models/,0,81,0.00%,2.89
california public ev chargers number 2026,https://shaffercon.com/industry-insights/california-2026-building-code-ev-charging-requirements-home-real-estate-trend-32-new-models/,0,14,0.00%,3.29
california regulatory compliance deadlines charging stations 90 days,https://shaffercon.com/industry-insights/california-2026-building-code-ev-charging-requirements-home-real-estate-trend-32-new-models/,0,23,0.00%,4.43
california residential electrical circuit requirements,https://shaffercon.com/industry-insights/california-title-24-electrical-requirements-renovations/,0,192,0.00%,10.16
california residential electrical circuit requirements,https://shaffercon.com/industry-insights/dedicated-circuits-when-why-home-appliances-need-them/,0,5,0.00%,18.40
california title 24,https://shaffercon.com/industry-insights/california-title-24-electrical-requirements-renovations/,0,1,0.00%,66.00
california title 24 lighting requirements,https://shaffercon.com/industry-insights/california-title-24-electrical-requirements-renovations/,0,3,0.00%,62.00
california title 24 requirements,https://shaffercon.com/industry-insights/california-title-24-electrical-requirements-renovations/,0,2,0.00%,43.00
california title 24 residential lighting requirements,https://shaffercon.com/industry-insights/california-title-24-electrical-requirements-renovations/,0,1,0.00%,43.00
california utility ev charger rebates 2026,https://shaffercon.com/industry-insights/california-2026-building-code-ev-charging-requirements-home-real-estate-trend-32-new-models/,0,3,0.00%,8.00
california wiring,https://shaffercon.com/industry-insights/california-title-24-electrical-requirements-renovations/,0,1,0.00%,50.00
cam shaffer carpentry services,https://shaffercon.com/industry-insights/retail-store-electrical-planning-design-guide/,0,2,0.00%,16.50
cam shaffer carpentry services,https://shaffercon.com/industry-insights/smart-home-electrical-wiring-future-proofing-los-angeles/,0,2,0.00%,17.00
cam shaffer carpentry services,https://shaffercon.com/service-areas/long-beach/commercial-data-network-av-wiring/,0,1,0.00%,14.00
can a general contractor do electrical work in california,https://shaffercon.com/industry-insights/california-title-24-electrical-requirements-renovations/,0,1,0.00%,55.00
can a general contractor install an ev charger,https://shaffercon.com/industry-insights/the-ultimate-guide-to-ev-charger-installation-and-infrastructure-in-los-angeles/,0,2,0.00%,22.50
can a homeowner do electrical work,https://shaffercon.com/industry-insights/california-title-24-electrical-requirements-renovations/,0,1,0.00%,29.00
can a homeowner get an electrical permit,https://shaffercon.com/industry-insights/ladbs-electrical-permit-process-step-by-step-guide/,0,1,0.00%,7.00
can a homeowner pull an electrical permit,https://shaffercon.com/industry-insights/california-title-24-electrical-requirements-renovations/,0,4,0.00%,28.00
can a homeowner pull an electrical permit,https://shaffercon.com/industry-insights/ladbs-electrical-permit-process-step-by-step-guide/,0,1,0.00%,9.00
can a homeowner replace electrical panel,https://shaffercon.com/industry-insights/california-title-24-electrical-requirements-renovations/,0,1,0.00%,79.00
can a homeowner replace electrical panel,https://shaffercon.com/industry-insights/complete-guide-electrical-panel-upgrades-los-angeles/,0,1,0.00%,78.00
can a homeowner wire their own home,https://shaffercon.com/industry-insights/california-title-24-electrical-requirements-renovations/,0,1,0.00%,78.00
can dining room outlets be on kitchen circuit,https://shaffercon.com/industry-insights/kitchen-electrical-requirements-outlet-placement-guide/,0,1,0.00%,1.00
can electric car be charged at home,https://shaffercon.com/residential-ev-charger/,0,6,0.00%,1.00
can electric vehicle be charged at home,https://shaffercon.com/residential-ev-charger/,0,1,0.00%,1.00
can ev be charged at home,https://shaffercon.com/residential-ev-charger/,0,1,0.00%,1.00
can ev car be charged at home,https://shaffercon.com/residential-ev-charger/,0,4,0.00%,1.00
can ev car charge at home,https://shaffercon.com/residential-ev-charger/,0,1,0.00%,1.00
can ev cars be charged at home,https://shaffercon.com/residential-ev-charger/,0,2,0.00%,1.00
can fridge and dishwasher be on same circuit,https://shaffercon.com/industry-insights/kitchen-electrical-requirements-outlet-placement-guide/,0,1,0.00%,3.00
can homeowner do electrical work,https://shaffercon.com/industry-insights/california-title-24-electrical-requirements-renovations/,0,2,0.00%,71.00
can homeowner pull electrical permit,https://shaffercon.com/industry-insights/california-title-24-electrical-requirements-renovations/,0,1,0.00%,6.00
can i charge electric car at home,https://shaffercon.com/residential-ev-charger/,0,1,0.00%,1.00
can i charge ev at home,https://shaffercon.com/residential-ev-charger/,0,1,0.00%,1.00
can i charge ev car at home,https://shaffercon.com/residential-ev-charger/,0,4,0.00%,1.00
can i charge my ev at home,https://shaffercon.com/residential-ev-charger/,0,1,0.00%,1.00
can i charge my ev car at home,https://shaffercon.com/residential-ev-charger/,0,1,0.00%,1.00
can i do my own electrical work in my house,https://shaffercon.com/industry-insights/california-title-24-electrical-requirements-renovations/,0,2,0.00%,33.50
can i do myself,https://shaffercon.com/industry-insights/california-title-24-electrical-requirements-renovations/,0,1,0.00%,3.00
can i pull an electrical permit as a homeowner,https://shaffercon.com/industry-insights/california-title-24-electrical-requirements-renovations/,0,2,0.00%,6.00
can i pull an electrical permit as a homeowner,https://shaffercon.com/industry-insights/ladbs-electrical-permit-process-step-by-step-guide/,0,1,0.00%,6.00
can i replace downlights myself?,https://shaffercon.com/industry-insights/california-title-24-electrical-requirements-renovations/,0,1,0.00%,1.00
can i save this search?,https://shaffercon.com/industry-insights/kitchen-electrical-requirements-outlet-placement-guide/,0,1,0.00%,1.00
can i upgrade my electrical panel,https://shaffercon.com/industry-insights/complete-guide-electrical-panel-upgrades-los-angeles/,0,3,0.00%,1.00
can i upgrade my own electrical panel,https://shaffercon.com/industry-insights/complete-guide-electrical-panel-upgrades-los-angeles/,0,1,0.00%,5.00
can we charge electric car at home,https://shaffercon.com/residential-ev-charger/,0,3,0.00%,1.00
can we charge electric vehicle at home,https://shaffercon.com/residential-ev-charger/,0,1,0.00%,1.00
can we charge ev car at home,https://shaffercon.com/residential-ev-charger/,0,9,0.00%,1.00
can we charge ev cars at home,https://shaffercon.com/residential-ev-charger/,0,4,0.00%,1.00
can you charge electric car at home,https://shaffercon.com/residential-ev-charger/,0,1,0.00%,1.00
can you charge your ev at home,https://shaffercon.com/residential-ev-charger/,0,1,0.00%,1.00
can you do it yourself?,https://shaffercon.com/industry-insights/complete-guide-electrical-panel-upgrades-los-angeles/,0,1,0.00%,1.00
can you install an ev charger at home requirements 2026,https://shaffercon.com/industry-insights/california-2026-building-code-ev-charging-requirements-home-real-estate-trend-32-new-models/,0,13,0.00%,7.08
can you install an ev charger at home requirements process 2026,https://shaffercon.com/industry-insights/california-2026-building-code-ev-charging-requirements-home-real-estate-trend-32-new-models/,0,3,0.00%,4.67
can you say that in english,https://shaffercon.com/industry-insights/california-title-24-electrical-requirements-renovations/,0,1,0.00%,2.00
can you upgrade your electrical panel,https://shaffercon.com/industry-insights/complete-guide-electrical-panel-upgrades-los-angeles/,0,1,0.00%,1.00
canless recessed lighting,https://shaffercon.com/industry-insights/recessed-lighting-installation-guide/,0,2,0.00%,1.00
car charger installers near me,https://shaffercon.com/service-areas/santa-monica/residential-ev-charger-installation/,0,1,0.00%,50.00
carb compliance culver city,https://shaffercon.com/service-areas/culver-city/residential-backup-generator-installation/,0,1,0.00%,37.00
carmel valley ca led recessed lighting,https://shaffercon.com/industry-insights/recessed-lighting-installation-guide/,0,1,0.00%,2.00
carmel valley ca recessed lighting design,https://shaffercon.com/industry-insights/recessed-lighting-installation-guide/,0,1,0.00%,2.00
ccdd battery charging 2026,https://shaffercon.com/industry-insights/california-2026-building-code-ev-charging-requirements-home-real-estate-trend-32-new-models/,0,18,0.00%,5.44
ccr title 24,https://shaffercon.com/industry-insights/california-title-24-electrical-requirements-renovations/,0,1,0.00%,57.00
cec electrical code,https://shaffercon.com/industry-insights/california-title-24-electrical-requirements-renovations/,0,2,0.00%,39.00
cec t24,https://shaffercon.com/industry-insights/california-title-24-electrical-requirements-renovations/,0,2,0.00%,39.00
cec title 24,https://shaffercon.com/industry-insights/california-title-24-electrical-requirements-renovations/,0,6,0.00%,41.00
ceiling,https://shaffercon.com/industry-insights/recessed-lighting-installation-guide/,0,4,0.00%,1.00
ceiling fan boxes must be marked with the maximum weight,https://shaffercon.com/industry-insights/ceiling-fan-installation-benefits-aesthetics,0,1,0.00%,1.00
ceiling fan boxes must be marked with the maximum weight to be supported when they are rated to support more than,https://shaffercon.com/industry-insights/ceiling-fan-installation-benefits-aesthetics,0,1,0.00%,13.00
ceiling fan code requirements,https://shaffercon.com/industry-insights/ceiling-fan-installation-benefits-aesthetics,0,1,0.00%,50.00
ceiling fan electrician el segundo ca,https://shaffercon.com/industry-insights/el-segundo-electrician-services-contractor/,0,2,0.00%,6.00
ceiling fan height code,https://shaffercon.com/industry-insights/ceiling-fan-installation-benefits-aesthetics,0,4,0.00%,25.00
ceiling fan installation burbank,https://shaffercon.com/service-areas/burbank/,0,9,0.00%,25.56
ceiling fan installation burbank,https://shaffercon.com/service-areas/burbank/commercial-ceiling-fan-fixture-installation/,0,9,0.00%,21.11
ceiling fan installation burbank,https://shaffercon.com/service-areas/burbank/residential-ceiling-fan-fixture-installation,0,4,0.00%,5.00
ceiling fan installation burbank,https://shaffercon.com/service-areas/burbank/residential-ceiling-fan-fixture-installation/,0,6,0.00%,5.00
ceiling fan installation glendale,https://shaffercon.com/service-areas/glendale/commercial-ceiling-fan-fixture-installation/,0,4,0.00%,9.00
ceiling fan installation highland,https://shaffercon.com/service-areas/highland-park/commercial-ceiling-fan-fixture-installation,0,1,0.00%,13.00
ceiling fan installation highland,https://shaffercon.com/service-areas/highland-park/commercial-ceiling-fan-fixture-installation/,0,1,0.00%,22.00
ceiling fan installation highland,https://shaffercon.com/service-areas/highland-park/residential-ceiling-fan-fixture-installation/,0,13,0.00%,12.69
ceiling fan installation hollywood,https://shaffercon.com/service-areas/hollywood/commercial-ceiling-fan-fixture-installation/,0,5,0.00%,27.60
ceiling fan installation hollywood,https://shaffercon.com/service-areas/hollywood/residential-ceiling-fan-fixture-installation/,0,6,0.00%,10.67
ceiling fan installation hollywood,https://shaffercon.com/service-areas/west-hollywood/commercial-ceiling-fan-fixture-installation,0,3,0.00%,62.33
ceiling fan installation hollywood,https://shaffercon.com/service-areas/west-hollywood/commercial-ceiling-fan-fixture-installation/,0,2,0.00%,54.00
ceiling fan installation hollywood,https://shaffercon.com/service-areas/west-hollywood/residential-ceiling-fan-fixture-installation,0,9,0.00%,43.44
ceiling fan installation hollywood,https://shaffercon.com/service-areas/west-hollywood/residential-ceiling-fan-fixture-installation/,0,25,0.00%,29.52
ceiling fan installation long beach,https://shaffercon.com/service-areas/long-beach/,0,40,0.00%,15.78
ceiling fan installation long beach,https://shaffercon.com/service-areas/long-beach/commercial-ceiling-fan-fixture-installation,0,1,0.00%,20.00
ceiling fan installation long beach,https://shaffercon.com/service-areas/long-beach/commercial-ceiling-fan-fixture-installation/,0,49,0.00%,22.51
ceiling fan installation long beach,https://shaffercon.com/service-areas/long-beach/residential-ceiling-fan-fixture-installation,0,21,0.00%,6.48
ceiling fan installation long beach,https://shaffercon.com/service-areas/long-beach/residential-ceiling-fan-fixture-installation/,0,39,0.00%,6.44
ceiling fan installation los angeles,https://shaffercon.com/industry-insights/ceiling-fan-installation-benefits-aesthetics,0,136,0.00%,17.53
ceiling fan installation near long beach,https://shaffercon.com/service-areas/long-beach/,0,13,0.00%,14.85
ceiling fan installation near long beach,https://shaffercon.com/service-areas/long-beach/commercial-ceiling-fan-fixture-installation/,0,9,0.00%,20.67
ceiling fan installation near long beach,https://shaffercon.com/service-areas/long-beach/residential-ceiling-fan-fixture-installation,0,10,0.00%,6.50
ceiling fan installation near long beach,https://shaffercon.com/service-areas/long-beach/residential-ceiling-fan-fixture-installation/,0,9,0.00%,7.89
ceiling fan installation pasadena,https://shaffercon.com/service-areas/pasadena/,0,5,0.00%,9.80
ceiling fan installation pasadena,https://shaffercon.com/service-areas/pasadena/commercial-ceiling-fan-fixture-installation/,0,23,0.00%,17.04
ceiling fan installation pasadena,https://shaffercon.com/service-areas/pasadena/residential-ceiling-fan-fixture-installation/,0,38,0.00%,6.05
ceiling fan installation pasadena,https://shaffercon.com/service-areas/santa-clarita/residential-ceiling-fan-fixture-installation/,0,2,0.00%,35.50
ceiling fan installation service burbank,https://shaffercon.com/service-areas/burbank/,0,7,0.00%,15.29
ceiling fan installation service burbank,https://shaffercon.com/service-areas/burbank/residential-ceiling-fan-fixture-installation/,0,4,0.00%,5.00
ceiling fan installation service glendale,https://shaffercon.com/service-areas/glendale/,0,7,0.00%,5.57
ceiling fan installation service glendale,https://shaffercon.com/service-areas/glendale/commercial-ceiling-fan-fixture-installation/,0,1,0.00%,7.00
ceiling fan installation service pasadena,https://shaffercon.com/service-areas/pasadena/,0,1,0.00%,43.00
ceiling fan installation service pasadena,https://shaffercon.com/service-areas/pasadena/commercial-ceiling-fan-fixture-installation/,0,7,0.00%,18.00
ceiling fan installation service pasadena,https://shaffercon.com/service-areas/pasadena/residential-ceiling-fan-fixture-installation/,0,6,0.00%,4.83
ceiling fan installation southern california,https://shaffercon.com/industry-insights/ceiling-fan-installation-benefits-aesthetics,0,4,0.00%,11.75
ceiling fan installation torrance ca,https://shaffercon.com/service-areas/torrance/,0,4,0.00%,20.75
ceiling fan installation torrance ca,https://shaffercon.com/service-areas/torrance/commercial-ceiling-fan-fixture-installation/,0,3,0.00%,11.00
ceiling fan installation torrance ca,https://shaffercon.com/service-areas/torrance/residential-ceiling-fan-fixture-installation/,0,9,0.00%,2.56
ceiling fan installation venice,https://shaffercon.com/service-areas/venice/commercial-ceiling-fan-fixture-installation,0,2,0.00%,42.50
ceiling fan installation venice,https://shaffercon.com/service-areas/venice/residential-ceiling-fan-fixture-installation,0,2,0.00%,28.00
ceiling fan los angeles ca,https://shaffercon.com/industry-insights/ceiling-fan-installation-benefits-aesthetics,0,5,0.00%,35.80
ceiling light installation inglewood,https://shaffercon.com/service-areas/inglewood/,0,10,0.00%,7.90
ceiling work,https://shaffercon.com/industry-insights/recessed-lighting-installation-guide/,0,2,0.00%,1.00
celebrities from inglewood,https://shaffercon.com/service-areas/inglewood/,0,1,0.00%,1.00
certified electrical contractor wall,https://shaffercon.com/industry-insights/california-title-24-electrical-requirements-renovations/,0,3,0.00%,50.67
certified electrical distribution & supply whittier ca 90606 utility contractor,https://shaffercon.com/industry-insights/california-title-24-electrical-requirements-renovations/,0,1,0.00%,3.00
challenges deploying nacs j3400 and mcs chargers concurrently infrastructure,https://shaffercon.com/industry-insights/emerging-trends-in-ev-charging-infrastructure-innovations-and-challenges-ahead/,0,5,0.00%,5.60
challenges deploying nacs j3400 and mcs concurrently charging infrastructure,https://shaffercon.com/industry-insights/nacs-connector-48-percent-market-share-fleet-megawatt-charging-installation-costs-utility-rebates/,0,1,0.00%,7.00
challenges deploying nacs j3400 and mcs concurrently ev charging infrastructure,https://shaffercon.com/industry-insights/emerging-trends-in-ev-charging-infrastructure-innovations-and-challenges-ahead/,0,8,0.00%,4.50
challenges deploying nacs j3400 and mcs concurrently ev charging infrastructure,https://shaffercon.com/industry-insights/nacs-connector-48-percent-market-share-fleet-megawatt-charging-installation-costs-utility-rebates/,0,1,0.00%,8.00
challenges deploying nacs j3400 and mcs concurrently ev infrastructure,https://shaffercon.com/industry-insights/emerging-trends-in-ev-charging-infrastructure-innovations-and-challenges-ahead/,0,1,0.00%,9.00
challenges deploying sae j3400 and mcs concurrently ev charging infrastructure,https://shaffercon.com/industry-insights/emerging-trends-in-ev-charging-infrastructure-innovations-and-challenges-ahead/,0,2,0.00%,8.50
challenges deploying sae j3400 and mcs concurrently ev infrastructure,https://shaffercon.com/industry-insights/emerging-trends-in-ev-charging-infrastructure-innovations-and-challenges-ahead/,0,7,0.00%,8.71
charge ev at home,https://shaffercon.com/residential-ev-charger/,0,1,0.00%,3.00
chargedevs.com,https://shaffercon.com/industry-insights/top-trends-challenges-and-innovations-in-ev-charging-infrastructure-for-2025/,0,1,0.00%,35.00
chargepoint 600 kw charger,https://shaffercon.com/industry-insights/ces-2026-mercedes-electric-glc-chargepoint-600kw-used-ev-deals-afeela-tesla-robotaxi/,0,1,0.00%,12.00
chargepoint 600 kw charger,https://shaffercon.com/industry-insights/tesla-q1-results-beat-chargepoint-600kw-express-solo-rivian-r2-production-launch-nyserda-45m-nevi-ford-ev-sales-collapse-rivian-overtakes/,0,1,0.00%,7.00
chargepoint 600kw,https://shaffercon.com/industry-insights/ces-2026-mercedes-electric-glc-chargepoint-600kw-used-ev-deals-afeela-tesla-robotaxi/,0,2,0.00%,11.50
chargepoint express solo 600 kw charger,https://shaffercon.com/industry-insights/tesla-q1-results-beat-chargepoint-600kw-express-solo-rivian-r2-production-launch-nyserda-45m-nevi-ford-ev-sales-collapse-rivian-overtakes/,0,1,0.00%,2.00
charger construction,https://shaffercon.com/,0,4,0.00%,63.00
charger construction,https://shaffercon.com/industry-insights/,0,1,0.00%,25.00
charger construction,https://shaffercon.com/industry-insights/advancing-electric-vehicle-infrastructure-in-los-angeles-the-role-of-shaffer-construction-inc/,0,5,0.00%,33.20
charger construction,https://shaffercon.com/service-areas/torrance/residential-ev-charger-installation/,0,1,0.00%,75.00
charger news,https://shaffercon.com/industry-insights/california-2026-building-code-ev-charging-requirements-home-real-estate-trend-32-new-models/,0,1,0.00%,12.00
charger service application,https://shaffercon.com/service-areas/torrance/residential-ev-charger-installation/,0,1,0.00%,70.00
charging infrastructure,https://shaffercon.com/industry-insights/exploring-the-rapid-growth-and-key-trends-in-ev-charging-infrastructure-in-2023/,0,15,0.00%,90.47
charging infrastructure,https://shaffercon.com/industry-insights/the-essential-guide-to-ev-charging-infrastructure-benefits-strategies-and-future-trends/,0,16,0.00%,74.94
charging infrastructure,https://shaffercon.com/industry-insights/the-future-of-electric-vehicle-charging-why-infrastructure-matters-for-sustainable-growth/,0,1,0.00%,93.00
charging infrastructure,https://shaffercon.com/industry-insights/the-growing-landscape-of-ev-charging-infrastructure-trends-innovations-and-future-prospects/,0,2,0.00%,91.00
charging infrastructure,https://shaffercon.com/industry-insights/the-rise-of-ev-charging-infrastructure-trends-challenges-and-solutions-for-the-future/,0,6,0.00%,77.50
charging infrastructure availability,https://shaffercon.com/industry-insights/the-rapid-expansion-of-ev-charging-infrastructure-key-insights-policy-updates-and-practical-tips-for-home-and-business-owners/,0,6,0.00%,95.50
charging infrastructure development,https://shaffercon.com/industry-insights/exploring-the-rapid-growth-and-key-trends-in-ev-charging-infrastructure-in-2023/,0,2,0.00%,23.50
charging infrastructure expansion,https://shaffercon.com/industry-insights/the-rapid-expansion-of-ev-charging-infrastructure-key-insights-policy-updates-and-practical-tips-for-home-and-business-owners/,0,1,0.00%,99.00
charging infrastructure for electric vehicles,https://shaffercon.com/industry-insights/exploring-the-rapid-growth-and-key-trends-in-ev-charging-infrastructure-in-2023/,0,2,0.00%,75.00
charging infrastructure for electric vehicles,https://shaffercon.com/industry-insights/the-essential-guide-to-ev-charging-infrastructure-benefits-strategies-and-future-trends/,0,3,0.00%,75.67
charging infrastructure for evs,https://shaffercon.com/industry-insights/exploring-the-rapid-growth-and-key-trends-in-ev-charging-infrastructure-in-2023/,0,1,0.00%,79.00
charging infrastructure for evs,https://shaffercon.com/industry-insights/the-essential-guide-to-ev-charging-infrastructure-benefits-strategies-and-future-trends/,0,1,0.00%,93.00
charging infrastructure for mobility operators,https://shaffercon.com/industry-insights/transforming-mobility-the-rise-of-ev-charging-infrastructure-across-america/,0,2,0.00%,73.50
charging infrastucture,https://shaffercon.com/industry-insights/exploring-the-rapid-growth-and-key-trends-in-ev-charging-infrastructure-in-2023/,0,5,0.00%,92.00
charging infrastucture,https://shaffercon.com/industry-insights/the-essential-guide-to-ev-charging-infrastructure-benefits-strategies-and-future-trends/,0,7,0.00%,80.43
charging infrastucture,https://shaffercon.com/industry-insights/the-future-of-electric-vehicle-charging-why-infrastructure-matters-for-sustainable-growth/,0,2,0.00%,96.50
charging infrastucture,https://shaffercon.com/industry-insights/the-rise-of-ev-charging-infrastructure-trends-challenges-and-solutions-for-the-future/,0,3,0.00%,80.33
charging station infrastructure,https://shaffercon.com/industry-insights/exploring-the-rapid-growth-and-key-trends-in-ev-charging-infrastructure-in-2023/,0,41,0.00%,63.56
charging station infrastructure,https://shaffercon.com/industry-insights/the-essential-guide-to-ev-charging-infrastructure-benefits-strategies-and-future-trends/,0,22,0.00%,65.41
charging station infrastructure,https://shaffercon.com/industry-insights/the-growing-landscape-of-ev-charging-infrastructure-trends-innovations-and-future-prospects/,0,1,0.00%,99.00
charging station infrastructure,https://shaffercon.com/industry-insights/the-rise-of-ev-charging-infrastructure-trends-challenges-and-solutions-for-the-future/,0,7,0.00%,91.57
charging station infrastructure for electric vehicles,https://shaffercon.com/industry-insights/the-essential-guide-to-ev-charging-infrastructure-benefits-strategies-and-future-trends,0,1,0.00%,31.00
charging station installation,https://shaffercon.com/industry-insights/the-ultimate-guide-to-ev-charger-installation-and-infrastructure-in-los-angeles/,0,25,0.00%,50.44
charging station investment,https://shaffercon.com/industry-insights/the-critical-importance-of-investing-in-ev-charging-infrastructure-for-a-sustainable-future/,0,1,0.00%,69.00
charging station permits,https://shaffercon.com/industry-insights/the-ultimate-guide-to-ev-charger-installation-and-infrastructure-in-los-angeles/,0,2,0.00%,63.00
checklist,https://shaffercon.com/industry-insights/afci-vs-gfci-circuit-protection-los-angeles/,0,1,0.00%,2.00
checklist electrical,https://shaffercon.com/industry-insights/electrical-safety-inspection-checklist-los-angeles/,0,3,0.00%,45.67
checklist electrical inspection,https://shaffercon.com/industry-insights/electrical-safety-inspection-checklist-los-angeles/,0,5,0.00%,47.00
checklist for electrical inspection,https://shaffercon.com/industry-insights/electrical-safety-inspection-checklist-los-angeles/,0,6,0.00%,37.67
checklist for electrical panel inspection,https://shaffercon.com/industry-insights/electrical-safety-inspection-checklist-los-angeles/,0,6,0.00%,34.17
checklist for electrical safety,https://shaffercon.com/industry-insights/electrical-safety-inspection-checklist-los-angeles/,0,9,0.00%,49.44
christmas light electrical safety,https://shaffercon.com/industry-insights/christmas-light-safety-maintenance-tips/,0,41,0.00%,48.56
circuit breaker installation highland park,https://shaffercon.com/service-areas/highland-park/,0,9,0.00%,11.78
circuit breaker repair newman ca,https://shaffercon.com/service-areas/sherman-oaks/,0,2,0.00%,20.00
circuit breaker replacement torrance ca,https://shaffercon.com/service-areas/torrance/,0,1,0.00%,18.00
circuit breaker upgrade los angeles ca,https://shaffercon.com/industry-insights/complete-guide-electrical-panel-upgrades-los-angeles/,0,19,0.00%,16.47
circuit breaker upgrades highland park,https://shaffercon.com/service-areas/highland-park/commercial-electrical-panel-upgrades/,0,1,0.00%,5.00
"circuit extensions in los angeles, ca",https://shaffercon.com/industry-insights/afci-vs-gfci-circuit-protection-los-angeles/,0,1,0.00%,19.00
city of commerce 2025 california building code ordinance ev charging station,https://shaffercon.com/industry-insights/california-2026-building-code-ev-charging-requirements-home-real-estate-trend-32-new-models/,0,1,0.00%,11.00
civil work construction for ev infrastructure,https://shaffercon.com/industry-insights/expanding-electric-vehicle-charging-infrastructure-key-developments-and-community-efforts/,0,1,0.00%,83.00
civil work construction for ev infrastructure,https://shaffercon.com/industry-insights/exploring-the-rapid-growth-and-key-trends-in-ev-charging-infrastructure-in-2023/,0,1,0.00%,93.00
civil work construction for ev infrastructure,https://shaffercon.com/industry-insights/planning-ev-charger-infrastructure-installation-in-los-angeles-costs-options-and-what-to-expect/,0,6,0.00%,51.00
civil work construction for ev infrastructure,https://shaffercon.com/industry-insights/the-essential-role-of-ev-charging-infrastructure-in-driving-sustainable-transportation/,0,1,0.00%,93.00
civil work construction for ev infrastructure,https://shaffercon.com/industry-insights/the-ultimate-guide-to-ev-charger-installation-and-infrastructure-in-los-angeles/,0,1,0.00%,98.00
civil work for ev charging stations,https://shaffercon.com/industry-insights/expanding-electric-vehicle-charging-infrastructure-key-developments-and-community-efforts/,0,4,0.00%,69.50
civil work for ev charging stations,https://shaffercon.com/industry-insights/the-growing-demand-for-ev-charging-infrastructure-how-maintenance-and-innovation-shape-the-future/,0,1,0.00%,83.00
civil work for ev charging stations,https://shaffercon.com/industry-insights/the-ultimate-guide-to-ev-charger-installation-and-infrastructure-in-los-angeles/,0,5,0.00%,68.20
class a gfci protection,https://shaffercon.com/industry-insights/gfci-safety-installation-guide/,0,1,0.00%,77.00
coastal oaks circuit repairs,https://shaffercon.com/service-areas/long-beach/,0,1,0.00%,36.00
code article,https://shaffercon.com/industry-insights/kitchen-electrical-requirements-outlet-placement-guide/,0,1,0.00%,4.00
code compliance electrical upgrades torrance ca,https://shaffercon.com/industry-insights/complete-guide-electrical-panel-upgrades-los-angeles/,0,8,0.00%,22.38
code compliance electrical upgrades torrance ca,https://shaffercon.com/service-areas/glendale/residential-electrical-panel-upgrades/,0,1,0.00%,17.00
code compliance electrical upgrades torrance ca,https://shaffercon.com/service-areas/long-beach/,0,1,0.00%,1.00
code compliance electrical upgrades torrance ca,https://shaffercon.com/service-areas/torrance/,0,9,0.00%,11.11
code for electrical outlets in kitchen,https://shaffercon.com/industry-insights/kitchen-electrical-requirements-outlet-placement-guide/,0,13,0.00%,37.85
code for kitchen outlets,https://shaffercon.com/industry-insights/kitchen-electrical-requirements-outlet-placement-guide/,0,16,0.00%,19.50
code for outlets in kitchen,https://shaffercon.com/industry-insights/kitchen-electrical-requirements-outlet-placement-guide/,0,10,0.00%,32.30
code requirements for kitchen outlets,https://shaffercon.com/industry-insights/kitchen-electrical-requirements-outlet-placement-guide/,0,3,0.00%,1.00
coffer construction,https://shaffercon.com/,0,2,0.00%,48.50
coffered ceiling dimensions,https://shaffercon.com/industry-insights/recessed-lighting-installation-guide/,0,1,0.00%,1.00
combustion,https://shaffercon.com/industry-insights/california-2026-building-code-ev-charging-requirements-home-real-estate-trend-32-new-models/,0,1,0.00%,1.00
commercial automation los angeles,https://shaffercon.com/service-areas/beverly-hills/commercial-smart-automation-systems/,0,1,0.00%,8.00
commercial automation los angeles,https://shaffercon.com/service-areas/hollywood/commercial-smart-automation-systems,0,7,0.00%,9.00
commercial automation los angeles,https://shaffercon.com/service-areas/sherman-oaks/commercial-smart-automation-systems,0,4,0.00%,5.00
commercial automation los angeles ca,https://shaffercon.com/service-areas/hollywood/commercial-smart-automation-systems,0,27,0.00%,15.33
commercial automation los angeles ca,https://shaffercon.com/service-areas/pasadena/commercial-smart-automation-systems/,0,17,0.00%,34.82
commercial automation los angeles ca,https://shaffercon.com/service-areas/sherman-oaks/commercial-smart-automation-systems,0,4,0.00%,5.00
commercial automation los angeles ca,https://shaffercon.com/service-areas/west-hollywood/commercial-smart-automation-systems/,0,12,0.00%,13.42
commercial automation services los angeles,https://shaffercon.com/service-areas/beverly-hills/commercial-smart-automation-systems/,0,5,0.00%,6.40
commercial automation services los angeles,https://shaffercon.com/service-areas/pasadena/commercial-smart-automation-systems/,0,1,0.00%,6.00
commercial automation services los angeles,https://shaffercon.com/service-areas/sherman-oaks/commercial-smart-automation-systems,0,1,0.00%,8.00
commercial automation services los angeles,https://shaffercon.com/service-areas/west-hollywood/commercial-smart-automation-systems/,0,10,0.00%,6.60
commercial automation solutions los angeles,https://shaffercon.com/service-areas/beverly-hills/commercial-smart-automation-systems/,0,2,0.00%,5.50
commercial automation solutions los angeles,https://shaffercon.com/service-areas/pasadena/commercial-smart-automation-systems/,0,3,0.00%,8.67
commercial automation solutions los angeles,https://shaffercon.com/service-areas/sherman-oaks/commercial-smart-automation-systems,0,2,0.00%,7.00
commercial automation solutions los angeles,https://shaffercon.com/service-areas/west-hollywood/commercial-smart-automation-systems/,0,11,0.00%,7.64
commercial automation solutions los angeles ca,https://shaffercon.com/service-areas/beverly-hills/commercial-smart-automation-systems/,0,1,0.00%,8.00
commercial automation solutions los angeles ca,https://shaffercon.com/service-areas/pasadena/commercial-smart-automation-systems/,0,3,0.00%,25.33
commercial automation system costa mesa,https://shaffercon.com/service-areas/highland-park/commercial-smart-automation-systems/,0,1,0.00%,50.00
commercial automation systems highland park,https://shaffercon.com/service-areas/highland-park/residential-smart-automation-systems/,0,5,0.00%,10.20
commercial av services venice,https://shaffercon.com/service-areas/venice/commercial-data-network-av-wiring/,0,2,0.00%,10.00
commercial backup generator installation,https://shaffercon.com/service-areas/glendale/commercial-backup-generator-installation/,0,9,0.00%,69.44
commercial car charger,https://shaffercon.com/commercial-electric-vehicle-chargers/,0,9,0.00%,75.78
commercial car chargers,https://shaffercon.com/commercial-electric-vehicle-chargers/,0,1,0.00%,77.00
commercial car charging stations,https://shaffercon.com/commercial-electric-vehicle-chargers/,0,10,0.00%,80.20
commercial charging,https://shaffercon.com/commercial-electric-vehicle-chargers/,0,2,0.00%,65.50
commercial charging infrastructure,https://shaffercon.com/industry-insights/exploring-the-rapid-growth-and-key-trends-in-ev-charging-infrastructure-in-2023/,0,8,0.00%,85.00
commercial charging point contractor,https://shaffercon.com/commercial-electric-vehicle-chargers/,0,4,0.00%,23.75
commercial charging station,https://shaffercon.com/commercial-electric-vehicle-chargers/,0,29,0.00%,73.90
commercial charging stations,https://shaffercon.com/commercial-electric-vehicle-chargers/,0,2,0.00%,71.50
commercial construction santa clarita,https://shaffercon.com/service-areas/santa-clarita/,0,1,0.00%,34.00
commercial construction west hollywood,https://shaffercon.com/service-areas/west-hollywood/,0,19,0.00%,23.16
commercial contractor los angeles,https://shaffercon.com/,0,3,0.00%,45.67
commercial electric car charger,https://shaffercon.com/commercial-electric-vehicle-chargers/,0,17,0.00%,77.53
commercial electric car chargers,https://shaffercon.com/commercial-electric-vehicle-chargers/,0,7,0.00%,61.71
commercial electric car charging points installation,https://shaffercon.com/industry-insights/the-ultimate-guide-to-ev-charger-installation-and-infrastructure-in-los-angeles/,0,1,0.00%,95.00
commercial electric car charging station,https://shaffercon.com/commercial-electric-vehicle-chargers/,0,1,0.00%,80.00
commercial electric car charging stations,https://shaffercon.com/commercial-electric-vehicle-chargers/,0,10,0.00%,76.60
commercial electric charging stations,https://shaffercon.com/commercial-electric-vehicle-chargers/,0,1,0.00%,64.00
commercial electric panel upgrade for federal pacific electric zinsco pushmatic glendale,https://shaffercon.com/service-areas/glendale/commercial-electrical-panel-upgrades/,0,3,0.00%,6.00
commercial electric repair highland village,https://shaffercon.com/service-areas/highland-park/commercial-breaker-panel-service-maintenance/,0,3,0.00%,64.33
commercial electric repair highland village,https://shaffercon.com/service-areas/highland-park/commercial-electrical-troubleshooting-repairs,0,9,0.00%,44.78
commercial electric repair pasadena,https://shaffercon.com/service-areas/pasadena/commercial-electrical-troubleshooting-repairs,0,2,0.00%,28.50
commercial electric repair pasadena,https://shaffercon.com/service-areas/pasadena/commercial-electrical-troubleshooting-repairs/,0,1,0.00%,17.00
commercial electric vehicle charger,https://shaffercon.com/commercial-electric-vehicle-chargers/,0,90,0.00%,60.64
commercial electric vehicle charger installation,https://shaffercon.com/commercial-electric-vehicle-chargers/,0,63,0.00%,50.17
commercial electric vehicle chargers,https://shaffercon.com/commercial-electric-vehicle-chargers/,0,117,0.00%,74.60
commercial electric vehicle charging,https://shaffercon.com/commercial-electric-vehicle-chargers/,0,8,0.00%,57.50
commercial electric vehicle charging station,https://shaffercon.com/commercial-electric-vehicle-chargers/,0,1,0.00%,33.00
commercial electric vehicle charging station installation,https://shaffercon.com/industry-insights/the-ultimate-guide-to-ev-charger-installation-and-infrastructure-in-los-angeles/,0,3,0.00%,79.33
commercial electrical burbank,https://shaffercon.com/service-areas/burbank/,0,20,0.00%,5.30
commercial electrical code compliance contractor near me,https://shaffercon.com/service-areas/beverly-hills/commercial-electrical-code-compliance-corrections/,0,3,0.00%,3.00
commercial electrical code compliance contractor near me,https://shaffercon.com/service-areas/silver-lake/commercial-electrical-code-compliance-corrections,0,1,0.00%,10.00
commercial electrical code compliance in fullerton,https://shaffercon.com/service-areas/silver-lake/commercial-electrical-code-compliance-corrections,0,8,0.00%,18.88
commercial electrical code compliance in los angeles,https://shaffercon.com/service-areas/beverly-hills/commercial-electrical-code-compliance-corrections/,0,28,0.00%,9.71
commercial electrical code compliance in los angeles,https://shaffercon.com/service-areas/boyle-heights/commercial-electrical-code-compliance-corrections/,0,1,0.00%,48.00
commercial electrical code compliance in los angeles,https://shaffercon.com/service-areas/echo-park/commercial-electrical-code-compliance-corrections/,0,3,0.00%,23.00
commercial electrical code compliance in los angeles,https://shaffercon.com/service-areas/highland-park/commercial-electrical-code-compliance-corrections/,0,1,0.00%,40.00
commercial electrical code compliance in los angeles,https://shaffercon.com/service-areas/los-feliz/commercial-electrical-code-compliance-corrections/,0,19,0.00%,3.84
commercial electrical code compliance in los angeles,https://shaffercon.com/service-areas/silver-lake/commercial-electrical-code-compliance-corrections,0,6,0.00%,20.83
commercial electrical code compliance in los angeles,https://shaffercon.com/service-areas/west-hollywood/commercial-electrical-code-compliance-corrections/,0,4,0.00%,4.00
commercial electrical code compliance in southern ca,https://shaffercon.com/service-areas/echo-park/commercial-electrical-code-compliance-corrections/,0,1,0.00%,44.00
commercial electrical code compliance in southern ca,https://shaffercon.com/service-areas/inglewood/commercial-electrical-code-compliance-corrections/,0,1,0.00%,11.00
commercial electrical code compliance in southern ca,https://shaffercon.com/service-areas/los-feliz/commercial-electrical-code-compliance-corrections/,0,5,0.00%,16.00
commercial electrical code compliance in southern ca,https://shaffercon.com/service-areas/silver-lake/commercial-electrical-code-compliance-corrections,0,12,0.00%,13.75
commercial electrical code compliance in southern ca,https://shaffercon.com/service-areas/silver-lake/commercial-electrical-code-compliance-corrections/,0,1,0.00%,13.00
commercial electrical code compliance in southern ca,https://shaffercon.com/service-areas/torrance/commercial-electrical-code-compliance-corrections,0,1,0.00%,6.00
commercial electrical contractor near me,https://shaffercon.com/service-areas/torrance/,0,1,0.00%,54.00
commercial electrical glendale,https://shaffercon.com/service-areas/glendale/commercial-electrical-panel-upgrades/,0,11,0.00%,15.27
commercial electrical inspection checklist,https://shaffercon.com/industry-insights/electrical-safety-inspection-checklist-los-angeles/,0,6,0.00%,61.83
commercial electrical installation long beach ca,https://shaffercon.com/service-areas/long-beach/,0,16,0.00%,15.81
commercial electrical installation regulations,https://shaffercon.com/industry-insights/california-title-24-electrical-requirements-renovations/,0,1,0.00%,77.00
commercial electrical panel upgrade,https://shaffercon.com/service-areas/glendale/commercial-electrical-panel-upgrades/,0,2,0.00%,82.00
commercial electrical panel upgrade markham,https://shaffercon.com/service-areas/glendale/commercial-electrical-panel-upgrades/,0,1,0.00%,54.00
commercial electrical panel upgrades,https://shaffercon.com/service-areas/glendale/commercial-electrical-panel-upgrades/,0,14,0.00%,55.29
commercial electrical panel upgrades near me,https://shaffercon.com/service-areas/glendale/commercial-electrical-panel-upgrades/,0,1,0.00%,38.00
commercial electrical panels in los angeles,https://shaffercon.com/service-areas/glendale/commercial-electrical-panel-upgrades/,0,28,0.00%,14.82
commercial electrical repair beverly hills,https://shaffercon.com/service-areas/beverly-hills/,0,4,0.00%,20.75
commercial electrical repair beverly hills,https://shaffercon.com/service-areas/beverly-hills/commercial-electrical-troubleshooting-repairs/,0,24,0.00%,5.17
commercial electrical rough in inspection checklist,https://shaffercon.com/industry-insights/electrical-safety-inspection-checklist-los-angeles/,0,2,0.00%,60.50
commercial electrical service upgrade,https://shaffercon.com/service-areas/glendale/commercial-electrical-panel-upgrades/,0,2,0.00%,96.50
commercial electrical services glendale,https://shaffercon.com/service-areas/glendale/commercial-electrical-panel-upgrades/,0,10,0.00%,16.30
commercial electrical services in beverly hills ca,https://shaffercon.com/service-areas/beverly-hills/,0,10,0.00%,12.70
commercial electrical services in burbank ca,https://shaffercon.com/service-areas/burbank/,0,34,0.00%,9.32
commercial electrical services in long beach ca,https://shaffercon.com/service-areas/long-beach/,0,6,0.00%,18.33
commercial electrical subpanel installation,https://shaffercon.com/industry-insights/subpanel-installation-guide-when-why-you-need-one/,0,27,0.00%,22.93
commercial electrical system repair long beach ca,https://shaffercon.com/service-areas/long-beach/,0,1,0.00%,19.00
commercial electrical upgrades,https://shaffercon.com/service-areas/glendale/commercial-electrical-panel-upgrades/,0,2,0.00%,64.50
commercial electrician altadena,https://shaffercon.com/service-areas/altadena/,0,3,0.00%,29.33
commercial electrician beverly hills,https://shaffercon.com/service-areas/beverly-hills/,0,3,0.00%,25.33
commercial electrician burbank,https://shaffercon.com/service-areas/burbank/,0,32,0.00%,12.09
commercial electrician chatsworth,https://shaffercon.com/industry-insights/electrician-chatsworth-ca-electrical-services/,0,1,0.00%,78.00
commercial electrician culver city,https://shaffercon.com/service-areas/culver-city/,0,74,0.00%,13.35
commercial electrician el segundo ca,https://shaffercon.com/industry-insights/el-segundo-electrician-services-contractor/,0,6,0.00%,7.67
commercial electrician glendale,https://shaffercon.com/service-areas/glendale/,0,1,0.00%,49.00
commercial electrician highland park,https://shaffercon.com/service-areas/highland-park/,0,1,0.00%,19.00
commercial electrician long beach california,https://shaffercon.com/service-areas/long-beach/,0,3,0.00%,43.00
commercial electrician santa clarita,https://shaffercon.com/service-areas/santa-clarita/,0,5,0.00%,16.60
commercial electrician santa clarita ca,https://shaffercon.com/service-areas/santa-clarita/,0,2,0.00%,13.50
commercial electrician santa monica,https://shaffercon.com/service-areas/santa-monica/,0,6,0.00%,16.67
commercial electrician services altadena,https://shaffercon.com/service-areas/altadena/,0,6,0.00%,17.67
commercial electrician services altadena,https://shaffercon.com/service-areas/altadena/commercial-data-network-av-wiring/,0,5,0.00%,10.80
commercial electrician services altadena,https://shaffercon.com/service-areas/altadena/commercial-dedicated-equipment-circuits,0,1,0.00%,33.00
commercial electrician services altadena,https://shaffercon.com/service-areas/altadena/commercial-electrical-code-compliance-corrections/,0,1,0.00%,63.00
commercial electrician services altadena,https://shaffercon.com/service-areas/inglewood/commercial-electrical-troubleshooting-repairs/,0,1,0.00%,43.00
commercial electrician services burbank,https://shaffercon.com/service-areas/burbank/,0,24,0.00%,9.00
commercial electrician services burbank,https://shaffercon.com/service-areas/burbank/commercial-electrical-code-compliance-corrections,0,3,0.00%,43.00
commercial electrician services burbank,https://shaffercon.com/service-areas/burbank/commercial-electrical-panel-upgrades/,0,2,0.00%,44.00
commercial electrician services sherman oaks,https://shaffercon.com/service-areas/sherman-oaks/,0,4,0.00%,11.50
commercial electrician services sherman oaks,https://shaffercon.com/service-areas/sherman-oaks/commercial-electrical-panel-upgrades/,0,2,0.00%,32.50
commercial electrician sherman oaks,https://shaffercon.com/service-areas/sherman-oaks/,0,21,0.00%,10.43
commercial energy efficient solutions,https://shaffercon.com/commercial-energy-efficiency-upgrades/,0,1,0.00%,47.00
commercial energy load calculations venice,https://shaffercon.com/service-areas/venice/commercial-energy-efficiency-upgrades/,0,1,0.00%,8.00
commercial energy load calculations venice,https://shaffercon.com/service-areas/venice/commercial-pool-hot-tub-spa-electrical,0,2,0.00%,24.50
commercial energy load calculations venice,https://shaffercon.com/service-areas/venice/residential-energy-efficiency-upgrades,0,1,0.00%,44.00
commercial energy upgrades,https://shaffercon.com/commercial-energy-efficiency-upgrades/,0,1,0.00%,45.00
commercial ev charger,https://shaffercon.com/commercial-electric-vehicle-chargers/,0,17,0.00%,81.71
commercial ev charger installation,https://shaffercon.com/commercial-electric-vehicle-chargers/,0,201,0.00%,60.15
commercial ev charger installation,https://shaffercon.com/industry-insights/the-ultimate-guide-to-ev-charger-installation-and-infrastructure-in-los-angeles/,0,25,0.00%,47.20
commercial ev charger installation flowery branch,https://shaffercon.com/industry-insights/commercial-electrician-ev-charging-safety/,0,1,0.00%,43.00
commercial ev charger installation in cocoa beach,https://shaffercon.com/commercial-electric-vehicle-chargers/,0,1,0.00%,40.00
commercial ev charger installer menifee,https://shaffercon.com/commercial-electric-vehicle-chargers/,0,1,0.00%,41.00
commercial ev charger requirements,https://shaffercon.com/industry-insights/commercial-electrician-ev-charging-safety/,0,14,0.00%,83.93
commercial ev charger requirements,https://shaffercon.com/industry-insights/the-ultimate-guide-to-ev-charger-installation-and-infrastructure-in-los-angeles/,0,11,0.00%,72.45
commercial ev chargers,https://shaffercon.com/commercial-electric-vehicle-chargers/,0,29,0.00%,69.45
commercial ev chargers,https://shaffercon.com/industry-insights/nec-2026-qualified-installer-requirement-charging-reliability-86-percent-commercial-roi-3-5-year-payback/,0,1,0.00%,10.00
commercial ev chargers in fullerton,https://shaffercon.com/commercial-electric-vehicle-chargers/,0,1,0.00%,41.00
commercial ev chargers in los angeles,https://shaffercon.com/commercial-electric-vehicle-chargers/,0,11,0.00%,17.18
commercial ev chargers in los angeles,https://shaffercon.com/industry-insights/installing-ev-chargers-in-los-angeles-your-guide-to-a-greener-future/,0,1,0.00%,44.00
commercial ev chargers in southern ca,https://shaffercon.com/commercial-electric-vehicle-chargers/,0,7,0.00%,27.57
commercial ev charging,https://shaffercon.com/commercial-electric-vehicle-chargers/,0,13,0.00%,75.38
commercial ev charging infrastructure,https://shaffercon.com/industry-insights/exploring-the-rapid-growth-and-key-trends-in-ev-charging-infrastructure-in-2023/,0,1,0.00%,91.00
commercial ev charging installation,https://shaffercon.com/commercial-electric-vehicle-chargers/,0,24,0.00%,72.54
commercial ev charging installation,https://shaffercon.com/industry-insights/the-ultimate-guide-to-ev-charger-installation-and-infrastructure-in-los-angeles/,0,100,0.00%,51.84
commercial ev charging manufacturer usa,https://shaffercon.com/commercial-electric-vehicle-chargers/,0,3,0.00%,91.33
commercial ev charging point installation,https://shaffercon.com/industry-insights/the-ultimate-guide-to-ev-charger-installation-and-infrastructure-in-los-angeles/,0,1,0.00%,44.00
commercial ev charging station,https://shaffercon.com/commercial-electric-vehicle-chargers/,0,55,0.00%,67.35
commercial ev charging station installation,https://shaffercon.com/industry-insights/the-ultimate-guide-to-ev-charger-installation-and-infrastructure-in-los-angeles/,0,339,0.00%,64.13
commercial ev charging station maker,https://shaffercon.com/commercial-electric-vehicle-chargers/,0,4,0.00%,86.50
commercial ev charging stations,https://shaffercon.com/commercial-electric-vehicle-chargers/,0,14,0.00%,69.93
commercial ev charging supplier,https://shaffercon.com/commercial-electric-vehicle-chargers/,0,1,0.00%,80.00
commercial exhaust fan installation glendale,https://shaffercon.com/service-areas/glendale/,0,4,0.00%,10.25
commercial exhaust fan installation glendale,https://shaffercon.com/service-areas/glendale/commercial-electrical-troubleshooting-repairs/,0,2,0.00%,47.50
commercial exhaust fan installation glendale,https://shaffercon.com/service-areas/glendale/commercial-exhaust-fan-ventilation-wiring/,0,23,0.00%,15.96
commercial exhaust fan installation glendale,https://shaffercon.com/service-areas/glendale/commercial-security-motion-lighting/,0,7,0.00%,37.86
commercial exhaust fan installation glendale,https://shaffercon.com/service-areas/torrance/commercial-exhaust-fan-ventilation-wiring/,0,5,0.00%,25.40
commercial exhaust fan installation glendale ca,https://shaffercon.com/service-areas/glendale/,0,10,0.00%,24.90
commercial exhaust fan installation glendale ca,https://shaffercon.com/service-areas/glendale/commercial-exhaust-fan-ventilation-wiring/,0,13,0.00%,4.77
commercial exhaust fan repair glendale,https://shaffercon.com/service-areas/glendale/commercial-electrical-troubleshooting-repairs/,0,12,0.00%,21.25
commercial exhaust fan repair glendale,https://shaffercon.com/service-areas/glendale/commercial-exhaust-fan-ventilation-wiring/,0,6,0.00%,9.17
commercial exhaust fan repair glendale ca,https://shaffercon.com/service-areas/glendale/,0,2,0.00%,19.00
commercial exhaust fan repair glendale ca,https://shaffercon.com/service-areas/glendale/commercial-exhaust-fan-ventilation-wiring/,0,2,0.00%,11.50
commercial exhaust system installation glendale,https://shaffercon.com/service-areas/glendale/,0,1,0.00%,9.00
commercial exhaust system installation glendale,https://shaffercon.com/service-areas/glendale/commercial-backup-generator-installation/,0,2,0.00%,37.00
commercial exhaust system installation glendale,https://shaffercon.com/service-areas/glendale/commercial-exhaust-fan-ventilation-wiring/,0,17,0.00%,15.53
commercial exhaust system installation glendale,https://shaffercon.com/service-areas/torrance/commercial-exhaust-fan-ventilation-wiring/,0,2,0.00%,21.00
commercial exhaust system installation glendale ca,https://shaffercon.com/service-areas/glendale/,0,2,0.00%,12.00
commercial exhaust system installation glendale ca,https://shaffercon.com/service-areas/glendale/commercial-backup-generator-installation/,0,4,0.00%,32.00
commercial exhaust system installation glendale ca,https://shaffercon.com/service-areas/glendale/commercial-exhaust-fan-ventilation-wiring/,0,12,0.00%,9.75
commercial general contractor glendale,https://shaffercon.com/service-areas/glendale/,0,1,0.00%,36.00
commercial generator contractor,https://shaffercon.com/service-areas/glendale/commercial-backup-generator-installation/,0,2,0.00%,17.50
commercial generator hollywood,https://shaffercon.com/service-areas/glendale/commercial-backup-generator-installation/,0,8,0.00%,8.12
commercial generator hollywood,https://shaffercon.com/service-areas/hollywood/commercial-backup-generator-installation/,0,33,0.00%,9.36
commercial generator installation,https://shaffercon.com/service-areas/glendale/commercial-backup-generator-installation/,0,112,0.00%,66.21
commercial generator installation in pembroke,https://shaffercon.com/service-areas/inglewood/commercial-backup-generator-installation/,0,1,0.00%,54.00
commercial generator installation in pembroke,https://shaffercon.com/service-areas/long-beach/commercial-backup-generator-installation/,0,1,0.00%,11.00
commercial generator installation services,https://shaffercon.com/service-areas/glendale/commercial-backup-generator-installation/,0,1,0.00%,75.00
commercial generator services pasadena,https://shaffercon.com/service-areas/glendale/commercial-backup-generator-installation/,0,16,0.00%,71.75
commercial generator services pasadena,https://shaffercon.com/service-areas/pasadena/commercial-backup-generator-installation,0,35,0.00%,12.09
commercial generator services pasadena,https://shaffercon.com/service-areas/pasadena/commercial-backup-generator-installation/,0,18,0.00%,11.89
commercial generator services pasadena,https://shaffercon.com/service-areas/pasadena/residential-backup-generator-installation/,0,17,0.00%,21.59
commercial generator system design consulting,https://shaffercon.com/service-areas/highland-park/commercial-backup-generator-installation/,0,1,0.00%,47.00
commercial gfci requirements,https://shaffercon.com/industry-insights/gfci-safety-installation-guide/,0,1,0.00%,54.00
commercial hardscape in silver lake,https://shaffercon.com/service-areas/silver-lake/commercial-landscape-outdoor-lighting,0,17,0.00%,8.88
commercial hardscape in silver lake,https://shaffercon.com/service-areas/silver-lake/commercial-landscape-outdoor-lighting/,0,40,0.00%,12.05
commercial hardscape in silver lake,https://shaffercon.com/service-areas/silver-lake/commercial-security-motion-lighting/,0,1,0.00%,26.00
commercial hood installation glendale,https://shaffercon.com/service-areas/glendale/commercial-exhaust-fan-ventilation-wiring/,0,2,0.00%,14.50
commercial hvac downtown belmont,https://shaffercon.com/service-areas/long-beach/commercial-exhaust-fan-ventilation-wiring/,0,5,0.00%,43.40
commercial insulation burbank,https://shaffercon.com/service-areas/burbank/commercial-dedicated-equipment-circuits/,0,6,0.00%,34.33
commercial insulation burbank,https://shaffercon.com/service-areas/burbank/commercial-electrical-panel-upgrades/,0,1,0.00%,60.00
commercial kitchen electrical code requirements,https://shaffercon.com/industry-insights/kitchen-electrical-requirements-outlet-placement-guide/,0,1,0.00%,1.00
commercial kitchen electrical requirements,https://shaffercon.com/industry-insights/kitchen-electrical-requirements-outlet-placement-guide/,0,3,0.00%,27.33
commercial kitchen exhaust fan installation glendale,https://shaffercon.com/service-areas/glendale/commercial-exhaust-fan-ventilation-wiring/,0,9,0.00%,4.67
commercial kitchen exhaust fan installation glendale ca,https://shaffercon.com/service-areas/glendale/commercial-exhaust-fan-ventilation-wiring/,0,6,0.00%,5.00
commercial kitchen hood installation glendale,https://shaffercon.com/service-areas/glendale/commercial-exhaust-fan-ventilation-wiring/,0,5,0.00%,11.60
commercial kitchen ventilation services glendale,https://shaffercon.com/service-areas/glendale/commercial-exhaust-fan-ventilation-wiring/,0,1,0.00%,14.00
commercial kitchen ventilation services glendale ca,https://shaffercon.com/service-areas/glendale/commercial-exhaust-fan-ventilation-wiring/,0,1,0.00%,25.00
commercial lighting installation and retrofits,https://shaffercon.com/service-areas/inglewood/commercial-lighting-installation-retrofitting/,0,3,0.00%,45.33
commercial lighting installation los angeles,https://shaffercon.com/industry-insights/recessed-lighting-installation-guide/,0,2,0.00%,99.00
commercial lighting installation pasadena ca,https://shaffercon.com/service-areas/pasadena/commercial-lighting-installation-retrofitting/,0,2,0.00%,4.00
commercial lighting retrofit services in bow,https://shaffercon.com/led-retrofit-services/,0,1,0.00%,7.00
commercial lighting retrofit services in bow,https://shaffercon.com/service-areas/glendale/commercial-lighting-installation-retrofitting,0,1,0.00%,36.00
commercial lighting retrofits in epsom,https://shaffercon.com/service-areas/highland-park/commercial-lighting-installation-retrofitting,0,1,0.00%,83.00
commercial lighting services beverly hills,https://shaffercon.com/led-retrofit-services/,0,4,0.00%,87.75
commercial lighting services beverly hills,https://shaffercon.com/service-areas/inglewood/commercial-lighting-installation-retrofitting/,0,6,0.00%,17.50
commercial lighting services beverly hills,https://shaffercon.com/service-areas/long-beach/commercial-landscape-outdoor-lighting/,0,6,0.00%,24.33
"commercial lighting solutions beverly hills, ca",https://shaffercon.com/service-areas/inglewood/commercial-lighting-installation-retrofitting/,0,3,0.00%,90.33
commercial lighting solutions pasadena,https://shaffercon.com/service-areas/pasadena/commercial-lighting-installation-retrofitting/,0,53,0.00%,3.92
commercial lighting solutions pasadena,https://shaffercon.com/service-areas/pasadena/commercial-security-motion-lighting/,0,42,0.00%,7.38
commercial outdoor lighting upgrade contractor,https://shaffercon.com/service-areas/long-beach/commercial-landscape-outdoor-lighting/,0,1,0.00%,79.00
commercial panel upgrade,https://shaffercon.com/industry-insights/complete-guide-electrical-panel-upgrades-los-angeles/,0,116,0.00%,22.63
commercial panel upgrade,https://shaffercon.com/service-areas/glendale/commercial-electrical-panel-upgrades/,0,131,0.00%,52.31
commercial panel upgrade brick nj,https://shaffercon.com/service-areas/glendale/commercial-electrical-panel-upgrades/,0,1,0.00%,47.00
commercial property inspection torrance,https://shaffercon.com/service-areas/torrance/commercial-electrical-safety-inspections/,0,7,0.00%,22.00
commercial security camera system santa monica,https://shaffercon.com/service-areas/santa-monica/commercial-security-motion-lighting/,0,1,0.00%,47.00
commercial security camera system santa monica,https://shaffercon.com/service-areas/santa-monica/commercial-smart-automation-systems,0,1,0.00%,39.00
commercial security camera system santa monica,https://shaffercon.com/service-areas/santa-monica/commercial-smart-automation-systems/,0,3,0.00%,31.67
commercial solar panels santa monica,https://shaffercon.com/service-areas/santa-monica/commercial-complete-electrical-rewiring/,0,10,0.00%,33.00
commercial standby generator installation services,https://shaffercon.com/service-areas/glendale/commercial-backup-generator-installation/,0,9,0.00%,79.56
commercial storefront,https://shaffercon.com/service-areas/pasadena/commercial-lighting-installation-retrofitting/,0,1,0.00%,7.00
commercial subpanel installations,https://shaffercon.com/industry-insights/subpanel-installation-guide-when-why-you-need-one/,0,10,0.00%,23.00
commercial vehicle charging,https://shaffercon.com/commercial-electric-vehicle-chargers/,0,2,0.00%,82.00
commercial vehicle charging station,https://shaffercon.com/commercial-electric-vehicle-chargers/,0,1,0.00%,80.00
commercial ventilation services glendale,https://shaffercon.com/service-areas/glendale/commercial-exhaust-fan-ventilation-wiring/,0,8,0.00%,13.38
commercial ventilation services glendale,https://shaffercon.com/service-areas/torrance/commercial-exhaust-fan-ventilation-wiring/,0,2,0.00%,34.50
commercial ventilation services glendale ca,https://shaffercon.com/service-areas/glendale/commercial-exhaust-fan-ventilation-wiring/,0,13,0.00%,10.08
commercial+ev+charger+installation,https://shaffercon.com/commercial-electric-vehicle-chargers/,0,1,0.00%,49.00
common electrical inspection failures,https://shaffercon.com/industry-insights/passing-electrical-inspection-common-failures-fixes/,0,5,0.00%,14.60
common upgrade scenarios that influence panel pricing,https://shaffercon.com/industry-insights/complete-guide-electrical-panel-upgrades-los-angeles/,0,1,0.00%,16.00
common upgrade scenarios that influence panel pricing?,https://shaffercon.com/industry-insights/complete-guide-electrical-panel-upgrades-los-angeles/,0,1,0.00%,1.00
compare the top electric vehicle home chargers for cost savings and off-peak charging in southern california.,https://shaffercon.com/industry-insights/california-2026-building-code-ev-charging-requirements-home-real-estate-trend-32-new-models/,0,1,0.00%,9.00
comparing ev circuit protection suppliers,https://shaffercon.com/industry-insights/nec-2026-qualified-installer-requirement-charging-reliability-86-percent-commercial-roi-3-5-year-payback/,0,1,0.00%,5.00
competitive rebate programs for long-haul and heavy-duty truck fleets,https://shaffercon.com/industry-insights/california-200000-ev-chargers-oregon-fleet-rebate-germany-truck-charging-electrify-america-simon-tesla-2025-deliveries,0,2,0.00%,4.50
complete house rewiring in the san fernando valley?,https://shaffercon.com/service-areas/sherman-oaks/residential-complete-electrical-rewiring,0,1,0.00%,5.00
complete house rewiring in the san fernando valley?,https://shaffercon.com/service-areas/sherman-oaks/residential-complete-electrical-rewiring/,0,16,0.00%,2.06
compliance for ev chargers,https://shaffercon.com/industry-insights/the-ultimate-guide-to-ev-charger-installation-and-infrastructure-in-los-angeles/,0,14,0.00%,77.21
compliance in ev charger installations,https://shaffercon.com/industry-insights/the-ultimate-guide-to-ev-charger-installation-and-infrastructure-in-los-angeles/,0,2,0.00%,42.50
compliance solutions santa clarita,https://shaffercon.com/service-areas/santa-clarita/residential-electrical-code-compliance-corrections,0,11,0.00%,23.73
compliant ev charger setup,https://shaffercon.com/industry-insights/the-ultimate-guide-to-ev-charger-installation-and-infrastructure-in-los-angeles/,0,20,0.00%,27.15
compliant ev charging installations,https://shaffercon.com/industry-insights/the-ultimate-guide-to-ev-charger-installation-and-infrastructure-in-los-angeles/,0,11,0.00%,48.45
comprehensive ev charger coverage,https://shaffercon.com/industry-insights/the-ultimate-guide-to-ev-charger-installation-and-infrastructure-in-los-angeles,0,1,0.00%,8.00
conceal wiring,https://shaffercon.com/industry-insights/recessed-lighting-installation-guide/,0,1,0.00%,1.00
concrete recessed lights,https://shaffercon.com/industry-insights/recessed-lighting-installation-guide/,0,1,0.00%,1.00
condo electrician los angeles,https://shaffercon.com/service-areas/west-hollywood/,0,1,0.00%,67.00
console,https://shaffercon.com/industry-insights/recessed-lighting-installation-guide/,0,1,0.00%,2.00
construction companies in los angeles,https://shaffercon.com/contact-us/,0,1,0.00%,201.00
construction companies los angeles,https://shaffercon.com/contact-us/,0,1,0.00%,201.00
construction contractors in los angeles,http://www.shaffercon.com/,0,4,0.00%,181.00
construction contractors in los angeles,https://shaffercon.com/,0,1,0.00%,181.00
construction contractors in los angeles,https://shaffercon.com/contact-us/,0,1,0.00%,181.00
construction ev charging stations,https://shaffercon.com/industry-insights/exploring-the-rapid-growth-and-key-trends-in-ev-charging-infrastructure-in-2023/,0,1,0.00%,47.00
construction in los angeles,http://www.shaffercon.com/,0,1,0.00%,121.00
construction in los angeles,https://shaffercon.com/contact-us/,0,1,0.00%,141.00
"construction in los angeles, california",http://www.shaffercon.com/,0,4,0.00%,153.50
"construction in los angeles, california",https://shaffercon.com/contact-us/,0,9,0.00%,139.89
construction it support,https://shaffercon.com/contact-us/,0,2,0.00%,1.00
construction lights culver city,https://shaffercon.com/service-areas/culver-city/,0,7,0.00%,69.86
construction lights culver city,https://shaffercon.com/service-areas/culver-city/commercial-landscape-outdoor-lighting,0,12,0.00%,21.42
construction lights culver city,https://shaffercon.com/service-areas/culver-city/residential-landscape-outdoor-lighting,0,4,0.00%,5.25
construction lights culver city,https://shaffercon.com/service-areas/culver-city/residential-landscape-outdoor-lighting/,0,8,0.00%,8.75
construction lights inglewood,https://shaffercon.com/service-areas/inglewood/,0,5,0.00%,9.40
construction lights inglewood,https://shaffercon.com/service-areas/inglewood/commercial-lighting-installation-retrofitting/,0,3,0.00%,7.00
construction lights inglewood,https://shaffercon.com/service-areas/inglewood/commercial-security-motion-lighting/,0,5,0.00%,14.00
contactless connector market,https://shaffercon.com/industry-insights/autel-nayax-100k-contactless-payments-multifamily-charging-solutions-catl-sodium-ion-ai-grid-integration/,0,5,0.00%,83.60
contractor in west hollywood,https://shaffercon.com/service-areas/west-hollywood/,0,5,0.00%,16.60
contractor long beach,https://shaffercon.com/service-areas/long-beach/,0,2,0.00%,77.50
contractor santa clarita,https://shaffercon.com/service-areas/santa-clarita/,0,2,0.00%,83.50
contractors altadena,https://shaffercon.com/service-areas/altadena/,0,6,0.00%,73.33
contractors beverly hills,https://shaffercon.com/service-areas/beverly-hills/,0,3,0.00%,87.67
contractors glendale,https://shaffercon.com/service-areas/glendale/,0,2,0.00%,17.50
contractors hollywood hills,https://shaffercon.com/service-areas/hollywood/,0,2,0.00%,89.50
contractors in long beach,https://shaffercon.com/service-areas/long-beach/,0,1,0.00%,86.00
contractors in los angeles ca,http://www.shaffercon.com/,0,2,0.00%,181.00
contractors in santa clarita,https://shaffercon.com/service-areas/santa-clarita/,0,1,0.00%,88.00
contractors la,https://shaffercon.com/contact-us/,0,1,0.00%,101.00
contractors santa clarita,https://shaffercon.com/service-areas/santa-clarita/,0,4,0.00%,87.75
contractors santa clarita ca,https://shaffercon.com/service-areas/santa-clarita/,0,1,0.00%,93.00
contractors sherman oaks,https://shaffercon.com/service-areas/sherman-oaks/,0,26,0.00%,21.73
contractors west hollywood,https://shaffercon.com/service-areas/west-hollywood/,0,40,0.00%,21.90
control panel upgrades,https://shaffercon.com/industry-insights/complete-guide-electrical-panel-upgrades-los-angeles/,0,1,0.00%,1.00
coolest la neighborhoods,https://shaffercon.com/service-areas/silver-lake/,0,1,0.00%,1.00
cost in los angeles,https://shaffercon.com/industry-insights/ladbs-electrical-permit-process-step-by-step-guide/,0,1,0.00%,4.00
cost of breaker switches,https://shaffercon.com/industry-insights/afci-vs-gfci-circuit-protection-los-angeles/,0,1,0.00%,19.00
cost of can lights,https://shaffercon.com/industry-insights/recessed-lighting-installation-guide/,0,1,0.00%,1.00
cost of permit to replace electrical panel,https://shaffercon.com/industry-insights/complete-guide-electrical-panel-upgrades-los-angeles/,0,1,0.00%,10.00
cost of replacing outside electrical box los angeles ca,https://shaffercon.com/industry-insights/complete-guide-electrical-panel-upgrades-los-angeles/,0,5,0.00%,53.00
cost of water heater installation permits us,https://shaffercon.com/industry-insights/electric-water-heater-installation-requirements-costs/,0,1,0.00%,8.00
cost to install electric car charger,https://shaffercon.com/residential-ev-charger/,0,1,0.00%,1.00
cost to install tesla supercharger station 2026,https://shaffercon.com/industry-insights/tesla-940k-supercharger-business-configurator-walmart-50-percent-expansion-yermo-400-stall-toronto-480v-fast-track-coachella-charging-congestion/,0,1,0.00%,17.00
cost to replace electrical panel in california,https://shaffercon.com/industry-insights/california-title-24-electrical-requirements-renovations/,0,1,0.00%,3.00
cost to replace federal pacific electrical panel,https://shaffercon.com/industry-insights/federal-pacific-zinsco-panels-replacement-los-angeles/,0,1,0.00%,44.00
cost to replace federal pacific panel,https://shaffercon.com/industry-insights/federal-pacific-zinsco-panels-replacement-los-angeles/,0,1,0.00%,35.00
cost to replace zinsco electrical panel,https://shaffercon.com/industry-insights/panel-upgrades-the-essentials-of-zinsco-panel-upgrade-or-replacement/,0,3,0.00%,66.33
cost to replace zinsco panel,https://shaffercon.com/industry-insights/panel-upgrades-the-essentials-of-zinsco-panel-upgrade-or-replacement/,0,1,0.00%,56.00
cost to rewire kitchen,https://shaffercon.com/industry-insights/kitchen-electrical-requirements-outlet-placement-guide/,0,1,0.00%,1.00
cost to upgrade electrical panel to 200 amps in california,https://shaffercon.com/industry-insights/complete-guide-electrical-panel-upgrades-los-angeles/,0,2,0.00%,50.50
cost?,https://shaffercon.com/industry-insights/afci-vs-gfci-circuit-protection-los-angeles/,0,1,0.00%,7.00
counter height receptacle,https://shaffercon.com/industry-insights/kitchen-electrical-requirements-outlet-placement-guide/,0,3,0.00%,1.00
countertop height receptacle,https://shaffercon.com/industry-insights/kitchen-electrical-requirements-outlet-placement-guide/,0,1,0.00%,1.00
countertop receptacle spacing,https://shaffercon.com/industry-insights/kitchen-electrical-requirements-outlet-placement-guide/,0,2,0.00%,39.50
culver city electrician,https://shaffercon.com/service-areas/culver-city/,0,36,0.00%,34.53
culver city general contractor,https://shaffercon.com/service-areas/culver-city/,0,4,0.00%,81.00
culver city pool builders,https://shaffercon.com/service-areas/culver-city/residential-pool-hot-tub-spa-electrical/,0,1,0.00%,12.00
current electrical code,https://shaffercon.com/industry-insights/california-title-24-electrical-requirements-renovations/,0,1,0.00%,67.00
current electrical regulations,https://shaffercon.com/industry-insights/california-title-24-electrical-requirements-renovations/,0,2,0.00%,48.00
current wiring regulations,https://shaffercon.com/industry-insights/california-title-24-electrical-requirements-renovations/,0,2,0.00%,47.00
custom av highland park,https://shaffercon.com/service-areas/highland-park/residential-data-network-av-wiring/,0,3,0.00%,10.00
custom home integration beverly hills,https://shaffercon.com/service-areas/beverly-hills/residential-smart-automation-systems/,0,1,0.00%,67.00
custom retrofit solutions,https://shaffercon.com/led-retrofit-services/,0,1,0.00%,18.00
dangers of diy electrical work california,https://shaffercon.com/industry-insights/california-title-24-electrical-requirements-renovations/,0,5,0.00%,5.40
data center electrician,https://shaffercon.com/industry-insights/nec-2026-qualified-installer-requirement-charging-reliability-86-percent-commercial-roi-3-5-year-payback/,0,1,0.00%,1.00
dc fast charging tesla,https://shaffercon.com/industry-insights/tesla-supercharger-business-program-us-dc-fast-charging-record-gas-stations-ev-chargers-california-leads-adoption/,0,4,0.00%,50.75
dedicated appliance,https://shaffercon.com/industry-insights/dedicated-circuits-when-why-home-appliances-need-them/,0,7,0.00%,35.57
dedicated appliance circuit bath,https://shaffercon.com/industry-insights/dedicated-circuits-when-why-home-appliances-need-them/,0,20,0.00%,12.70
dedicated appliance circuit gorham,https://shaffercon.com/industry-insights/dedicated-circuits-when-why-home-appliances-need-them/,0,1,0.00%,21.00
dedicated appliance circuit gray,https://shaffercon.com/industry-insights/dedicated-circuits-when-why-home-appliances-need-them/,0,3,0.00%,26.33
dedicated appliance circuit topsham,https://shaffercon.com/industry-insights/dedicated-circuits-when-why-home-appliances-need-them/,0,1,0.00%,48.00
dedicated appliance circuit westbrook,https://shaffercon.com/industry-insights/dedicated-circuits-when-why-home-appliances-need-them/,0,3,0.00%,43.67
dedicated appliance circuit windham,https://shaffercon.com/industry-insights/dedicated-circuits-when-why-home-appliances-need-them/,0,1,0.00%,49.00
dedicated breaker,https://shaffercon.com/industry-insights/dedicated-circuits-when-why-home-appliances-need-them/,0,1,0.00%,72.00
dedicated circuit,https://shaffercon.com/industry-insights/dedicated-circuits-when-why-home-appliances-need-them/,0,12,0.00%,41.75
dedicated circuit breaker,https://shaffercon.com/industry-insights/dedicated-circuits-when-why-home-appliances-need-them/,0,8,0.00%,18.75
dedicated circuit definition,https://shaffercon.com/industry-insights/dedicated-circuits-when-why-home-appliances-need-them/,0,5,0.00%,14.40
dedicated circuit for ac,https://shaffercon.com/industry-insights/dedicated-circuits-when-why-home-appliances-need-them/,0,2,0.00%,63.00
dedicated circuit for air conditioner,https://shaffercon.com/industry-insights/dedicated-circuits-when-why-home-appliances-need-them/,0,5,0.00%,83.40
dedicated circuit for appliances,https://shaffercon.com/industry-insights/dedicated-circuits-when-why-home-appliances-need-them/,0,6,0.00%,37.50
dedicated circuit for refrigerator,https://shaffercon.com/industry-insights/dedicated-circuits-when-why-home-appliances-need-them/,0,1,0.00%,39.00
dedicated circuit for washing machine,https://shaffercon.com/industry-insights/dedicated-circuits-when-why-home-appliances-need-them/,0,1,0.00%,35.00
dedicated circuit installation,https://shaffercon.com/industry-insights/dedicated-circuits-when-why-home-appliances-need-them/,0,170,0.00%,14.68
dedicated circuit installation peninsula,https://shaffercon.com/industry-insights/kitchen-electrical-requirements-outlet-placement-guide/,0,1,0.00%,16.00
dedicated circuit meaning,https://shaffercon.com/industry-insights/dedicated-circuits-when-why-home-appliances-need-them/,0,3,0.00%,51.00
dedicated circuit vs dedicated outlet,https://shaffercon.com/industry-insights/dedicated-circuits-when-why-home-appliances-need-them/,0,26,0.00%,1.65
dedicated circuits,https://shaffercon.com/industry-insights/dedicated-circuits-when-why-home-appliances-need-them/,0,351,0.00%,24.23
dedicated circuits for appliances,https://shaffercon.com/industry-insights/dedicated-circuits-when-why-home-appliances-need-them/,0,3,0.00%,38.67
dedicated circuits for household appliances,https://shaffercon.com/industry-insights/dedicated-circuits-when-why-home-appliances-need-them/,0,3,0.00%,15.00
dedicated circuits in a house,https://shaffercon.com/industry-insights/dedicated-circuits-when-why-home-appliances-need-them/,0,6,0.00%,19.00
dedicated circuits installation corona ca,https://shaffercon.com/industry-insights/dedicated-circuits-when-why-home-appliances-need-them/,0,4,0.00%,24.50
dedicated electrical,https://shaffercon.com/industry-insights/dedicated-circuits-when-why-home-appliances-need-them/,0,1,0.00%,66.00
dedicated electrical circuit,https://shaffercon.com/industry-insights/dedicated-circuits-when-why-home-appliances-need-them/,0,33,0.00%,9.33
dedicated electrical circuits,https://shaffercon.com/industry-insights/dedicated-circuits-when-why-home-appliances-need-them/,0,31,0.00%,14.35
dedicated outlet,https://shaffercon.com/industry-insights/dedicated-circuits-when-why-home-appliances-need-them/,0,4,0.00%,52.75
dedicated outlet meaning,https://shaffercon.com/industry-insights/dedicated-circuits-when-why-home-appliances-need-them/,0,4,0.00%,11.75
dedicated outlet vs regular outlet,https://shaffercon.com/industry-insights/dedicated-circuits-when-why-home-appliances-need-them/,0,1,0.00%,25.00
dedicated outlets,https://shaffercon.com/industry-insights/dedicated-circuits-when-why-home-appliances-need-them/,0,2,0.00%,37.50
dedicated power circuit,https://shaffercon.com/industry-insights/dedicated-circuits-when-why-home-appliances-need-them/,0,2,0.00%,7.50
demand for electricians ev charging infrastructure,https://shaffercon.com/industry-insights/exploring-the-rapid-growth-and-key-trends-in-ev-charging-infrastructure-in-2023/,0,1,0.00%,9.00
diesel generator for commercial building los angeles,https://shaffercon.com/service-areas/glendale/commercial-backup-generator-installation/,0,3,0.00%,20.33
difference between gfci and afci,https://shaffercon.com/industry-insights/afci-vs-gfci-circuit-protection-los-angeles/,0,1,0.00%,75.00
dim to warm recessed lighting,https://shaffercon.com/industry-insights/recessed-lighting-installation-guide/,0,1,0.00%,1.00
dimmable light bulb,https://shaffercon.com/industry-insights/recessed-lighting-installation-guide/,0,3,0.00%,1.00
dimmable light bulbs,https://shaffercon.com/industry-insights/recessed-lighting-installation-guide/,0,7,0.00%,1.00
dimmer light bulb,https://shaffercon.com/industry-insights/recessed-lighting-installation-guide/,0,1,0.00%,1.00
dimmer service,https://shaffercon.com/service-areas/beverly-hills/residential-outlet-switch-dimmer-services/,0,1,0.00%,80.00
dining room receptacle requirements,https://shaffercon.com/industry-insights/kitchen-electrical-requirements-outlet-placement-guide/,0,5,0.00%,1.00
distance between can lights,https://shaffercon.com/industry-insights/recessed-lighting-installation-guide/,0,1,0.00%,1.00
do all outlets in bathroom need to be gfci,https://shaffercon.com/industry-insights/bathroom-electrical-safety-gfci-requirements/,0,1,0.00%,25.00
do bathroom outlets need to be arc fault protected,https://shaffercon.com/industry-insights/bathroom-electrical-safety-gfci-requirements/,0,1,0.00%,40.00
do bathrooms need afci,https://shaffercon.com/industry-insights/afci-vs-gfci-circuit-protection-los-angeles/,0,1,0.00%,46.00
do bathrooms need afci,https://shaffercon.com/industry-insights/bathroom-electrical-safety-gfci-requirements/,0,1,0.00%,42.00
do bathrooms need arc fault breakers,https://shaffercon.com/industry-insights/bathroom-electrical-safety-gfci-requirements/,0,1,0.00%,49.00
do bathrooms need arc fault protection,https://shaffercon.com/industry-insights/afci-vs-gfci-circuit-protection-los-angeles/,0,1,0.00%,19.00
do bathrooms require afci,https://shaffercon.com/industry-insights/bathroom-electrical-safety-gfci-requirements/,0,1,0.00%,36.00
do i need a permit,https://shaffercon.com/industry-insights/california-title-24-electrical-requirements-renovations/,0,1,0.00%,3.00
do i need a permit,https://shaffercon.com/industry-insights/complete-guide-electrical-panel-upgrades-los-angeles/,0,1,0.00%,5.00
do i need a permit for electrical work,https://shaffercon.com/industry-insights/ladbs-electrical-permit-process-step-by-step-guide/,0,1,0.00%,1.00
do i need a permit to add an electrical outlet,https://shaffercon.com/industry-insights/california-title-24-electrical-requirements-renovations/,0,1,0.00%,13.00
do i need a permit to add electrical outlets,https://shaffercon.com/industry-insights/california-title-24-electrical-requirements-renovations/,0,2,0.00%,12.50
do i need a permit to do electrical work in my home,https://shaffercon.com/industry-insights/california-title-24-electrical-requirements-renovations/,0,1,0.00%,10.00
do i need a permit to install a 240v outlet,https://shaffercon.com/industry-insights/california-title-24-electrical-requirements-renovations/,0,5,0.00%,41.40
do i need a permit to install a sub panel,https://shaffercon.com/industry-insights/ladbs-electrical-permit-process-step-by-step-guide/,0,1,0.00%,5.00
do i need a permit to install a sub panel,https://shaffercon.com/industry-insights/subpanel-installation-guide-when-why-you-need-one/,0,4,0.00%,50.50
do i need a permit to install ev charger,https://shaffercon.com/industry-insights/the-ultimate-guide-to-ev-charger-installation-and-infrastructure-in-los-angeles/,0,9,0.00%,50.00
do i need a permit to install ev charger in california,https://shaffercon.com/industry-insights/the-ultimate-guide-to-ev-charger-installation-and-infrastructure-in-los-angeles/,0,6,0.00%,44.33
do i need a permit to install level 2 ev charger,https://shaffercon.com/industry-insights/the-ultimate-guide-to-ev-charger-installation-and-infrastructure-in-los-angeles/,0,1,0.00%,87.00
do i need a permit to install recessed lighting,https://shaffercon.com/industry-insights/recessed-lighting-installation-guide/,0,8,0.00%,20.62
do i need a permit to replace electrical panel,https://shaffercon.com/industry-insights/california-title-24-electrical-requirements-renovations/,0,1,0.00%,1.00
do i need a permit to replace electrical panel,https://shaffercon.com/industry-insights/complete-guide-electrical-panel-upgrades-los-angeles/,0,2,0.00%,1.00
do i need a permit to replace my electrical panel,https://shaffercon.com/industry-insights/complete-guide-electrical-panel-upgrades-los-angeles/,0,1,0.00%,12.00
do i need a permit to upgrade electrical panel,https://shaffercon.com/industry-insights/complete-guide-electrical-panel-upgrades-los-angeles/,0,1,0.00%,10.00
do i need a permit to upgrade my electrical panel,https://shaffercon.com/industry-insights/complete-guide-electrical-panel-upgrades-los-angeles/,0,19,0.00%,14.58
do i need a permit to upgrade my electrical panel in california,https://shaffercon.com/industry-insights/complete-guide-electrical-panel-upgrades-los-angeles/,0,6,0.00%,10.00
do i need a permit to upgrade my electrical panel?,https://shaffercon.com/industry-insights/complete-guide-electrical-panel-upgrades-los-angeles/,0,9,0.00%,5.00
do i need gfci outlets in kitchen and bathroom california,https://shaffercon.com/industry-insights/afci-vs-gfci-circuit-protection-los-angeles/,0,2,0.00%,12.00
do kitchen appliances require dedicated circuits nec,https://shaffercon.com/industry-insights/kitchen-electrical-requirements-outlet-placement-guide/,0,3,0.00%,9.00
do kitchen islands need outlets,https://shaffercon.com/industry-insights/kitchen-electrical-requirements-outlet-placement-guide/,0,1,0.00%,97.00
do kitchen outlets need to be on their own circuit,https://shaffercon.com/industry-insights/kitchen-electrical-requirements-outlet-placement-guide/,0,1,0.00%,1.00
do los angeles vacation packages offer unique stays in historic neighborhoods like echo park or silver lake?,https://shaffercon.com/service-areas/silver-lake/,0,1,0.00%,32.00
do microwaves need a dedicated circuit,https://shaffercon.com/industry-insights/dedicated-circuits-when-why-home-appliances-need-them/,0,1,0.00%,34.00
do refrigerators need a dedicated circuit,https://shaffercon.com/industry-insights/dedicated-circuits-when-why-home-appliances-need-them/,0,1,0.00%,34.00
do you need a permit for a sub panel,https://shaffercon.com/industry-insights/ladbs-electrical-permit-process-step-by-step-guide/,0,1,0.00%,5.00
do you need a permit for electrical work,https://shaffercon.com/industry-insights/california-title-24-electrical-requirements-renovations/,0,2,0.00%,12.50
do you need a permit to add an outlet,https://shaffercon.com/industry-insights/california-title-24-electrical-requirements-renovations/,0,2,0.00%,31.50
do you need a permit to build a garage,https://shaffercon.com/industry-insights/the-ultimate-guide-to-ev-charger-installation-and-infrastructure-in-los-angeles/,0,1,0.00%,1.00
do you need a permit to change electrical panel,https://shaffercon.com/industry-insights/complete-guide-electrical-panel-upgrades-los-angeles/,0,3,0.00%,11.67
do you need a permit to do electrical work,https://shaffercon.com/industry-insights/california-title-24-electrical-requirements-renovations/,0,1,0.00%,1.00
do you need a permit to install a 220 outlet,https://shaffercon.com/industry-insights/california-title-24-electrical-requirements-renovations/,0,1,0.00%,1.00
do you need a permit to install a 240v outlet,https://shaffercon.com/industry-insights/california-title-24-electrical-requirements-renovations/,0,1,0.00%,1.00
do you need a permit to install a subpanel,https://shaffercon.com/industry-insights/ladbs-electrical-permit-process-step-by-step-guide/,0,1,0.00%,10.00
do you need a permit to install an ev charger,https://shaffercon.com/industry-insights/the-ultimate-guide-to-ev-charger-installation-and-infrastructure-in-los-angeles/,0,1,0.00%,74.00
do you need a permit to install recessed lighting,https://shaffercon.com/industry-insights/recessed-lighting-installation-guide/,0,2,0.00%,1.00
do you need a permit to move electrical panel,https://shaffercon.com/industry-insights/california-title-24-electrical-requirements-renovations/,0,1,0.00%,87.00
do you need a permit to move electrical panel,https://shaffercon.com/industry-insights/complete-guide-electrical-panel-upgrades-los-angeles/,0,2,0.00%,11.00
do you need a permit to move electrical panel,https://shaffercon.com/industry-insights/ladbs-electrical-permit-process-step-by-step-guide/,0,1,0.00%,6.00
do you need a permit to replace an electrical panel,https://shaffercon.com/industry-insights/california-title-24-electrical-requirements-renovations/,0,1,0.00%,86.00
do you need a permit to replace an electrical panel,https://shaffercon.com/industry-insights/complete-guide-electrical-panel-upgrades-los-angeles/,0,1,0.00%,9.00
do you need a permit to replace electrical panel,https://shaffercon.com/industry-insights/california-title-24-electrical-requirements-renovations/,0,4,0.00%,34.00
do you need a permit to replace electrical panel,https://shaffercon.com/industry-insights/complete-guide-electrical-panel-upgrades-los-angeles/,0,3,0.00%,19.00
do you need a permit to upgrade an electrical panel,https://shaffercon.com/industry-insights/complete-guide-electrical-panel-upgrades-los-angeles/,0,3,0.00%,6.33
do you need a permit to upgrade electrical panel,https://shaffercon.com/industry-insights/complete-guide-electrical-panel-upgrades-los-angeles/,0,3,0.00%,62.00
do you need permit to change light fixtures,https://shaffercon.com/industry-insights/california-title-24-electrical-requirements-renovations/,0,1,0.00%,7.00
do you need permit to change light fixtures,https://shaffercon.com/industry-insights/ladbs-electrical-permit-process-step-by-step-guide/,0,1,0.00%,1.00
do you need permit to install ev charger,https://shaffercon.com/industry-insights/the-ultimate-guide-to-ev-charger-installation-and-infrastructure-in-los-angeles/,0,3,0.00%,91.33
do you need permit to upgrade electrical panel,https://shaffercon.com/industry-insights/complete-guide-electrical-panel-upgrades-los-angeles/,0,1,0.00%,1.00
does a fridge need a dedicated circuit,https://shaffercon.com/industry-insights/dedicated-circuits-when-why-home-appliances-need-them/,0,1,0.00%,36.00
does a gas dryer need a dedicated circuit,https://shaffercon.com/industry-insights/dedicated-circuits-when-why-home-appliances-need-them/,0,1,0.00%,43.00
does a gas range need a dedicated circuit,https://shaffercon.com/industry-insights/dedicated-circuits-when-why-home-appliances-need-them/,0,3,0.00%,39.00
does a range hood need a dedicated circuit,https://shaffercon.com/industry-insights/dedicated-circuits-when-why-home-appliances-need-them/,0,2,0.00%,40.50
does a refrigerator need a dedicated circuit,https://shaffercon.com/industry-insights/dedicated-circuits-when-why-home-appliances-need-them/,0,4,0.00%,45.25
does a shower light need to be gfci protected,https://shaffercon.com/industry-insights/bathroom-electrical-safety-gfci-requirements/,0,1,0.00%,23.00
does a sub panel need a main breaker,https://shaffercon.com/industry-insights/subpanel-installation-guide-when-why-you-need-one/,0,1,0.00%,44.00
does a subpanel need a main breaker,https://shaffercon.com/industry-insights/subpanel-installation-guide-when-why-you-need-one/,0,2,0.00%,41.50
does adding a new electrical outlet require permit and inspection us kitchen,https://shaffercon.com/industry-insights/kitchen-electrical-requirements-outlet-placement-guide/,0,5,0.00%,5.80
does adding an outlet require a permit,https://shaffercon.com/industry-insights/ladbs-electrical-permit-process-step-by-step-guide/,0,1,0.00%,8.00
does fridge need dedicated circuit,https://shaffercon.com/industry-insights/dedicated-circuits-when-why-home-appliances-need-them/,0,1,0.00%,31.00
does furnace need dedicated circuit,https://shaffercon.com/industry-insights/dedicated-circuits-when-why-home-appliances-need-them/,0,1,0.00%,46.00
does gas range need dedicated circuit,https://shaffercon.com/industry-insights/dedicated-circuits-when-why-home-appliances-need-them/,0,6,0.00%,42.00
does homeowners insurance cover food spoilage from psps,https://shaffercon.com/industry-insights/power-outage-preparation-guide-los-angeles/,0,1,0.00%,10.00
does microwave need dedicated circuit,https://shaffercon.com/industry-insights/dedicated-circuits-when-why-home-appliances-need-them/,0,1,0.00%,32.00
does nec require gfci for bathroom lights,https://shaffercon.com/industry-insights/bathroom-electrical-safety-gfci-requirements/,0,1,0.00%,8.00
does range hood need dedicated circuit,https://shaffercon.com/industry-insights/dedicated-circuits-when-why-home-appliances-need-them/,0,2,0.00%,34.50
does refrigerator need dedicated circuit,https://shaffercon.com/industry-insights/dedicated-circuits-when-why-home-appliances-need-them/,0,1,0.00%,40.00
doing the work myself,https://shaffercon.com/industry-insights/california-title-24-electrical-requirements-renovations/,0,1,0.00%,3.00
domestic electrical regulations,https://shaffercon.com/industry-insights/california-title-24-electrical-requirements-renovations/,0,2,0.00%,63.00
dual function outlet,https://shaffercon.com/industry-insights/kitchen-electrical-requirements-outlet-placement-guide/,0,1,0.00%,1.00
dual function receptacle,https://shaffercon.com/industry-insights/kitchen-electrical-requirements-outlet-placement-guide/,0,3,0.00%,1.00
e mobility charging infrastructure,https://shaffercon.com/industry-insights/exploring-the-rapid-growth-and-key-trends-in-ev-charging-infrastructure-in-2023/,0,4,0.00%,78.50
e mobility charging infrastructure,https://shaffercon.com/industry-insights/the-essential-guide-to-ev-charging-infrastructure-benefits-strategies-and-future-trends/,0,4,0.00%,62.25
e mobility charging infrastructure,https://shaffercon.com/industry-insights/the-rise-of-ev-charging-infrastructure-trends-challenges-and-solutions-for-the-future/,0,4,0.00%,93.50
e permit ladbs,https://shaffercon.com/industry-insights/ladbs-electrical-permit-process-step-by-step-guide/,0,1,0.00%,15.00
e-mobility & charging infrastructure,https://shaffercon.com/industry-insights/the-rapid-expansion-of-ev-charging-infrastructure-key-insights-policy-updates-and-practical-tips-for-home-and-business-owners/,0,1,0.00%,53.00
e-mobility charging infrastructure,https://shaffercon.com/industry-insights/exploring-the-rapid-growth-and-key-trends-in-ev-charging-infrastructure-in-2023/,0,4,0.00%,69.00
e-mobility charging infrastructure,https://shaffercon.com/industry-insights/the-essential-guide-to-ev-charging-infrastructure-benefits-strategies-and-future-trends/,0,1,0.00%,68.00
e-mobility charging infrastructure,https://shaffercon.com/industry-insights/the-rise-of-ev-charging-infrastructure-trends-challenges-and-solutions-for-the-future/,0,1,0.00%,89.00
e-vehicle charging infrastructure,https://shaffercon.com/industry-insights/the-essential-guide-to-ev-charging-infrastructure-benefits-strategies-and-future-trends,0,2,0.00%,46.50
each residential small appliance circuit must be rated at which of the following,https://shaffercon.com/industry-insights/kitchen-electrical-requirements-outlet-placement-guide/,0,3,0.00%,1.00
efficacy in lighting,https://shaffercon.com/industry-insights/recessed-lighting-installation-guide/,0,1,0.00%,1.00
efficacy light,https://shaffercon.com/industry-insights/recessed-lighting-installation-guide/,0,1,0.00%,1.00
elec regs,https://shaffercon.com/industry-insights/california-title-24-electrical-requirements-renovations/,0,1,0.00%,67.00
electric box upgrade,https://shaffercon.com/industry-insights/complete-guide-electrical-panel-upgrades-los-angeles/,0,2,0.00%,1.00
electric car can be charged at home,https://shaffercon.com/residential-ev-charger/,0,1,0.00%,1.00
electric car charger for home fullerton,https://shaffercon.com/residential-ev-charger/,0,1,0.00%,95.00
electric car charger for home long beach,https://shaffercon.com/service-areas/long-beach/residential-ev-charger-installation/,0,34,0.00%,11.09
electric car charger for home los angeles,https://shaffercon.com/residential-ev-charger/,0,7,0.00%,50.71
electric car charger home installation highland park,https://shaffercon.com/service-areas/highland-park/residential-ev-charger-installation,0,4,0.00%,6.50
electric car charger installation broussard,https://shaffercon.com/service-areas/torrance/residential-ev-charger-installation/,0,4,0.00%,68.25
electric car charger installation glendale,https://shaffercon.com/residential-ev-charger/,0,5,0.00%,16.20
electric car charger installation long beach,https://shaffercon.com/service-areas/long-beach/residential-ev-charger-installation,0,9,0.00%,8.11
electric car charger installation long beach,https://shaffercon.com/service-areas/long-beach/residential-ev-charger-installation/,0,62,0.00%,8.69
electric car charger installation long beach,https://shaffercon.com/service-areas/torrance/residential-ev-charger-installation/,0,1,0.00%,28.00
electric car charger installation los angeles,https://shaffercon.com/residential-ev-charger/,0,3,0.00%,95.67
electric car charger installation near me,https://shaffercon.com/service-areas/santa-monica/residential-ev-charger-installation/,0,1,0.00%,4.00
electric car charger installation near me,https://shaffercon.com/service-areas/torrance/residential-ev-charger-installation/,0,1,0.00%,7.00
electric car charger installation santa monica,https://shaffercon.com/commercial-electric-vehicle-chargers/,0,1,0.00%,28.00
electric car charger installation santa monica,https://shaffercon.com/service-areas/santa-monica/residential-ev-charger-installation,0,23,0.00%,8.70
electric car charger installation santa monica,https://shaffercon.com/service-areas/santa-monica/residential-ev-charger-installation/,0,25,0.00%,7.56
electric car charger installation villa rica,https://shaffercon.com/residential-ev-charger/,0,5,0.00%,95.40
electric car charger installation west hollywood,https://shaffercon.com/commercial-electric-vehicle-chargers/,0,22,0.00%,28.05
electric car charger installation west hollywood,https://shaffercon.com/residential-ev-charger/,0,4,0.00%,19.50
electric car charger installation west hollywood,https://shaffercon.com/service-areas/santa-monica/residential-ev-charger-installation/,0,1,0.00%,40.00
electric car charger installations highland park,https://shaffercon.com/service-areas/highland-park/commercial-ev-charger-installation/,0,1,0.00%,26.00
electric car charger installations highland park,https://shaffercon.com/service-areas/highland-park/residential-ev-charger-installation,0,3,0.00%,4.33
electric car charger installations highland park,https://shaffercon.com/service-areas/highland-park/residential-ev-charger-installation/,0,1,0.00%,11.00
electric car charger requirements,https://shaffercon.com/industry-insights/the-ultimate-guide-to-ev-charger-installation-and-infrastructure-in-los-angeles/,0,1,0.00%,86.00
electric car charges 2026,https://shaffercon.com/industry-insights/california-2026-building-code-ev-charging-requirements-home-real-estate-trend-32-new-models/,0,1,0.00%,1.00
electric car charging infrastructure,https://shaffercon.com/industry-insights/exploring-the-rapid-growth-and-key-trends-in-ev-charging-infrastructure-in-2023/,0,18,0.00%,85.83
electric car charging infrastructure,https://shaffercon.com/industry-insights/the-essential-guide-to-ev-charging-infrastructure-benefits-strategies-and-future-trends/,0,11,0.00%,74.18
electric car charging infrastructure,https://shaffercon.com/industry-insights/the-growing-landscape-of-ev-charging-infrastructure-trends-innovations-and-future-prospects/,0,1,0.00%,92.00
electric car charging infrastructure,https://shaffercon.com/industry-insights/the-rise-of-ev-charging-infrastructure-trends-challenges-and-solutions-for-the-future/,0,3,0.00%,94.67
electric car charging points installation requirements,https://shaffercon.com/industry-insights/the-ultimate-guide-to-ev-charger-installation-and-infrastructure-in-los-angeles/,0,2,0.00%,57.00
electric car charging requirements,https://shaffercon.com/industry-insights/the-ultimate-guide-to-ev-charger-installation-and-infrastructure-in-los-angeles/,0,2,0.00%,66.50
electric car charging station,https://shaffercon.com/industry-insights/california-2026-building-code-ev-charging-requirements-home-real-estate-trend-32-new-models/,0,2,0.00%,6.50
electric car charging station installation training,https://shaffercon.com/industry-insights/the-ultimate-guide-to-ev-charger-installation-and-infrastructure-in-los-angeles/,0,4,0.00%,80.75
electric car charging station requirements,https://shaffercon.com/industry-insights/the-ultimate-guide-to-ev-charger-installation-and-infrastructure-in-los-angeles/,0,2,0.00%,57.00
electric car charging stations investment,https://shaffercon.com/industry-insights/exploring-the-rapid-growth-and-key-trends-in-ev-charging-infrastructure-in-2023/,0,2,0.00%,78.50
electric car charging stations investment,https://shaffercon.com/industry-insights/the-critical-importance-of-investing-in-ev-charging-infrastructure-for-a-sustainable-future/,0,1,0.00%,81.00
electric car infrastructure,https://shaffercon.com/industry-insights/exploring-the-rapid-growth-and-key-trends-in-ev-charging-infrastructure-in-2023/,0,7,0.00%,75.86
electric car infrastructure,https://shaffercon.com/industry-insights/the-essential-guide-to-ev-charging-infrastructure-benefits-strategies-and-future-trends/,0,8,0.00%,84.12
electric car infrastructure,https://shaffercon.com/industry-insights/the-future-of-electric-vehicle-charging-why-infrastructure-matters-for-sustainable-growth/,0,6,0.00%,90.17
electric cars charging infrastructure,https://shaffercon.com/industry-insights/exploring-the-rapid-growth-and-key-trends-in-ev-charging-infrastructure-in-2023/,0,3,0.00%,86.67
electric cars charging infrastructure,https://shaffercon.com/industry-insights/the-essential-guide-to-ev-charging-infrastructure-benefits-strategies-and-future-trends,0,1,0.00%,34.00
electric cars charging infrastructure,https://shaffercon.com/industry-insights/the-essential-guide-to-ev-charging-infrastructure-benefits-strategies-and-future-trends/,0,11,0.00%,70.45
electric cars charging infrastructure,https://shaffercon.com/industry-insights/the-rapid-expansion-of-ev-charging-infrastructure-key-insights-policy-updates-and-practical-tips-for-home-and-business-owners/,0,2,0.00%,70.50
electric cars charging station,https://shaffercon.com/industry-insights/california-2026-building-code-ev-charging-requirements-home-real-estate-trend-32-new-models/,0,1,0.00%,2.00
electric charging infrastructure,https://shaffercon.com/industry-insights/exploring-the-rapid-growth-and-key-trends-in-ev-charging-infrastructure-in-2023/,0,13,0.00%,78.31
electric charging infrastructure,https://shaffercon.com/industry-insights/the-essential-guide-to-ev-charging-infrastructure-benefits-strategies-and-future-trends/,0,9,0.00%,77.22
electric charging infrastructure,https://shaffercon.com/industry-insights/the-growing-landscape-of-ev-charging-infrastructure-trends-innovations-and-future-prospects/,0,1,0.00%,100.00
electric charging infrastructure,https://shaffercon.com/industry-insights/the-rise-of-ev-charging-infrastructure-trends-challenges-and-solutions-for-the-future/,0,7,0.00%,94.71
electric charging station installation,https://shaffercon.com/industry-insights/the-ultimate-guide-to-ev-charger-installation-and-infrastructure-in-los-angeles/,0,12,0.00%,52.50
electric charging station requirements,https://shaffercon.com/industry-insights/the-ultimate-guide-to-ev-charger-installation-and-infrastructure-in-los-angeles/,0,1,0.00%,57.00
electric code for kitchen,https://shaffercon.com/industry-insights/kitchen-electrical-requirements-outlet-placement-guide/,0,6,0.00%,32.00
electric contractor pasadena,https://shaffercon.com/service-areas/pasadena/,0,59,0.00%,33.69
electric fuse box regulations,https://shaffercon.com/industry-insights/california-title-24-electrical-requirements-renovations/,0,1,0.00%,76.00
electric gfi,https://shaffercon.com/industry-insights/gfi-electrical-outlets-ensuring-safety-in-your-electrical-setup/,0,2,0.00%,65.00
electric inspection,https://shaffercon.com/industry-insights/ladbs-electrical-permit-process-step-by-step-guide/,0,1,0.00%,3.00
electric installation,https://shaffercon.com/industry-insights/recessed-lighting-installation-guide/,0,1,0.00%,1.00
electric mobility infrastructure,https://shaffercon.com/industry-insights/the-future-of-electric-vehicle-charging-why-infrastructure-matters-for-sustainable-growth/,0,5,0.00%,87.80
electric mobility infrastructure provider,https://shaffercon.com/industry-insights/ev-charging-infrastructure-trends-2024-innovations-accessibility-and-business-benefits-for-california-and-beyond/,0,4,0.00%,84.25
electric mobility infrastructure provider,https://shaffercon.com/industry-insights/exploring-the-rapid-growth-and-key-trends-in-ev-charging-infrastructure-in-2023/,0,4,0.00%,94.25
electric mobility infrastructure provider,https://shaffercon.com/industry-insights/the-growing-demand-for-ev-charging-infrastructure-how-maintenance-and-innovation-shape-the-future/,0,4,0.00%,97.25
electric motor installation in california,https://shaffercon.com/industry-insights/california-title-24-electrical-requirements-renovations/,0,1,0.00%,1.00
electric panel burbank,https://shaffercon.com/service-areas/burbank/,0,7,0.00%,14.29
electric panel burbank,https://shaffercon.com/service-areas/burbank/residential-electrical-panel-upgrades/,0,19,0.00%,6.63
electric panel glendale,https://shaffercon.com/service-areas/glendale/commercial-electrical-panel-upgrades/,0,3,0.00%,24.00
electric panel glendale,https://shaffercon.com/service-areas/glendale/residential-electrical-panel-upgrades/,0,13,0.00%,4.54
electric panel inspection,https://shaffercon.com/industry-insights/electrical-safety-inspection-checklist-los-angeles/,0,1,0.00%,28.00
electric panel installation double oak,https://shaffercon.com/industry-insights/panel-upgrades-the-essentials-of-zinsco-panel-upgrade-or-replacement/,0,1,0.00%,66.00
electric panel installation double oak,https://shaffercon.com/service-areas/glendale/residential-electrical-panel-upgrades/,0,1,0.00%,94.00
electric panel installation highland village,https://shaffercon.com/service-areas/glendale/residential-electrical-panel-upgrades/,0,2,0.00%,97.50
electric panel repair inglewood,https://shaffercon.com/service-areas/inglewood/,0,5,0.00%,13.00
electric panel repair torrance,https://shaffercon.com/service-areas/torrance/,0,2,0.00%,95.50
electric panel service los angeles ca,https://shaffercon.com/industry-insights/complete-guide-electrical-panel-upgrades-los-angeles/,0,9,0.00%,16.44
electric panel upgrade,https://shaffercon.com/industry-insights/complete-guide-electrical-panel-upgrades-los-angeles/,0,21,0.00%,39.14
electric panel upgrade los angeles,http://www.shaffercon.com/,0,1,0.00%,61.00
electric panel upgrade los angeles,https://shaffercon.com/industry-insights/complete-guide-electrical-panel-upgrades-los-angeles/,0,5,0.00%,16.60
electric panel upgrade near me,https://shaffercon.com/industry-insights/complete-guide-electrical-panel-upgrades-los-angeles/,0,10,0.00%,41.20
electric panel upgrade permit,https://shaffercon.com/industry-insights/complete-guide-electrical-panel-upgrades-los-angeles/,0,3,0.00%,61.67
electric panel upgrade permit,https://shaffercon.com/industry-insights/ladbs-electrical-permit-process-step-by-step-guide/,0,1,0.00%,1.00
electric panel upgrades,https://shaffercon.com/industry-insights/complete-guide-electrical-panel-upgrades-los-angeles/,0,1,0.00%,11.00
electric permit,https://shaffercon.com/industry-insights/ladbs-electrical-permit-process-step-by-step-guide/,0,2,0.00%,6.50
electric permit application,https://shaffercon.com/industry-insights/ladbs-electrical-permit-process-step-by-step-guide/,0,2,0.00%,6.00
electric regulations,https://shaffercon.com/industry-insights/california-title-24-electrical-requirements-renovations/,0,1,0.00%,79.00
electric requirements,https://shaffercon.com/industry-insights/california-title-24-electrical-requirements-renovations/,0,1,0.00%,76.00
electric service upgrade,https://shaffercon.com/industry-insights/complete-guide-electrical-panel-upgrades-los-angeles/,0,34,0.00%,62.76
electric subpanel installation,https://shaffercon.com/industry-insights/subpanel-installation-guide-when-why-you-need-one/,0,1,0.00%,33.00
electric sustainability,https://shaffercon.com/industry-insights/electricitys-impact-on-sustainable-construction-practices/,0,3,0.00%,77.00
electric vehicle charger installer near me,https://shaffercon.com/service-areas/santa-monica/residential-ev-charger-installation/,0,3,0.00%,3.00
electric vehicle charger market,https://shaffercon.com/industry-insights/exploring-the-rapid-growth-and-key-trends-in-ev-charging-infrastructure-in-2023/,0,1,0.00%,84.00
electric vehicle charging california,https://shaffercon.com/industry-insights/expanding-electric-vehicle-charging-infrastructure-a-look-at-california-and-beyond/,0,1,0.00%,68.00
electric vehicle charging ecosystem,https://shaffercon.com/industry-insights/the-future-of-electric-vehicle-charging-why-infrastructure-matters-for-sustainable-growth/,0,3,0.00%,90.00
electric vehicle charging infrastructure,https://shaffercon.com/industry-insights/expanding-electric-vehicle-charging-infrastructure-key-developments-and-community-efforts/,0,22,0.00%,93.68
electric vehicle charging infrastructure,https://shaffercon.com/industry-insights/exploring-the-rapid-growth-and-key-trends-in-ev-charging-infrastructure-in-2023/,0,137,0.00%,65.53
electric vehicle charging infrastructure,https://shaffercon.com/industry-insights/the-essential-guide-to-ev-charging-infrastructure-benefits-strategies-and-future-trends/,0,98,0.00%,78.02
electric vehicle charging infrastructure,https://shaffercon.com/industry-insights/the-future-of-electric-vehicle-charging-why-infrastructure-matters-for-sustainable-growth/,0,10,0.00%,83.00
electric vehicle charging infrastructure,https://shaffercon.com/industry-insights/the-growing-landscape-of-ev-charging-infrastructure-trends-innovations-and-future-prospects/,0,1,0.00%,100.00
electric vehicle charging infrastructure,https://shaffercon.com/industry-insights/the-rise-of-ev-charging-infrastructure-trends-challenges-and-solutions-for-the-future/,0,87,0.00%,91.28
electric vehicle charging infrastructure buildout progress 2025,https://shaffercon.com/industry-insights/exploring-the-rapid-growth-and-key-trends-in-ev-charging-infrastructure-in-2023/,0,2,0.00%,70.50
electric vehicle charging infrastructure buildout progress 2025,https://shaffercon.com/industry-insights/the-growing-landscape-of-ev-charging-infrastructure-trends-innovations-and-future-prospects/,0,2,0.00%,39.00
electric vehicle charging infrastructure buildout progress 2025,https://shaffercon.com/industry-insights/the-rise-of-ev-charging-infrastructure-in-the-u-s-challenges-opportunities-and-future-prospects/,0,1,0.00%,49.00
electric vehicle charging infrastructure california,https://shaffercon.com/industry-insights/ev-charging-infrastructure-in-california-latest-trends-challenges-and-solutions-for-homeowners-and-businesses,0,54,0.00%,31.59
electric vehicle charging infrastructure california,https://shaffercon.com/industry-insights/ev-charging-infrastructure-trends-2024-innovations-accessibility-and-business-benefits-for-california-and-beyond/,0,46,0.00%,78.48
electric vehicle charging infrastructure california,https://shaffercon.com/industry-insights/expanding-electric-vehicle-charging-infrastructure-a-look-at-california-and-beyond/,0,197,0.00%,61.15
electric vehicle charging infrastructure california,https://shaffercon.com/industry-insights/expanding-electric-vehicle-charging-infrastructure-key-developments-and-community-efforts,0,135,0.00%,52.44
electric vehicle charging infrastructure california,https://shaffercon.com/industry-insights/expanding-electric-vehicle-charging-infrastructure-key-developments-and-community-efforts/,0,78,0.00%,50.53
electric vehicle charging infrastructure challenges,https://shaffercon.com/industry-insights/the-rise-of-ev-charging-infrastructure-trends-challenges-and-solutions-for-the-future,0,1,0.00%,3.00
electric vehicle charging infrastructure expansion,https://shaffercon.com/industry-insights/the-rapid-expansion-of-ev-charging-infrastructure-key-insights-policy-updates-and-practical-tips-for-home-and-business-owners/,0,1,0.00%,8.00
electric vehicle charging infrastructure us,https://shaffercon.com/industry-insights/exploring-the-rapid-growth-and-key-trends-in-ev-charging-infrastructure-in-2023/,0,1,0.00%,69.00
electric vehicle charging installation,https://shaffercon.com/industry-insights/the-ultimate-guide-to-ev-charger-installation-and-infrastructure-in-los-angeles/,0,2,0.00%,45.50
electric vehicle charging levels types standards 2026,https://shaffercon.com/industry-insights/california-2026-building-code-ev-charging-requirements-home-real-estate-trend-32-new-models/,0,2,0.00%,7.00
electric vehicle charging requirements,https://shaffercon.com/industry-insights/the-ultimate-guide-to-ev-charger-installation-and-infrastructure-in-los-angeles/,0,2,0.00%,65.00
electric vehicle charging station construction,https://shaffercon.com/industry-insights/the-ultimate-guide-to-ev-charger-installation-and-infrastructure-in-los-angeles/,0,1,0.00%,1.00
electric vehicle charging station industry,https://shaffercon.com/industry-insights/exploring-the-rapid-growth-and-key-trends-in-ev-charging-infrastructure-in-2023/,0,9,0.00%,71.11
electric vehicle charging station industry,https://shaffercon.com/industry-insights/the-future-of-electric-vehicle-charging-why-infrastructure-matters-for-sustainable-growth/,0,3,0.00%,96.33
electric vehicle charging station infrastructure,https://shaffercon.com/industry-insights/expanding-electric-vehicle-charging-infrastructure-key-developments-and-community-efforts/,0,1,0.00%,94.00
electric vehicle charging station infrastructure,https://shaffercon.com/industry-insights/exploring-the-rapid-growth-and-key-trends-in-ev-charging-infrastructure-in-2023/,0,1,0.00%,66.00
electric vehicle charging station infrastructure,https://shaffercon.com/industry-insights/the-essential-guide-to-ev-charging-infrastructure-benefits-strategies-and-future-trends/,0,1,0.00%,50.00
electric vehicle charging station requirements,https://shaffercon.com/industry-insights/the-ultimate-guide-to-ev-charger-installation-and-infrastructure-in-los-angeles/,0,9,0.00%,48.11
electric vehicle charging stations,https://shaffercon.com/industry-insights/california-2026-building-code-ev-charging-requirements-home-real-estate-trend-32-new-models/,0,2,0.00%,7.00
electric vehicle charging stations installation,https://shaffercon.com/industry-insights/the-ultimate-guide-to-ev-charger-installation-and-infrastructure-in-los-angeles/,0,1,0.00%,42.00
electric vehicle charging stations locations types 2026,https://shaffercon.com/industry-insights/california-2026-building-code-ev-charging-requirements-home-real-estate-trend-32-new-models/,0,1,0.00%,9.00
electric vehicle ev infrastructure expertise,https://shaffercon.com/industry-insights/the-essential-guide-to-ev-charging-infrastructure-benefits-strategies-and-future-trends,0,1,0.00%,41.00
electric vehicle grid readiness 2026,https://shaffercon.com/industry-insights/california-2026-building-code-ev-charging-requirements-home-real-estate-trend-32-new-models/,0,2,0.00%,7.50
electric vehicle infrastructure,https://shaffercon.com/industry-insights/exploring-the-rapid-growth-and-key-trends-in-ev-charging-infrastructure-in-2023/,0,1,0.00%,94.00
electric vehicle infrastructure,https://shaffercon.com/industry-insights/the-essential-guide-to-ev-charging-infrastructure-benefits-strategies-and-future-trends/,0,85,0.00%,80.59
electric vehicle infrastructure,https://shaffercon.com/industry-insights/the-future-of-electric-vehicle-charging-why-infrastructure-matters-for-sustainable-growth/,0,47,0.00%,71.74
electric vehicle infrastructure challenges,https://shaffercon.com/industry-insights/the-rise-of-ev-charging-infrastructure-trends-challenges-and-solutions-for-the-future,0,1,0.00%,5.00
electric vehicle infrastructure companies,https://shaffercon.com/industry-insights/exploring-the-rapid-growth-and-key-trends-in-ev-charging-infrastructure-in-2023/,0,34,0.00%,73.18
electric vehicle infrastructure investment,https://shaffercon.com/industry-insights/the-critical-importance-of-investing-in-ev-charging-infrastructure-for-a-sustainable-future/,0,2,0.00%,86.00
electric vehicle infrastructure​,https://shaffercon.com/industry-insights/the-essential-guide-to-ev-charging-infrastructure-benefits-strategies-and-future-trends/,0,1,0.00%,69.00
electric vehicle infrastructure​,https://shaffercon.com/industry-insights/the-future-of-electric-vehicle-charging-why-infrastructure-matters-for-sustainable-growth/,0,1,0.00%,45.00
electric vehicle level 2 charger,https://shaffercon.com/residential-ev-charger/,0,1,0.00%,1.00
electric vehicle power home without stationary battery requirements 2025 2026,https://shaffercon.com/industry-insights/california-2026-building-code-ev-charging-requirements-home-real-estate-trend-32-new-models/,0,4,0.00%,6.00
electric vehicles charging infrastructure,https://shaffercon.com/industry-insights/exploring-the-rapid-growth-and-key-trends-in-ev-charging-infrastructure-in-2023/,0,7,0.00%,55.57
electric vehicles charging infrastructure,https://shaffercon.com/industry-insights/the-essential-guide-to-ev-charging-infrastructure-benefits-strategies-and-future-trends/,0,5,0.00%,52.40
electric vehicles charging infrastructure,https://shaffercon.com/industry-insights/the-rise-of-ev-charging-infrastructure-trends-challenges-and-solutions-for-the-future/,0,1,0.00%,91.00
electric vehicles infrastructure,https://shaffercon.com/industry-insights/the-essential-guide-to-ev-charging-infrastructure-benefits-strategies-and-future-trends/,0,3,0.00%,71.67
electric vehicles infrastructure,https://shaffercon.com/industry-insights/the-future-of-electric-vehicle-charging-why-infrastructure-matters-for-sustainable-growth/,0,2,0.00%,87.50
electric visual inspection checklist,https://shaffercon.com/industry-insights/electrical-safety-inspection-checklist-los-angeles/,0,1,0.00%,5.00
electrical and standby generator services long beach ca,https://shaffercon.com/service-areas/glendale/commercial-backup-generator-installation/,0,3,0.00%,9.33
electrical assets site analysis services,https://shaffercon.com/industry-insights/exploring-shaffer-constructions-load-study-services-in-la,0,2,0.00%,42.50
electrical assets site analysis services,https://shaffercon.com/industry-insights/exploring-shaffer-constructions-load-study-services-in-la/,0,11,0.00%,37.45
electrical box upgrade,https://shaffercon.com/industry-insights/complete-guide-electrical-panel-upgrades-los-angeles/,0,11,0.00%,1.00
electrical building code,https://shaffercon.com/industry-insights/california-title-24-electrical-requirements-renovations/,0,1,0.00%,1.00
electrical building codes,https://shaffercon.com/industry-insights/california-title-24-electrical-requirements-renovations/,0,1,0.00%,1.00
electrical building regulations,https://shaffercon.com/industry-insights/california-title-24-electrical-requirements-renovations/,0,3,0.00%,34.00
electrical capacity upgrades,https://shaffercon.com/industry-insights/complete-guide-electrical-panel-upgrades-los-angeles/,0,2,0.00%,48.00
electrical checklist,https://shaffercon.com/industry-insights/electrical-safety-inspection-checklist-los-angeles/,0,3,0.00%,22.33
electrical checklists,https://shaffercon.com/industry-insights/electrical-safety-inspection-checklist-los-angeles/,0,4,0.00%,37.00
electrical code book 2026,https://shaffercon.com/industry-insights/nec-2026-qualified-installer-requirement-charging-reliability-86-percent-commercial-roi-3-5-year-payback/,0,1,0.00%,1.00
electrical code compliance services,https://shaffercon.com/service-areas/torrance/commercial-electrical-code-compliance-corrections,0,3,0.00%,12.00
electrical code compliance services,https://shaffercon.com/service-areas/torrance/residential-electrical-code-compliance-corrections/,0,1,0.00%,11.00
electrical code correction,https://shaffercon.com/service-areas/boyle-heights/residential-electrical-code-compliance-corrections/,0,1,0.00%,62.00
electrical code correction,https://shaffercon.com/service-areas/los-feliz/residential-electrical-code-compliance-corrections/,0,6,0.00%,41.67
electrical code correction,https://shaffercon.com/service-areas/torrance/commercial-electrical-code-compliance-corrections,0,1,0.00%,53.00
electrical code corrections,https://shaffercon.com/industry-insights/california-title-24-electrical-requirements-renovations/,0,2,0.00%,11.00
electrical code for kitchen,https://shaffercon.com/industry-insights/kitchen-electrical-requirements-outlet-placement-guide/,0,7,0.00%,18.71
electrical code for kitchen counter outlets,https://shaffercon.com/industry-insights/kitchen-electrical-requirements-outlet-placement-guide/,0,8,0.00%,56.00
electrical code for kitchen outlets,https://shaffercon.com/industry-insights/kitchen-electrical-requirements-outlet-placement-guide/,0,15,0.00%,16.87
electrical code for kitchens,https://shaffercon.com/industry-insights/kitchen-electrical-requirements-outlet-placement-guide/,0,3,0.00%,15.33
electrical code for outlets in kitchen,https://shaffercon.com/industry-insights/kitchen-electrical-requirements-outlet-placement-guide/,0,5,0.00%,41.20
electrical code in california,https://shaffercon.com/industry-insights/california-title-24-electrical-requirements-renovations/,0,2,0.00%,22.50
electrical code kitchen outlets,https://shaffercon.com/industry-insights/kitchen-electrical-requirements-outlet-placement-guide/,0,3,0.00%,32.67
electrical code requirements,https://shaffercon.com/industry-insights/california-title-24-electrical-requirements-renovations/,0,1,0.00%,100.00
electrical code requirements for residential,https://shaffercon.com/industry-insights/california-title-24-electrical-requirements-renovations/,0,1,0.00%,79.00
electrical code updates burbank,https://shaffercon.com/industry-insights/california-title-24-electrical-requirements-renovations/,0,1,0.00%,35.00
electrical code updates burbank,https://shaffercon.com/service-areas/boyle-heights/residential-electrical-code-compliance-corrections/,0,1,0.00%,36.00
electrical code updates burbank,https://shaffercon.com/service-areas/burbank/,0,10,0.00%,62.60
electrical code updates burbank,https://shaffercon.com/service-areas/burbank/commercial-electrical-code-compliance-corrections,0,4,0.00%,13.00
electrical code updates burbank,https://shaffercon.com/service-areas/burbank/residential-electrical-code-compliance-corrections/,0,5,0.00%,7.00
electrical code updates burbank,https://shaffercon.com/service-areas/burbank/residential-electrical-panel-upgrades/,0,23,0.00%,15.65
electrical code upgrade near me,https://shaffercon.com/industry-insights/complete-guide-electrical-panel-upgrades-los-angeles/,0,2,0.00%,23.50
electrical code upgrades,https://shaffercon.com/industry-insights/california-title-24-electrical-requirements-renovations/,0,6,0.00%,68.33
electrical code upgrades los angeles,http://www.shaffercon.com/,0,5,0.00%,21.00
electrical code upgrades los angeles,https://shaffercon.com/industry-insights/complete-guide-electrical-panel-upgrades-los-angeles,0,12,0.00%,3.92
electrical code upgrades los angeles,https://shaffercon.com/industry-insights/complete-guide-electrical-panel-upgrades-los-angeles/,0,18,0.00%,3.00
electrical code upgrades los angeles,https://shaffercon.com/industry-insights/ladbs-electrical-permit-process-step-by-step-guide/,0,1,0.00%,20.00
electrical codes for kitchens,https://shaffercon.com/industry-insights/kitchen-electrical-requirements-outlet-placement-guide/,0,6,0.00%,20.67
electrical codes for residential,https://shaffercon.com/industry-insights/california-title-24-electrical-requirements-renovations/,0,1,0.00%,81.00
electrical company burbank,https://shaffercon.com/service-areas/burbank/,0,21,0.00%,35.95
electrical company burbank,https://shaffercon.com/service-areas/burbank/residential-electrical-panel-upgrades/,0,2,0.00%,91.00
electrical company services in beverly hills ca,https://shaffercon.com/service-areas/beverly-hills/,0,9,0.00%,29.22
electrical company services in burbank ca,https://shaffercon.com/service-areas/burbank/,0,36,0.00%,14.14
electrical company services in long beach ca,https://shaffercon.com/service-areas/long-beach/,0,2,0.00%,73.00
electrical compliance electrician,https://shaffercon.com/industry-insights/commercial-electrical-code-compliance-los-angeles/,0,8,0.00%,14.12
electrical contractor beverly hills,https://shaffercon.com/service-areas/beverly-hills/,0,9,0.00%,16.11
electrical contractor burbank,https://shaffercon.com/service-areas/burbank/,0,61,0.00%,34.16
electrical contractor carbon,https://shaffercon.com/industry-insights/electricitys-impact-on-sustainable-construction-practices/,0,1,0.00%,34.00
electrical contractor culver city,https://shaffercon.com/service-areas/culver-city/,0,48,0.00%,12.71
electrical contractor in los angeles,https://shaffercon.com/service-areas/west-hollywood/,0,2,0.00%,75.00
electrical contractor in los angeles ca,https://shaffercon.com/service-areas/west-hollywood/,0,3,0.00%,84.00
electrical contractor in los angeles city,https://shaffercon.com/,0,2,0.00%,98.50
electrical contractor in los angeles city,https://shaffercon.com/contact-us/,0,1,0.00%,20.00
"electrical contractor in torrance, ca",https://shaffercon.com/service-areas/torrance/,0,2,0.00%,12.50
electrical contractor long beach,https://shaffercon.com/service-areas/long-beach/,0,1,0.00%,43.00
electrical contractor los angeles ca,https://shaffercon.com/service-areas/west-hollywood/,0,3,0.00%,72.00
electrical contractor pacific palisades ca,https://shaffercon.com/service-areas/pacific-palisades/,0,1,0.00%,14.00
electrical contractor pacific palisades ca,https://shaffercon.com/service-areas/pacific-palisades/residential-electrical-panel-upgrades/,0,1,0.00%,19.00
electrical contractor pasadena,https://shaffercon.com/service-areas/pasadena/,0,1,0.00%,13.00
electrical contractor santa clarita,https://shaffercon.com/service-areas/santa-clarita/,0,116,0.00%,16.25
electrical contractor santa clarita ca,https://shaffercon.com/service-areas/santa-clarita/,0,6,0.00%,24.83
electrical contractor santa monica,https://shaffercon.com/service-areas/santa-monica/,0,8,0.00%,21.25
electrical contractor sunset park,https://shaffercon.com/service-areas/echo-park/,0,1,0.00%,50.00
electrical contractors beverly hills,https://shaffercon.com/service-areas/beverly-hills/,0,17,0.00%,17.18
electrical contractors in los angeles,https://shaffercon.com/service-areas/west-hollywood/,0,1,0.00%,75.00
electrical contractors in los angeles california,https://shaffercon.com/service-areas/west-hollywood/,0,3,0.00%,72.67
electrical contractors long beach,https://shaffercon.com/service-areas/long-beach/,0,12,0.00%,59.17
electrical contractors long beach ca,https://shaffercon.com/service-areas/long-beach/,0,2,0.00%,88.00
electrical contractors los angeles ca,https://shaffercon.com/service-areas/west-hollywood/,0,1,0.00%,76.00
electrical contractors los angeles county,https://shaffercon.com/industry-insights/ladbs-electrical-permit-process-step-by-step-guide/,0,1,0.00%,28.00
electrical contractors los angeles county,https://shaffercon.com/service-areas/west-hollywood/,0,1,0.00%,88.00
electrical contractors ocean beach,https://shaffercon.com/service-areas/long-beach/,0,1,0.00%,82.00
electrical contractors santa monica,https://shaffercon.com/service-areas/santa-monica/,0,7,0.00%,15.29
electrical contractors santa monica,https://shaffercon.com/service-areas/santa-monica/commercial-complete-electrical-rewiring/,0,4,0.00%,19.50
electrical contractors santa monica,https://shaffercon.com/service-areas/santa-monica/residential-electrical-troubleshooting-repairs/,0,2,0.00%,13.50
electrical contractors torrance,https://shaffercon.com/service-areas/torrance/,0,17,0.00%,12.71
electrical controls,https://shaffercon.com/industry-insights/california-title-24-electrical-requirements-renovations/,0,1,0.00%,12.00
electrical distribution upgrade,https://shaffercon.com/industry-insights/complete-guide-electrical-panel-upgrades-los-angeles/,0,9,0.00%,86.78
electrical equipment checklist,https://shaffercon.com/industry-insights/electrical-safety-inspection-checklist-los-angeles/,0,2,0.00%,63.50
electrical equipment inspection checklist,https://shaffercon.com/industry-insights/electrical-safety-inspection-checklist-los-angeles/,0,1,0.00%,60.00
electrical equipment safety inspection checklist,https://shaffercon.com/industry-insights/electrical-safety-inspection-checklist-los-angeles/,0,1,0.00%,49.00
electrical feeder installation drawings submission deadline,https://shaffercon.com/industry-insights/ladbs-electrical-permit-process-step-by-step-guide/,0,1,0.00%,3.00
electrical final inspection checklist,https://shaffercon.com/industry-insights/electrical-safety-inspection-checklist-los-angeles/,0,5,0.00%,52.40
electrical for fabric structures,https://shaffercon.com/industry-insights/cloth-wiring-safety-upgrade,0,3,0.00%,18.33
electrical for fabric structures,https://shaffercon.com/industry-insights/cloth-wiring-safety-upgrade/,0,47,0.00%,17.66
electrical for kitchen remodel,https://shaffercon.com/industry-insights/kitchen-electrical-requirements-outlet-placement-guide/,0,4,0.00%,12.75
electrical fuse box regulations,https://shaffercon.com/industry-insights/california-title-24-electrical-requirements-renovations/,0,1,0.00%,85.00
electrical fuse box replacement cost los angeles ca,https://shaffercon.com/industry-insights/complete-guide-electrical-panel-upgrades-los-angeles/,0,1,0.00%,68.00
electrical gfci,https://shaffercon.com/industry-insights/gfci-safety-installation-guide/,0,2,0.00%,41.50
electrical gfi,https://shaffercon.com/industry-insights/gfi-electrical-outlets-ensuring-safety-in-your-electrical-setup/,0,3,0.00%,52.33
electrical heavy up,https://shaffercon.com/industry-insights/complete-guide-electrical-panel-upgrades-los-angeles/,0,35,0.00%,88.77
electrical home inspection checklist,https://shaffercon.com/industry-insights/electrical-safety-inspection-checklist-los-angeles/,0,2,0.00%,30.00
electrical home safety inspection,https://shaffercon.com/industry-insights/electrical-safety-inspection-checklist-los-angeles/,0,9,0.00%,12.56
electrical home safety inspection checklist,https://shaffercon.com/industry-insights/electrical-safety-inspection-checklist-los-angeles/,0,3,0.00%,37.00
electrical house inspection checklist,https://shaffercon.com/industry-insights/electrical-safety-inspection-checklist-los-angeles/,0,3,0.00%,40.67
electrical inspection,https://shaffercon.com/service-areas/santa-monica/residential-electrical-safety-inspections/,0,4,0.00%,6.75
electrical inspection checklist,https://shaffercon.com/industry-insights/electrical-safety-inspection-checklist-los-angeles/,0,34,0.00%,48.62
electrical inspection checklist residential,https://shaffercon.com/industry-insights/electrical-safety-inspection-checklist-los-angeles/,0,8,0.00%,41.00
electrical inspection checklists,https://shaffercon.com/industry-insights/electrical-safety-inspection-checklist-los-angeles/,0,2,0.00%,39.50
electrical inspection correction,https://shaffercon.com/industry-insights/passing-electrical-inspection-common-failures-fixes,0,6,0.00%,5.00
electrical inspection correction,https://shaffercon.com/industry-insights/passing-electrical-inspection-common-failures-fixes/,0,27,0.00%,9.74
electrical inspection failed code violations consequences process,https://shaffercon.com/industry-insights/passing-electrical-inspection-common-failures-fixes/,0,57,0.00%,2.07
electrical inspection failed due to code violations consequences process,https://shaffercon.com/industry-insights/passing-electrical-inspection-common-failures-fixes/,0,28,0.00%,2.75
electrical inspection failure reasons,https://shaffercon.com/industry-insights/passing-electrical-inspection-common-failures-fixes,0,5,0.00%,9.20
electrical inspection list,https://shaffercon.com/industry-insights/electrical-safety-inspection-checklist-los-angeles/,0,1,0.00%,37.00
electrical inspection los angeles,https://shaffercon.com/industry-insights/electrical-safety-inspection-checklist-los-angeles/,0,1,0.00%,1.00
electrical inspection los angeles,https://shaffercon.com/service-areas/santa-monica/residential-electrical-safety-inspections/,0,19,0.00%,57.58
electrical inspection newman ca,https://shaffercon.com/service-areas/sherman-oaks/,0,1,0.00%,37.00
electrical inspection requirements,https://shaffercon.com/industry-insights/electrical-safety-inspection-checklist-los-angeles/,0,1,0.00%,1.00
electrical inspection sunset park,https://shaffercon.com/service-areas/santa-monica/residential-electrical-safety-inspections/,0,9,0.00%,71.33
electrical inspections checklist,https://shaffercon.com/industry-insights/electrical-safety-inspection-checklist-los-angeles/,0,1,0.00%,99.00
electrical inspector checklist,https://shaffercon.com/industry-insights/electrical-safety-inspection-checklist-los-angeles/,0,4,0.00%,35.25
electrical inspectors near me,https://shaffercon.com/industry-insights/passing-electrical-inspection-common-failures-fixes/,0,1,0.00%,2.00
electrical installation certificate legal requirement,https://shaffercon.com/industry-insights/california-title-24-electrical-requirements-renovations/,0,1,0.00%,67.00
electrical installation inglewood,https://shaffercon.com/service-areas/inglewood/,0,13,0.00%,12.38
electrical installation los angeles,https://shaffercon.com/,0,1,0.00%,24.00
electrical installation regulations,https://shaffercon.com/industry-insights/california-title-24-electrical-requirements-renovations/,0,1,0.00%,56.00
electrical installation requirements,https://shaffercon.com/industry-insights/california-title-24-electrical-requirements-renovations/,0,2,0.00%,62.50
electrical installation rules,https://shaffercon.com/industry-insights/california-title-24-electrical-requirements-renovations/,0,3,0.00%,66.00
electrical installation service in beverly hills ca,https://shaffercon.com/service-areas/atwater-village/,0,1,0.00%,99.00
electrical installation service in beverly hills ca,https://shaffercon.com/service-areas/beverly-hills/,0,27,0.00%,16.78
electrical installation service in beverly hills ca,https://shaffercon.com/service-areas/boyle-heights/,0,1,0.00%,93.00
electrical installation service in burbank ca,https://shaffercon.com/service-areas/burbank/,0,29,0.00%,9.93
electrical installation service in long beach ca,https://shaffercon.com/service-areas/long-beach/,0,6,0.00%,78.33
electrical installation service in pasadena ca,https://shaffercon.com/service-areas/pasadena/,0,1,0.00%,64.00
electrical installation standards,https://shaffercon.com/industry-insights/california-title-24-electrical-requirements-renovations/,0,1,0.00%,67.00
electrical installations & upgrades,https://shaffercon.com/industry-insights/complete-guide-electrical-panel-upgrades-los-angeles/,0,5,0.00%,82.80
electrical installations regulations,https://shaffercon.com/industry-insights/california-title-24-electrical-requirements-renovations/,0,2,0.00%,45.50
electrical kitchen,https://shaffercon.com/industry-insights/kitchen-electrical-requirements-outlet-placement-guide/,0,9,0.00%,21.11
electrical kitchen layout,https://shaffercon.com/industry-insights/kitchen-electrical-requirements-outlet-placement-guide/,0,1,0.00%,14.00
electrical layout for kitchen,https://shaffercon.com/industry-insights/kitchen-electrical-requirements-outlet-placement-guide/,0,1,0.00%,36.00
electrical load analysis services for commercial buildings,https://shaffercon.com/electrical-load-studies/,0,9,0.00%,1.67
electrical load calculations fresno,https://shaffercon.com/electrical-load-studies/,0,1,0.00%,14.00
electrical load compliance consultant,https://shaffercon.com/electrical-load-studies/,0,38,0.00%,7.66
electrical load compliance consultant,https://shaffercon.com/industry-insights/electrical-load-studies-what-they-are-los-angeles/,0,1,0.00%,42.00
electrical load studies,https://shaffercon.com/electrical-load-studies/,0,4,0.00%,18.25
electrical load studies,https://shaffercon.com/industry-insights/electrical-load-studies-what-they-are-los-angeles/,0,6,0.00%,4.00
electrical load study,https://shaffercon.com/electrical-load-studies/,0,3,0.00%,31.67
electrical load study,https://shaffercon.com/industry-insights/electrical-load-studies-what-they-are-los-angeles/,0,23,0.00%,1.83
electrical load upgrade,https://shaffercon.com/industry-insights/complete-guide-electrical-panel-upgrades-los-angeles/,0,82,0.00%,9.16
electrical main service upgrade,https://shaffercon.com/industry-insights/complete-guide-electrical-panel-upgrades-los-angeles/,0,2,0.00%,33.00
electrical maintenance santa clarita ca,https://shaffercon.com/service-areas/santa-clarita/,0,1,0.00%,17.00
electrical outlet for oven,https://shaffercon.com/industry-insights/kitchen-electrical-requirements-outlet-placement-guide/,0,1,0.00%,1.00
electrical outlets in kitchen,https://shaffercon.com/industry-insights/kitchen-electrical-requirements-outlet-placement-guide/,0,5,0.00%,25.80
electrical outlets on kitchen island,https://shaffercon.com/industry-insights/kitchen-electrical-requirements-outlet-placement-guide/,0,1,0.00%,3.00
electrical panel and service upgrades,https://shaffercon.com/industry-insights/complete-guide-electrical-panel-upgrades-los-angeles/,0,5,0.00%,44.80
electrical panel application projects,https://shaffercon.com/industry-insights/complete-guide-electrical-panel-upgrades-los-angeles/,0,3,0.00%,46.67
electrical panel box,https://shaffercon.com/industry-insights/panel-upgrades-the-essentials-of-zinsco-panel-upgrade-or-replacement/,0,1,0.00%,22.00
electrical panel box for home los angeles ca,https://shaffercon.com/industry-insights/complete-guide-electrical-panel-upgrades-los-angeles/,0,7,0.00%,18.71
electrical panel change,https://shaffercon.com/industry-insights/complete-guide-electrical-panel-upgrades-los-angeles/,0,2,0.00%,6.50
electrical panel checklist,https://shaffercon.com/industry-insights/electrical-safety-inspection-checklist-los-angeles/,0,1,0.00%,26.00
electrical panel checklist inspection,https://shaffercon.com/industry-insights/electrical-safety-inspection-checklist-los-angeles/,0,4,0.00%,25.50
electrical panel codes,https://shaffercon.com/industry-insights/california-title-24-electrical-requirements-renovations/,0,4,0.00%,62.75
electrical panel in kitchen code,https://shaffercon.com/industry-insights/kitchen-electrical-requirements-outlet-placement-guide/,0,21,0.00%,7.81
electrical panel inspection,https://shaffercon.com/industry-insights/electrical-safety-inspection-checklist-los-angeles/,0,42,0.00%,38.79
electrical panel inspection checklist,https://shaffercon.com/industry-insights/electrical-safety-inspection-checklist-los-angeles/,0,25,0.00%,26.28
electrical panel inspection los angeles ca,https://shaffercon.com/industry-insights/complete-guide-electrical-panel-upgrades-los-angeles/,0,10,0.00%,30.30
electrical panel inspection los angeles ca,https://shaffercon.com/industry-insights/electrical-safety-inspection-checklist-los-angeles/,0,1,0.00%,16.00
electrical panel inspection los angeles ca,https://shaffercon.com/industry-insights/ladbs-electrical-permit-process-step-by-step-guide/,0,9,0.00%,20.67
electrical panel inspections,https://shaffercon.com/industry-insights/electrical-safety-inspection-checklist-los-angeles/,0,3,0.00%,47.00
electrical panel installation checklist,https://shaffercon.com/industry-insights/electrical-safety-inspection-checklist-los-angeles/,0,1,0.00%,43.00
electrical panel installation cost los angeles ca,https://shaffercon.com/industry-insights/complete-guide-electrical-panel-upgrades-los-angeles/,0,7,0.00%,25.86
electrical panel installation glendale,https://shaffercon.com/service-areas/glendale/commercial-electrical-panel-upgrades/,0,1,0.00%,20.00
electrical panel installation glendale,https://shaffercon.com/service-areas/glendale/residential-electrical-panel-upgrades/,0,4,0.00%,12.00
electrical panel installation los angeles,https://shaffercon.com/industry-insights/complete-guide-electrical-panel-upgrades-los-angeles/,0,13,0.00%,13.62
electrical panel installation newman ca,https://shaffercon.com/service-areas/sherman-oaks/,0,70,0.00%,38.93
electrical panel installation requirements,https://shaffercon.com/industry-insights/california-title-24-electrical-requirements-renovations/,0,1,0.00%,70.00
electrical panel maintenance checklist,https://shaffercon.com/industry-insights/electrical-safety-inspection-checklist-los-angeles/,0,2,0.00%,46.00
electrical panel permit,https://shaffercon.com/industry-insights/ladbs-electrical-permit-process-step-by-step-guide/,0,12,0.00%,27.08
electrical panel relocation,https://shaffercon.com/industry-insights/complete-guide-electrical-panel-upgrades-los-angeles/,0,1,0.00%,2.00
electrical panel repair glendale,https://shaffercon.com/service-areas/glendale/residential-electrical-panel-upgrades/,0,25,0.00%,37.56
electrical panel repair los angeles ca,https://shaffercon.com/industry-insights/complete-guide-electrical-panel-upgrades-los-angeles/,0,1,0.00%,93.00
electrical panel replacement,https://shaffercon.com/industry-insights/complete-guide-electrical-panel-upgrades-los-angeles/,0,19,0.00%,37.89
electrical panel replacement glendale,https://shaffercon.com/service-areas/glendale/commercial-electrical-panel-upgrades/,0,1,0.00%,19.00
electrical panel replacement glendale,https://shaffercon.com/service-areas/glendale/residential-electrical-panel-upgrades/,0,2,0.00%,8.00
electrical panel replacement los angeles,https://shaffercon.com/industry-insights/complete-guide-electrical-panel-upgrades-los-angeles/,0,21,0.00%,20.57
electrical panel replacement los angeles ca,https://shaffercon.com/industry-insights/complete-guide-electrical-panel-upgrades-los-angeles/,0,10,0.00%,18.20
electrical panel replacement or upgrading,https://shaffercon.com/industry-insights/complete-guide-electrical-panel-upgrades-los-angeles/,0,1,0.00%,38.00
electrical panel replacement permit,https://shaffercon.com/industry-insights/complete-guide-electrical-panel-upgrades-los-angeles/,0,2,0.00%,83.00
electrical panel replacement permit,https://shaffercon.com/industry-insights/ladbs-electrical-permit-process-step-by-step-guide/,0,2,0.00%,32.50
electrical panel replacement southern california,https://shaffercon.com/industry-insights/complete-guide-electrical-panel-upgrades-los-angeles/,0,1,0.00%,11.00
electrical panel requirements,https://shaffercon.com/industry-insights/california-title-24-electrical-requirements-renovations/,0,1,0.00%,68.00
electrical panel requirements code,https://shaffercon.com/industry-insights/california-title-24-electrical-requirements-renovations/,0,1,0.00%,49.00
electrical panel safety checklist,https://shaffercon.com/industry-insights/electrical-safety-inspection-checklist-los-angeles/,0,1,0.00%,23.00
electrical panel service los angeles ca,https://shaffercon.com/industry-insights/complete-guide-electrical-panel-upgrades-los-angeles/,0,2,0.00%,20.00
electrical panel service los angeles ca,https://shaffercon.com/service-areas/sherman-oaks/,0,1,0.00%,100.00
electrical panel services burbank,https://shaffercon.com/service-areas/burbank/,0,7,0.00%,17.00
electrical panel services glendale,https://shaffercon.com/service-areas/glendale/commercial-electrical-panel-upgrades/,0,8,0.00%,21.88
electrical panel services glendale,https://shaffercon.com/service-areas/glendale/residential-electrical-panel-upgrades/,0,8,0.00%,4.75
electrical panel services pasadena,https://shaffercon.com/service-areas/pasadena/residential-breaker-panel-service-maintenance/,0,1,0.00%,7.00
electrical panel upgrade,https://shaffercon.com/industry-insights/complete-guide-electrical-panel-upgrades-los-angeles/,0,266,0.00%,42.83
electrical panel upgrade anaheim ca,https://shaffercon.com/industry-insights/complete-guide-electrical-panel-upgrades-los-angeles/,0,3,0.00%,49.67
electrical panel upgrade beverly hills fl,https://shaffercon.com/service-areas/beverly-hills/,0,4,0.00%,28.75
electrical panel upgrade code requirements,https://shaffercon.com/industry-insights/california-title-24-electrical-requirements-renovations/,0,2,0.00%,41.00
electrical panel upgrade code requirements,https://shaffercon.com/industry-insights/complete-guide-electrical-panel-upgrades-los-angeles/,0,5,0.00%,10.40
electrical panel upgrade cost los angeles ca,https://shaffercon.com/industry-insights/complete-guide-electrical-panel-upgrades-los-angeles/,0,12,0.00%,21.42
electrical panel upgrade electrician,https://shaffercon.com/industry-insights/complete-guide-electrical-panel-upgrades-los-angeles/,0,1,0.00%,12.00
electrical panel upgrade fern creek,https://shaffercon.com/service-areas/glendale/residential-electrical-panel-upgrades/,0,1,0.00%,68.00
electrical panel upgrade glendale,https://shaffercon.com/service-areas/glendale/commercial-electrical-panel-upgrades/,0,18,0.00%,17.17
electrical panel upgrade glendale,https://shaffercon.com/service-areas/glendale/residential-electrical-panel-upgrades/,0,25,0.00%,8.80
electrical panel upgrade guide,https://shaffercon.com/industry-insights/complete-guide-electrical-panel-upgrades-los-angeles/,0,1,0.00%,66.00
electrical panel upgrade highland village,https://shaffercon.com/service-areas/glendale/commercial-electrical-panel-upgrades/,0,1,0.00%,78.00
electrical panel upgrade highland village,https://shaffercon.com/service-areas/glendale/residential-electrical-panel-upgrades/,0,4,0.00%,50.75
electrical panel upgrade highland village,https://shaffercon.com/service-areas/highland-park/commercial-electrical-panel-upgrades/,0,1,0.00%,32.00
electrical panel upgrade highland village,https://shaffercon.com/service-areas/highland-park/residential-electrical-panel-upgrades,0,1,0.00%,22.00
electrical panel upgrade hillside manor,https://shaffercon.com/service-areas/glendale/residential-electrical-panel-upgrades/,0,4,0.00%,46.00
electrical panel upgrade inglewood ca,https://shaffercon.com/service-areas/inglewood/,0,13,0.00%,6.54
electrical panel upgrade inspection,https://shaffercon.com/industry-insights/complete-guide-electrical-panel-upgrades-los-angeles/,0,1,0.00%,7.00
electrical panel upgrade long valley,https://shaffercon.com/service-areas/burbank/residential-electrical-panel-upgrades/,0,4,0.00%,78.25
electrical panel upgrade long valley,https://shaffercon.com/service-areas/glendale/commercial-electrical-panel-upgrades/,0,1,0.00%,81.00
electrical panel upgrade long valley,https://shaffercon.com/service-areas/glendale/residential-electrical-panel-upgrades/,0,1,0.00%,70.00
electrical panel upgrade los angeles,https://shaffercon.com/industry-insights/complete-guide-electrical-panel-upgrades-los-angeles/,0,144,0.00%,13.52
electrical panel upgrade los angeles ca,https://shaffercon.com/industry-insights/complete-guide-electrical-panel-upgrades-los-angeles/,0,25,0.00%,15.96
electrical panel upgrade murphy,https://shaffercon.com/industry-insights/complete-guide-electrical-panel-upgrades-los-angeles/,0,7,0.00%,60.14
electrical panel upgrade near los angeles ca,https://shaffercon.com/industry-insights/complete-guide-electrical-panel-upgrades-los-angeles/,0,11,0.00%,26.73
electrical panel upgrade near me,https://shaffercon.com/industry-insights/complete-guide-electrical-panel-upgrades-los-angeles/,0,15,0.00%,24.27
electrical panel upgrade near me,https://shaffercon.com/service-areas/sherman-oaks/,0,1,0.00%,16.00
electrical panel upgrade newman ca,https://shaffercon.com/service-areas/sherman-oaks/,0,62,0.00%,63.10
electrical panel upgrade northside,https://shaffercon.com/industry-insights/complete-guide-electrical-panel-upgrades-los-angeles/,0,1,0.00%,94.00
electrical panel upgrade pasadena,https://shaffercon.com/service-areas/atwater-village/residential-electrical-panel-upgrades/,0,1,0.00%,49.00
electrical panel upgrade permit,https://shaffercon.com/industry-insights/complete-guide-electrical-panel-upgrades-los-angeles/,0,5,0.00%,78.80
electrical panel upgrade permit,https://shaffercon.com/industry-insights/ladbs-electrical-permit-process-step-by-step-guide/,0,3,0.00%,51.67
electrical panel upgrade permit cost,https://shaffercon.com/industry-insights/complete-guide-electrical-panel-upgrades-los-angeles/,0,1,0.00%,12.00
electrical panel upgrade permit los angeles,https://shaffercon.com/industry-insights/complete-guide-electrical-panel-upgrades-los-angeles/,0,37,0.00%,9.27
electrical panel upgrade permit requirements by location us,https://shaffercon.com/industry-insights/complete-guide-electrical-panel-upgrades-los-angeles/,0,2,0.00%,8.50
electrical panel upgrade permit requirements california,https://shaffercon.com/industry-insights/complete-guide-electrical-panel-upgrades-los-angeles/,0,2,0.00%,1.00
electrical panel upgrade permit requirements california,https://shaffercon.com/industry-insights/ladbs-electrical-permit-process-step-by-step-guide/,0,4,0.00%,1.00
electrical panel upgrade plainedge,https://shaffercon.com/industry-insights/complete-guide-electrical-panel-upgrades-los-angeles/,0,1,0.00%,94.00
electrical panel upgrade requirements,https://shaffercon.com/industry-insights/complete-guide-electrical-panel-upgrades-los-angeles/,0,12,0.00%,2.33
electrical panel upgrade san fernando,https://shaffercon.com/service-areas/glendale/residential-electrical-panel-upgrades/,0,2,0.00%,41.50
electrical panel upgrade santa clarita,https://shaffercon.com/service-areas/santa-clarita/,0,5,0.00%,15.40
electrical panel upgrade santa venetia,https://shaffercon.com/industry-insights/complete-guide-electrical-panel-upgrades-los-angeles/,0,2,0.00%,30.00
electrical panel upgrade santa venetia,https://shaffercon.com/residential-ev-charger/,0,1,0.00%,29.00
electrical panel upgrade santa venetia,https://shaffercon.com/service-areas/glendale/residential-electrical-panel-upgrades/,0,2,0.00%,24.50
electrical panel upgrade service los angeles ca,https://shaffercon.com/industry-insights/complete-guide-electrical-panel-upgrades-los-angeles/,0,14,0.00%,20.64
electrical panel upgrade services,https://shaffercon.com/industry-insights/complete-guide-electrical-panel-upgrades-los-angeles/,0,1,0.00%,10.00
electrical panel upgrade services in san gabriel valley,https://shaffercon.com/industry-insights/complete-guide-electrical-panel-upgrades-los-angeles/,0,1,0.00%,41.00
electrical panel upgrade southern california,https://shaffercon.com/industry-insights/complete-guide-electrical-panel-upgrades-los-angeles/,0,4,0.00%,15.75
electrical panel upgrade torrance 90503,https://shaffercon.com/service-areas/torrance/,0,11,0.00%,12.27
electrical panel upgrade torrance ca,https://shaffercon.com/industry-insights/complete-guide-electrical-panel-upgrades-los-angeles/,0,2,0.00%,20.50
electrical panel upgrade torrance ca,https://shaffercon.com/service-areas/torrance/,0,2,0.00%,16.00
electrical panel upgrade venice,https://shaffercon.com/service-areas/venice/,0,1,0.00%,47.00
electrical panel upgrade vineyards,https://shaffercon.com/industry-insights/complete-guide-electrical-panel-upgrades-los-angeles/,0,1,0.00%,42.00
electrical panel upgrades,https://shaffercon.com/industry-insights/complete-guide-electrical-panel-upgrades-los-angeles/,0,4,0.00%,18.50
electrical panel upgrades burbank,https://shaffercon.com/service-areas/burbank/,0,46,0.00%,36.22
electrical panel upgrades burbank,https://shaffercon.com/service-areas/burbank/commercial-electrical-panel-upgrades,0,3,0.00%,10.33
electrical panel upgrades burbank,https://shaffercon.com/service-areas/burbank/commercial-electrical-panel-upgrades/,0,48,0.00%,14.25
electrical panel upgrades burbank,https://shaffercon.com/service-areas/burbank/residential-electrical-panel-upgrades,0,35,0.00%,7.57
electrical panel upgrades burbank,https://shaffercon.com/service-areas/burbank/residential-electrical-panel-upgrades/,0,62,0.00%,7.40
electrical panel upgrades claus,https://shaffercon.com/industry-insights/complete-guide-electrical-panel-upgrades-los-angeles/,0,2,0.00%,88.00
electrical panel upgrades elwood,https://shaffercon.com/industry-insights/complete-guide-electrical-panel-upgrades-los-angeles/,0,1,0.00%,93.00
electrical panel upgrades flatlands,https://shaffercon.com/service-areas/glendale/residential-electrical-panel-upgrades/,0,1,0.00%,93.00
electrical panel upgrades glendale,https://shaffercon.com/service-areas/glendale/commercial-electrical-panel-upgrades/,0,6,0.00%,19.50
electrical panel upgrades glendale,https://shaffercon.com/service-areas/glendale/residential-electrical-panel-upgrades/,0,7,0.00%,8.86
electrical panel upgrades hillside,https://shaffercon.com/service-areas/glendale/residential-electrical-panel-upgrades/,0,37,0.00%,32.86
electrical panel upgrades los alamitos,https://shaffercon.com/industry-insights/complete-guide-electrical-panel-upgrades-los-angeles/,0,1,0.00%,17.00
electrical panel upgrades los angeles,https://shaffercon.com/industry-insights/complete-guide-electrical-panel-upgrades-los-angeles/,0,6,0.00%,19.50
electrical panel upgrades los angeles ca,https://shaffercon.com/industry-insights/complete-guide-electrical-panel-upgrades-los-angeles/,0,9,0.00%,17.11
electrical panel upgrades marine park,https://shaffercon.com/industry-insights/complete-guide-electrical-panel-upgrades-los-angeles/,0,1,0.00%,73.00
electrical panel upgrades pasadena,https://shaffercon.com/service-areas/pasadena/commercial-electrical-panel-upgrades/,0,5,0.00%,28.60
electrical panel upgrades pasadena,https://shaffercon.com/service-areas/pasadena/residential-electrical-panel-upgrades,0,6,0.00%,6.00
electrical panel upgrades prospect lefferts gardens,https://shaffercon.com/service-areas/glendale/commercial-electrical-panel-upgrades/,0,1,0.00%,87.00
electrical panel upgrades prospect lefferts gardens,https://shaffercon.com/service-areas/glendale/residential-electrical-panel-upgrades/,0,1,0.00%,95.00
electrical panel upgrades redondo beach,https://shaffercon.com/industry-insights/electrician-redondo-beach-ev-charger/,0,1,0.00%,19.00
electrical panel upgrades westchester,https://shaffercon.com/service-areas/glendale/commercial-electrical-panel-upgrades/,0,1,0.00%,53.00
electrical panels los angeles ca,https://shaffercon.com/industry-insights/complete-guide-electrical-panel-upgrades-los-angeles/,0,9,0.00%,22.33
electrical pass,https://shaffercon.com/industry-insights/passing-electrical-inspection-common-failures-fixes/,0,1,0.00%,1.00
electrical permit,https://shaffercon.com/industry-insights/ladbs-electrical-permit-process-step-by-step-guide/,0,2,0.00%,8.00
electrical permit electrician,https://shaffercon.com/industry-insights/ladbs-electrical-permit-process-step-by-step-guide/,0,28,0.00%,5.71
electrical permit inspection outcomes violations correction re-inspection,https://shaffercon.com/industry-insights/passing-electrical-inspection-common-failures-fixes/,0,3,0.00%,1.67
electrical permit los angeles,https://shaffercon.com/industry-insights/ladbs-electrical-permit-process-step-by-step-guide/,0,13,0.00%,7.08
electrical permit management,https://shaffercon.com/industry-insights/ladbs-electrical-permit-process-step-by-step-guide/,0,2,0.00%,40.00
electrical permit requirements,https://shaffercon.com/industry-insights/california-title-24-electrical-requirements-renovations/,0,1,0.00%,87.00
electrical permit requirements for adding new outlet us,https://shaffercon.com/industry-insights/ladbs-electrical-permit-process-step-by-step-guide/,0,2,0.00%,4.50
electrical permits,https://shaffercon.com/industry-insights/ladbs-electrical-permit-process-step-by-step-guide/,0,2,0.00%,44.50
electrical permits required for common home projects,https://shaffercon.com/industry-insights/california-title-24-electrical-requirements-renovations/,0,1,0.00%,8.00
electrical permits required for common home projects diy,https://shaffercon.com/industry-insights/california-title-24-electrical-requirements-renovations/,0,1,0.00%,8.00
electrical plan review,https://shaffercon.com/industry-insights/ladbs-electrical-permit-process-step-by-step-guide/,0,1,0.00%,10.00
electrical power upgrade,https://shaffercon.com/industry-insights/complete-guide-electrical-panel-upgrades-los-angeles/,0,59,0.00%,20.27
electrical regulations for kitchens,https://shaffercon.com/industry-insights/kitchen-electrical-requirements-outlet-placement-guide/,0,2,0.00%,11.00
electrical repair beverly hills,https://shaffercon.com/service-areas/beverly-hills/,0,1,0.00%,46.00
electrical repair beverly hills,https://shaffercon.com/service-areas/beverly-hills/commercial-electrical-troubleshooting-repairs/,0,3,0.00%,14.33
electrical repair inglewood,https://shaffercon.com/service-areas/inglewood/,0,4,0.00%,12.50
electrical repair services in beverly hills ca,https://shaffercon.com/service-areas/beverly-hills/,0,5,0.00%,32.00
electrical repair services in beverly hills ca,https://shaffercon.com/service-areas/west-hollywood/,0,1,0.00%,94.00
electrical repair services in burbank ca,https://shaffercon.com/service-areas/burbank/,0,7,0.00%,50.57
electrical repairs highland,https://shaffercon.com/service-areas/highland-park/commercial-electrical-troubleshooting-repairs/,0,5,0.00%,81.40
electrical repairs highland,https://shaffercon.com/service-areas/highland-park/residential-electrical-troubleshooting-repairs,0,1,0.00%,33.00
electrical repairs highland,https://shaffercon.com/service-areas/highland-park/residential-electrical-troubleshooting-repairs/,0,22,0.00%,34.86
electrical repairs highland park,https://shaffercon.com/service-areas/highland-park/commercial-electrical-troubleshooting-repairs,0,1,0.00%,19.00
electrical requirement,https://shaffercon.com/industry-insights/california-title-24-electrical-requirements-renovations/,0,1,0.00%,91.00
electrical requirements for ev charging,https://shaffercon.com/industry-insights/the-ultimate-guide-to-ev-charger-installation-and-infrastructure-in-los-angeles/,0,111,0.00%,77.20
electrical rewiring for historic santa monica homes,https://shaffercon.com/service-areas/santa-monica/,0,4,0.00%,22.75
electrical rewiring for historic santa monica homes,https://shaffercon.com/service-areas/santa-monica/residential-complete-electrical-rewiring/,0,20,0.00%,1.85
electrical rewiring for historic santa monica homes,https://shaffercon.com/service-areas/santa-monica/residential-data-network-av-wiring,0,2,0.00%,18.00
electrical rewiring for historic santa monica homes,https://shaffercon.com/service-areas/santa-monica/residential-data-network-av-wiring/,0,6,0.00%,14.67
electrical rewiring for historic santa monica homes,https://shaffercon.com/service-areas/santa-monica/residential-electrical-troubleshooting-repairs/,0,2,0.00%,28.00
electrical rewiring los angeles cost process permits 2025 or 2026,https://shaffercon.com/industry-insights/california-title-24-electrical-requirements-renovations/,0,1,0.00%,18.00
electrical rewiring los angeles cost process permits 2025 or 2026,https://shaffercon.com/industry-insights/ladbs-electrical-permit-process-step-by-step-guide/,0,3,0.00%,2.00
electrical rough in checklist,https://shaffercon.com/industry-insights/electrical-safety-inspection-checklist-los-angeles/,0,2,0.00%,65.00
electrical rough in inspection,https://shaffercon.com/industry-insights/passing-electrical-inspection-common-failures-fixes/,0,6,0.00%,28.50
electrical rough in inspection checklist,https://shaffercon.com/industry-insights/electrical-safety-inspection-checklist-los-angeles/,0,1,0.00%,67.00
electrical rough in inspection checklist,https://shaffercon.com/industry-insights/passing-electrical-inspection-common-failures-fixes/,0,1,0.00%,2.00
electrical rough inspection,https://shaffercon.com/industry-insights/passing-electrical-inspection-common-failures-fixes/,0,2,0.00%,29.00
electrical rough-in checklist,https://shaffercon.com/industry-insights/electrical-safety-inspection-checklist-los-angeles/,0,1,0.00%,64.00
electrical rough-in inspection checklist,https://shaffercon.com/industry-insights/electrical-safety-inspection-checklist-los-angeles/,0,1,0.00%,59.00
electrical rules,https://shaffercon.com/industry-insights/california-title-24-electrical-requirements-renovations/,0,1,0.00%,58.00
electrical rules and regulations,https://shaffercon.com/industry-insights/california-title-24-electrical-requirements-renovations/,0,1,0.00%,71.00
electrical safety assessment,https://shaffercon.com/industry-insights/electrical-safety-inspection-checklist-los-angeles/,0,2,0.00%,48.00
electrical safety check los angeles ca,https://shaffercon.com/service-areas/santa-monica/residential-electrical-safety-inspections/,0,11,0.00%,16.09
electrical safety checklist,https://shaffercon.com/industry-insights/electrical-safety-inspection-checklist-los-angeles/,0,17,0.00%,28.65
electrical safety checklist for construction site,https://shaffercon.com/industry-insights/electrical-safety-inspection-checklist-los-angeles/,0,2,0.00%,42.50
electrical safety checklists,https://shaffercon.com/industry-insights/electrical-safety-inspection-checklist-los-angeles/,0,8,0.00%,51.50
electrical safety checks,https://shaffercon.com/industry-insights/electrical-safety-inspection-checklist-los-angeles/,0,1,0.00%,26.00
electrical safety inspection,https://shaffercon.com/industry-insights/electrical-safety-inspection-checklist-los-angeles/,0,130,0.00%,29.23
electrical safety inspection checklist,https://shaffercon.com/industry-insights/electrical-safety-inspection-checklist-los-angeles/,0,35,0.00%,38.60
electrical safety inspection checklist home,https://shaffercon.com/industry-insights/electrical-safety-inspection-checklist-los-angeles/,0,8,0.00%,32.88
electrical safety inspection report,https://shaffercon.com/industry-insights/electrical-safety-inspection-checklist-los-angeles/,0,1,0.00%,40.00
electrical safety inspections,https://shaffercon.com/industry-insights/electrical-safety-inspection-checklist-los-angeles/,0,2,0.00%,43.00
electrical safety standards for bathrooms,https://shaffercon.com/industry-insights/bathroom-electrical-safety-gfci-requirements/,0,4,0.00%,3.25
electrical safety torrance ca,https://shaffercon.com/service-areas/torrance/,0,17,0.00%,11.41
electrical seasonal safety inspection,https://shaffercon.com/industry-insights/electrical-safety-inspection-checklist-los-angeles/,0,14,0.00%,49.71
electrical service agoura hills ca,https://shaffercon.com/industry-insights/electrician-services-agoura-hills-ev/,0,1,0.00%,18.00
electrical service change,https://shaffercon.com/industry-insights/complete-guide-electrical-panel-upgrades-los-angeles/,0,9,0.00%,43.89
electrical service companies near me in beverly hills ca,https://shaffercon.com/service-areas/beverly-hills/,0,1,0.00%,95.00
electrical service companies near me in burbank ca,https://shaffercon.com/service-areas/burbank/,0,3,0.00%,57.67
electrical service entrance upgrade,https://shaffercon.com/industry-insights/complete-guide-electrical-panel-upgrades-los-angeles,0,10,0.00%,8.20
electrical service entrance upgrade,https://shaffercon.com/industry-insights/complete-guide-electrical-panel-upgrades-los-angeles/,0,110,0.00%,8.10
electrical service in atwater ca,https://shaffercon.com/service-areas/atwater-village/,0,8,0.00%,43.00
electrical service panel upgrade,https://shaffercon.com/industry-insights/complete-guide-electrical-panel-upgrades-los-angeles/,0,45,0.00%,19.38
electrical service panel upgrade los angeles ca,https://shaffercon.com/industry-insights/complete-guide-electrical-panel-upgrades-los-angeles/,0,11,0.00%,16.82
electrical service panel upgrade near me,https://shaffercon.com/industry-insights/complete-guide-electrical-panel-upgrades-los-angeles/,0,1,0.00%,27.00
electrical service panel upgrades los angeles ca,https://shaffercon.com/industry-insights/complete-guide-electrical-panel-upgrades-los-angeles/,0,5,0.00%,19.00
electrical service panel upgrades near me,https://shaffercon.com/industry-insights/complete-guide-electrical-panel-upgrades-los-angeles/,0,3,0.00%,56.00
electrical service permit,https://shaffercon.com/industry-insights/ladbs-electrical-permit-process-step-by-step-guide/,0,1,0.00%,1.00
electrical service replacement,https://shaffercon.com/industry-insights/complete-guide-electrical-panel-upgrades-los-angeles/,0,1,0.00%,10.00
electrical service requirements,https://shaffercon.com/industry-insights/california-title-24-electrical-requirements-renovations/,0,2,0.00%,36.50
electrical service upgrade,https://shaffercon.com/industry-insights/complete-guide-electrical-panel-upgrades-los-angeles/,0,384,0.00%,48.51
electrical service upgrade code,https://shaffercon.com/industry-insights/complete-guide-electrical-panel-upgrades-los-angeles/,0,2,0.00%,61.50
electrical service upgrade los angeles ca,https://shaffercon.com/industry-insights/complete-guide-electrical-panel-upgrades-los-angeles/,0,36,0.00%,17.31
electrical service upgrade newman ca,https://shaffercon.com/service-areas/sherman-oaks/,0,35,0.00%,43.51
electrical service upgrades,https://shaffercon.com/industry-insights/complete-guide-electrical-panel-upgrades-los-angeles/,0,22,0.00%,65.41
electrical service upgrades glencoe,https://shaffercon.com/service-areas/glendale/residential-electrical-panel-upgrades/,0,1,0.00%,42.00
electrical service upgrades highland park,https://shaffercon.com/service-areas/highland-park/,0,2,0.00%,20.50
electrical services burbank,https://shaffercon.com/service-areas/burbank/,0,37,0.00%,15.86
electrical services culver city ca,https://shaffercon.com/service-areas/culver-city/,0,2,0.00%,23.50
electrical services glendale heights,https://shaffercon.com/service-areas/west-hollywood/,0,2,0.00%,37.50
electrical services in beverly hills ca,https://shaffercon.com/service-areas/beverly-hills/,0,5,0.00%,31.60
electrical services in burbank ca,https://shaffercon.com/service-areas/burbank/,0,29,0.00%,20.14
electrical services inglewood,https://shaffercon.com/service-areas/inglewood/,0,23,0.00%,17.26
electrical services near me in burbank ca,https://shaffercon.com/service-areas/burbank/,0,3,0.00%,62.67
electrical standards ev charging,https://shaffercon.com/industry-insights/commercial-electrician-ev-charging-safety/,0,1,0.00%,89.00
electrical standards ev charging,https://shaffercon.com/industry-insights/the-ultimate-guide-to-ev-charger-installation-and-infrastructure-in-los-angeles/,0,1,0.00%,86.00
electrical standards for ev charging,https://shaffercon.com/industry-insights/commercial-electrician-ev-charging-safety/,0,2,0.00%,78.00
electrical subpanel electrician,https://shaffercon.com/industry-insights/subpanel-installation-guide-when-why-you-need-one/,0,21,0.00%,68.67
electrical subpanel installation,https://shaffercon.com/industry-insights/subpanel-installation-guide-when-why-you-need-one/,0,1,0.00%,72.00
electrical sustainability,https://shaffercon.com/industry-insights/electricitys-impact-on-sustainable-construction-practices/,0,1,0.00%,89.00
electrical system analysis for commercial buildings load capacity safety providers,https://shaffercon.com/electrical-load-studies/,0,1,0.00%,3.00
electrical system health check,https://shaffercon.com/industry-insights/electrical-safety-inspection-checklist-los-angeles/,0,2,0.00%,10.50
electrical system inspection,https://shaffercon.com/industry-insights/electrical-safety-inspection-checklist-los-angeles/,0,1,0.00%,42.00
electrical system upgrade,https://shaffercon.com/industry-insights/complete-guide-electrical-panel-upgrades-los-angeles/,0,9,0.00%,10.22
electrical system upgrade los angeles ca,https://shaffercon.com/industry-insights/complete-guide-electrical-panel-upgrades-los-angeles/,0,9,0.00%,22.33
electrical trim-out checklist,https://shaffercon.com/industry-insights/electrical-safety-inspection-checklist-los-angeles/,0,3,0.00%,63.00
electrical troubleshooting and repairs sunset park,https://shaffercon.com/service-areas/santa-monica/residential-electrical-troubleshooting-repairs/,0,8,0.00%,60.38
electrical troubleshooting inglewood,https://shaffercon.com/service-areas/inglewood/,0,3,0.00%,13.67
electrical troubleshooting inglewood,https://shaffercon.com/service-areas/inglewood/commercial-electrical-troubleshooting-repairs/,0,2,0.00%,17.50
electrical troubleshooting inglewood,https://shaffercon.com/service-areas/inglewood/residential-electrical-troubleshooting-repairs/,0,7,0.00%,4.14
electrical troubleshooting santa clarita ca,https://shaffercon.com/service-areas/santa-clarita/commercial-electrical-troubleshooting-repairs,0,2,0.00%,12.50
electrical troubleshooting santa clarita ca,https://shaffercon.com/service-areas/santa-clarita/commercial-electrical-troubleshooting-repairs/,0,1,0.00%,5.00
electrical update,https://shaffercon.com/industry-insights/complete-guide-electrical-panel-upgrades-los-angeles/,0,2,0.00%,11.00
electrical upgrade,https://shaffercon.com/industry-insights/complete-guide-electrical-panel-upgrades-los-angeles/,0,1,0.00%,1.00
electrical upgrade services,https://shaffercon.com/industry-insights/complete-guide-electrical-panel-upgrades-los-angeles/,0,33,0.00%,10.73
electrical upgrades california,https://shaffercon.com/industry-insights/complete-guide-electrical-panel-upgrades-los-angeles/,0,11,0.00%,60.91
electrical upgrades for home los angeles ca,https://shaffercon.com/industry-insights/complete-guide-electrical-panel-upgrades-los-angeles/,0,8,0.00%,25.75
electrical upgrades permit required,https://shaffercon.com/industry-insights/complete-guide-electrical-panel-upgrades-los-angeles/,0,1,0.00%,12.00
electrical upgrading,https://shaffercon.com/industry-insights/complete-guide-electrical-panel-upgrades-los-angeles/,0,4,0.00%,26.75
electrical vehicle infrastructure,https://shaffercon.com/industry-insights/the-future-of-electric-vehicle-charging-why-infrastructure-matters-for-sustainable-growth/,0,1,0.00%,44.00
electrical wiring checks,https://shaffercon.com/industry-insights/electrical-safety-inspection-checklist-los-angeles/,0,2,0.00%,54.00
electrical wiring in shower area building codes,https://shaffercon.com/industry-insights/bathroom-electrical-safety-gfci-requirements/,0,1,0.00%,4.00
electrical wiring inglewood,https://shaffercon.com/service-areas/inglewood/,0,8,0.00%,14.50
electrical wiring inspection checklist,https://shaffercon.com/industry-insights/electrical-safety-inspection-checklist-los-angeles/,0,1,0.00%,52.00
electrical wiring installation,https://shaffercon.com/industry-insights/recessed-lighting-installation-guide/,0,1,0.00%,1.00
electrical wiring safety check,https://shaffercon.com/industry-insights/electrical-safety-inspection-checklist-los-angeles/,0,1,0.00%,33.00
electrical wiring santa cruz ca,https://shaffercon.com/industry-insights/california-title-24-electrical-requirements-renovations/,0,1,0.00%,1.00
electrical work done without permit by previous owner,https://shaffercon.com/industry-insights/california-title-24-electrical-requirements-renovations/,0,1,0.00%,37.00
electrical work on house,https://shaffercon.com/industry-insights/california-title-24-electrical-requirements-renovations/,0,1,0.00%,83.00
electrical work permit,https://shaffercon.com/industry-insights/ladbs-electrical-permit-process-step-by-step-guide/,0,1,0.00%,1.00
electrical work permits,https://shaffercon.com/industry-insights/california-title-24-electrical-requirements-renovations/,0,1,0.00%,87.00
electrical work without permit penalty,https://shaffercon.com/industry-insights/california-title-24-electrical-requirements-renovations/,0,4,0.00%,39.50
electrical zoning,https://shaffercon.com/industry-insights/california-title-24-electrical-requirements-renovations/,0,1,0.00%,58.00
electrical+safety+inspections,https://shaffercon.com/industry-insights/electrical-safety-inspection-checklist-los-angeles/,0,1,0.00%,42.00
electrician agoura hills,https://shaffercon.com/industry-insights/electrician-services-agoura-hills-ev/,0,34,0.00%,14.06
electrician agoura hills ca,https://shaffercon.com/industry-insights/electrician-services-agoura-hills-ev/,0,2,0.00%,19.00
electrician altadena,https://shaffercon.com/service-areas/altadena/,0,17,0.00%,33.00
electrician beverly hills,https://shaffercon.com/service-areas/beverly-hills/,0,5,0.00%,72.20
electrician beverly hills ca,https://shaffercon.com/service-areas/beverly-hills/,0,7,0.00%,84.71
electrician burbank,https://shaffercon.com/service-areas/burbank/,0,64,0.00%,34.47
electrician burbank ca,https://shaffercon.com/service-areas/burbank/,0,13,0.00%,60.92
electrician checklist,https://shaffercon.com/industry-insights/electrical-safety-inspection-checklist-los-angeles/,0,8,0.00%,53.50
electrician culver city,http://www.shaffercon.com/,0,1,0.00%,141.00
electrician culver city,https://shaffercon.com/service-areas/culver-city/,0,49,0.00%,28.98
electrician culver city ca,https://shaffercon.com/service-areas/culver-city/,0,27,0.00%,47.56
electrician culver city ca,https://shaffercon.com/service-areas/culver-city/residential-electrical-troubleshooting-repairs/,0,1,0.00%,50.00
electrician echo park,https://shaffercon.com/service-areas/echo-park/,0,104,0.00%,7.91
electrician echo park ca,https://shaffercon.com/service-areas/echo-park/,0,11,0.00%,9.00
electrician electrical inspection checklist,https://shaffercon.com/industry-insights/electrical-safety-inspection-checklist-los-angeles/,0,5,0.00%,36.40
electrician for ev charger near me,https://shaffercon.com/service-areas/torrance/residential-ev-charger-installation/,0,1,0.00%,11.00
electrician highland park,https://shaffercon.com/service-areas/highland-park/,0,1,0.00%,24.00
electrician hollywood,https://shaffercon.com/service-areas/west-hollywood/,0,7,0.00%,38.86
electrician hollywood ca,https://shaffercon.com/service-areas/west-hollywood/,0,4,0.00%,51.00
electrician hollywood md,https://shaffercon.com/service-areas/inglewood/,0,1,0.00%,1.00
electrician in beverly hills,https://shaffercon.com/service-areas/beverly-hills/,0,2,0.00%,78.00
electrician in burbank,https://shaffercon.com/service-areas/burbank/,0,5,0.00%,38.80
electrician in burbank ca,https://shaffercon.com/service-areas/burbank/,0,3,0.00%,72.67
electrician in culver city,https://shaffercon.com/service-areas/culver-city/,0,10,0.00%,38.20
electrician in highland park,https://shaffercon.com/service-areas/highland-park/,0,2,0.00%,9.50
electrician in hollywood,https://shaffercon.com/service-areas/west-hollywood/,0,1,0.00%,86.00
electrician in inglewood,https://shaffercon.com/service-areas/inglewood/,0,3,0.00%,13.33
electrician in santa clarita,https://shaffercon.com/service-areas/santa-clarita/,0,4,0.00%,71.50
electrician in santa clarita ca,https://shaffercon.com/service-areas/santa-clarita/,0,3,0.00%,79.33
electrician in sherman oaks,https://shaffercon.com/service-areas/sherman-oaks/,0,7,0.00%,16.00
electrician in west hollywood,https://shaffercon.com/service-areas/west-hollywood/,0,3,0.00%,36.33
electrician inglewood,https://shaffercon.com/service-areas/inglewood/,0,29,0.00%,16.45
electrician inglewood ca,https://shaffercon.com/service-areas/inglewood/,0,1,0.00%,86.00
electrician install recessed lighting,https://shaffercon.com/industry-insights/recessed-lighting-installation-guide/,0,2,0.00%,49.00
electrician kitchen outlet installation beach park,https://shaffercon.com/industry-insights/kitchen-electrical-requirements-outlet-placement-guide/,0,1,0.00%,9.00
electrician los feliz,https://shaffercon.com/service-areas/los-feliz/,0,69,0.00%,13.57
electrician los feliz ca,https://shaffercon.com/service-areas/los-feliz/,0,10,0.00%,12.40
electrician near me west hollywood,https://shaffercon.com/service-areas/west-hollywood/,0,5,0.00%,22.40
"electrician near sherman oaks, california, united states",https://shaffercon.com/service-areas/sherman-oaks/,0,3,0.00%,22.33
electrician pacific palisades,https://shaffercon.com/service-areas/pacific-palisades/,0,1,0.00%,65.00
electrician panel upgrade,https://shaffercon.com/industry-insights/complete-guide-electrical-panel-upgrades-los-angeles/,0,16,0.00%,45.31
electrician rossmoyne,https://shaffercon.com/service-areas/glendale/,0,1,0.00%,6.00
electrician safety check,https://shaffercon.com/industry-insights/electrical-safety-inspection-checklist-los-angeles/,0,1,0.00%,46.00
electrician santa clarita ca,https://shaffercon.com/service-areas/santa-clarita/,0,5,0.00%,80.40
electrician santa monica ca,https://shaffercon.com/service-areas/santa-monica/,0,1,0.00%,98.00
electrician services los angeles,https://shaffercon.com/industry-insights/emergency-electrical-repairs-when-to-call-electrician/,0,2,0.00%,28.00
electrician services los angeles,https://shaffercon.com/industry-insights/reliable-facilities-maintenance-electrician-services-by-shaffer-construction-inc,0,2,0.00%,27.50
electrician sherman,https://shaffercon.com/service-areas/sherman-oaks/,0,2,0.00%,11.50
electrician sherman oaks,https://shaffercon.com/service-areas/sherman-oaks/,0,246,0.00%,25.54
electrician sherman oaks ca,https://shaffercon.com/service-areas/sherman-oaks/,0,6,0.00%,23.50
electrician silver lake,https://shaffercon.com/service-areas/silver-lake/,0,6,0.00%,14.00
electrician silver lake ca,http://www.shaffercon.com/,0,1,0.00%,41.00
electrician silver lake ca,https://shaffercon.com/service-areas/silver-lake/,0,5,0.00%,15.80
electrician silver lakes,https://shaffercon.com/service-areas/silver-lake/,0,2,0.00%,56.50
electrician to install recessed lighting,https://shaffercon.com/industry-insights/recessed-lighting-installation-guide/,0,1,0.00%,65.00
electrician venice ca,https://shaffercon.com/service-areas/venice/,0,6,0.00%,54.67
electrician west hollywood,https://shaffercon.com/service-areas/west-hollywood/,0,73,0.00%,25.93
electrician west hollywood ca,https://shaffercon.com/service-areas/west-hollywood/,0,20,0.00%,48.90
"electrician west hollywood, ca",https://shaffercon.com/service-areas/west-hollywood/,0,9,0.00%,21.56
electricians,https://shaffercon.com/industry-insights/electrician-lawndale-ca-trusted-local-electrical-services/,0,1,0.00%,41.00
electricians beverly hills,https://shaffercon.com/service-areas/beverly-hills/,0,1,0.00%,85.00
electricians beverly hills ca,https://shaffercon.com/service-areas/beverly-hills/,0,10,0.00%,51.00
electricians burbank,https://shaffercon.com/service-areas/burbank/,0,1,0.00%,34.00
electricians burbank ca,https://shaffercon.com/service-areas/burbank/,0,16,0.00%,57.75
electricians culver city ca,https://shaffercon.com/service-areas/culver-city/,0,25,0.00%,47.80
electricians in burbank ca,https://shaffercon.com/service-areas/burbank/,0,3,0.00%,30.33
electricians in north hollywood ca,https://shaffercon.com/service-areas/west-hollywood/,0,1,0.00%,74.00
electricians in santa clarita,https://shaffercon.com/service-areas/santa-clarita/,0,5,0.00%,75.20
electricians in santa clarita ca,https://shaffercon.com/service-areas/santa-clarita/,0,2,0.00%,66.00
electricians inglewood,https://shaffercon.com/service-areas/inglewood/,0,1,0.00%,20.00
electricians santa clarita ca,https://shaffercon.com/service-areas/santa-clarita/,0,3,0.00%,84.67
electricians santa monica,https://shaffercon.com/service-areas/santa-monica/,0,1,0.00%,92.00
electricians venice ca,https://shaffercon.com/service-areas/venice/,0,9,0.00%,30.67
electricians west hollywood ca,https://shaffercon.com/service-areas/west-hollywood/,0,20,0.00%,25.20
electricity bill payment amount,https://shaffercon.com/industry-insights/understanding-your-los-angeles-electrical-bill,0,1,0.00%,10.00
electricity fuse box regulations,https://shaffercon.com/industry-insights/california-title-24-electrical-requirements-renovations/,0,2,0.00%,88.00
electricity in kitchen,https://shaffercon.com/industry-insights/kitchen-electrical-requirements-outlet-placement-guide/,0,8,0.00%,25.00
electricity plans designed for ev owners 2026,https://shaffercon.com/industry-insights/california-2026-building-code-ev-charging-requirements-home-real-estate-trend-32-new-models/,0,1,0.00%,4.00
electricity regs,https://shaffercon.com/industry-insights/california-title-24-electrical-requirements-renovations/,0,1,0.00%,76.00
electricity wiring regulations,https://shaffercon.com/industry-insights/california-title-24-electrical-requirements-renovations/,0,1,0.00%,71.00
emergency electrical service in burbank ca,https://shaffercon.com/service-areas/burbank/,0,3,0.00%,75.00
emergency electrical service near me in burbank ca,https://shaffercon.com/service-areas/burbank/,0,3,0.00%,65.00
emergency electrical services in long beach,https://shaffercon.com/service-areas/long-beach/,0,1,0.00%,74.00
emergency generator service glendale,https://shaffercon.com/service-areas/glendale/commercial-backup-generator-installation,0,11,0.00%,14.09
emergency generator service glendale,https://shaffercon.com/service-areas/glendale/commercial-backup-generator-installation/,0,3,0.00%,21.00
emergency panel replacement,https://shaffercon.com/industry-insights/complete-guide-electrical-panel-upgrades-los-angeles/,0,1,0.00%,7.00
en los angeles ca,https://shaffercon.com/industry-insights/ladbs-electrical-permit-process-step-by-step-guide/,0,1,0.00%,4.00
enclosed rated led bulbs,https://shaffercon.com/industry-insights/recessed-lighting-installation-guide/,0,7,0.00%,1.29
enclosure rated led bulbs,https://shaffercon.com/industry-insights/recessed-lighting-installation-guide/,0,4,0.00%,2.50
energy audits highland,https://shaffercon.com/service-areas/highland-park/residential-energy-efficiency-upgrades,0,3,0.00%,23.33
energy efficient installation glendale,https://shaffercon.com/service-areas/glendale/residential-energy-efficiency-upgrades/,0,7,0.00%,8.29
energy efficient installation long beach,https://shaffercon.com/service-areas/long-beach/,0,3,0.00%,26.33
energy load calculations venice,https://shaffercon.com/service-areas/venice/commercial-ev-charger-installation/,0,1,0.00%,40.00
energy load calculations venice,https://shaffercon.com/service-areas/venice/commercial-pool-hot-tub-spa-electrical,0,1,0.00%,29.00
energy load calculations venice,https://shaffercon.com/service-areas/venice/residential-electrical-panel-upgrades/,0,3,0.00%,38.00
energy load calculations venice,https://shaffercon.com/service-areas/venice/residential-energy-efficiency-upgrades,0,21,0.00%,15.24
energy saving installers,https://shaffercon.com/service-areas/sherman-oaks/residential-energy-efficiency-upgrades,0,3,0.00%,66.33
energy savings lutron caseta or smart lighting payback period,https://shaffercon.com/industry-insights/complete-home-led-lighting-upgrade-guide/,0,1,0.00%,9.00
englewood electric panel maintenance & upgrade,https://shaffercon.com/industry-insights/complete-guide-electrical-panel-upgrades-los-angeles/,0,4,0.00%,90.50
epermit ladbs,https://shaffercon.com/industry-insights/ladbs-electrical-permit-process-step-by-step-guide/,0,4,0.00%,15.25
eplanla,https://shaffercon.com/industry-insights/ladbs-electrical-permit-process-step-by-step-guide/,0,5,0.00%,7.20
ev brands with best charging infrastructure 2024,https://shaffercon.com/industry-insights/top-electric-vehicles-for-2024-a-comprehensive-guide/,0,1,0.00%,18.00
ev car can charge at home,https://shaffercon.com/residential-ev-charger/,0,1,0.00%,1.00
ev car charging station,https://shaffercon.com/industry-insights/california-2026-building-code-ev-charging-requirements-home-real-estate-trend-32-new-models/,0,2,0.00%,6.50
ev car charging station near me,https://shaffercon.com/residential-ev-charger/,0,1,0.00%,2.00
ev cars charging,https://shaffercon.com/residential-ev-charger/,0,1,0.00%,3.00
ev cars lavonia,https://shaffercon.com/industry-insights/tesla-supercharger-business-program-us-dc-fast-charging-record-gas-stations-ev-chargers-california-leads-adoption/,0,1,0.00%,47.00
ev charge station price,https://shaffercon.com/residential-ev-charger/,0,1,0.00%,2.00
ev charger 2026,https://shaffercon.com/industry-insights/california-2026-building-code-ev-charging-requirements-home-real-estate-trend-32-new-models/,0,1,0.00%,130.00
ev charger commercial,https://shaffercon.com/commercial-electric-vehicle-chargers/,0,19,0.00%,67.16
ev charger compliance,https://shaffercon.com/industry-insights/the-ultimate-guide-to-ev-charger-installation-and-infrastructure-in-los-angeles/,0,25,0.00%,80.16
ev charger electrical panel upgrade requirements,https://shaffercon.com/industry-insights/do-i-need-panel-upgrade-install-ev-charger,0,3,0.00%,84.33
ev charger electrical safety standards,https://shaffercon.com/industry-insights/commercial-electrician-ev-charging-safety/,0,51,0.00%,53.78
ev charger for sale pacific palisades ca,https://shaffercon.com/service-areas/pacific-palisades/residential-ev-charger-installation/,0,2,0.00%,6.00
ev charger infrastructure,https://shaffercon.com/industry-insights/ev-charging-infrastructure-in-2025-growth-innovation-and-the-road-ahead/,0,9,0.00%,93.78
ev charger infrastructure,https://shaffercon.com/industry-insights/expanding-electric-vehicle-charging-infrastructure-key-developments-and-community-efforts/,0,13,0.00%,94.62
ev charger infrastructure,https://shaffercon.com/industry-insights/exploring-the-rapid-growth-and-key-trends-in-ev-charging-infrastructure-in-2023/,0,53,0.00%,73.09
ev charger infrastructure,https://shaffercon.com/industry-insights/the-essential-guide-to-ev-charging-infrastructure-benefits-strategies-and-future-trends/,0,30,0.00%,76.10
ev charger infrastructure,https://shaffercon.com/industry-insights/the-growing-demand-for-ev-charging-infrastructure-how-maintenance-and-innovation-shape-the-future/,0,14,0.00%,96.86
ev charger infrastructure,https://shaffercon.com/industry-insights/the-growing-landscape-of-ev-charging-infrastructure-trends-innovations-and-future-prospects/,0,2,0.00%,96.50
ev charger infrastructure,https://shaffercon.com/industry-insights/the-rise-of-ev-charging-infrastructure-trends-challenges-and-solutions-for-the-future/,0,30,0.00%,94.07
ev charger infrastructure,https://shaffercon.com/industry-insights/the-ultimate-guide-to-ev-charger-installation-and-infrastructure-in-los-angeles/,0,4,0.00%,81.25
ev charger inspection,https://shaffercon.com/industry-insights/the-ultimate-guide-to-ev-charger-installation-and-infrastructure-in-los-angeles/,0,7,0.00%,58.43
ev charger install,https://shaffercon.com/service-areas/torrance/residential-ev-charger-installation/,0,3,0.00%,11.00
ev charger install san clemente,https://shaffercon.com/service-areas/torrance/residential-ev-charger-installation/,0,6,0.00%,68.50
ev charger installation,https://shaffercon.com/industry-insights/the-ultimate-guide-to-ev-charger-installation-and-infrastructure-in-los-angeles/,0,1,0.00%,4.00
ev charger installation,https://shaffercon.com/service-areas/torrance/residential-ev-charger-installation/,0,4,0.00%,9.75
ev charger installation agoura hills,https://shaffercon.com/industry-insights/electrician-services-agoura-hills-ev/,0,1,0.00%,11.00
ev charger installation anderson,https://shaffercon.com/service-areas/torrance/residential-ev-charger-installation/,0,17,0.00%,70.00
ev charger installation bahama,https://shaffercon.com/service-areas/torrance/residential-ev-charger-installation/,0,1,0.00%,100.00
ev charger installation bakersfield,https://shaffercon.com/,0,1,0.00%,98.00
ev charger installation bakersfield ca,https://shaffercon.com/,0,2,0.00%,94.50
ev charger installation baldwin,https://shaffercon.com/industry-insights/electricians-baldwin-park-ev-installation/,0,2,0.00%,30.00
ev charger installation baldwin park,https://shaffercon.com/industry-insights/electricians-baldwin-park-ev-installation/,0,30,0.00%,12.33
ev charger installation bay park,https://shaffercon.com/service-areas/torrance/residential-ev-charger-installation/,0,1,0.00%,99.00
ev charger installation bel air ca,https://shaffercon.com/residential-ev-charger/,0,1,0.00%,48.00
ev charger installation bel air ca,https://shaffercon.com/service-areas/torrance/residential-ev-charger-installation/,0,2,0.00%,38.00
ev charger installation bel aire,https://shaffercon.com/service-areas/torrance/residential-ev-charger-installation/,0,4,0.00%,69.00
ev charger installation broussard,https://shaffercon.com/service-areas/torrance/residential-ev-charger-installation/,0,2,0.00%,72.50
ev charger installation burbank,https://shaffercon.com/residential-ev-charger/,0,9,0.00%,41.00
ev charger installation burbank,https://shaffercon.com/service-areas/burbank/,0,18,0.00%,34.22
ev charger installation burbank,https://shaffercon.com/service-areas/burbank/commercial-ev-charger-installation,0,12,0.00%,15.08
ev charger installation burbank,https://shaffercon.com/service-areas/burbank/commercial-ev-charger-installation/,0,1,0.00%,13.00
ev charger installation burbank,https://shaffercon.com/service-areas/burbank/residential-ev-charger-installation/,0,69,0.00%,7.94
ev charger installation burbank,https://shaffercon.com/service-areas/torrance/residential-ev-charger-installation/,0,7,0.00%,41.43
ev charger installation calverton,https://shaffercon.com/residential-ev-charger/,0,1,0.00%,96.00
ev charger installation certification,https://shaffercon.com/industry-insights/the-ultimate-guide-to-ev-charger-installation-and-infrastructure-in-los-angeles/,0,52,0.00%,85.98
ev charger installation commercial,https://shaffercon.com/commercial-electric-vehicle-chargers/,0,5,0.00%,56.40
ev charger installation company,https://shaffercon.com/service-areas/torrance/residential-ev-charger-installation/,0,2,0.00%,3.00
ev charger installation council bluffs,https://shaffercon.com/residential-ev-charger/,0,6,0.00%,49.17
ev charger installation dering harbor,https://shaffercon.com/service-areas/atwater-village/residential-ev-charger-installation/,0,1,0.00%,76.00
ev charger installation derry,https://shaffercon.com/residential-ev-charger/,0,5,0.00%,51.00
ev charger installation derry,https://shaffercon.com/service-areas/atwater-village/residential-ev-charger-installation/,0,4,0.00%,63.00
ev charger installation derry,https://shaffercon.com/service-areas/boyle-heights/residential-ev-charger-installation/,0,1,0.00%,81.00
ev charger installation design ideas 2024,https://shaffercon.com/industry-insights/top-electric-vehicles-for-2024-a-comprehensive-guide/,0,7,0.00%,6.00
ev charger installation design ideas 2025,https://shaffercon.com/industry-insights/emerging-trends-in-ev-charging-infrastructure-innovations-and-challenges-ahead/,0,3,0.00%,5.00
ev charger installation design ideas 2025,https://shaffercon.com/industry-insights/the-rise-of-ev-charging-infrastructure-trends-challenges-and-solutions-for-the-future/,0,1,0.00%,2.00
ev charger installation design ideas 2025,https://shaffercon.com/industry-insights/top-trends-challenges-and-innovations-in-ev-charging-infrastructure-for-2025/,0,2,0.00%,7.50
ev charger installation downers grove,https://shaffercon.com/residential-ev-charger/,0,2,0.00%,52.50
ev charger installation downers grove,https://shaffercon.com/service-areas/inglewood/residential-ev-charger-installation/,0,2,0.00%,84.50
ev charger installation electrical standards,https://shaffercon.com/industry-insights/the-ultimate-guide-to-ev-charger-installation-and-infrastructure-in-los-angeles/,0,1,0.00%,82.00
ev charger installation fern creek,https://shaffercon.com/residential-ev-charger/,0,2,0.00%,93.00
ev charger installation ford heights,https://shaffercon.com/residential-ev-charger/,0,5,0.00%,72.60
ev charger installation glendale,https://shaffercon.com/residential-ev-charger/,0,7,0.00%,44.71
ev charger installation glendale,https://shaffercon.com/service-areas/glendale/commercial-ev-charger-installation,0,6,0.00%,30.00
ev charger installation glendale,https://shaffercon.com/service-areas/glendale/commercial-ev-charger-installation/,0,2,0.00%,6.00
ev charger installation glendale,https://shaffercon.com/service-areas/glendale/residential-ev-charger-installation,0,18,0.00%,9.50
ev charger installation glendale,https://shaffercon.com/service-areas/glendale/residential-ev-charger-installation/,0,4,0.00%,12.00
ev charger installation governors village,https://shaffercon.com/industry-insights/the-ultimate-guide-to-ev-charger-installation-and-infrastructure-in-los-angeles/,0,3,0.00%,61.33
ev charger installation governors village,https://shaffercon.com/residential-ev-charger/,0,1,0.00%,95.00
ev charger installation governors village,https://shaffercon.com/service-areas/torrance/residential-ev-charger-installation/,0,1,0.00%,88.00
ev charger installation green level,https://shaffercon.com/industry-insights/installing-ev-chargers-in-los-angeles-your-guide-to-a-greener-future/,0,1,0.00%,46.00
ev charger installation grover beach,https://shaffercon.com/service-areas/torrance/residential-ev-charger-installation/,0,1,0.00%,50.00
ev charger installation guidelines,https://shaffercon.com/industry-insights/the-ultimate-guide-to-ev-charger-installation-and-infrastructure-in-los-angeles/,0,25,0.00%,57.68
ev charger installation gulf breeze,https://shaffercon.com/service-areas/torrance/residential-ev-charger-installation/,0,1,0.00%,52.00
ev charger installation harwood heights,https://shaffercon.com/service-areas/boyle-heights/residential-ev-charger-installation/,0,1,0.00%,68.00
ev charger installation head of the harbor,https://shaffercon.com/industry-insights/the-ultimate-guide-to-ev-charger-installation-and-infrastructure-in-los-angeles/,0,1,0.00%,58.00
ev charger installation hesperia ca,https://shaffercon.com/residential-ev-charger/,0,2,0.00%,83.00
ev charger installation highland park,https://shaffercon.com/commercial-electric-vehicle-chargers/,0,1,0.00%,25.00
ev charger installation highland park,https://shaffercon.com/service-areas/highland-park/,0,3,0.00%,10.67
ev charger installation highland park,https://shaffercon.com/service-areas/highland-park/commercial-ev-charger-installation/,0,18,0.00%,25.44
ev charger installation highland park,https://shaffercon.com/service-areas/highland-park/residential-ev-charger-installation,0,23,0.00%,8.39
ev charger installation highland park,https://shaffercon.com/service-areas/highland-park/residential-ev-charger-installation/,0,1,0.00%,3.00
ev charger installation highland village,https://shaffercon.com/service-areas/highland-park/,0,1,0.00%,27.00
ev charger installation highland village,https://shaffercon.com/service-areas/highland-park/commercial-ev-charger-installation/,0,2,0.00%,39.50
ev charger installation highland village,https://shaffercon.com/service-areas/highland-park/residential-ev-charger-installation/,0,2,0.00%,37.50
ev charger installation in highland park,https://shaffercon.com/service-areas/highland-park/commercial-ev-charger-installation/,0,2,0.00%,17.00
ev charger installation in highland park,https://shaffercon.com/service-areas/highland-park/residential-ev-charger-installation,0,3,0.00%,6.67
ev charger installation in highland park,https://shaffercon.com/service-areas/highland-park/residential-ev-charger-installation/,0,1,0.00%,4.00
ev charger installation in long beach ca,https://shaffercon.com/residential-ev-charger/,0,1,0.00%,13.00
ev charger installation in long beach ca,https://shaffercon.com/service-areas/long-beach/residential-ev-charger-installation,0,12,0.00%,8.17
ev charger installation in long beach ca,https://shaffercon.com/service-areas/torrance/residential-ev-charger-installation/,0,14,0.00%,50.00
ev charger installation indian head park,https://shaffercon.com/service-areas/boyle-heights/residential-ev-charger-installation/,0,1,0.00%,71.00
ev charger installation indian head park,https://shaffercon.com/service-areas/torrance/residential-ev-charger-installation/,0,6,0.00%,89.83
ev charger installation lake success,https://shaffercon.com/residential-ev-charger/,0,1,0.00%,85.00
ev charger installation lakewood,https://shaffercon.com/residential-ev-charger/,0,2,0.00%,57.00
ev charger installation lawrence,https://shaffercon.com/service-areas/torrance/residential-ev-charger-installation/,0,1,0.00%,76.00
ev charger installation long beach,https://shaffercon.com/residential-ev-charger/,0,2,0.00%,92.50
ev charger installation long beach,https://shaffercon.com/service-areas/torrance/residential-ev-charger-installation/,0,3,0.00%,30.00
ev charger installation long valley,https://shaffercon.com/residential-ev-charger/,0,1,0.00%,52.00
ev charger installation los angeles,https://shaffercon.com/commercial-electric-vehicle-chargers/,0,7,0.00%,80.71
ev charger installation los angeles,https://shaffercon.com/industry-insights/the-latest-trends-in-ev-charger-installation-a-2024-guide-for-los-angeles-homes-businesses-and-multifamily-properties/,0,2,0.00%,68.00
ev charger installation los angeles,https://shaffercon.com/residential-ev-charger/,0,98,0.00%,20.71
ev charger installation los angeles ca,https://shaffercon.com/,0,1,0.00%,84.00
ev charger installation los angeles ca,https://shaffercon.com/industry-insights/the-latest-trends-in-ev-charger-installation-a-2024-guide-for-los-angeles-homes-businesses-and-multifamily-properties/,0,1,0.00%,95.00
ev charger installation los angeles ca,https://shaffercon.com/residential-ev-charger/,0,2,0.00%,80.50
ev charger installation los angeles county,https://shaffercon.com/industry-insights/the-ultimate-guide-to-ev-charger-installation-and-infrastructure-in-los-angeles/,0,5,0.00%,13.00
ev charger installation los angeles county,https://shaffercon.com/residential-ev-charger/,0,6,0.00%,17.50
ev charger installation mooers,https://shaffercon.com/residential-ev-charger/,0,10,0.00%,80.60
ev charger installation moore,https://shaffercon.com/residential-ev-charger/,0,10,0.00%,52.90
ev charger installation near me,https://shaffercon.com/service-areas/santa-monica/residential-ev-charger-installation/,0,7,0.00%,6.71
ev charger installation oildale ca,https://shaffercon.com/,0,8,0.00%,61.25
ev charger installation pacific beach ca,https://shaffercon.com/service-areas/pacific-palisades/residential-ev-charger-installation/,0,1,0.00%,41.00
ev charger installation pasadena,https://shaffercon.com/industry-insights/electrician-pasadena-ev-chargers/,0,3,0.00%,9.33
ev charger installation pasadena,https://shaffercon.com/residential-ev-charger/,0,2,0.00%,77.50
ev charger installation pasadena,https://shaffercon.com/service-areas/boyle-heights/residential-ev-charger-installation/,0,3,0.00%,39.67
ev charger installation pasadena,https://shaffercon.com/service-areas/inglewood/residential-ev-charger-installation/,0,5,0.00%,41.60
ev charger installation permit,https://shaffercon.com/industry-insights/installing-ev-chargers-in-los-angeles-your-guide-to-a-greener-future/,0,5,0.00%,78.40
ev charger installation permit,https://shaffercon.com/industry-insights/the-ultimate-guide-to-ev-charger-installation-and-infrastructure-in-los-angeles/,0,27,0.00%,62.96
ev charger installation professional permit,https://shaffercon.com/industry-insights/installing-ev-chargers-in-los-angeles-your-guide-to-a-greener-future/,0,1,0.00%,89.00
ev charger installation professional permit,https://shaffercon.com/industry-insights/the-ultimate-guide-to-ev-charger-installation-and-infrastructure-in-los-angeles/,0,45,0.00%,40.62
ev charger installation prospect heights,https://shaffercon.com/service-areas/boyle-heights/residential-ev-charger-installation/,0,2,0.00%,91.00
ev charger installation rancho cucamonga ca,https://shaffercon.com/service-areas/torrance/residential-ev-charger-installation/,0,1,0.00%,48.00
ev charger installation renovation ideas,https://shaffercon.com/industry-insights/emerging-trends-and-challenges-in-ev-charging-infrastructure-what-you-need-to-know/,0,1,0.00%,2.00
ev charger installation requirements,https://shaffercon.com/industry-insights/the-ultimate-guide-to-ev-charger-installation-and-infrastructure-in-los-angeles/,0,99,0.00%,43.90
ev charger installation rest haven,https://shaffercon.com/service-areas/torrance/residential-ev-charger-installation/,0,2,0.00%,73.00
ev charger installation rineyville,https://shaffercon.com/residential-ev-charger/,0,3,0.00%,85.67
ev charger installation san fernando,https://shaffercon.com/residential-ev-charger/,0,2,0.00%,57.00
ev charger installation san francisco,https://shaffercon.com/industry-insights/california-2026-building-code-ev-charging-requirements-home-real-estate-trend-32-new-models/,0,2,0.00%,3.00
ev charger installation san jose,https://shaffercon.com/industry-insights/california-2026-building-code-ev-charging-requirements-home-real-estate-trend-32-new-models/,0,1,0.00%,2.00
ev charger installation sand city ca,https://shaffercon.com/residential-ev-charger/,0,4,0.00%,56.00
ev charger installation sanford,https://shaffercon.com/residential-ev-charger/,0,4,0.00%,39.75
ev charger installation santa barbara ca,https://shaffercon.com/residential-ev-charger/,0,1,0.00%,64.00
ev charger installation santa clarita,https://shaffercon.com/service-areas/boyle-heights/residential-ev-charger-installation/,0,1,0.00%,30.00
ev charger installation santa monica,https://shaffercon.com/residential-ev-charger/,0,2,0.00%,17.00
ev charger installation santa monica,https://shaffercon.com/service-areas/santa-monica/commercial-ev-charger-installation,0,25,0.00%,19.88
ev charger installation santa monica,https://shaffercon.com/service-areas/santa-monica/commercial-ev-charger-installation/,0,1,0.00%,22.00
ev charger installation santa monica,https://shaffercon.com/service-areas/santa-monica/residential-ev-charger-installation,0,8,0.00%,6.38
ev charger installation santa monica,https://shaffercon.com/service-areas/santa-monica/residential-ev-charger-installation/,0,48,0.00%,6.73
ev charger installation santa venetia,https://shaffercon.com/,0,6,0.00%,16.50
ev charger installation santa venetia,https://shaffercon.com/commercial-electric-vehicle-chargers/,0,16,0.00%,15.06
ev charger installation santa venetia,https://shaffercon.com/residential-ev-charger/,0,6,0.00%,16.67
ev charger installation santa venetia,https://shaffercon.com/service-areas/atwater-village/residential-ev-charger-installation/,0,1,0.00%,38.00
ev charger installation santa venetia,https://shaffercon.com/service-areas/venice/,0,3,0.00%,20.00
ev charger installation scotts valley ca,https://shaffercon.com/service-areas/torrance/residential-ev-charger-installation/,0,1,0.00%,63.00
ev charger installation southern village,https://shaffercon.com/service-areas/torrance/residential-ev-charger-installation/,0,8,0.00%,33.38
ev charger installation steger,https://shaffercon.com/residential-ev-charger/,0,6,0.00%,82.00
ev charger installation torrance ca,https://shaffercon.com/service-areas/torrance/,0,1,0.00%,7.00
ev charger installation torrance ca,https://shaffercon.com/service-areas/torrance/residential-ev-charger-installation/,0,62,0.00%,5.60
ev charger installation villa rica,https://shaffercon.com/residential-ev-charger/,0,3,0.00%,79.67
ev charger installation west hills,https://shaffercon.com/service-areas/torrance/residential-ev-charger-installation/,0,1,0.00%,93.00
ev charger installation west hollywood,https://shaffercon.com/residential-ev-charger/,0,1,0.00%,89.00
ev charger installation west hollywood,https://shaffercon.com/service-areas/torrance/residential-ev-charger-installation/,0,2,0.00%,34.00
ev charger installation west hollywood,https://shaffercon.com/service-areas/west-hollywood/,0,71,0.00%,8.24
ev charger installation west hollywood,https://shaffercon.com/service-areas/west-hollywood/commercial-ev-charger-installation,0,9,0.00%,18.89
ev charger installation west hollywood,https://shaffercon.com/service-areas/west-hollywood/commercial-ev-charger-installation/,0,12,0.00%,16.75
ev charger installation west hollywood,https://shaffercon.com/service-areas/west-hollywood/residential-ev-charger-installation/,0,8,0.00%,4.38
ev charger installation westhampton beach,https://shaffercon.com/residential-ev-charger/,0,4,0.00%,49.25
ev charger installations in la puente,https://shaffercon.com/residential-ev-charger/,0,1,0.00%,63.00
ev charger installer certification,https://shaffercon.com/industry-insights/the-ultimate-guide-to-ev-charger-installation-and-infrastructure-in-los-angeles/,0,77,0.00%,72.43
ev charger installers multi-site commercial fleet,https://shaffercon.com/commercial-electric-vehicle-chargers/,0,1,0.00%,9.00
ev charger installers near me,https://shaffercon.com/service-areas/torrance/residential-ev-charger-installation/,0,1,0.00%,6.00
ev charger installers tippecanoe township,https://shaffercon.com/residential-ev-charger/,0,1,0.00%,11.00
ev charger market,https://shaffercon.com/industry-insights/exploring-the-rapid-growth-and-key-trends-in-ev-charging-infrastructure-in-2023/,0,3,0.00%,89.00
ev charger nec,https://shaffercon.com/industry-insights/commercial-electrician-ev-charging-safety/,0,1,0.00%,69.00
ev charger panel upgrade frisco,https://shaffercon.com/industry-insights/the-ultimate-guide-to-ev-charger-installation-and-infrastructure-in-los-angeles/,0,1,0.00%,1.00
ev charger permit,https://shaffercon.com/industry-insights/the-ultimate-guide-to-ev-charger-installation-and-infrastructure-in-los-angeles/,0,3,0.00%,44.33
ev charger project,https://shaffercon.com/industry-insights/advancements-in-ev-charger-installations-building-the-future-of-electric-vehicle-infrastructure/,0,1,0.00%,50.00
ev charger regulations 2026 us new rules ev charging standards 2025 2026,https://shaffercon.com/industry-insights/nec-2026-qualified-installer-requirement-charging-reliability-86-percent-commercial-roi-3-5-year-payback/,0,1,0.00%,5.00
ev charger repair pacific palisades ca,https://shaffercon.com/service-areas/pacific-palisades/residential-electrical-panel-upgrades/,0,2,0.00%,25.00
ev charger repair pacific palisades ca,https://shaffercon.com/service-areas/pacific-palisades/residential-ev-charger-installation/,0,3,0.00%,6.67
ev charger requirement new home altadena,https://shaffercon.com/industry-insights/california-2026-building-code-ev-charging-requirements-home-real-estate-trend-32-new-models/,0,48,0.00%,2.69
ev charger requirement new home altadena,https://shaffercon.com/industry-insights/electrician-pasadena-ev-chargers/,0,3,0.00%,32.33
ev charger requirement new home altadena,https://shaffercon.com/industry-insights/should-you-install-an-ev-charger-at-home-a-practical-guide-for-los-angeles-homeowners/,0,1,0.00%,43.00
ev charger requirement new home altadena,https://shaffercon.com/industry-insights/the-latest-trends-in-ev-charger-installation-a-2024-guide-for-los-angeles-homes-businesses-and-multifamily-properties/,0,1,0.00%,6.00
ev charger requirement new home altadena,https://shaffercon.com/industry-insights/the-ultimate-guide-to-ev-charger-installation-and-infrastructure-in-los-angeles/,0,6,0.00%,20.50
ev charger requirement new home altadena,https://shaffercon.com/industry-insights/ultimate-guide-home-ev-charger-installation-los-angeles/,0,15,0.00%,15.80
ev charger requirement new home los angeles,https://shaffercon.com/industry-insights/california-2026-building-code-ev-charging-requirements-home-real-estate-trend-32-new-models/,0,44,0.00%,5.25
ev charger requirement new home los angeles,https://shaffercon.com/industry-insights/installing-ev-chargers-in-los-angeles-your-guide-to-a-greener-future/,0,2,0.00%,43.50
ev charger requirement new home los angeles,https://shaffercon.com/industry-insights/should-you-install-an-ev-charger-at-home-a-practical-guide-for-los-angeles-homeowners/,0,1,0.00%,34.00
ev charger requirement new home los angeles,https://shaffercon.com/industry-insights/ultimate-guide-home-ev-charger-installation-los-angeles,0,5,0.00%,16.80
ev charger requirement new home los angeles,https://shaffercon.com/industry-insights/ultimate-guide-home-ev-charger-installation-los-angeles/,0,34,0.00%,12.85
ev charger requirement new home pacific palisades,https://shaffercon.com/industry-insights/,0,1,0.00%,18.00
ev charger requirement new home pacific palisades,https://shaffercon.com/industry-insights/california-2026-building-code-ev-charging-requirements-home-real-estate-trend-32-new-models/,0,42,0.00%,2.40
ev charger requirement new home pacific palisades,https://shaffercon.com/industry-insights/the-latest-trends-in-ev-charger-installation-a-2024-guide-for-los-angeles-homes-businesses-and-multifamily-properties/,0,6,0.00%,10.67
ev charger requirement new home pacific palisades,https://shaffercon.com/industry-insights/the-ultimate-guide-to-ev-charger-installation-and-infrastructure-in-los-angeles/,0,2,0.00%,11.00
ev charger requirement new home pacific palisades,https://shaffercon.com/service-areas/pacific-palisades/residential-ev-charger-installation/,0,3,0.00%,20.00
ev charger requirements,https://shaffercon.com/industry-insights/the-ultimate-guide-to-ev-charger-installation-and-infrastructure-in-los-angeles/,0,4,0.00%,52.50
ev chargers commercial,https://shaffercon.com/commercial-electric-vehicle-chargers/,0,8,0.00%,63.75
ev chargers in real estate,https://shaffercon.com/industry-insights/california-2026-building-code-ev-charging-requirements-home-real-estate-trend-32-new-models/,0,2,0.00%,50.00
ev chargers real estate marketing,https://shaffercon.com/industry-insights/california-2026-building-code-ev-charging-requirements-home-real-estate-trend-32-new-models/,0,3,0.00%,52.00
ev charging,https://shaffercon.com/industry-insights/california-2026-building-code-ev-charging-requirements-home-real-estate-trend-32-new-models/,0,1,0.00%,4.00
ev charging & infrastructure,https://shaffercon.com/industry-insights/the-essential-guide-to-ev-charging-infrastructure-benefits-strategies-and-future-trends,0,2,0.00%,32.00
ev charging and infrastructure,https://shaffercon.com/industry-insights/ev-charging-infrastructure-in-2025-growth-innovation-and-the-road-ahead/,0,1,0.00%,92.00
ev charging and infrastructure,https://shaffercon.com/industry-insights/expanding-electric-vehicle-charging-infrastructure-key-developments-and-community-efforts/,0,1,0.00%,95.00
ev charging and infrastructure,https://shaffercon.com/industry-insights/exploring-the-rapid-growth-and-key-trends-in-ev-charging-infrastructure-in-2023/,0,4,0.00%,85.50
ev charging and infrastructure,https://shaffercon.com/industry-insights/the-essential-guide-to-ev-charging-infrastructure-benefits-strategies-and-future-trends/,0,3,0.00%,53.33
ev charging and infrastructure,https://shaffercon.com/industry-insights/the-rise-of-ev-charging-infrastructure-trends-challenges-and-solutions-for-the-future/,0,2,0.00%,95.50
ev charging at residences,https://shaffercon.com/industry-insights/ev-charging-in-california-types-installation-challenges-and-future-proof-solutions-for-homes-and-businesses/,0,1,0.00%,41.00
ev charging brands,https://shaffercon.com/industry-insights/california-2026-building-code-ev-charging-requirements-home-real-estate-trend-32-new-models/,0,1,0.00%,27.00
ev charging challenges,https://shaffercon.com/industry-insights/emerging-trends-and-challenges-in-ev-charging-infrastructure-what-you-need-to-know/,0,2,0.00%,88.50
ev charging challenges,https://shaffercon.com/industry-insights/the-rise-of-ev-charging-infrastructure-trends-challenges-and-solutions-for-the-future/,0,2,0.00%,83.00
ev charging code compliance,https://shaffercon.com/industry-insights/the-ultimate-guide-to-ev-charger-installation-and-infrastructure-in-los-angeles/,0,12,0.00%,85.25
ev charging contractor,https://shaffercon.com/,0,1,0.00%,8.00
ev charging demand response aggregator california cpo deals 2026,https://shaffercon.com/industry-insights/california-2026-building-code-ev-charging-requirements-home-real-estate-trend-32-new-models/,0,8,0.00%,9.38
ev charging deployment,https://shaffercon.com/industry-insights/exploring-the-rapid-growth-and-key-trends-in-ev-charging-infrastructure-in-2023/,0,13,0.00%,37.92
ev charging evse rebate commercial 2025 utility,https://shaffercon.com/industry-insights/the-future-of-ev-charger-installations-how-government-initiatives-and-business-benefits-are-shaping-the-industry/,0,1,0.00%,6.00
ev charging for commercial electricians,https://shaffercon.com/industry-insights/commercial-electrician-ev-charging-safety/,0,2,0.00%,24.50
ev charging for commercial properties,https://shaffercon.com/industry-insights/the-future-is-electric-the-importance-of-ev-charging-stations-in-commercial-properties,0,1,0.00%,55.00
ev charging for commercial property,https://shaffercon.com/industry-insights/the-future-is-electric-the-importance-of-ev-charging-stations-in-commercial-properties,0,1,0.00%,69.00
ev charging for the public sector,https://shaffercon.com/industry-insights/the-future-of-ev-charging-government-initiatives-innovations-and-challenges-in-2024/,0,2,0.00%,86.50
ev charging future,https://shaffercon.com/industry-insights/exploring-the-rapid-growth-and-key-trends-in-ev-charging-infrastructure-in-2023/,0,2,0.00%,84.00
ev charging future,https://shaffercon.com/industry-insights/the-future-of-electric-vehicle-charging-why-infrastructure-matters-for-sustainable-growth/,0,1,0.00%,68.00
ev charging government contracts,https://shaffercon.com/industry-insights/the-future-of-ev-charging-government-initiatives-innovations-and-challenges-in-2024/,0,3,0.00%,43.67
ev charging guidelines,https://shaffercon.com/industry-insights/the-ultimate-guide-to-ev-charger-installation-and-infrastructure-in-los-angeles/,0,1,0.00%,63.00
ev charging in home,https://shaffercon.com/residential-ev-charger/,0,1,0.00%,3.00
ev charging industry,https://shaffercon.com/industry-insights/emerging-trends-in-ev-charging-infrastructure-innovations-and-challenges-ahead/,0,3,0.00%,93.67
ev charging industry,https://shaffercon.com/industry-insights/exploring-the-rapid-growth-and-key-trends-in-ev-charging-infrastructure-in-2023/,0,14,0.00%,66.71
ev charging industry,https://shaffercon.com/industry-insights/the-future-of-electric-vehicle-charging-why-infrastructure-matters-for-sustainable-growth/,0,3,0.00%,97.33
ev charging industry,https://shaffercon.com/industry-insights/the-growing-landscape-of-ev-charging-infrastructure-trends-innovations-and-future-prospects/,0,1,0.00%,87.00
ev charging industry,https://shaffercon.com/industry-insights/the-rise-of-ev-charging-infrastructure-trends-challenges-and-solutions-for-the-future/,0,1,0.00%,99.00
ev charging industry,https://shaffercon.com/industry-insights/the-state-of-ev-charging-the-reality-innovations-and-whats-next-for-electric-vehicle-owners/,0,1,0.00%,99.00
ev charging industry trends,https://shaffercon.com/industry-insights/emerging-trends-in-ev-charging-infrastructure-innovations-and-challenges-ahead/,0,1,0.00%,96.00
ev charging industry updates,https://shaffercon.com/industry-insights/the-rapid-expansion-of-ev-charging-infrastructure-key-insights-policy-updates-and-practical-tips-for-home-and-business-owners/,0,1,0.00%,85.00
ev charging infra,https://shaffercon.com/industry-insights/ev-charging-infrastructure-in-2025-growth-innovation-and-the-road-ahead/,0,1,0.00%,89.00
ev charging infra,https://shaffercon.com/industry-insights/exploring-the-rapid-growth-and-key-trends-in-ev-charging-infrastructure-in-2023/,0,2,0.00%,76.50
ev charging infra,https://shaffercon.com/industry-insights/the-essential-guide-to-ev-charging-infrastructure-benefits-strategies-and-future-trends/,0,1,0.00%,100.00
ev charging infrastructure,https://shaffercon.com/industry-insights/exploring-the-rapid-growth-and-key-trends-in-ev-charging-infrastructure-in-2023/,0,504,0.00%,77.96
ev charging infrastructure,https://shaffercon.com/industry-insights/the-essential-guide-to-ev-charging-infrastructure-benefits-strategies-and-future-trends/,0,443,0.00%,74.74
ev charging infrastructure,https://shaffercon.com/industry-insights/the-future-of-electric-vehicle-charging-why-infrastructure-matters-for-sustainable-growth/,0,4,0.00%,74.50
ev charging infrastructure,https://shaffercon.com/industry-insights/the-growing-landscape-of-ev-charging-infrastructure-trends-innovations-and-future-prospects/,0,8,0.00%,89.50
ev charging infrastructure,https://shaffercon.com/industry-insights/the-rise-of-ev-charging-infrastructure-trends-challenges-and-solutions-for-the-future/,0,283,0.00%,94.05
ev charging infrastructure 2024,https://shaffercon.com/industry-insights/exploring-the-rapid-growth-and-key-trends-in-ev-charging-infrastructure-in-2023/,0,1,0.00%,68.00
ev charging infrastructure challenges,https://shaffercon.com/industry-insights/the-rise-of-ev-charging-infrastructure-trends-challenges-and-solutions-for-the-future/,0,5,0.00%,65.80
ev charging infrastructure challenges 2025,https://shaffercon.com/industry-insights/the-rise-of-ev-charging-infrastructure-trends-challenges-and-solutions-for-the-future,0,1,0.00%,1.00
ev charging infrastructure challenges 2025,https://shaffercon.com/industry-insights/the-rise-of-ev-charging-infrastructure-trends-challenges-and-solutions-for-the-future/,0,4,0.00%,8.50
ev charging infrastructure companies,https://shaffercon.com/industry-insights/exploring-the-rapid-growth-and-key-trends-in-ev-charging-infrastructure-in-2023/,0,4,0.00%,76.50
ev charging infrastructure contractor,https://shaffercon.com/industry-insights/the-growing-demand-for-ev-charging-infrastructure-how-maintenance-and-innovation-shape-the-future/,0,1,0.00%,41.00
ev charging infrastructure design,https://shaffercon.com/industry-insights/the-essential-guide-to-ev-charging-infrastructure-benefits-strategies-and-future-trends/,0,1,0.00%,81.00
ev charging infrastructure development,https://shaffercon.com/industry-insights/ev-charging-infrastructure-in-2025-growth-innovation-and-the-road-ahead/,0,3,0.00%,93.33
ev charging infrastructure development,https://shaffercon.com/industry-insights/expanding-electric-vehicle-charging-infrastructure-key-developments-and-community-efforts/,0,2,0.00%,93.00
ev charging infrastructure development,https://shaffercon.com/industry-insights/exploring-the-rapid-growth-and-key-trends-in-ev-charging-infrastructure-in-2023/,0,7,0.00%,67.14
ev charging infrastructure development,https://shaffercon.com/industry-insights/the-essential-guide-to-ev-charging-infrastructure-benefits-strategies-and-future-trends/,0,2,0.00%,83.00
ev charging infrastructure development,https://shaffercon.com/industry-insights/the-future-of-electric-vehicle-charging-why-infrastructure-matters-for-sustainable-growth/,0,1,0.00%,99.00
ev charging infrastructure development,https://shaffercon.com/industry-insights/the-growing-demand-for-ev-charging-infrastructure-how-maintenance-and-innovation-shape-the-future/,0,3,0.00%,91.00
ev charging infrastructure development,https://shaffercon.com/industry-insights/the-growing-landscape-of-ev-charging-infrastructure-trends-innovations-and-future-prospects/,0,1,0.00%,94.00
ev charging infrastructure development,https://shaffercon.com/industry-insights/the-rise-of-ev-charging-infrastructure-trends-challenges-and-solutions-for-the-future/,0,4,0.00%,94.50
ev charging infrastructure for new buildings,https://shaffercon.com/industry-insights/ev-charger-installation-infrastructure-how-to-decide-pay-for-and-plan-your-project/,0,9,0.00%,48.33
ev charging infrastructure for new buildings,https://shaffercon.com/industry-insights/exploring-the-rapid-growth-and-key-trends-in-ev-charging-infrastructure-in-2023/,0,5,0.00%,77.80
ev charging infrastructure for new buildings,https://shaffercon.com/industry-insights/the-essential-guide-to-ev-charging-infrastructure-benefits-strategies-and-future-trends/,0,1,0.00%,95.00
ev charging infrastructure for new buildings,https://shaffercon.com/industry-insights/the-ultimate-guide-to-ev-charger-installation-and-infrastructure-in-los-angeles/,0,2,0.00%,70.00
ev charging infrastructure growth 2024 2025,https://shaffercon.com/industry-insights/exploring-the-rapid-growth-and-key-trends-in-ev-charging-infrastructure-in-2023/,0,1,0.00%,11.00
ev charging infrastructure growth statistics 2025,https://shaffercon.com/industry-insights/ev-charging-infrastructure-network-milestones-65000-us-ports-illinois-funding-tesla-v4-technology-nevi-streamlining-and-google-maps-integration-shape-november-2025-market/,0,1,0.00%,5.00
ev charging infrastructure home public 2026,https://shaffercon.com/industry-insights/california-2026-building-code-ev-charging-requirements-home-real-estate-trend-32-new-models/,0,1,0.00%,7.00
ev charging infrastructure improvements,https://shaffercon.com/industry-insights/exploring-the-rapid-growth-and-key-trends-in-ev-charging-infrastructure-in-2023/,0,4,0.00%,44.50
ev charging infrastructure improvements,https://shaffercon.com/industry-insights/the-essential-guide-to-ev-charging-infrastructure-benefits-strategies-and-future-trends,0,2,0.00%,43.50
ev charging infrastructure improvements,https://shaffercon.com/industry-insights/the-essential-guide-to-ev-charging-infrastructure-benefits-strategies-and-future-trends/,0,4,0.00%,57.00
ev charging infrastructure improvements,https://shaffercon.com/industry-insights/the-growing-landscape-of-ev-charging-infrastructure-trends-innovations-and-future-prospects/,0,1,0.00%,95.00
ev charging infrastructure improvements,https://shaffercon.com/industry-insights/the-rise-of-ev-charging-infrastructure-trends-challenges-and-solutions-for-the-future,0,1,0.00%,15.00
ev charging infrastructure improvements,https://shaffercon.com/industry-insights/the-rise-of-ev-charging-infrastructure-trends-challenges-and-solutions-for-the-future/,0,6,0.00%,63.67
ev charging infrastructure load center requirements municipal,https://shaffercon.com/industry-insights/the-ultimate-guide-to-ev-charger-installation-and-infrastructure-in-los-angeles,0,1,0.00%,5.00
ev charging infrastructure news november 2025,https://shaffercon.com/industry-insights/ev-charging-infrastructure-network-milestones-65000-us-ports-illinois-funding-tesla-v4-technology-nevi-streamlining-and-google-maps-integration-shape-november-2025-market/,0,1,0.00%,11.00
ev charging infrastructure news today,https://shaffercon.com/industry-insights/the-rapid-expansion-of-ev-charging-infrastructure-key-insights-policy-updates-and-practical-tips-for-home-and-business-owners/,0,1,0.00%,71.00
ev charging infrastructure problems,https://shaffercon.com/industry-insights/the-rise-of-ev-charging-infrastructure-trends-challenges-and-solutions-for-the-future/,0,3,0.00%,74.00
ev charging infrastructure provider,https://shaffercon.com/industry-insights/expanding-electric-vehicle-charging-infrastructure-a-look-at-california-and-beyond/,0,7,0.00%,90.14
ev charging infrastructure provider,https://shaffercon.com/industry-insights/exploring-the-rapid-growth-and-key-trends-in-ev-charging-infrastructure-in-2023/,0,48,0.00%,91.27
ev charging infrastructure solutions,https://shaffercon.com/industry-insights/ev-charging-infrastructure-in-2025-growth-innovation-and-the-road-ahead/,0,4,0.00%,95.25
ev charging infrastructure solutions,https://shaffercon.com/industry-insights/expanding-electric-vehicle-charging-infrastructure-key-developments-and-community-efforts/,0,2,0.00%,96.50
ev charging infrastructure solutions,https://shaffercon.com/industry-insights/exploring-the-rapid-growth-and-key-trends-in-ev-charging-infrastructure-in-2023/,0,8,0.00%,94.00
ev charging infrastructure solutions,https://shaffercon.com/industry-insights/powering-the-ev-revolution-latest-advances-and-infrastructure-solutions-for-u-s-charging-networks,0,15,0.00%,59.60
ev charging infrastructure solutions,https://shaffercon.com/industry-insights/powering-the-ev-revolution-latest-advances-and-infrastructure-solutions-for-u-s-charging-networks/,0,1,0.00%,67.00
ev charging infrastructure solutions,https://shaffercon.com/industry-insights/the-essential-guide-to-ev-charging-infrastructure-benefits-strategies-and-future-trends,0,6,0.00%,74.33
ev charging infrastructure solutions,https://shaffercon.com/industry-insights/the-future-of-electric-vehicle-charging-why-infrastructure-matters-for-sustainable-growth/,0,3,0.00%,97.00
ev charging infrastructure solutions,https://shaffercon.com/industry-insights/the-growing-demand-for-ev-charging-infrastructure-how-maintenance-and-innovation-shape-the-future/,0,4,0.00%,92.50
ev charging infrastructure solutions,https://shaffercon.com/industry-insights/the-rapid-expansion-of-ev-charging-infrastructure-key-insights-policy-updates-and-practical-tips-for-home-and-business-owners/,0,8,0.00%,84.12
ev charging infrastructure solutions,https://shaffercon.com/industry-insights/the-rise-of-ev-charging-infrastructure-trends-challenges-and-solutions-for-the-future,0,2,0.00%,64.00
ev charging infrastructure solutions,https://shaffercon.com/industry-insights/the-rise-of-ev-charging-infrastructure-trends-challenges-and-solutions-for-the-future/,0,5,0.00%,76.60
ev charging infrastructure trends,https://shaffercon.com/industry-insights/exploring-the-rapid-growth-and-key-trends-in-ev-charging-infrastructure-in-2023/,0,2,0.00%,33.50
ev charging infrastructure trends,https://shaffercon.com/industry-insights/the-rise-of-ev-charging-infrastructure-trends-challenges-and-solutions-for-the-future/,0,2,0.00%,58.00
ev charging infrastructure updates,https://shaffercon.com/industry-insights/the-rapid-expansion-of-ev-charging-infrastructure-key-insights-policy-updates-and-practical-tips-for-home-and-business-owners/,0,1,0.00%,10.00
ev charging infrastructure updates,https://shaffercon.com/industry-insights/the-rise-of-ev-charging-infrastructure-trends-challenges-and-solutions-for-the-future,0,3,0.00%,4.33
ev charging infrastructure usa,https://shaffercon.com/industry-insights/exploring-the-rapid-growth-and-key-trends-in-ev-charging-infrastructure-in-2023/,0,2,0.00%,68.50
ev charging installation companies,https://shaffercon.com/service-areas/torrance/residential-ev-charger-installation/,0,2,0.00%,80.50
ev charging installation for new developments,https://shaffercon.com/industry-insights/the-future-of-ev-charger-installation-trends-incentives-and-innovations-you-need-to-know,0,1,0.00%,31.00
ev charging installation for new developments,https://shaffercon.com/industry-insights/the-future-of-ev-charger-installation-trends-incentives-and-innovations-you-need-to-know/,0,2,0.00%,56.50
ev charging installation for new developments,https://shaffercon.com/industry-insights/the-ultimate-guide-to-ev-charger-installation-and-infrastructure-in-los-angeles/,0,2,0.00%,72.00
ev charging installation project,https://shaffercon.com/industry-insights/ev-charger-installation-infrastructure-how-to-decide-pay-for-and-plan-your-project/,0,46,0.00%,30.98
ev charging installation project,https://shaffercon.com/industry-insights/the-ultimate-guide-to-ev-charger-installation-and-infrastructure-in-los-angeles/,0,25,0.00%,40.96
ev charging installation regulations,https://shaffercon.com/industry-insights/the-ultimate-guide-to-ev-charger-installation-and-infrastructure-in-los-angeles/,0,8,0.00%,66.62
ev charging installation without infrastructure upgrade,https://shaffercon.com/industry-insights/the-ultimate-guide-to-ev-charger-installation-and-infrastructure-in-los-angeles/,0,1,0.00%,32.00
ev charging installer commercial,https://shaffercon.com/commercial-electric-vehicle-chargers/,0,1,0.00%,9.00
ev charging luxury apartments vs traditional ones: feature comparison and resident reviews,https://shaffercon.com/industry-insights/california-2026-building-code-ev-charging-requirements-home-real-estate-trend-32-new-models/,0,1,0.00%,1.00
ev charging network expansions q1 2025,https://shaffercon.com/industry-insights/ev-charging-infrastructure-network-milestones-65000-us-ports-illinois-funding-tesla-v4-technology-nevi-streamlining-and-google-maps-integration-shape-november-2025-market/,0,2,0.00%,32.00
ev charging network migration,https://shaffercon.com/industry-insights/emerging-trends-in-ev-charging-infrastructure-innovations-and-challenges-ahead/,0,8,0.00%,67.88
ev charging network migration,https://shaffercon.com/industry-insights/exploring-the-rapid-growth-and-key-trends-in-ev-charging-infrastructure-in-2023,0,1,0.00%,88.00
ev charging network migration,https://shaffercon.com/industry-insights/exploring-the-rapid-growth-and-key-trends-in-ev-charging-infrastructure-in-2023/,0,42,0.00%,90.40
ev charging news california 2026,https://shaffercon.com/industry-insights/california-2026-building-code-ev-charging-requirements-home-real-estate-trend-32-new-models/,0,1,0.00%,8.00
ev charging power distribution,https://shaffercon.com/industry-insights/exploring-the-rapid-growth-and-key-trends-in-ev-charging-infrastructure-in-2023/,0,3,0.00%,89.33
ev charging power distribution,https://shaffercon.com/industry-insights/the-essential-guide-to-ev-charging-infrastructure-benefits-strategies-and-future-trends/,0,1,0.00%,99.00
ev charging power distribution,https://shaffercon.com/industry-insights/the-rapid-expansion-of-ev-charging-infrastructure-key-insights-policy-updates-and-practical-tips-for-home-and-business-owners/,0,2,0.00%,49.50
ev charging regulations,https://shaffercon.com/industry-insights/the-ultimate-guide-to-ev-charger-installation-and-infrastructure-in-los-angeles/,0,2,0.00%,81.00
ev charging requirements,https://shaffercon.com/industry-insights/the-ultimate-guide-to-ev-charger-installation-and-infrastructure-in-los-angeles/,0,3,0.00%,48.00
ev charging solutions commercial properties,https://shaffercon.com/commercial-electric-vehicle-chargers/,0,11,0.00%,46.27
ev charging solutions for public sector,https://shaffercon.com/industry-insights/the-future-of-ev-charging-government-initiatives-innovations-and-challenges-in-2024/,0,59,0.00%,72.14
ev charging solutions infrastructure,https://shaffercon.com/industry-insights/the-rise-of-ev-charging-infrastructure-trends-challenges-and-solutions-for-the-future/,0,22,0.00%,96.73
ev charging station at home,https://shaffercon.com/industry-insights/california-2026-building-code-ev-charging-requirements-home-real-estate-trend-32-new-models/,0,1,0.00%,16.00
ev charging station construction,https://shaffercon.com/industry-insights/advancements-in-ev-charger-installations-building-the-future-of-electric-vehicle-infrastructure/,0,3,0.00%,93.67
ev charging station construction,https://shaffercon.com/industry-insights/ev-charging-infrastructure-in-2025-growth-innovation-and-the-road-ahead/,0,5,0.00%,85.00
ev charging station construction,https://shaffercon.com/industry-insights/expanding-electric-vehicle-charging-infrastructure-a-look-at-california-and-beyond/,0,1,0.00%,82.00
ev charging station construction,https://shaffercon.com/industry-insights/expanding-electric-vehicle-charging-infrastructure-key-developments-and-community-efforts/,0,6,0.00%,93.67
ev charging station construction,https://shaffercon.com/industry-insights/exploring-the-rapid-growth-and-key-trends-in-ev-charging-infrastructure-in-2023/,0,8,0.00%,57.88
ev charging station construction,https://shaffercon.com/industry-insights/the-essential-guide-to-ev-charging-infrastructure-benefits-strategies-and-future-trends/,0,1,0.00%,49.00
ev charging station construction,https://shaffercon.com/industry-insights/the-future-of-electric-vehicle-charging-why-infrastructure-matters-for-sustainable-growth/,0,3,0.00%,94.00
ev charging station construction,https://shaffercon.com/industry-insights/the-future-of-ev-charger-installation-transforming-transportation-in-los-angeles/,0,1,0.00%,88.00
ev charging station construction,https://shaffercon.com/industry-insights/the-growing-demand-for-ev-charging-infrastructure-how-maintenance-and-innovation-shape-the-future/,0,8,0.00%,81.75
ev charging station construction,https://shaffercon.com/industry-insights/the-rise-of-ev-charging-infrastructure-trends-challenges-and-solutions-for-the-future/,0,10,0.00%,83.60
ev charging station construction,https://shaffercon.com/industry-insights/the-ultimate-guide-to-ev-charger-installation-and-infrastructure-in-los-angeles/,0,4,0.00%,61.50
ev charging station construction companies,https://shaffercon.com/,0,1,0.00%,1.00
ev charging station construction companies,https://shaffercon.com/industry-insights/advancing-electric-vehicle-infrastructure-in-los-angeles-the-role-of-shaffer-construction-inc/,0,1,0.00%,26.00
ev charging station construction companies,https://shaffercon.com/service-areas/torrance/residential-ev-charger-installation/,0,5,0.00%,46.20
ev charging station contractors downers grove,https://shaffercon.com/commercial-electric-vehicle-chargers/,0,11,0.00%,80.27
ev charging station contractors downers grove,https://shaffercon.com/residential-ev-charger/,0,6,0.00%,63.33
ev charging station contractors downers grove,https://shaffercon.com/service-areas/atwater-village/residential-ev-charger-installation/,0,1,0.00%,90.00
ev charging station contractors downers grove,https://shaffercon.com/service-areas/inglewood/residential-ev-charger-installation/,0,1,0.00%,98.00
ev charging station contractors downers grove,https://shaffercon.com/service-areas/torrance/residential-ev-charger-installation/,0,2,0.00%,99.00
ev charging station contractors los angeles,https://shaffercon.com/,0,26,0.00%,12.04
ev charging station contractors los angeles,https://shaffercon.com/commercial-electric-vehicle-chargers/,0,1,0.00%,19.00
ev charging station contractors los angeles,https://shaffercon.com/industry-insights/the-ultimate-guide-to-ev-charger-installation-and-infrastructure-in-los-angeles/,0,3,0.00%,34.00
ev charging station contractors los angeles,https://shaffercon.com/residential-ev-charger/,0,12,0.00%,12.92
ev charging station contractors los angeles,https://shaffercon.com/service-areas/torrance/residential-ev-charger-installation/,0,2,0.00%,27.50
ev charging station contractors winfield,https://shaffercon.com/,0,1,0.00%,43.00
ev charging station demand,https://shaffercon.com/industry-insights/exploring-the-rapid-growth-and-key-trends-in-ev-charging-infrastructure-in-2023/,0,11,0.00%,76.18
ev charging station deployment,https://shaffercon.com/industry-insights/exploring-the-rapid-growth-and-key-trends-in-ev-charging-infrastructure-in-2023/,0,1,0.00%,41.00
ev charging station development,https://shaffercon.com/industry-insights/exploring-the-rapid-growth-and-key-trends-in-ev-charging-infrastructure-in-2023/,0,2,0.00%,35.50
ev charging station development,https://shaffercon.com/industry-insights/the-rise-of-ev-charging-infrastructure-trends-challenges-and-solutions-for-the-future/,0,3,0.00%,69.00
ev charging station growth,https://shaffercon.com/industry-insights/exploring-the-rapid-growth-and-key-trends-in-ev-charging-infrastructure-in-2023/,0,1,0.00%,36.00
ev charging station home,https://shaffercon.com/residential-ev-charger/,0,1,0.00%,1.00
ev charging station incentive commercial business 2025,https://shaffercon.com/industry-insights/the-future-of-ev-charger-installations-how-government-initiatives-and-business-benefits-are-shaping-the-industry/,0,12,0.00%,8.50
ev charging station infrastructure,https://shaffercon.com/industry-insights/expanding-electric-vehicle-charging-infrastructure-key-developments-and-community-efforts/,0,1,0.00%,100.00
ev charging station infrastructure,https://shaffercon.com/industry-insights/exploring-the-rapid-growth-and-key-trends-in-ev-charging-infrastructure-in-2023/,0,8,0.00%,77.62
ev charging station infrastructure,https://shaffercon.com/industry-insights/the-essential-guide-to-ev-charging-infrastructure-benefits-strategies-and-future-trends/,0,11,0.00%,53.45
ev charging station infrastructure,https://shaffercon.com/industry-insights/the-rise-of-ev-charging-infrastructure-trends-challenges-and-solutions-for-the-future/,0,3,0.00%,91.33
ev charging station install,https://shaffercon.com/industry-insights/the-ultimate-guide-to-ev-charger-installation-and-infrastructure-in-los-angeles/,0,2,0.00%,47.50
ev charging station installation,https://shaffercon.com/industry-insights/the-ultimate-guide-to-ev-charger-installation-and-infrastructure-in-los-angeles/,0,409,0.00%,53.18
ev charging station installation burbank,https://shaffercon.com/residential-ev-charger/,0,2,0.00%,39.50
ev charging station installation burbank,https://shaffercon.com/service-areas/burbank/residential-ev-charger-installation/,0,6,0.00%,3.83
ev charging station installation glendale,https://shaffercon.com/commercial-electric-vehicle-chargers/,0,1,0.00%,18.00
ev charging station installation glendale,https://shaffercon.com/residential-ev-charger/,0,1,0.00%,14.00
ev charging station installation pasadena,https://shaffercon.com/residential-ev-charger/,0,1,0.00%,45.00
ev charging station installation pasadena,https://shaffercon.com/service-areas/pasadena/residential-ev-charger-installation,0,1,0.00%,5.00
ev charging station installation pasadena,https://shaffercon.com/service-areas/pasadena/residential-ev-charger-installation/,0,2,0.00%,5.00
ev charging station installation projects,https://shaffercon.com/industry-insights/2024-ev-charger-installations-key-incentives-and-innovations-transforming-the-industry/,0,1,0.00%,51.00
ev charging station installation projects,https://shaffercon.com/industry-insights/expanding-electric-vehicle-charging-infrastructure-key-developments-and-community-efforts/,0,3,0.00%,66.00
ev charging station installation projects,https://shaffercon.com/industry-insights/exploring-the-rapid-growth-and-key-trends-in-ev-charging-infrastructure-in-2023/,0,1,0.00%,23.00
ev charging station installation projects,https://shaffercon.com/industry-insights/the-future-of-ev-charger-installation-trends-incentives-and-innovations-you-need-to-know,0,4,0.00%,57.75
ev charging station installation projects,https://shaffercon.com/industry-insights/the-future-of-ev-charger-installation-trends-incentives-and-innovations-you-need-to-know/,0,1,0.00%,96.00
ev charging station installation projects,https://shaffercon.com/industry-insights/the-future-of-ev-charging-government-initiatives-innovations-and-challenges-in-2024/,0,1,0.00%,94.00
ev charging station installation projects,https://shaffercon.com/industry-insights/the-ultimate-guide-to-ev-charger-installation-and-infrastructure-in-los-angeles/,0,3,0.00%,32.33
ev charging station installations,https://shaffercon.com/industry-insights/the-ultimate-guide-to-ev-charger-installation-and-infrastructure-in-los-angeles/,0,2,0.00%,81.50
ev charging station installers near me,https://shaffercon.com/service-areas/santa-monica/residential-ev-charger-installation/,0,1,0.00%,50.00
ev charging station investment,https://shaffercon.com/industry-insights/the-critical-importance-of-investing-in-ev-charging-infrastructure-for-a-sustainable-future/,0,2,0.00%,85.50
ev charging station licensing requirements,https://shaffercon.com/industry-insights/the-ultimate-guide-to-ev-charger-installation-and-infrastructure-in-los-angeles,0,1,0.00%,10.00
ev charging station permitting requirements long beach california,https://shaffercon.com/industry-insights/the-ultimate-guide-to-ev-charger-installation-and-infrastructure-in-los-angeles/,0,1,0.00%,10.00
ev charging station permitting requirements los angeles california,https://shaffercon.com/industry-insights/the-ultimate-guide-to-ev-charger-installation-and-infrastructure-in-los-angeles/,0,16,0.00%,8.44
ev charging station requirements,https://shaffercon.com/industry-insights/the-ultimate-guide-to-ev-charger-installation-and-infrastructure-in-los-angeles/,0,1,0.00%,66.00
ev charging station requirements california,https://shaffercon.com/industry-insights/california-2026-building-code-ev-charging-requirements-home-real-estate-trend-32-new-models/,0,3,0.00%,1.00
ev charging station roi payback period,https://shaffercon.com/industry-insights/nec-2026-qualified-installer-requirement-charging-reliability-86-percent-commercial-roi-3-5-year-payback/,0,1,0.00%,10.00
ev charging station zoning requirements,https://shaffercon.com/industry-insights/the-ultimate-guide-to-ev-charger-installation-and-infrastructure-in-los-angeles/,0,1,0.00%,82.00
ev charging stations,https://shaffercon.com/industry-insights/california-2026-building-code-ev-charging-requirements-home-real-estate-trend-32-new-models/,0,1,0.00%,10.00
ev charging stations bhubaneswar,https://shaffercon.com/residential-ev-charger/,0,1,0.00%,2.00
ev charging stations commercial,https://shaffercon.com/commercial-electric-vehicle-chargers/,0,1,0.00%,65.00
ev charging stations installation,https://shaffercon.com/industry-insights/the-ultimate-guide-to-ev-charger-installation-and-infrastructure-in-los-angeles/,0,26,0.00%,46.81
ev charging stations installation contractors,https://shaffercon.com/residential-ev-charger/,0,1,0.00%,40.00
ev charging stations installation contractors,https://shaffercon.com/service-areas/torrance/residential-ev-charger-installation/,0,1,0.00%,57.00
ev charging stations investment,https://shaffercon.com/industry-insights/the-critical-importance-of-investing-in-ev-charging-infrastructure-for-a-sustainable-future/,0,1,0.00%,79.00
ev charging stations requirements,https://shaffercon.com/industry-insights/the-ultimate-guide-to-ev-charger-installation-and-infrastructure-in-los-angeles/,0,2,0.00%,70.00
ev charging strategies,https://shaffercon.com/industry-insights/the-essential-guide-to-ev-charging-infrastructure-benefits-strategies-and-future-trends/,0,1,0.00%,51.00
ev charging strategy,https://shaffercon.com/industry-insights/the-essential-guide-to-ev-charging-infrastructure-benefits-strategies-and-future-trends/,0,12,0.00%,63.25
ev charging systems installation,https://shaffercon.com/industry-insights/the-ultimate-guide-to-ev-charger-installation-and-infrastructure-in-los-angeles/,0,2,0.00%,45.00
ev charging trends,https://shaffercon.com/industry-insights/exploring-the-rapid-growth-and-key-trends-in-ev-charging-infrastructure-in-2023/,0,13,0.00%,48.31
ev charging trends,https://shaffercon.com/industry-insights/the-rise-of-ev-charging-infrastructure-trends-challenges-and-solutions-for-the-future/,0,2,0.00%,94.00
ev charging trends,https://shaffercon.com/industry-insights/top-trends-challenges-and-innovations-in-ev-charging-infrastructure-for-2025/,0,7,0.00%,55.14
ev commercial charging stations,https://shaffercon.com/commercial-electric-vehicle-chargers/,0,4,0.00%,77.25
ev company,https://shaffercon.com/industry-insights/tesla-supercharger-business-program-us-dc-fast-charging-record-gas-stations-ev-chargers-california-leads-adoption/,0,1,0.00%,1.00
ev fast charging infrastructure,https://shaffercon.com/industry-insights/the-future-of-electric-vehicle-charging-why-infrastructure-matters-for-sustainable-growth/,0,1,0.00%,108.00
ev fast charging infrastructure,https://shaffercon.com/industry-insights/the-rise-of-ev-charging-infrastructure-trends-challenges-and-solutions-for-the-future/,0,1,0.00%,102.00
ev future proofing,https://shaffercon.com/industry-insights/the-future-of-electric-vehicle-charging-why-infrastructure-matters-for-sustainable-growth/,0,1,0.00%,67.00
ev future proofing,https://shaffercon.com/industry-insights/the-future-of-ev-charging-government-initiatives-innovations-and-challenges-in-2024/,0,2,0.00%,32.00
ev future proofing,https://shaffercon.com/industry-insights/the-future-of-ev-charging-infrastructure-trends-challenges-and-solutions-for-reliable-electric-vehicle-power/,0,3,0.00%,74.33
ev futureproofing,https://shaffercon.com/industry-insights/the-future-of-electric-vehicles-key-trends-for-electricians-and-clients,0,4,0.00%,79.50
ev grid infrastructure,https://shaffercon.com/industry-insights/the-essential-guide-to-ev-charging-infrastructure-benefits-strategies-and-future-trends,0,7,0.00%,47.86
ev grid infrastructure,https://shaffercon.com/industry-insights/the-essential-guide-to-ev-charging-infrastructure-benefits-strategies-and-future-trends/,0,3,0.00%,57.33
ev grid infrastructure,https://shaffercon.com/industry-insights/the-future-of-electric-vehicle-charging-why-infrastructure-matters-for-sustainable-growth/,0,4,0.00%,94.25
ev grid infrastructure,https://shaffercon.com/industry-insights/the-rise-of-ev-charging-infrastructure-trends-challenges-and-solutions-for-the-future/,0,4,0.00%,86.75
ev home charger installation bolton landing,https://shaffercon.com/residential-ev-charger/,0,5,0.00%,60.00
ev home charger installation fern creek,https://shaffercon.com/residential-ev-charger/,0,2,0.00%,94.50
ev home charger installation hattiesburg,https://shaffercon.com/residential-ev-charger/,0,4,0.00%,96.25
ev home charger installation highland park,https://shaffercon.com/service-areas/highland-park/,0,4,0.00%,54.25
ev home charger installation radcliff,https://shaffercon.com/residential-ev-charger/,0,7,0.00%,85.14
ev home charger installation schuyler falls,https://shaffercon.com/service-areas/atwater-village/residential-ev-charger-installation/,0,1,0.00%,73.00
ev home charger installation seatonville,https://shaffercon.com/residential-ev-charger/,0,2,0.00%,89.50
ev home charger installation superior,https://shaffercon.com/service-areas/torrance/residential-ev-charger-installation/,0,1,0.00%,90.00
ev home charger installation venice,https://shaffercon.com/residential-ev-charger/,0,3,0.00%,25.00
ev home charger installation venice,https://shaffercon.com/service-areas/torrance/residential-ev-charger-installation/,0,8,0.00%,58.62
ev home charger installation venice,https://shaffercon.com/service-areas/venice/commercial-ev-charger-installation/,0,1,0.00%,61.00
ev home charger installation venice,https://shaffercon.com/service-areas/venice/residential-ev-charger-installation,0,1,0.00%,44.00
ev infrastructure,https://shaffercon.com/industry-insights/exploring-the-rapid-growth-and-key-trends-in-ev-charging-infrastructure-in-2023/,0,24,0.00%,86.42
ev infrastructure,https://shaffercon.com/industry-insights/the-essential-guide-to-ev-charging-infrastructure-benefits-strategies-and-future-trends/,0,74,0.00%,68.16
ev infrastructure,https://shaffercon.com/industry-insights/the-future-of-electric-vehicle-charging-why-infrastructure-matters-for-sustainable-growth/,0,31,0.00%,90.23
ev infrastructure,https://shaffercon.com/industry-insights/the-growing-landscape-of-ev-charging-infrastructure-trends-innovations-and-future-prospects/,0,6,0.00%,88.17
ev infrastructure,https://shaffercon.com/industry-insights/the-rise-of-ev-charging-infrastructure-trends-challenges-and-solutions-for-the-future/,0,30,0.00%,91.97
ev infrastructure design,https://shaffercon.com/industry-insights/the-essential-guide-to-ev-charging-infrastructure-benefits-strategies-and-future-trends/,0,1,0.00%,99.00
ev infrastructure development,https://shaffercon.com/industry-insights/exploring-the-rapid-growth-and-key-trends-in-ev-charging-infrastructure-in-2023/,0,1,0.00%,49.00
ev infrastructure development,https://shaffercon.com/industry-insights/the-complete-guide-to-ev-charging-infrastructure-in-los-angeles-trends-technologies-and-installation-tips-for-property-owners/,0,1,0.00%,9.00
ev infrastructure development,https://shaffercon.com/industry-insights/the-rise-of-ev-charging-infrastructure-trends-challenges-and-solutions-for-the-future/,0,1,0.00%,45.00
ev infrastructure for new construction,https://shaffercon.com/industry-insights/expanding-electric-vehicle-charging-infrastructure-key-developments-and-community-efforts/,0,29,0.00%,82.21
ev infrastructure for new construction,https://shaffercon.com/industry-insights/exploring-the-rapid-growth-and-key-trends-in-ev-charging-infrastructure-in-2023/,0,38,0.00%,68.71
ev infrastructure for new construction,https://shaffercon.com/industry-insights/the-essential-guide-to-ev-charging-infrastructure-benefits-strategies-and-future-trends,0,31,0.00%,62.52
ev infrastructure for new construction,https://shaffercon.com/industry-insights/the-rapid-expansion-of-ev-charging-infrastructure-key-insights-policy-updates-and-practical-tips-for-home-and-business-owners/,0,2,0.00%,62.50
ev infrastructure for new construction,https://shaffercon.com/industry-insights/the-rise-of-ev-charging-infrastructure-in-the-u-s-challenges-opportunities-and-future-prospects/,0,4,0.00%,61.50
ev infrastructure investment,https://shaffercon.com/industry-insights/the-critical-importance-of-investing-in-ev-charging-infrastructure-for-a-sustainable-future/,0,3,0.00%,50.67
ev infrastructure investment,https://shaffercon.com/industry-insights/the-future-of-electric-vehicle-charging-why-infrastructure-matters-for-sustainable-growth/,0,1,0.00%,93.00
ev infrastructure services,https://shaffercon.com/industry-insights/expanding-electric-vehicle-charging-infrastructure-key-developments-and-community-efforts,0,1,0.00%,37.00
ev infrastructure solutions,https://shaffercon.com/industry-insights/the-essential-guide-to-ev-charging-infrastructure-benefits-strategies-and-future-trends/,0,1,0.00%,99.00
ev infrastructure solutions,https://shaffercon.com/industry-insights/the-future-of-electric-vehicle-charging-why-infrastructure-matters-for-sustainable-growth/,0,1,0.00%,99.00
ev infrastructure solutions,https://shaffercon.com/industry-insights/the-growing-demand-for-ev-charging-infrastructure-how-maintenance-and-innovation-shape-the-future/,0,1,0.00%,84.00
ev infrastructure solutions,https://shaffercon.com/industry-insights/the-rise-of-ev-charging-infrastructure-trends-challenges-and-solutions-for-the-future/,0,2,0.00%,83.00
ev installation gulf breeze,https://shaffercon.com/service-areas/torrance/residential-ev-charger-installation/,0,1,0.00%,79.00
ev installation los angeles,https://shaffercon.com/residential-ev-charger/,0,18,0.00%,25.50
ev installer los angeles,https://shaffercon.com/,0,5,0.00%,24.80
ev installer los angeles,https://shaffercon.com/residential-ev-charger/,0,1,0.00%,24.00
ev public charging infrastructure,https://shaffercon.com/industry-insights/exploring-the-rapid-growth-and-key-trends-in-ev-charging-infrastructure-in-2023/,0,1,0.00%,83.00
ev space,https://shaffercon.com/industry-insights/california-2026-building-code-ev-charging-requirements-home-real-estate-trend-32-new-models/,0,1,0.00%,4.00
ev specific electricity plans utilities 2026,https://shaffercon.com/industry-insights/california-2026-building-code-ev-charging-requirements-home-real-estate-trend-32-new-models/,0,6,0.00%,7.67
ev specific electricity plans utilities us 2026,https://shaffercon.com/industry-insights/california-2026-building-code-ev-charging-requirements-home-real-estate-trend-32-new-models/,0,1,0.00%,4.00
ev supply equipment for government facilities,https://shaffercon.com/industry-insights/the-future-of-ev-charger-installations-how-government-initiatives-and-business-benefits-are-shaping-the-industry/,0,7,0.00%,67.00
ev supply equipment for government facilities,https://shaffercon.com/industry-insights/the-future-of-ev-charging-government-initiatives-innovations-and-challenges-in-2024/,0,58,0.00%,49.10
ev tax credit 2026,https://shaffercon.com/industry-insights/nec-2026-qualified-installer-requirement-charging-reliability-86-percent-commercial-roi-3-5-year-payback/,0,1,0.00%,1.00
ev to charger ratio california 2025 2026,https://shaffercon.com/industry-insights/california-2026-building-code-ev-charging-requirements-home-real-estate-trend-32-new-models/,0,4,0.00%,7.00
ev to charger ratio california 2026,https://shaffercon.com/industry-insights/california-2026-building-code-ev-charging-requirements-home-real-estate-trend-32-new-models/,0,27,0.00%,3.15
ev to public charger ratio california 2026,https://shaffercon.com/industry-insights/california-2026-building-code-ev-charging-requirements-home-real-estate-trend-32-new-models/,0,14,0.00%,5.79
ev truck charging infrastructure,https://shaffercon.com/industry-insights/exploring-the-rapid-growth-and-key-trends-in-ev-charging-infrastructure-in-2023/,0,1,0.00%,86.00
ev truck charging infrastructure,https://shaffercon.com/industry-insights/the-future-of-electric-vehicle-charging-why-infrastructure-matters-for-sustainable-growth/,0,3,0.00%,94.33
ev+charging+infrastructure,https://shaffercon.com/industry-insights/exploring-the-rapid-growth-and-key-trends-in-ev-charging-infrastructure-in-2023/,0,6,0.00%,75.50
ev.energy logo,https://shaffercon.com/,0,1,0.00%,17.00
ev.energy logo,https://shaffercon.com/brand-assets/Shaffer-Construction-Logo-light-mode-cropped.png,0,1,0.00%,17.00
evaluate tesla on fast-charging infrastructure for evs,https://shaffercon.com/industry-insights/tesla-supercharger-business-program-us-dc-fast-charging-record-gas-stations-ev-chargers-california-leads-adoption/,0,1,0.00%,1.00
evaluate the auto company renault on luxury electric vehicles,https://shaffercon.com/industry-insights/lucid-best-luxury-ev-brand-renault-efficiency-record-hyundai-biggest-ev-2025-year-review-global-sales/,0,1,0.00%,4.00
evaluate the automotive company mitsubishi on ev charging,https://shaffercon.com/industry-insights/electric-vehicles-mitsubishi-chargers/,0,46,0.00%,6.93
evaluate the geospatial technology company google maps platform on ev charging infrastructure,https://shaffercon.com/industry-insights/ev-charging-infrastructure-network-milestones-65000-us-ports-illinois-funding-tesla-v4-technology-nevi-streamlining-and-google-maps-integration-shape-november-2025-market/,0,3,0.00%,1.00
evaluate the location technology company google maps platform on ev charging optimization,https://shaffercon.com/industry-insights/ev-charging-infrastructure-network-milestones-65000-us-ports-illinois-funding-tesla-v4-technology-nevi-streamlining-and-google-maps-integration-shape-november-2025-market/,0,1,0.00%,1.00
evaluate the property & casualty insurance company progressive on ev insurance,https://shaffercon.com/industry-insights/california-2026-building-code-ev-charging-requirements-home-real-estate-trend-32-new-models/,0,1,0.00%,5.00
evs contractor,https://shaffercon.com/,0,1,0.00%,19.00
evs per public charger ratio california 2025,https://shaffercon.com/industry-insights/exploring-the-rapid-growth-and-key-trends-in-ev-charging-infrastructure-in-2023/,0,1,0.00%,10.00
exhaust fan installation near me glendale,https://shaffercon.com/service-areas/glendale/,0,6,0.00%,21.50
exhaust fan installation near me glendale,https://shaffercon.com/service-areas/glendale/commercial-exhaust-fan-ventilation-wiring/,0,1,0.00%,20.00
exhaust fan installation near me glendale ca,https://shaffercon.com/service-areas/glendale/,0,11,0.00%,26.00
exhaust fan installation near me glendale ca,https://shaffercon.com/service-areas/glendale/commercial-exhaust-fan-ventilation-wiring/,0,1,0.00%,22.00
exhaust fan installation service glendale,https://shaffercon.com/service-areas/glendale/,0,10,0.00%,15.60
exhaust fan installation service glendale,https://shaffercon.com/service-areas/glendale/commercial-exhaust-fan-ventilation-wiring/,0,9,0.00%,12.67
exhaust fan installation service glendale ca,https://shaffercon.com/service-areas/glendale/,0,18,0.00%,14.72
exhaust fan installer glendale,https://shaffercon.com/service-areas/glendale/,0,9,0.00%,40.33
exhaust fan installer glendale,https://shaffercon.com/service-areas/glendale/commercial-exhaust-fan-ventilation-wiring/,0,8,0.00%,13.25
exhaust fan installer glendale ca,https://shaffercon.com/service-areas/glendale/,0,5,0.00%,25.00
exhaust fan installer glendale ca,https://shaffercon.com/service-areas/glendale/commercial-exhaust-fan-ventilation-wiring/,0,6,0.00%,8.17
exhaust fan installer near me glendale,https://shaffercon.com/service-areas/glendale/,0,20,0.00%,8.50
exhaust fan installer near me glendale,https://shaffercon.com/service-areas/glendale/commercial-exhaust-fan-ventilation-wiring/,0,7,0.00%,16.29
exhaust fan installer near me glendale ca,https://shaffercon.com/service-areas/glendale/,0,9,0.00%,37.11
exhaust fan installer near me glendale ca,https://shaffercon.com/service-areas/glendale/commercial-exhaust-fan-ventilation-wiring/,0,3,0.00%,7.33
exhaust fan installers glendale,https://shaffercon.com/service-areas/glendale/,0,14,0.00%,10.21
exhaust fan installers glendale,https://shaffercon.com/service-areas/glendale/commercial-exhaust-fan-ventilation-wiring/,0,17,0.00%,28.18
exhaust fan installers glendale ca,https://shaffercon.com/service-areas/glendale/,0,13,0.00%,11.62
exhaust fan installers glendale ca,https://shaffercon.com/service-areas/glendale/commercial-exhaust-fan-ventilation-wiring/,0,8,0.00%,15.88
exhaust fan installers near me glendale,https://shaffercon.com/service-areas/glendale/,0,3,0.00%,39.33
exhaust fan installers near me glendale,https://shaffercon.com/service-areas/glendale/commercial-exhaust-fan-ventilation-wiring/,0,7,0.00%,20.71
exhaust fan installers near me glendale ca,https://shaffercon.com/service-areas/glendale/,0,11,0.00%,36.09
exhaust fan repairs near me glendale ca,https://shaffercon.com/service-areas/glendale/commercial-exhaust-fan-ventilation-wiring/,0,3,0.00%,39.33
exhaust fan services galleria,https://shaffercon.com/service-areas/glendale/commercial-exhaust-fan-ventilation-wiring/,0,2,0.00%,48.00
express permit ladbs,https://shaffercon.com/industry-insights/ladbs-electrical-permit-process-step-by-step-guide/,0,21,0.00%,17.43
express permit los angeles,https://shaffercon.com/industry-insights/ladbs-electrical-permit-process-step-by-step-guide/,0,1,0.00%,24.00
express permits ladbs,https://shaffercon.com/industry-insights/ladbs-electrical-permit-process-step-by-step-guide/,0,6,0.00%,15.17
express permits los angeles,https://shaffercon.com/industry-insights/ladbs-electrical-permit-process-step-by-step-guide/,0,1,0.00%,18.00
failed electrical inspection,https://shaffercon.com/industry-insights/passing-electrical-inspection-common-failures-fixes/,0,29,0.00%,11.38
failed inspection,https://shaffercon.com/industry-insights/passing-electrical-inspection-common-failures-fixes/,0,1,0.00%,1.00
failed plumbing inspection,https://shaffercon.com/industry-insights/passing-electrical-inspection-common-failures-fixes/,0,3,0.00%,72.67
fast charging infrastructure,https://shaffercon.com/industry-insights/the-essential-guide-to-ev-charging-infrastructure-benefits-strategies-and-future-trends/,0,2,0.00%,152.00
fast charging infrastructure,https://shaffercon.com/industry-insights/the-future-of-electric-vehicle-charging-why-infrastructure-matters-for-sustainable-growth/,0,1,0.00%,260.00
fast charging infrastructure,https://shaffercon.com/industry-insights/the-growing-landscape-of-ev-charging-infrastructure-trends-innovations-and-future-prospects/,0,1,0.00%,190.00
fast charging infrastructure,https://shaffercon.com/industry-insights/the-rise-of-ev-charging-infrastructure-trends-challenges-and-solutions-for-the-future/,0,1,0.00%,142.00
fast ev charger installation,https://shaffercon.com/industry-insights/the-ultimate-guide-to-ev-charger-installation-and-infrastructure-in-los-angeles/,0,1,0.00%,1.00
federal ev charger tax credit deadline 2026,https://shaffercon.com/industry-insights/ac-charging-network-ev-tax-credits-ford-30k-pickup-tesla-fsd-market-forecast/,0,7,0.00%,9.00
federal ev charger tax credit end date,https://shaffercon.com/industry-insights/ac-charging-network-ev-tax-credits-ford-30k-pickup-tesla-fsd-market-forecast/,0,1,0.00%,4.00
federal ev charger tax credit end date 2026,https://shaffercon.com/industry-insights/ac-charging-network-ev-tax-credits-ford-30k-pickup-tesla-fsd-market-forecast/,0,27,0.00%,6.78
federal ev charger tax credit expiration 2026,https://shaffercon.com/industry-insights/ac-charging-network-ev-tax-credits-ford-30k-pickup-tesla-fsd-market-forecast/,0,3,0.00%,7.00
federal ev charger tax credit expiration date 2026,https://shaffercon.com/industry-insights/ac-charging-network-ev-tax-credits-ford-30k-pickup-tesla-fsd-market-forecast/,0,16,0.00%,8.69
federal ev home charger tax credit end date 2026,https://shaffercon.com/industry-insights/ac-charging-network-ev-tax-credits-ford-30k-pickup-tesla-fsd-market-forecast/,0,4,0.00%,7.75
federal pacific electric (fpe) panels,https://shaffercon.com/industry-insights/panel-upgrades-navigating-federal-pacific-panel-upgrade-or-replacement/,0,1,0.00%,7.00
"federal pacific electrical panel upgrades tacoma, wa",https://shaffercon.com/industry-insights/panel-upgrades-navigating-federal-pacific-panel-upgrade-or-replacement/,0,18,0.00%,41.56
federal tax credit for home ev charger installation 2026,https://shaffercon.com/industry-insights/california-2026-building-code-ev-charging-requirements-home-real-estate-trend-32-new-models/,0,1,0.00%,9.00
fiber optic cabling installation glendale,https://shaffercon.com/service-areas/glendale/residential-data-network-av-wiring/,0,7,0.00%,13.29
final electrical inspection,https://shaffercon.com/industry-insights/passing-electrical-inspection-common-failures-fixes/,0,42,0.00%,12.05
final electrical inspection checklist,https://shaffercon.com/industry-insights/electrical-safety-inspection-checklist-los-angeles/,0,6,0.00%,41.67
final electrical inspection requirements,https://shaffercon.com/industry-insights/passing-electrical-inspection-common-failures-fixes/,0,7,0.00%,20.00
fixture meets cm standards,https://shaffercon.com/industry-insights/recessed-lighting-installation-guide/,0,33,0.00%,55.61
flexible cords must be marked with their nec,https://shaffercon.com/industry-insights/kitchen-electrical-requirements-outlet-placement-guide/,0,1,0.00%,1.00
flexible cords must be marked with their nec rating code every,https://shaffercon.com/industry-insights/kitchen-electrical-requirements-outlet-placement-guide/,0,1,0.00%,1.00
fluorescent to led retrofit projects usa companies contractors contact,https://shaffercon.com/led-retrofit-services/,0,1,0.00%,1.00
flush mount lights,https://shaffercon.com/industry-insights/recessed-lighting-installation-guide/,0,2,0.00%,1.00
flush-mount,https://shaffercon.com/industry-insights/ceiling-fan-installation-benefits-aesthetics,0,1,0.00%,1.00
food service electrical codes,https://shaffercon.com/industry-insights/kitchen-electrical-requirements-outlet-placement-guide/,0,3,0.00%,30.67
for electrical,https://shaffercon.com/industry-insights/passing-electrical-inspection-common-failures-fixes/,0,1,0.00%,2.00
fuse board regulations,https://shaffercon.com/industry-insights/california-title-24-electrical-requirements-renovations/,0,2,0.00%,68.50
fuse box regulations,https://shaffercon.com/industry-insights/california-title-24-electrical-requirements-renovations/,0,1,0.00%,89.00
fuse box replacement cost los angeles ca,https://shaffercon.com/industry-insights/complete-guide-electrical-panel-upgrades-los-angeles/,0,2,0.00%,72.00
fuse box replacement los angeles ca,https://shaffercon.com/industry-insights/complete-guide-electrical-panel-upgrades-los-angeles/,0,2,0.00%,48.50
fuse box service los angeles ca,https://shaffercon.com/service-areas/west-hollywood/,0,1,0.00%,40.00
future ev charging stations,https://shaffercon.com/industry-insights/exploring-the-rapid-growth-and-key-trends-in-ev-charging-infrastructure-in-2023/,0,1,0.00%,99.00
future of electric vehicle charging,https://shaffercon.com/industry-insights/the-future-of-electric-vehicle-charging-why-infrastructure-matters-for-sustainable-growth/,0,1,0.00%,88.00
future of ev charging,https://shaffercon.com/industry-insights/the-future-of-electric-vehicle-charging-why-infrastructure-matters-for-sustainable-growth/,0,9,0.00%,70.33
future of ev charging infrastructure,https://shaffercon.com/industry-insights/the-essential-guide-to-ev-charging-infrastructure-benefits-strategies-and-future-trends/,0,1,0.00%,61.00
future of ev charging infrastructure,https://shaffercon.com/industry-insights/the-future-of-electric-vehicle-charging-why-infrastructure-matters-for-sustainable-growth/,0,4,0.00%,42.75
future of ev charging infrastructure 2025,https://shaffercon.com/industry-insights/the-rise-of-ev-charging-infrastructure-trends-challenges-and-solutions-for-the-future/,0,1,0.00%,47.00
future of ev charging infrastructure challenges,https://shaffercon.com/industry-insights/the-future-of-ev-charging-infrastructure-trends-challenges-and-solutions-for-reliable-electric-vehicle-power,0,1,0.00%,9.00
future of ev charging infrastructure challenges,https://shaffercon.com/industry-insights/the-future-of-ev-charging-trends-challenges-and-innovations-in-charging-infrastructure,0,1,0.00%,6.00
future of ev charging stations,https://shaffercon.com/industry-insights/exploring-the-rapid-growth-and-key-trends-in-ev-charging-infrastructure-in-2023/,0,1,0.00%,71.00
future of ev charging stations,https://shaffercon.com/industry-insights/the-future-of-electric-vehicle-charging-why-infrastructure-matters-for-sustainable-growth/,0,9,0.00%,40.44
future of ev charging stations,https://shaffercon.com/industry-insights/the-rise-of-ev-charging-infrastructure-trends-challenges-and-solutions-for-the-future/,0,1,0.00%,72.00
future of ev charging trends and innovations,https://shaffercon.com/industry-insights/top-trends-challenges-and-innovations-in-ev-charging-infrastructure-for-2025/,0,4,0.00%,26.75
future proofing site for ev chargers,https://shaffercon.com/industry-insights/ev-charging-infrastructure-in-2025-growth-innovation-and-the-road-ahead/,0,1,0.00%,43.00
future proofing site for ev chargers,https://shaffercon.com/industry-insights/the-future-of-ev-charging-infrastructure-key-trends-innovations-and-opportunities-for-los-angeles-businesses-and-homeowners/,0,6,0.00%,61.67
future proofing site for ev chargers,https://shaffercon.com/industry-insights/the-future-of-ev-charging-infrastructure-top-trends-shaping-los-angeles-in-2024/,0,1,0.00%,59.00
future proofing site for ev chargers,https://shaffercon.com/industry-insights/the-future-of-ev-charging-infrastructure-trends-challenges-and-solutions-for-reliable-electric-vehicle-power/,0,5,0.00%,73.00
future proofing site for ev chargers,https://shaffercon.com/industry-insights/the-rise-of-ev-charging-infrastructure-trends-challenges-and-solutions-for-the-future/,0,1,0.00%,96.00
future proofing site for ev chargers,https://shaffercon.com/industry-insights/top-trends-challenges-and-innovations-in-ev-charging-infrastructure-for-2025/,0,1,0.00%,43.00
future tesla superchargers,https://shaffercon.com/industry-insights/tesla-worlds-largest-supercharger-los-angeles-curbside-charging-expansion-volkswagen-network-access-dynamic-pricing-long-beach-ev-infrastructure/,0,25,0.00%,46.24
garage exhaust fan glendale,https://shaffercon.com/service-areas/glendale/commercial-exhaust-fan-ventilation-wiring/,0,12,0.00%,11.50
garage exhaust fan glendale,https://shaffercon.com/service-areas/glendale/residential-exhaust-fan-ventilation-wiring,0,4,0.00%,5.50
garage exhaust fan glendale ca,https://shaffercon.com/service-areas/glendale/commercial-exhaust-fan-ventilation-wiring/,0,12,0.00%,5.75
garage exhaust fan installation glendale,https://shaffercon.com/service-areas/glendale/commercial-exhaust-fan-ventilation-wiring/,0,17,0.00%,13.76
garage exhaust fan installation glendale,https://shaffercon.com/service-areas/glendale/residential-exhaust-fan-ventilation-wiring,0,7,0.00%,9.29
garage exhaust fan installation glendale ca,https://shaffercon.com/service-areas/glendale/commercial-exhaust-fan-ventilation-wiring/,0,11,0.00%,11.18
garage exhaust system glendale,https://shaffercon.com/service-areas/glendale/commercial-exhaust-fan-ventilation-wiring/,0,10,0.00%,16.90
garage exhaust system glendale,https://shaffercon.com/service-areas/glendale/residential-exhaust-fan-ventilation-wiring,0,3,0.00%,13.00
garage exhaust system glendale,https://shaffercon.com/service-areas/glendale/residential-exhaust-fan-ventilation-wiring/,0,8,0.00%,15.38
garage exhaust system glendale ca,https://shaffercon.com/service-areas/glendale/commercial-exhaust-fan-ventilation-wiring/,0,8,0.00%,18.88
garage exhaust vent glendale,https://shaffercon.com/service-areas/glendale/commercial-exhaust-fan-ventilation-wiring/,0,18,0.00%,16.22
garage exhaust vent glendale,https://shaffercon.com/service-areas/glendale/residential-exhaust-fan-ventilation-wiring,0,7,0.00%,8.86
garage exhaust vent glendale,https://shaffercon.com/service-areas/glendale/residential-exhaust-fan-ventilation-wiring/,0,4,0.00%,6.00
garage exhaust vent glendale ca,https://shaffercon.com/service-areas/glendale/commercial-exhaust-fan-ventilation-wiring/,0,6,0.00%,20.50
garage fume extractor glendale ca,https://shaffercon.com/service-areas/glendale/commercial-exhaust-fan-ventilation-wiring/,0,2,0.00%,6.00
garage ventilation fan installation glendale,https://shaffercon.com/service-areas/glendale/commercial-exhaust-fan-ventilation-wiring/,0,11,0.00%,6.55
garage ventilation fan installation glendale ca,https://shaffercon.com/service-areas/glendale/commercial-exhaust-fan-ventilation-wiring/,0,7,0.00%,10.14
garage ventilation installation glendale,https://shaffercon.com/service-areas/glendale/commercial-exhaust-fan-ventilation-wiring/,0,13,0.00%,11.15
garage ventilation installation glendale,https://shaffercon.com/service-areas/glendale/residential-exhaust-fan-ventilation-wiring,0,3,0.00%,4.33
garage ventilation installers near me glendale,https://shaffercon.com/service-areas/glendale/commercial-exhaust-fan-ventilation-wiring/,0,7,0.00%,11.57
garage ventilation installers near me glendale ca,https://shaffercon.com/service-areas/glendale/commercial-exhaust-fan-ventilation-wiring/,0,7,0.00%,6.71
garage ventilation system glendale,https://shaffercon.com/service-areas/glendale/commercial-exhaust-fan-ventilation-wiring/,0,9,0.00%,5.44
garage wall exhaust fan glendale,https://shaffercon.com/service-areas/glendale/commercial-exhaust-fan-ventilation-wiring/,0,9,0.00%,12.56
garage wall exhaust fan glendale ca,https://shaffercon.com/service-areas/glendale/commercial-exhaust-fan-ventilation-wiring/,0,9,0.00%,14.89
garbage disposal safety,https://shaffercon.com/industry-insights/garbage-disposal-maintenance-safety-tips/,0,1,0.00%,14.00
garden lighting design los angeles,https://shaffercon.com/industry-insights/outdoor-lighting-installation-guide-los-angeles/,0,1,0.00%,94.00
gas stove,https://shaffercon.com/industry-insights/kitchen-electrical-requirements-outlet-placement-guide/,0,1,0.00%,3.00
generac generator installation burbank,https://shaffercon.com/service-areas/burbank/commercial-backup-generator-installation,0,1,0.00%,4.00
generac generator installation burbank,https://shaffercon.com/service-areas/burbank/commercial-backup-generator-installation/,0,4,0.00%,4.75
generac generator installation glendale,https://shaffercon.com/service-areas/glendale/commercial-backup-generator-installation,0,4,0.00%,8.00
generac generator installation glendale,https://shaffercon.com/service-areas/glendale/commercial-backup-generator-installation/,0,1,0.00%,10.00
"generador diesel near=san fernando -wiki -youtube -tiktok -amazon -""made-in-china"" -alibaba",https://shaffercon.com/service-areas/atwater-village/commercial-backup-generator-installation,0,2,0.00%,15.50
"generador diesel near=san fernando -wiki -youtube -tiktok -amazon -""made-in-china"" -alibaba",https://shaffercon.com/service-areas/atwater-village/commercial-backup-generator-installation/,0,7,0.00%,13.43
general contractor altadena ca,https://shaffercon.com/service-areas/altadena/,0,1,0.00%,85.00
general contractor beverly hills,https://shaffercon.com/service-areas/beverly-hills/,0,9,0.00%,95.78
general contractor culver city,https://shaffercon.com/service-areas/culver-city/,0,6,0.00%,35.67
general contractor culver city ca,https://shaffercon.com/service-areas/culver-city/,0,1,0.00%,22.00
general contractor glendale,https://shaffercon.com/service-areas/glendale/,0,2,0.00%,26.50
general contractor in culver city ca,https://shaffercon.com/service-areas/culver-city/,0,1,0.00%,18.00
general contractor in long beach,https://shaffercon.com/service-areas/long-beach/,0,3,0.00%,60.00
general contractor in los angeles 90004,http://www.shaffercon.com/,0,1,0.00%,31.00
general contractor in los angeles 90004,https://shaffercon.com/contact-us/,0,1,0.00%,41.00
general contractor in los angeles 90005,http://www.shaffercon.com/,0,1,0.00%,61.00
general contractor in los angeles 90010,http://www.shaffercon.com/,0,2,0.00%,51.00
general contractor in los angeles 90020,http://www.shaffercon.com/,0,1,0.00%,41.00
general contractor in west hollywood,https://shaffercon.com/service-areas/west-hollywood/,0,1,0.00%,20.00
general contractor near me,https://shaffercon.com/contact-us/,0,1,0.00%,81.00
general contractor sherman oaks,https://shaffercon.com/service-areas/sherman-oaks/,0,11,0.00%,91.18
general contractor torrance ca,https://shaffercon.com/service-areas/torrance/,0,3,0.00%,95.67
general contractor west hollywood,https://shaffercon.com/service-areas/hollywood/,0,2,0.00%,35.00
general contractors altadena ca,https://shaffercon.com/service-areas/altadena/,0,1,0.00%,87.00
general electrician install,https://shaffercon.com/industry-insights/california-title-24-electrical-requirements-renovations/,0,4,0.00%,35.50
generator install expert pasadena,https://shaffercon.com/service-areas/pasadena/commercial-backup-generator-installation/,0,6,0.00%,27.17
generator install expert pasadena,https://shaffercon.com/service-areas/pasadena/residential-backup-generator-installation,0,18,0.00%,16.06
generator install expert pasadena,https://shaffercon.com/service-areas/pasadena/residential-backup-generator-installation/,0,24,0.00%,14.38
generator install los angeles,https://shaffercon.com/service-areas/west-hollywood/residential-backup-generator-installation/,0,32,0.00%,74.16
generator install pasadena,https://shaffercon.com/service-areas/pasadena/residential-backup-generator-installation,0,24,0.00%,18.29
generator install pasadena,https://shaffercon.com/service-areas/pasadena/residential-backup-generator-installation/,0,14,0.00%,16.00
generator installation burbank,https://shaffercon.com/service-areas/burbank/,0,9,0.00%,29.00
generator installation burbank,https://shaffercon.com/service-areas/burbank/commercial-backup-generator-installation,0,2,0.00%,13.00
generator installation burbank,https://shaffercon.com/service-areas/burbank/commercial-backup-generator-installation/,0,5,0.00%,14.00
generator installation burbank,https://shaffercon.com/service-areas/burbank/residential-backup-generator-installation,0,3,0.00%,4.67
generator installation chevy chase,https://shaffercon.com/service-areas/glendale/residential-backup-generator-installation,0,7,0.00%,51.71
generator installation chevy chase,https://shaffercon.com/service-areas/glendale/residential-backup-generator-installation/,0,1,0.00%,41.00
generator installation glendale,https://shaffercon.com/service-areas/glendale/,0,9,0.00%,39.78
generator installation glendale,https://shaffercon.com/service-areas/glendale/commercial-backup-generator-installation,0,29,0.00%,13.90
generator installation glendale,https://shaffercon.com/service-areas/glendale/commercial-backup-generator-installation/,0,40,0.00%,16.62
generator installation glendale,https://shaffercon.com/service-areas/glendale/residential-backup-generator-installation,0,10,0.00%,16.70
generator installation glendale,https://shaffercon.com/service-areas/glendale/residential-backup-generator-installation/,0,6,0.00%,11.67
generator installation griffith,https://shaffercon.com/service-areas/atwater-village/,0,4,0.00%,32.75
generator installation highland,https://shaffercon.com/service-areas/highland-park/commercial-backup-generator-installation/,0,4,0.00%,27.50
generator installation highland park,https://shaffercon.com/service-areas/highland-park/,0,6,0.00%,28.00
generator installation highland park,https://shaffercon.com/service-areas/highland-park/commercial-backup-generator-installation/,0,3,0.00%,32.00
generator installation highland park,https://shaffercon.com/service-areas/highland-park/residential-backup-generator-installation,0,6,0.00%,12.17
generator installation highland park,https://shaffercon.com/service-areas/highland-park/residential-backup-generator-installation/,0,4,0.00%,20.75
generator installation hollywood fl,https://shaffercon.com/service-areas/west-hollywood/residential-backup-generator-installation/,0,1,0.00%,80.00
generator installation long beach,https://shaffercon.com/service-areas/long-beach/,0,8,0.00%,29.12
generator installation long beach,https://shaffercon.com/service-areas/long-beach/commercial-backup-generator-installation,0,12,0.00%,12.75
generator installation long beach,https://shaffercon.com/service-areas/long-beach/commercial-backup-generator-installation/,0,5,0.00%,9.40
generator installation long beach,https://shaffercon.com/service-areas/long-beach/residential-backup-generator-installation,0,18,0.00%,13.83
generator installation long beach ca,https://shaffercon.com/service-areas/long-beach/,0,13,0.00%,10.38
generator installation los angeles,https://shaffercon.com/service-areas/west-hollywood/residential-backup-generator-installation/,0,6,0.00%,66.33
generator installation near 91606 north hollywood ca,https://shaffercon.com/service-areas/west-hollywood/,0,1,0.00%,36.00
generator installation pasadena,https://shaffercon.com/service-areas/pasadena/,0,1,0.00%,27.00
generator installation pasadena,https://shaffercon.com/service-areas/pasadena/commercial-backup-generator-installation,0,5,0.00%,42.20
generator installation pasadena,https://shaffercon.com/service-areas/pasadena/residential-backup-generator-installation,0,52,0.00%,16.15
generator installation pasadena,https://shaffercon.com/service-areas/pasadena/residential-backup-generator-installation/,0,32,0.00%,14.22
generator installation santa clarita,https://shaffercon.com/service-areas/santa-clarita/,0,24,0.00%,12.04
generator installation santa clarita,https://shaffercon.com/service-areas/santa-clarita/residential-backup-generator-installation/,0,29,0.00%,6.41
generator installation venice,https://shaffercon.com/service-areas/venice/commercial-backup-generator-installation,0,6,0.00%,38.83
generator installation venice,https://shaffercon.com/service-areas/venice/residential-backup-generator-installation/,0,2,0.00%,26.00
generator installations pasadena,https://shaffercon.com/service-areas/pasadena/commercial-backup-generator-installation/,0,5,0.00%,32.40
generator installations pasadena,https://shaffercon.com/service-areas/pasadena/residential-backup-generator-installation,0,16,0.00%,18.00
generator installations pasadena,https://shaffercon.com/service-areas/pasadena/residential-backup-generator-installation/,0,14,0.00%,16.71
generator installer pasadena,https://shaffercon.com/service-areas/pasadena/,0,3,0.00%,90.33
generator installer pasadena,https://shaffercon.com/service-areas/pasadena/residential-backup-generator-installation/,0,8,0.00%,14.50
generator installers pasadena,https://shaffercon.com/service-areas/pasadena/commercial-backup-generator-installation/,0,8,0.00%,33.38
generator installers pasadena,https://shaffercon.com/service-areas/pasadena/residential-backup-generator-installation,0,9,0.00%,18.44
generator installers pasadena,https://shaffercon.com/service-areas/pasadena/residential-backup-generator-installation/,0,19,0.00%,18.00
generator maintenance pasadena,https://shaffercon.com/service-areas/pasadena/residential-backup-generator-installation,0,12,0.00%,20.67
generator maintenance pasadena,https://shaffercon.com/service-areas/pasadena/residential-backup-generator-installation/,0,10,0.00%,20.30
generator repair hollywood,https://shaffercon.com/service-areas/west-hollywood/,0,2,0.00%,3.50
generator repair services in santa monica,https://shaffercon.com/service-areas/glendale/,0,1,0.00%,38.00
generator repair services in santa monica,https://shaffercon.com/service-areas/santa-monica/,0,15,0.00%,12.20
generator service santa clarita,https://shaffercon.com/service-areas/santa-clarita/,0,1,0.00%,20.00
generator service santa clarita,https://shaffercon.com/service-areas/santa-clarita/residential-backup-generator-installation/,0,12,0.00%,16.17
"generatore diesel near=san fernando -wiki -youtube -tiktok -amazon -""made-in-china"" -alibaba",https://shaffercon.com/service-areas/atwater-village/commercial-backup-generator-installation,0,5,0.00%,13.60
"generatore diesel near=san fernando -wiki -youtube -tiktok -amazon -""made-in-china"" -alibaba",https://shaffercon.com/service-areas/atwater-village/commercial-backup-generator-installation/,0,8,0.00%,13.25
generators company pasadena,https://shaffercon.com/service-areas/pasadena/residential-backup-generator-installation/,0,13,0.00%,26.77
generators install pasadena,https://shaffercon.com/service-areas/pasadena/residential-backup-generator-installation/,0,7,0.00%,15.00
generators installation pasadena,https://shaffercon.com/service-areas/pasadena/commercial-backup-generator-installation/,0,1,0.00%,42.00
generators installation pasadena,https://shaffercon.com/service-areas/pasadena/residential-backup-generator-installation,0,4,0.00%,20.75
generators installation pasadena,https://shaffercon.com/service-areas/pasadena/residential-backup-generator-installation/,0,9,0.00%,17.67
generators installations pasadena,https://shaffercon.com/service-areas/pasadena/commercial-backup-generator-installation/,0,3,0.00%,35.33
generators installations pasadena,https://shaffercon.com/service-areas/pasadena/residential-backup-generator-installation,0,9,0.00%,19.44
generators installations pasadena,https://shaffercon.com/service-areas/pasadena/residential-backup-generator-installation/,0,10,0.00%,18.40
generators installer pasadena,https://shaffercon.com/service-areas/pasadena/commercial-backup-generator-installation/,0,2,0.00%,33.00
generators installer pasadena,https://shaffercon.com/service-areas/pasadena/residential-backup-generator-installation,0,8,0.00%,18.88
generators installer pasadena,https://shaffercon.com/service-areas/pasadena/residential-backup-generator-installation/,0,18,0.00%,19.28
generators installers pasadena,https://shaffercon.com/service-areas/pasadena/residential-backup-generator-installation,0,7,0.00%,23.29
generators installers pasadena,https://shaffercon.com/service-areas/pasadena/residential-backup-generator-installation/,0,16,0.00%,18.12
generators repairs pasadena,https://shaffercon.com/service-areas/pasadena/residential-backup-generator-installation/,0,1,0.00%,23.00
gfci,https://shaffercon.com/industry-insights/gfi-electrical-outlets-ensuring-safety-in-your-electrical-setup/,0,1,0.00%,3.00
gfci & afci protection check,https://shaffercon.com/industry-insights/afci-vs-gfci-circuit-protection-los-angeles/,0,31,0.00%,51.97
gfci afci,https://shaffercon.com/industry-insights/afci-vs-gfci-circuit-protection-los-angeles/,0,1,0.00%,46.00
gfci and afci,https://shaffercon.com/industry-insights/afci-vs-gfci-circuit-protection-los-angeles/,0,3,0.00%,72.33
gfci and afci breaker,https://shaffercon.com/industry-insights/afci-vs-gfci-circuit-protection-los-angeles/,0,1,0.00%,49.00
gfci and afci protection check,https://shaffercon.com/industry-insights/afci-vs-gfci-circuit-protection-los-angeles/,0,34,0.00%,57.41
gfci and afci requirements,https://shaffercon.com/industry-insights/afci-vs-gfci-circuit-protection-los-angeles/,0,1,0.00%,57.00
gfci and arc fault protection,https://shaffercon.com/industry-insights/afci-vs-gfci-circuit-protection-los-angeles/,0,3,0.00%,75.67
gfci bathroom,https://shaffercon.com/industry-insights/bathroom-electrical-safety-gfci-requirements/,0,1,0.00%,20.00
gfci breaker requirements,https://shaffercon.com/industry-insights/gfci-safety-installation-guide/,0,1,0.00%,60.00
gfci breaker vs arc fault breaker,https://shaffercon.com/industry-insights/afci-vs-gfci-circuit-protection-los-angeles/,0,1,0.00%,43.00
gfci classes,https://shaffercon.com/industry-insights/gfci-safety-installation-guide/,0,1,0.00%,81.00
gfci code,https://shaffercon.com/industry-insights/gfi-electrical-outlets-ensuring-safety-in-your-electrical-setup/,0,4,0.00%,59.75
gfci code requirements,https://shaffercon.com/industry-insights/gfci-safety-installation-guide/,0,2,0.00%,51.50
gfci code requirements,https://shaffercon.com/industry-insights/gfi-electrical-outlets-ensuring-safety-in-your-electrical-setup/,0,2,0.00%,57.50
gfci construction,https://shaffercon.com/industry-insights/gfci-safety-installation-guide/,0,2,0.00%,49.00
gfci electric,https://shaffercon.com/industry-insights/gfci-safety-installation-guide/,0,1,0.00%,65.00
gfci electrical,https://shaffercon.com/industry-insights/gfci-safety-installation-guide/,0,3,0.00%,67.00
gfci electrical code,https://shaffercon.com/industry-insights/gfci-safety-installation-guide/,0,2,0.00%,82.50
gfci in electrical,https://shaffercon.com/industry-insights/gfci-safety-installation-guide/,0,2,0.00%,63.00
gfci installation requirements,https://shaffercon.com/industry-insights/gfci-safety-installation-guide/,0,2,0.00%,34.00
gfci kitchen code,https://shaffercon.com/industry-insights/gfi-electrical-outlets-ensuring-safety-in-your-electrical-setup/,0,2,0.00%,64.50
gfci location requirements,https://shaffercon.com/industry-insights/gfci-safety-installation-guide/,0,1,0.00%,74.00
gfci locations,https://shaffercon.com/industry-insights/gfci-safety-installation-guide/,0,1,0.00%,75.00
gfci outlet code,https://shaffercon.com/industry-insights/gfci-safety-installation-guide/,0,1,0.00%,74.00
gfci outlet code requirements,https://shaffercon.com/industry-insights/gfci-safety-installation-guide/,0,2,0.00%,62.50
gfci outlet height bathroom,https://shaffercon.com/industry-insights/bathroom-electrical-safety-gfci-requirements/,0,6,0.00%,9.00
gfci outlet kitchen code,https://shaffercon.com/industry-insights/gfi-electrical-outlets-ensuring-safety-in-your-electrical-setup/,0,1,0.00%,62.00
gfci outlet placement,https://shaffercon.com/industry-insights/kitchen-electrical-requirements-outlet-placement-guide/,0,1,0.00%,1.00
gfci outlet protection,https://shaffercon.com/industry-insights/gfci-safety-installation-guide/,0,1,0.00%,74.00
gfci outlet regulations,https://shaffercon.com/industry-insights/gfci-safety-installation-guide/,0,1,0.00%,71.00
gfci outlet requirements,https://shaffercon.com/industry-insights/gfci-safety-installation-guide/,0,4,0.00%,85.50
gfci outlet requirements,https://shaffercon.com/industry-insights/gfi-electrical-outlets-ensuring-safety-in-your-electrical-setup/,0,10,0.00%,40.00
gfci outlet requirements kitchen,https://shaffercon.com/industry-insights/kitchen-electrical-requirements-outlet-placement-guide/,0,2,0.00%,42.00
gfci outlet rules,https://shaffercon.com/industry-insights/gfci-safety-installation-guide/,0,2,0.00%,81.50
gfci outlets required,https://shaffercon.com/industry-insights/gfci-safety-installation-guide/,0,1,0.00%,78.00
gfci outlets required,https://shaffercon.com/industry-insights/gfi-electrical-outlets-ensuring-safety-in-your-electrical-setup/,0,1,0.00%,58.00
gfci panel,https://shaffercon.com/industry-insights/gfci-safety-installation-guide/,0,1,0.00%,68.00
gfci placement,https://shaffercon.com/industry-insights/gfci-safety-installation-guide/,0,1,0.00%,58.00
gfci protected circuit,https://shaffercon.com/industry-insights/gfci-safety-installation-guide/,0,2,0.00%,74.00
gfci protected receptacles,https://shaffercon.com/industry-insights/gfci-safety-installation-guide/,0,1,0.00%,45.00
gfci protection,https://shaffercon.com/industry-insights/gfci-safety-installation-guide/,0,3,0.00%,47.67
gfci protection can be provided for receptacles serving kitchen countertop areas in a dwelling by installing ___.,https://shaffercon.com/industry-insights/kitchen-electrical-requirements-outlet-placement-guide/,0,1,0.00%,2.00
gfci protection can be provided for receptacles serving kitchen countertop areas in a dwelling by installing ___. question 1 select one: a. a dual-function afci/gfci circuit-breaker on each 20-ampere small appliance branch circuit b. an afci circuit breaker with gfci receptacles at each location c. an afci circuit breaker with a gfci receptacle at the first outlet on the circuit which can then protect downstream receptacles on the circuit d. any of these,https://shaffercon.com/industry-insights/kitchen-electrical-requirements-outlet-placement-guide/,0,1,0.00%,1.00
gfci protection requirements,https://shaffercon.com/industry-insights/gfci-safety-installation-guide/,0,1,0.00%,57.00
gfci receptacle,https://shaffercon.com/industry-insights/gfci-safety-installation-guide/,0,1,0.00%,72.00
gfci receptacle requirements,https://shaffercon.com/industry-insights/gfci-safety-installation-guide/,0,1,0.00%,63.00
gfci regulations,https://shaffercon.com/industry-insights/gfci-safety-installation-guide/,0,1,0.00%,56.00
gfci required,https://shaffercon.com/industry-insights/gfci-safety-installation-guide/,0,1,0.00%,76.00
gfci required locations,https://shaffercon.com/industry-insights/gfci-safety-installation-guide/,0,1,0.00%,73.00
gfci requirement,https://shaffercon.com/industry-insights/gfci-safety-installation-guide/,0,3,0.00%,74.67
gfci requirements,https://shaffercon.com/industry-insights/gfci-safety-installation-guide/,0,10,0.00%,65.10
gfci requirements,https://shaffercon.com/industry-insights/gfi-electrical-outlets-ensuring-safety-in-your-electrical-setup/,0,5,0.00%,57.40
gfci requirements for bathrooms,https://shaffercon.com/industry-insights/bathroom-electrical-safety-gfci-requirements/,0,1,0.00%,6.00
gfci requirements in commercial buildings,https://shaffercon.com/industry-insights/gfci-safety-installation-guide/,0,1,0.00%,53.00
gfci rules,https://shaffercon.com/industry-insights/gfci-safety-installation-guide/,0,1,0.00%,59.00
gfci rules,https://shaffercon.com/industry-insights/gfi-electrical-outlets-ensuring-safety-in-your-electrical-setup/,0,2,0.00%,14.00
gfci safety,https://shaffercon.com/industry-insights/gfci-safety-installation-guide/,0,1,0.00%,78.00
gfci safety,https://shaffercon.com/industry-insights/gfi-safety-and-maintenance-essential-tips-for-homeowners/,0,1,0.00%,89.00
gfci safety standards,https://shaffercon.com/industry-insights/gfci-safety-installation-guide/,0,1,0.00%,29.00
gfci safety standards,https://shaffercon.com/industry-insights/gfi-electrical-outlets-ensuring-safety-in-your-electrical-setup/,0,1,0.00%,23.00
gfci standards,https://shaffercon.com/industry-insights/gfci-safety-installation-guide/,0,1,0.00%,62.00
gfci testing requirements,https://shaffercon.com/industry-insights/gfci-safety-installation-guide/,0,1,0.00%,68.00
gfci vs afci,https://shaffercon.com/industry-insights/afci-vs-gfci-circuit-protection-los-angeles/,0,1,0.00%,67.00
gfci vs afci breakers,https://shaffercon.com/industry-insights/afci-vs-gfci-circuit-protection-los-angeles/,0,1,0.00%,58.00
gfci vs arc fault circuit breaker,https://shaffercon.com/industry-insights/afci-vs-gfci-circuit-protection-los-angeles/,0,1,0.00%,60.00
gfci where required,https://shaffercon.com/industry-insights/gfci-safety-installation-guide/,0,2,0.00%,86.50
gfci-protected,https://shaffercon.com/industry-insights/gfci-safety-installation-guide/,0,7,0.00%,81.43
gfi electrical,https://shaffercon.com/industry-insights/gfi-electrical-outlets-ensuring-safety-in-your-electrical-setup/,0,9,0.00%,30.22
gfi electrical outlet,https://shaffercon.com/industry-insights/gfi-electrical-outlets-ensuring-safety-in-your-electrical-setup/,0,1,0.00%,39.00
gfi electrical outlets,https://shaffercon.com/industry-insights/gfi-electrical-outlets-ensuring-safety-in-your-electrical-setup/,0,1,0.00%,47.00
gfi electricity,https://shaffercon.com/industry-insights/gfi-electrical-outlets-ensuring-safety-in-your-electrical-setup/,0,2,0.00%,20.00
gfi protected,https://shaffercon.com/industry-insights/gfi-electrical-outlets-ensuring-safety-in-your-electrical-setup/,0,10,0.00%,78.50
gfi protection,https://shaffercon.com/industry-insights/gfi-electrical-outlets-ensuring-safety-in-your-electrical-setup/,0,16,0.00%,56.00
gfi protection,https://shaffercon.com/industry-insights/gfi-safety-and-maintenance-essential-tips-for-homeowners/,0,52,0.00%,75.23
gfo-25-602,https://shaffercon.com/industry-insights/ev-charging-70000-ports-nevi-reboots-california-79m-grants-v2g-mainstream/,0,4,0.00%,9.50
gfo-25-602 california nevi,https://shaffercon.com/industry-insights/ev-charging-70000-ports-nevi-reboots-california-79m-grants-v2g-mainstream,0,3,0.00%,4.00
gfo-25-602 nevi california,https://shaffercon.com/industry-insights/ev-charging-70000-ports-nevi-reboots-california-79m-grants-v2g-mainstream,0,1,0.00%,6.00
gfo-25-602 nevi california energy commission,https://shaffercon.com/industry-insights/ev-charging-70000-ports-nevi-reboots-california-79m-grants-v2g-mainstream,0,1,0.00%,8.00
gfo-25-602 nevi california energy commission,https://shaffercon.com/industry-insights/ev-charging-70000-ports-nevi-reboots-california-79m-grants-v2g-mainstream/,0,1,0.00%,8.00
gilroy commercial ev charging station installation,https://shaffercon.com/commercial-electric-vehicle-chargers/,0,1,0.00%,17.00
glendale,https://shaffercon.com/service-areas/glendale/,0,2,0.00%,1.00
glendale az low voltage design and installation packages,https://shaffercon.com/service-areas/glendale/commercial-electrical-panel-upgrades/,0,1,0.00%,27.00
glendale az low voltage design and installation packages,https://shaffercon.com/service-areas/glendale/residential-electrical-panel-upgrades/,0,13,0.00%,41.85
glendale california,https://shaffercon.com/service-areas/glendale/,0,1,0.00%,1.00
glendale commercial hood installation,https://shaffercon.com/service-areas/glendale/commercial-exhaust-fan-ventilation-wiring/,0,2,0.00%,13.00
glendale commercial kitchen hood installation,https://shaffercon.com/service-areas/glendale/commercial-exhaust-fan-ventilation-wiring/,0,7,0.00%,10.71
glendale exhaust fan installation near me,https://shaffercon.com/service-areas/glendale/,0,3,0.00%,38.33
glendale exhaust fan installation near me,https://shaffercon.com/service-areas/glendale/commercial-exhaust-fan-ventilation-wiring/,0,6,0.00%,35.33
glendale exhaust fan installation service,https://shaffercon.com/service-areas/glendale/,0,18,0.00%,15.28
glendale exhaust fan installation service,https://shaffercon.com/service-areas/glendale/commercial-exhaust-fan-ventilation-wiring/,0,9,0.00%,12.00
glendale exhaust fan installers near me,https://shaffercon.com/service-areas/glendale/commercial-exhaust-fan-ventilation-wiring/,0,7,0.00%,15.43
glendale fire life safety integrated solutions,https://shaffercon.com/service-areas/glendale/commercial-backup-generator-installation/,0,1,0.00%,87.00
glendale garage exhaust fan,https://shaffercon.com/service-areas/glendale/commercial-exhaust-fan-ventilation-wiring/,0,21,0.00%,18.43
glendale garage exhaust fan,https://shaffercon.com/service-areas/glendale/residential-exhaust-fan-ventilation-wiring,0,6,0.00%,7.00
glendale garage exhaust fan,https://shaffercon.com/service-areas/glendale/residential-exhaust-fan-ventilation-wiring/,0,1,0.00%,7.00
glendale garage exhaust fan installation,https://shaffercon.com/service-areas/glendale/commercial-exhaust-fan-ventilation-wiring/,0,17,0.00%,15.59
glendale garage exhaust fan installation,https://shaffercon.com/service-areas/glendale/residential-exhaust-fan-ventilation-wiring,0,7,0.00%,5.14
glendale garage exhaust system,https://shaffercon.com/service-areas/glendale/commercial-exhaust-fan-ventilation-wiring/,0,14,0.00%,25.14
glendale garage exhaust system,https://shaffercon.com/service-areas/glendale/residential-exhaust-fan-ventilation-wiring,0,7,0.00%,15.14
glendale garage exhaust system,https://shaffercon.com/service-areas/glendale/residential-exhaust-fan-ventilation-wiring/,0,2,0.00%,13.50
glendale garage exhaust vent,https://shaffercon.com/service-areas/glendale/commercial-exhaust-fan-ventilation-wiring/,0,20,0.00%,19.25
glendale garage exhaust vent,https://shaffercon.com/service-areas/glendale/residential-exhaust-fan-ventilation-wiring,0,4,0.00%,6.00
glendale garage exhaust vent,https://shaffercon.com/service-areas/glendale/residential-exhaust-fan-ventilation-wiring/,0,3,0.00%,7.67
glendale garage ventilation system,https://shaffercon.com/service-areas/glendale/commercial-exhaust-fan-ventilation-wiring/,0,16,0.00%,21.38
glendale garage wall exhaust fan,https://shaffercon.com/service-areas/glendale/commercial-exhaust-fan-ventilation-wiring/,0,5,0.00%,21.60
glendale general contractor,https://shaffercon.com/service-areas/glendale/,0,1,0.00%,32.00
glendale house rewire,https://shaffercon.com/service-areas/glendale/residential-complete-electrical-rewiring,0,9,0.00%,8.22
glendale house rewire,https://shaffercon.com/service-areas/glendale/residential-complete-electrical-rewiring/,0,2,0.00%,4.00
glendale integrated solutions on fire,https://shaffercon.com/service-areas/glendale/commercial-backup-generator-installation/,0,17,0.00%,86.82
glendale low voltage integrated solutions,https://shaffercon.com/service-areas/glendale/residential-data-network-av-wiring/,0,1,0.00%,48.00
glendale network cabling,https://shaffercon.com/service-areas/glendale/commercial-data-network-av-wiring/,0,4,0.00%,15.75
glendale network cabling,https://shaffercon.com/service-areas/glendale/residential-data-network-av-wiring/,0,14,0.00%,13.07
global ev charging infrastructure growth 2024 2025 statistics,https://shaffercon.com/industry-insights/exploring-the-rapid-growth-and-key-trends-in-ev-charging-infrastructure-in-2023/,0,1,0.00%,4.00
google,https://shaffercon.com/industry-insights/kitchen-electrical-requirements-outlet-placement-guide/,0,1,0.00%,7.00
government initiatives for ev charging stations,https://shaffercon.com/industry-insights/the-future-of-ev-charging-government-initiatives-innovations-and-challenges-in-2024/,0,1,0.00%,30.00
green energy plans with ev charging optimization smart home integration 2026,https://shaffercon.com/industry-insights/california-2026-building-code-ev-charging-requirements-home-real-estate-trend-32-new-models/,0,1,0.00%,2.00
ground charging infrastructure,https://shaffercon.com/industry-insights/the-essential-guide-to-ev-charging-infrastructure-benefits-strategies-and-future-trends/,0,1,0.00%,88.00
ground support charging infrastructure,https://shaffercon.com/industry-insights/the-essential-role-of-ev-charging-infrastructure-in-driving-sustainable-transportation/,0,1,0.00%,74.00
ground support charging infrastructure,https://shaffercon.com/industry-insights/the-rapid-expansion-of-ev-charging-infrastructure-key-insights-policy-updates-and-practical-tips-for-home-and-business-owners/,0,1,0.00%,94.00
guidelines for electrical wiring in residential buildings,https://shaffercon.com/industry-insights/california-title-24-electrical-requirements-renovations/,0,2,0.00%,86.00
hard wire ev charger,https://shaffercon.com/industry-insights/nec-2026-qualified-installer-requirement-charging-reliability-86-percent-commercial-roi-3-5-year-payback/,0,1,0.00%,1.00
hardwire,https://shaffercon.com/industry-insights/ladbs-electrical-permit-process-step-by-step-guide/,0,1,0.00%,5.00
heavy equipment operator school,https://shaffercon.com/statewide-facilities-maintenance/,0,1,0.00%,4.00
heavy equipment school near me,https://shaffercon.com/statewide-facilities-maintenance/,0,1,0.00%,1.00
heavy equipment schools near me,https://shaffercon.com/statewide-facilities-maintenance/,0,1,0.00%,1.00
height for kitchen outlets,https://shaffercon.com/industry-insights/kitchen-electrical-requirements-outlet-placement-guide/,0,1,0.00%,1.00
height of gfci in bathroom,https://shaffercon.com/industry-insights/bathroom-electrical-safety-gfci-requirements/,0,2,0.00%,20.50
hide outlets in backsplash,https://shaffercon.com/industry-insights/kitchen-electrical-requirements-outlet-placement-guide/,0,1,0.00%,13.00
high capacity ev charging station construction zones,https://shaffercon.com/industry-insights/the-ultimate-guide-to-ev-charger-installation-and-infrastructure-in-los-angeles,0,1,0.00%,11.00
high resolution surveillance system santa monica,https://shaffercon.com/service-areas/santa-monica/residential-data-network-av-wiring/,0,1,0.00%,94.00
higher power roofing | venice commercial,https://shaffercon.com/service-areas/venice/commercial-backup-generator-installation/,0,1,0.00%,97.00
highest rated lighting retrofit contractors,https://shaffercon.com/led-retrofit-services/,0,1,0.00%,19.00
highland park contemporary pendant light fixtures,https://shaffercon.com/service-areas/highland-park/residential-ceiling-fan-fixture-installation/,0,1,0.00%,54.00
highland park electrician,https://shaffercon.com/service-areas/echo-park/,0,1,0.00%,11.00
highland park home automation,https://shaffercon.com/service-areas/highland-park/residential-smart-automation-systems,0,2,0.00%,15.50
highland park outdoor lighting,https://shaffercon.com/service-areas/highland-park/commercial-landscape-outdoor-lighting/,0,2,0.00%,18.50
highland park outdoor lighting,https://shaffercon.com/service-areas/highland-park/residential-landscape-outdoor-lighting/,0,3,0.00%,20.00
highland park pendant light fixtures,https://shaffercon.com/service-areas/highland-park/residential-ceiling-fan-fixture-installation,0,1,0.00%,95.00
highland park pendant light fixtures,https://shaffercon.com/service-areas/highland-park/residential-ceiling-fan-fixture-installation/,0,1,0.00%,68.00
highland park pendant lighting fixtures,https://shaffercon.com/service-areas/highland-park/residential-ceiling-fan-fixture-installation,0,3,0.00%,65.00
highland park pendant lighting fixtures,https://shaffercon.com/service-areas/highland-park/residential-ceiling-fan-fixture-installation/,0,7,0.00%,56.00
highland village energy-efficient systems,https://shaffercon.com/service-areas/highland-park/residential-energy-efficiency-upgrades,0,3,0.00%,33.00
highland village energy-efficient systems,https://shaffercon.com/service-areas/highland-park/residential-energy-efficiency-upgrades/,0,4,0.00%,35.75
highland village smart home systems,https://shaffercon.com/service-areas/highland-park/residential-smart-automation-systems,0,4,0.00%,38.75
highland village smart home systems,https://shaffercon.com/service-areas/highland-park/residential-smart-automation-systems/,0,2,0.00%,31.00
hoe snel zie je terugverdieneffecten bij het integreren van slimme laad­oplossingen?,https://shaffercon.com/industry-insights/nec-2026-qualified-installer-requirement-charging-reliability-86-percent-commercial-roi-3-5-year-payback/,0,1,0.00%,1.00
holiday lighting installation los angeles,https://shaffercon.com/industry-insights/holiday-lighting-installation-safety-best-practices/,0,1,0.00%,29.00
holiday lighting installation pacific palisades,https://shaffercon.com/industry-insights/expert-christmas-light-installation-services-in-los-angeles,0,10,0.00%,16.30
hollywood concrete generator pad,https://shaffercon.com/service-areas/west-hollywood/residential-backup-generator-installation/,0,8,0.00%,7.00
hollywood diesel generator,https://shaffercon.com/service-areas/west-hollywood/commercial-backup-generator-installation,0,1,0.00%,45.00
hollywood electricians,https://shaffercon.com/service-areas/west-hollywood/,0,1,0.00%,51.00
hollywood residential electrician,https://shaffercon.com/service-areas/west-hollywood/,0,1,0.00%,67.00
home addition wiring ceres ca,https://shaffercon.com/industry-insights/california-title-24-electrical-requirements-renovations/,0,1,0.00%,1.00
home addition wiring newman ca,https://shaffercon.com/industry-insights/california-title-24-electrical-requirements-renovations/,0,1,0.00%,1.00
home addition wiring salida ca,https://shaffercon.com/industry-insights/california-title-24-electrical-requirements-renovations/,0,2,0.00%,1.00
home automation beverly hills,https://shaffercon.com/service-areas/beverly-hills/residential-smart-automation-systems/,0,16,0.00%,18.56
"home automation beverly hills, ca",https://shaffercon.com/service-areas/beverly-hills/residential-smart-automation-systems/,0,2,0.00%,18.00
home automation companies in beverly hills,https://shaffercon.com/service-areas/beverly-hills/residential-smart-automation-systems/,0,13,0.00%,18.15
home automation companies pacific palisades ca,https://shaffercon.com/service-areas/pacific-palisades/,0,1,0.00%,66.00
home automation contractor los angeles,https://shaffercon.com/service-areas/beverly-hills/residential-smart-automation-systems/,0,1,0.00%,94.00
"home automation contractor pasadena, ca",https://shaffercon.com/service-areas/atwater-village/,0,1,0.00%,86.00
"home automation contractor pasadena, ca",https://shaffercon.com/service-areas/beverly-hills/residential-smart-automation-systems/,0,6,0.00%,26.00
"home automation contractor pasadena, ca",https://shaffercon.com/service-areas/pacific-palisades/residential-smart-automation-systems/,0,1,0.00%,32.00
"home automation contractor pasadena, ca",https://shaffercon.com/service-areas/pasadena/residential-smart-automation-systems,0,15,0.00%,3.07
"home automation contractor pasadena, ca",https://shaffercon.com/service-areas/pasadena/residential-smart-automation-systems/,0,7,0.00%,3.00
home automation in beverly hills,https://shaffercon.com/service-areas/beverly-hills/residential-smart-automation-systems/,0,5,0.00%,21.20
home automation in pacific palisades,https://shaffercon.com/service-areas/pacific-palisades/residential-smart-automation-systems/,0,15,0.00%,10.13
home automation in santa monica,https://shaffercon.com/service-areas/santa-monica/residential-smart-automation-systems/,0,10,0.00%,7.20
home automation structured wiring in santa monica ca,https://shaffercon.com/service-areas/santa-monica/residential-data-network-av-wiring/,0,12,0.00%,6.17
home automation systems beverly hills,https://shaffercon.com/service-areas/beverly-hills/residential-smart-automation-systems/,0,1,0.00%,5.00
home automation systems pacific palisades,https://shaffercon.com/service-areas/pacific-palisades/residential-breaker-panel-service-maintenance/,0,1,0.00%,92.00
home automation systems pacific palisades,https://shaffercon.com/service-areas/pacific-palisades/residential-energy-efficiency-upgrades/,0,31,0.00%,59.10
home automation systems pacific palisades,https://shaffercon.com/service-areas/pacific-palisades/residential-smart-automation-systems/,0,44,0.00%,6.61
"home automation systems pasadena, ca",https://shaffercon.com/service-areas/pasadena/residential-smart-automation-systems,0,33,0.00%,6.21
home car charger installation,https://shaffercon.com/industry-insights/california-2026-building-code-ev-charging-requirements-home-real-estate-trend-32-new-models/,0,1,0.00%,8.00
home car charger installation,https://shaffercon.com/industry-insights/nec-2026-qualified-installer-requirement-charging-reliability-86-percent-commercial-roi-3-5-year-payback/,0,1,0.00%,22.00
home charging,https://shaffercon.com/industry-insights/california-2026-building-code-ev-charging-requirements-home-real-estate-trend-32-new-models/,0,1,0.00%,2.00
home charging station culver city ca,https://shaffercon.com/,0,2,0.00%,20.50
home circuit breaker wiring los angeles ca,https://shaffercon.com/industry-insights/dedicated-circuits-when-why-home-appliances-need-them/,0,3,0.00%,15.00
"home control systems beverly hills, ca",https://shaffercon.com/service-areas/beverly-hills/residential-smart-automation-systems/,0,2,0.00%,19.00
home electric car charging stations,https://shaffercon.com/industry-insights/california-2026-building-code-ev-charging-requirements-home-real-estate-trend-32-new-models/,0,1,0.00%,5.00
home electric inspection,https://shaffercon.com/service-areas/santa-monica/residential-electrical-safety-inspections/,0,1,0.00%,6.00
home electrical inspection checklist,https://shaffercon.com/industry-insights/electrical-safety-inspection-checklist-los-angeles/,0,10,0.00%,31.40
home electrical panel upgrade,https://shaffercon.com/industry-insights/complete-guide-electrical-panel-upgrades-los-angeles/,0,1,0.00%,14.00
home electrical safety audit,https://shaffercon.com/industry-insights/electrical-safety-inspection-checklist-los-angeles/,0,6,0.00%,40.17
home electrical safety inspection checklist,https://shaffercon.com/industry-insights/electrical-safety-inspection-checklist-los-angeles/,0,9,0.00%,29.67
home electrical safety inspection dish,https://shaffercon.com/industry-insights/electrical-safety-inspection-checklist-los-angeles/,0,5,0.00%,66.00
home electrical safety inspection westover hills,https://shaffercon.com/service-areas/santa-monica/residential-electrical-safety-inspections/,0,1,0.00%,92.00
home electrical safety inspections,https://shaffercon.com/industry-insights/electrical-safety-inspection-checklist-los-angeles/,0,1,0.00%,53.00
home electrical services el segundo ca,https://shaffercon.com/industry-insights/el-segundo-electrician-services-contractor/,0,6,0.00%,7.50
home electrical upgrades los angeles ca,https://shaffercon.com/industry-insights/complete-guide-electrical-panel-upgrades-los-angeles/,0,10,0.00%,23.20
home energy automation solutions beverly hills,https://shaffercon.com/service-areas/beverly-hills/residential-smart-automation-systems/,0,1,0.00%,10.00
home ev charger installation los angeles ca,https://shaffercon.com/residential-ev-charger/,0,11,0.00%,35.18
home ev charger installation near me,https://shaffercon.com/service-areas/torrance/residential-ev-charger-installation/,0,1,0.00%,1.00
home ev charger installer long beach ny,https://shaffercon.com/service-areas/long-beach/residential-ev-charger-installation/,0,2,0.00%,22.00
home ev charger installer los angeles ca,https://shaffercon.com/residential-ev-charger/,0,8,0.00%,42.75
home ev charger los angeles ca,https://shaffercon.com/residential-ev-charger/,0,13,0.00%,37.23
home ev chargers long beach ny,https://shaffercon.com/service-areas/long-beach/residential-ev-charger-installation/,0,3,0.00%,25.67
home ev chargers los angeles ca,https://shaffercon.com/residential-ev-charger/,0,3,0.00%,26.67
home ev chargers los berros,https://shaffercon.com/residential-ev-charger/,0,2,0.00%,25.00
home ev chargers market,https://shaffercon.com/industry-insights/exploring-the-rapid-growth-and-key-trends-in-ev-charging-infrastructure-in-2023/,0,7,0.00%,79.86
home ev charging electrical requirements,https://shaffercon.com/industry-insights/the-ultimate-guide-to-ev-charger-installation-and-infrastructure-in-los-angeles/,0,8,0.00%,78.38
home ev charging station culver city ca,https://shaffercon.com/service-areas/culver-city/residential-ev-charger-installation/,0,1,0.00%,4.00
home ev charging station installation glendale,https://shaffercon.com/service-areas/glendale/residential-ev-charger-installation/,0,1,0.00%,7.00
home ev charging station installation near me,https://shaffercon.com/service-areas/torrance/residential-ev-charger-installation/,0,1,0.00%,10.00
home ev charging station installers burbank,https://shaffercon.com/residential-ev-charger/,0,1,0.00%,17.00
home ev charging station installers burbank,https://shaffercon.com/service-areas/burbank/,0,3,0.00%,9.67
home ev charging station installers burbank,https://shaffercon.com/service-areas/torrance/residential-ev-charger-installation/,0,7,0.00%,34.43
home ev charging station installers pasadena,https://shaffercon.com/industry-insights/electrician-pasadena-ev-chargers/,0,1,0.00%,12.00
home ev charging station installers pasadena,https://shaffercon.com/residential-ev-charger/,0,2,0.00%,23.50
home ev charging station installers pasadena,https://shaffercon.com/service-areas/pasadena/residential-ev-charger-installation,0,1,0.00%,6.00
home ev charging station installers redondo beach,https://shaffercon.com/industry-insights/electrician-redondo-beach-ev-charger/,0,6,0.00%,10.17
home ev charging station long beach ny,https://shaffercon.com/service-areas/long-beach/residential-ev-charger-installation/,0,1,0.00%,33.00
home fails electrical inspection,https://shaffercon.com/industry-insights/passing-electrical-inspection-common-failures-fixes,0,4,0.00%,24.75
home fails electrical inspection,https://shaffercon.com/industry-insights/passing-electrical-inspection-common-failures-fixes/,0,38,0.00%,9.21
home fuse box replacement services los angeles ca,https://shaffercon.com/service-areas/sherman-oaks/,0,1,0.00%,59.00
home fuse box replacement services los angeles ca,https://shaffercon.com/service-areas/west-hollywood/,0,2,0.00%,78.00
home generator installation pasadena,https://shaffercon.com/service-areas/pasadena/residential-backup-generator-installation,0,11,0.00%,16.45
home generator installation pasadena,https://shaffercon.com/service-areas/pasadena/residential-backup-generator-installation/,0,22,0.00%,11.09
home generator pasadena,https://shaffercon.com/service-areas/pasadena/residential-backup-generator-installation,0,1,0.00%,25.00
home generator pasadena,https://shaffercon.com/service-areas/pasadena/residential-backup-generator-installation/,0,11,0.00%,18.09
home generators installations pasadena,https://shaffercon.com/service-areas/pasadena/residential-backup-generator-installation,0,18,0.00%,18.89
home generators installations pasadena,https://shaffercon.com/service-areas/pasadena/residential-backup-generator-installation/,0,7,0.00%,17.86
home inspection electrical checklist,https://shaffercon.com/industry-insights/electrical-safety-inspection-checklist-los-angeles/,0,2,0.00%,62.00
home installed electrical power generators,https://shaffercon.com/industry-insights/whole-house-generator-installation-guide-los-angeles/,0,3,0.00%,25.00
home lighting automation beverly hills,https://shaffercon.com/service-areas/pacific-palisades/residential-smart-automation-systems/,0,1,0.00%,64.00
home lighting control brentwood ca,https://shaffercon.com/industry-insights/electric-services-brentwood-ca-experts,0,8,0.00%,19.75
home lighting control systems santa monica ca,https://shaffercon.com/service-areas/santa-monica/residential-lighting-installation-retrofitting/,0,18,0.00%,14.06
home network installation beverly hills ca,https://shaffercon.com/service-areas/beverly-hills/,0,1,0.00%,75.00
"home network installation company pacific palisades, ca",https://shaffercon.com/service-areas/pacific-palisades/residential-data-network-av-wiring/,0,6,0.00%,7.67
home network installer santa monica ca,https://shaffercon.com/service-areas/santa-monica/residential-data-network-av-wiring/,0,9,0.00%,4.89
home network upgrades beverly hills ca,https://shaffercon.com/service-areas/beverly-hills/,0,9,0.00%,75.78
home network upgrades burbank,https://shaffercon.com/service-areas/burbank/residential-data-network-av-wiring/,0,36,0.00%,4.25
home network upgrades burbank,https://shaffercon.com/service-areas/burbank/residential-energy-efficiency-upgrades/,0,4,0.00%,8.25
home networking santa monica,https://shaffercon.com/service-areas/santa-monica/residential-data-network-av-wiring/,0,2,0.00%,7.00
home networking santa monica ca,https://shaffercon.com/service-areas/santa-monica/residential-data-network-av-wiring/,0,3,0.00%,72.33
"home networking services pacific palisades, ca",https://shaffercon.com/service-areas/pacific-palisades/residential-data-network-av-wiring/,0,3,0.00%,4.33
"home power protection pasadena, ca",https://shaffercon.com/service-areas/pasadena/residential-whole-building-surge-protection,0,46,0.00%,3.78
"home power protection pasadena, ca",https://shaffercon.com/service-areas/pasadena/residential-whole-building-surge-protection/,0,1,0.00%,4.00
home rebuilding contractor pacific palisades,https://shaffercon.com/service-areas/pacific-palisades/,0,1,0.00%,13.00
home repair culver city ca,https://shaffercon.com/service-areas/culver-city/,0,1,0.00%,88.00
home repair los feliz,https://shaffercon.com/service-areas/los-feliz/,0,1,0.00%,13.00
home repair silver lake ca,https://shaffercon.com/service-areas/silver-lake/,0,6,0.00%,28.00
home repair venice ca,https://shaffercon.com/service-areas/venice/,0,1,0.00%,57.00
home rewiring altadena ca,https://shaffercon.com/service-areas/altadena/,0,1,0.00%,11.00
home rewiring inglewood,https://shaffercon.com/service-areas/inglewood/,0,16,0.00%,9.06
home rewiring inglewood,https://shaffercon.com/service-areas/inglewood/residential-complete-electrical-rewiring/,0,2,0.00%,5.00
home safety electrical inspection,https://shaffercon.com/industry-insights/electrical-safety-inspection-checklist-los-angeles/,0,1,0.00%,36.00
home security installation pacific palisades,https://shaffercon.com/service-areas/pacific-palisades/residential-smart-automation-systems/,0,16,0.00%,17.69
home surge protector install downey,https://shaffercon.com/service-areas/torrance/residential-whole-building-surge-protection/,0,1,0.00%,28.00
home wiring agoura hills ca,https://shaffercon.com/industry-insights/electrician-services-agoura-hills-ev/,0,1,0.00%,11.00
homeowner permit electrical,https://shaffercon.com/industry-insights/california-title-24-electrical-requirements-renovations/,0,1,0.00%,95.00
homeowners permit for electrical,https://shaffercon.com/industry-insights/ladbs-electrical-permit-process-step-by-step-guide/,0,1,0.00%,8.00
hot tub inspection altadena ca,https://shaffercon.com/service-areas/altadena/,0,1,0.00%,40.00
hotel panel upgrades 90016,https://shaffercon.com/industry-insights/complete-guide-electrical-panel-upgrades-los-angeles/,0,1,0.00%,25.00
hotel panel upgrades los angeles ca,https://shaffercon.com/industry-insights/complete-guide-electrical-panel-upgrades-los-angeles/,0,5,0.00%,35.60
house automation santa monica,https://shaffercon.com/service-areas/santa-monica/residential-smart-automation-systems/,0,1,0.00%,8.00
house gfi,https://shaffercon.com/industry-insights/gfi-safety-and-maintenance-essential-tips-for-homeowners/,0,1,0.00%,54.00
house surge protector glendale,https://shaffercon.com/service-areas/glendale/residential-electrical-panel-upgrades/,0,9,0.00%,19.22
house surge protector glendale,https://shaffercon.com/service-areas/glendale/residential-whole-building-surge-protection/,0,3,0.00%,12.33
house wiring cable size,https://shaffercon.com/industry-insights/kitchen-electrical-requirements-outlet-placement-guide/,0,1,0.00%,1.00
house wiring regulations,https://shaffercon.com/industry-insights/california-title-24-electrical-requirements-renovations/,0,3,0.00%,63.67
"how are bus bars connected? in los angeles, california",https://shaffercon.com/industry-insights/subpanel-installation-guide-when-why-you-need-one/,0,78,0.00%,21.90
"how are bus bars connected? in los angeles, california near me",https://shaffercon.com/industry-insights/subpanel-installation-guide-when-why-you-need-one/,0,75,0.00%,7.85
how charging infrastructure is evolving for evs,https://shaffercon.com/industry-insights/exploring-the-rapid-growth-and-key-trends-in-ev-charging-infrastructure-in-2023/,0,1,0.00%,36.00
how charging infrastructure is evolving for evs,https://shaffercon.com/industry-insights/the-rise-of-ev-charging-infrastructure-trends-challenges-and-solutions-for-the-future/,0,1,0.00%,96.00
how do 24/7 emergency electrical repair services work,https://shaffercon.com/industry-insights/emergency-electrical-repairs-when-to-call-electrician/,0,1,0.00%,9.00
how do 24/7 emergency electrical repairs work,https://shaffercon.com/industry-insights/emergency-electrical-repairs-when-to-call-electrician/,0,3,0.00%,9.00
how do home charging solutions impact electricity bills?. my location is united states.,https://shaffercon.com/industry-insights/california-2026-building-code-ev-charging-requirements-home-real-estate-trend-32-new-models/,0,1,0.00%,5.00
how do i fix this,https://shaffercon.com/industry-insights/panel-upgrades-the-essentials-of-zinsco-panel-upgrade-or-replacement/,0,1,0.00%,16.00
"how do i optimize ""other income"" (non-rent revenue) on my real estate portfolio?",https://shaffercon.com/industry-insights/california-2026-building-code-ev-charging-requirements-home-real-estate-trend-32-new-models/,0,1,0.00%,1.00
how do i plan electrical requirements for built-in appliances,https://shaffercon.com/industry-insights/kitchen-electrical-requirements-outlet-placement-guide/,0,14,0.00%,11.43
how do i plan electrical requirements for built-in appliances?,https://shaffercon.com/industry-insights/kitchen-electrical-requirements-outlet-placement-guide/,0,40,0.00%,4.10
how do i prepare for an electrical inspection?,https://shaffercon.com/industry-insights/electrical-safety-inspection-checklist-los-angeles/,0,2,0.00%,70.00
how do i prepare my kitchen for integrated appliances?,https://shaffercon.com/industry-insights/kitchen-electrical-requirements-outlet-placement-guide/,0,1,0.00%,1.00
how does a sub panel work,https://shaffercon.com/industry-insights/subpanel-installation-guide-when-why-you-need-one/,0,1,0.00%,70.00
how does a subpanel work,https://shaffercon.com/industry-insights/subpanel-installation-guide-when-why-you-need-one/,0,1,0.00%,61.00
how does the electric car charging infrastructure impact long-distance travel?. my location is united states.,https://shaffercon.com/industry-insights/the-rapid-expansion-of-ev-charging-infrastructure-key-insights-policy-updates-and-practical-tips-for-home-and-business-owners/,0,1,0.00%,5.00
how extensive is the current high-speed charging infrastructure for electric cars?. my location is united states.,https://shaffercon.com/industry-insights/the-rapid-expansion-of-ev-charging-infrastructure-key-insights-policy-updates-and-practical-tips-for-home-and-business-owners/,0,4,0.00%,5.25
how far apart should outlets be in a kitchen,https://shaffercon.com/industry-insights/kitchen-electrical-requirements-outlet-placement-guide/,0,6,0.00%,10.17
how long does a panel upgrade take,https://shaffercon.com/industry-insights/complete-guide-electrical-panel-upgrades-los-angeles/,0,3,0.00%,6.33
how long does it take to get an electrical permit,https://shaffercon.com/industry-insights/ladbs-electrical-permit-process-step-by-step-guide/,0,5,0.00%,4.20
how long is an electrical permit good for,https://shaffercon.com/industry-insights/ladbs-electrical-permit-process-step-by-step-guide/,0,1,0.00%,6.00
how many 20-amp kitchen countertop receptacle circuits are required in a restaurant?,https://shaffercon.com/industry-insights/kitchen-electrical-requirements-outlet-placement-guide/,0,1,0.00%,1.00
how many 20-amp kitchen countertop receptacle circuits are required in a restaurant? question 3 select one: a. 2 b. 0 c. 3 d. 1,https://shaffercon.com/industry-insights/kitchen-electrical-requirements-outlet-placement-guide/,0,1,0.00%,1.00
"how many 20a, 120v circuits are required for forty-two, 300w incandescent luminaires (noncontinuous load)?",https://shaffercon.com/industry-insights/kitchen-electrical-requirements-outlet-placement-guide/,0,1,0.00%,4.00
how many amps,https://shaffercon.com/industry-insights/kitchen-electrical-requirements-outlet-placement-guide/,0,1,0.00%,1.00
how many amps does a recessed light use,https://shaffercon.com/industry-insights/recessed-lighting-installation-guide/,0,1,0.00%,1.00
how many amps does an oven use,https://shaffercon.com/industry-insights/kitchen-electrical-requirements-outlet-placement-guide/,0,1,0.00%,1.00
how many amps for a electric stove,https://shaffercon.com/industry-insights/kitchen-electrical-requirements-outlet-placement-guide/,0,1,0.00%,1.00
how many breakers for a kitchen,https://shaffercon.com/industry-insights/kitchen-electrical-requirements-outlet-placement-guide/,0,3,0.00%,7.00
how many canless lights per room,https://shaffercon.com/industry-insights/recessed-lighting-installation-guide/,0,7,0.00%,1.00
how many circuits are required in a kitchen,https://shaffercon.com/industry-insights/kitchen-electrical-requirements-outlet-placement-guide/,0,8,0.00%,5.50
how many circuits are required in a kitchen nec,https://shaffercon.com/industry-insights/kitchen-electrical-requirements-outlet-placement-guide/,0,15,0.00%,2.13
how many circuits does a kitchen need,https://shaffercon.com/industry-insights/kitchen-electrical-requirements-outlet-placement-guide/,0,5,0.00%,3.00
how many circuits for a kitchen,https://shaffercon.com/industry-insights/kitchen-electrical-requirements-outlet-placement-guide/,0,3,0.00%,41.33
how many circuits for kitchen,https://shaffercon.com/industry-insights/kitchen-electrical-requirements-outlet-placement-guide/,0,12,0.00%,10.08
how many circuits for kitchen countertops,https://shaffercon.com/industry-insights/kitchen-electrical-requirements-outlet-placement-guide/,0,11,0.00%,5.82
how many circuits in a kitchen,https://shaffercon.com/industry-insights/kitchen-electrical-requirements-outlet-placement-guide/,0,4,0.00%,32.25
how many circuits should a kitchen have,https://shaffercon.com/industry-insights/kitchen-electrical-requirements-outlet-placement-guide/,0,4,0.00%,3.25
how many electrical circuits in a kitchen,https://shaffercon.com/industry-insights/kitchen-electrical-requirements-outlet-placement-guide/,0,5,0.00%,26.80
how many ev chargers installed in 2025,https://shaffercon.com/industry-insights/exploring-the-rapid-growth-and-key-trends-in-ev-charging-infrastructure-in-2023/,0,1,0.00%,46.00
how many in los angeles,https://shaffercon.com/industry-insights/tesla-worlds-largest-supercharger-los-angeles-curbside-charging-expansion-volkswagen-network-access-dynamic-pricing-long-beach-ev-infrastructure/,0,1,0.00%,14.00
how many outlets are required in a kitchen,https://shaffercon.com/industry-insights/kitchen-electrical-requirements-outlet-placement-guide/,0,3,0.00%,4.67
how many outlets in a kitchen,https://shaffercon.com/industry-insights/kitchen-electrical-requirements-outlet-placement-guide/,0,4,0.00%,10.25
how many outlets per circuit,https://shaffercon.com/industry-insights/california-title-24-electrical-requirements-renovations/,0,1,0.00%,12.00
how many receptacles on a 20 amp circuit residential,https://shaffercon.com/industry-insights/kitchen-electrical-requirements-outlet-placement-guide/,0,10,0.00%,1.00
how many recessed lights do i need calculator,https://shaffercon.com/industry-insights/recessed-lighting-installation-guide/,0,1,0.00%,4.00
how many recessed lights in bedroom,https://shaffercon.com/industry-insights/recessed-lighting-installation-guide/,0,5,0.00%,1.00
how many small appliance circuits are needed in a home with a basement,https://shaffercon.com/industry-insights/kitchen-electrical-requirements-outlet-placement-guide/,0,2,0.00%,1.00
how many tesla superchargers in the us,https://shaffercon.com/industry-insights/tesla-supercharger-business-program-us-dc-fast-charging-record-gas-stations-ev-chargers-california-leads-adoption/,0,1,0.00%,53.00
how many tesla superchargers in us,https://shaffercon.com/industry-insights/tesla-supercharger-business-program-us-dc-fast-charging-record-gas-stations-ev-chargers-california-leads-adoption/,0,1,0.00%,74.00
how much does a breaker cost,https://shaffercon.com/industry-insights/afci-vs-gfci-circuit-protection-los-angeles/,0,1,0.00%,2.00
how much does an ev charger cost,https://shaffercon.com/residential-ev-charger/,0,1,0.00%,1.00
how much does it cost to rewire a kitchen,https://shaffercon.com/industry-insights/kitchen-electrical-requirements-outlet-placement-guide/,0,1,0.00%,1.00
how much is a permit to upgrade electrical panel,https://shaffercon.com/industry-insights/complete-guide-electrical-panel-upgrades-los-angeles/,0,1,0.00%,100.00
how much is an electrical permit,https://shaffercon.com/industry-insights/ladbs-electrical-permit-process-step-by-step-guide/,0,1,0.00%,10.00
how much is an electrical permit,https://shaffercon.com/industry-insights/passing-electrical-inspection-common-failures-fixes/,0,1,0.00%,3.00
how much is electrical permit,https://shaffercon.com/industry-insights/ladbs-electrical-permit-process-step-by-step-guide/,0,1,0.00%,1.00
how much is ev charging station,https://shaffercon.com/residential-ev-charger/,0,1,0.00%,1.00
how much is home ev charger,https://shaffercon.com/residential-ev-charger/,0,1,0.00%,1.00
how much is recessed lighting,https://shaffercon.com/industry-insights/recessed-lighting-installation-guide/,0,1,0.00%,1.00
how much more should i spend to avoid range or charging frustration?,https://shaffercon.com/industry-insights/california-2026-building-code-ev-charging-requirements-home-real-estate-trend-32-new-models/,0,1,0.00%,3.00
how much to replace a zinsco panel,https://shaffercon.com/industry-insights/panel-upgrades-the-essentials-of-zinsco-panel-upgrade-or-replacement/,0,1,0.00%,27.00
how often is the nec updated,https://shaffercon.com/industry-insights/nec-2026-qualified-installer-requirement-charging-reliability-86-percent-commercial-roi-3-5-year-payback/,0,1,0.00%,80.00
how powersource ev vetting process ensures high-quality installers,https://shaffercon.com/industry-insights/advancements-in-ev-charger-installations-building-the-future-of-electric-vehicle-infrastructure/,0,1,0.00%,71.00
how to add an electrical outlet to an existing line,https://shaffercon.com/industry-insights/kitchen-electrical-requirements-outlet-placement-guide/,0,1,0.00%,1.00
how to choose a trusted provider for electric vehicle certification?,https://shaffercon.com/industry-insights/nec-2026-qualified-installer-requirement-charging-reliability-86-percent-commercial-roi-3-5-year-payback/,0,1,0.00%,1.00
how to choose electrical panel upgrade service for whole-home electrification,https://shaffercon.com/industry-insights/complete-guide-electrical-panel-upgrades-los-angeles/,0,2,0.00%,13.00
how to choose electricity plan for smart home ev charging convenience transparency 2026,https://shaffercon.com/industry-insights/california-2026-building-code-ev-charging-requirements-home-real-estate-trend-32-new-models/,0,1,0.00%,7.00
how to ensure electrical work meets code requirements,https://shaffercon.com/industry-insights/california-title-24-electrical-requirements-renovations/,0,2,0.00%,15.50
how to ensure my electrical work meets code requirements,https://shaffercon.com/industry-insights/california-title-24-electrical-requirements-renovations/,0,2,0.00%,3.50
how to get a permit for electrical work,https://shaffercon.com/industry-insights/ladbs-electrical-permit-process-step-by-step-guide/,0,1,0.00%,80.00
how to get a permit to upgrade my electrical panel,https://shaffercon.com/industry-insights/complete-guide-electrical-panel-upgrades-los-angeles/,0,6,0.00%,7.67
how to get an electrical permit,https://shaffercon.com/industry-insights/ladbs-electrical-permit-process-step-by-step-guide/,0,1,0.00%,12.00
how to get electrical permit,https://shaffercon.com/industry-insights/ladbs-electrical-permit-process-step-by-step-guide/,0,3,0.00%,2.67
how to install a ev charger at home,https://shaffercon.com/residential-ev-charger/,0,1,0.00%,1.00
how to install a home charger for my electric car?. my location is united states.,https://shaffercon.com/industry-insights/nec-2026-qualified-installer-requirement-charging-reliability-86-percent-commercial-roi-3-5-year-payback/,0,1,0.00%,2.00
how to install charging station,https://shaffercon.com/industry-insights/the-ultimate-guide-to-ev-charger-installation-and-infrastructure-in-los-angeles/,0,1,0.00%,1.00
how to install recessed lighting with junction box,https://shaffercon.com/industry-insights/recessed-lighting-installation-guide/,0,1,0.00%,4.00
how to insulate can lights without attic access,https://shaffercon.com/industry-insights/recessed-lighting-installation-guide/,0,3,0.00%,1.00
"how to list every major kitchen appliance/built-in to include in a budgeting spec sheet, plus hookups and clearances.?",https://shaffercon.com/industry-insights/kitchen-electrical-requirements-outlet-placement-guide/,0,2,0.00%,1.00
how to own a tesla supercharger station,https://shaffercon.com/industry-insights/tesla-supercharger-business-program-us-dc-fast-charging-record-gas-stations-ev-chargers-california-leads-adoption/,0,1,0.00%,1.00
how to plan electrical requirements for built-in appliances,https://shaffercon.com/industry-insights/kitchen-electrical-requirements-outlet-placement-guide/,0,5,0.00%,6.40
how to prepare for an electrical home safety inspection?,https://shaffercon.com/industry-insights/electrical-safety-inspection-checklist-los-angeles/,0,4,0.00%,73.00
how to pull a permit for electrical work,https://shaffercon.com/industry-insights/california-title-24-electrical-requirements-renovations/,0,1,0.00%,1.00
how to pull a permit for electrical work,https://shaffercon.com/industry-insights/ladbs-electrical-permit-process-step-by-step-guide/,0,5,0.00%,22.60
how to pull electrical permit,https://shaffercon.com/industry-insights/ladbs-electrical-permit-process-step-by-step-guide/,0,3,0.00%,3.00
how to pull permits for electrical work,https://shaffercon.com/industry-insights/ladbs-electrical-permit-process-step-by-step-guide/,0,1,0.00%,1.00
how to reduce home ev charging costs 2025 or 2026,https://shaffercon.com/industry-insights/ev-charging-in-2025-latest-trends-challenges-and-solutions-for-homeowners-and-businesses-in-los-angeles,0,1,0.00%,8.00
how to stay compliant with california’s electrical code and ev charging standards,https://shaffercon.com/industry-insights/the-ultimate-guide-to-ev-charger-installation-and-infrastructure-in-los-angeles/,0,1,0.00%,11.00
how to upgrade old electrical panel safely beach park,https://shaffercon.com/industry-insights/complete-guide-electrical-panel-upgrades-los-angeles/,0,4,0.00%,4.25
how to upgrade your electrical service,https://shaffercon.com/industry-insights/complete-guide-electrical-panel-upgrades-los-angeles/,0,1,0.00%,12.00
how to wire canless recessed lighting,https://shaffercon.com/industry-insights/recessed-lighting-installation-guide/,0,2,0.00%,2.00
how to wire in recessed lighting,https://shaffercon.com/industry-insights/recessed-lighting-installation-guide/,0,1,0.00%,2.00
how to wire pot lights,https://shaffercon.com/industry-insights/recessed-lighting-installation-guide/,0,1,0.00%,5.00
how to wire recessed lighting,https://shaffercon.com/industry-insights/recessed-lighting-installation-guide/,0,8,0.00%,1.00
hummer ev charging,https://shaffercon.com/residential-ev-charger/,0,1,0.00%,1.00
husher construction,https://shaffercon.com/,0,2,0.00%,15.50
hvac contractor culver city,https://shaffercon.com/service-areas/culver-city/,0,2,0.00%,70.50
"i am a 25-34 year old female product manager, data analyst, or designer in the media, professional services, or technology industry. my job seniority is at the entry, senior, or manager level. i work at a company with 250-1k employees or 1k-10k employees. my main motivations: digitally driven and highly engaged online, they want tools that make sustainable living effortless. motivated by convenience, smart-home compatibility, and clear environmental impact. researches everything online and values brands that make clean energy simple, modern, and tech-forward. wants plans that optimize ev charging and integrate easily into a mobile, app-driven lifestyle. my main pain points: frustrated by unclear plan pricing, lack of transparency, or “greenwashing.” limited home charging options in apartments. needs providers that support ev ownership, smart devices, paperless billing, and digital-first service. dislikes slow customer service, outdated interfaces, and energy plans that don’t match a flexible, urban lifestyle. seeks predictable costs and tools that show real environmental impact. best electricity plans for ev owners",https://shaffercon.com/industry-insights/california-2026-building-code-ev-charging-requirements-home-real-estate-trend-32-new-models/,0,4,0.00%,4.25
"i am a 25-34 year old female product manager, data analyst, or designer in the media, professional services, or technology industry. my job seniority is at the entry, senior, or manager level. i work at a company with 250-1k employees or 1k-10k employees. my main motivations: digitally driven and highly engaged online, they want tools that make sustainable living effortless. motivated by convenience, smart-home compatibility, and clear environmental impact. researches everything online and values brands that make clean energy simple, modern, and tech-forward. wants plans that optimize ev charging and integrate easily into a mobile, app-driven lifestyle. my main pain points: frustrated by unclear plan pricing, lack of transparency, or “greenwashing.” limited home charging options in apartments. needs providers that support ev ownership, smart devices, paperless billing, and digital-first service. dislikes slow customer service, outdated interfaces, and energy plans that don’t match a flexible, urban lifestyle. seeks predictable costs and tools that show real environmental impact. best energy-saving tips to lower my electricity bill year-round",https://shaffercon.com/industry-insights/california-2026-building-code-ev-charging-requirements-home-real-estate-trend-32-new-models/,0,1,0.00%,11.00
"i am a 25-34 year old female product manager, data analyst, or designer in the media, professional services, or technology industry. my job seniority is at the entry, senior, or manager level. i work at a company with 250-1k employees or 1k-10k employees. my main motivations: digitally driven and highly engaged online, they want tools that make sustainable living effortless. motivated by convenience, smart-home compatibility, and clear environmental impact. researches everything online and values brands that make clean energy simple, modern, and tech-forward. wants plans that optimize ev charging and integrate easily into a mobile, app-driven lifestyle. my main pain points: frustrated by unclear plan pricing, lack of transparency, or “greenwashing.” limited home charging options in apartments. needs providers that support ev ownership, smart devices, paperless billing, and digital-first service. dislikes slow customer service, outdated interfaces, and energy plans that don’t match a flexible, urban lifestyle. seeks predictable costs and tools that show real environmental impact. electricity plans designed for ev owners",https://shaffercon.com/industry-insights/california-2026-building-code-ev-charging-requirements-home-real-estate-trend-32-new-models/,0,4,0.00%,6.25
"i am a 25-34 year old female product manager, data analyst, or designer in the media, professional services, or technology industry. my job seniority is at the entry, senior, or manager level. i work at a company with 250-1k employees or 1k-10k employees. my main motivations: digitally driven and highly engaged online, they want tools that make sustainable living effortless. motivated by convenience, smart-home compatibility, and clear environmental impact. researches everything online and values brands that make clean energy simple, modern, and tech-forward. wants plans that optimize ev charging and integrate easily into a mobile, app-driven lifestyle. my main pain points: frustrated by unclear plan pricing, lack of transparency, or “greenwashing.” limited home charging options in apartments. needs providers that support ev ownership, smart devices, paperless billing, and digital-first service. dislikes slow customer service, outdated interfaces, and energy plans that don’t match a flexible, urban lifestyle. seeks predictable costs and tools that show real environmental impact. ev-friendly renewable electricity plans",https://shaffercon.com/industry-insights/california-2026-building-code-ev-charging-requirements-home-real-estate-trend-32-new-models/,0,1,0.00%,4.00
"i am a 25-34 year old female product manager, data analyst, or designer in the media, professional services, or technology industry. my job seniority is at the entry, senior, or manager level. i work at a company with 250-1k employees or 1k-10k employees. my main motivations: digitally driven and highly engaged online, they want tools that make sustainable living effortless. motivated by convenience, smart-home compatibility, and clear environmental impact. researches everything online and values brands that make clean energy simple, modern, and tech-forward. wants plans that optimize ev charging and integrate easily into a mobile, app-driven lifestyle. my main pain points: frustrated by unclear plan pricing, lack of transparency, or “greenwashing.” limited home charging options in apartments. needs providers that support ev ownership, smart devices, paperless billing, and digital-first service. dislikes slow customer service, outdated interfaces, and energy plans that don’t match a flexible, urban lifestyle. seeks predictable costs and tools that show real environmental impact. home energy management systems ñ are they worth it?",https://shaffercon.com/industry-insights/california-2026-building-code-ev-charging-requirements-home-real-estate-trend-32-new-models/,0,1,0.00%,1.00
"i am a 25-34 year old female product manager, data analyst, or designer in the media, professional services, or technology industry. my job seniority is at the entry, senior, or manager level. i work at a company with 250-1k employees or 1k-10k employees. my main motivations: digitally driven and highly engaged online, they want tools that make sustainable living effortless. motivated by convenience, smart-home compatibility, and clear environmental impact. researches everything online and values brands that make clean energy simple, modern, and tech-forward. wants plans that optimize ev charging and integrate easily into a mobile, app-driven lifestyle. my main pain points: frustrated by unclear plan pricing, lack of transparency, or “greenwashing.” limited home charging options in apartments. needs providers that support ev ownership, smart devices, paperless billing, and digital-first service. dislikes slow customer service, outdated interfaces, and energy plans that don’t match a flexible, urban lifestyle. seeks predictable costs and tools that show real environmental impact. how can i match my energy plan to my lifestyle needs?",https://shaffercon.com/industry-insights/california-2026-building-code-ev-charging-requirements-home-real-estate-trend-32-new-models/,0,2,0.00%,6.00
"i am a 25-34 year old female product manager, data analyst, or designer in the media, professional services, or technology industry. my job seniority is at the entry, senior, or manager level. i work at a company with 250-1k employees or 1k-10k employees. my main motivations: digitally driven and highly engaged online, they want tools that make sustainable living effortless. motivated by convenience, smart-home compatibility, and clear environmental impact. researches everything online and values brands that make clean energy simple, modern, and tech-forward. wants plans that optimize ev charging and integrate easily into a mobile, app-driven lifestyle. my main pain points: frustrated by unclear plan pricing, lack of transparency, or “greenwashing.” limited home charging options in apartments. needs providers that support ev ownership, smart devices, paperless billing, and digital-first service. dislikes slow customer service, outdated interfaces, and energy plans that don’t match a flexible, urban lifestyle. seeks predictable costs and tools that show real environmental impact. how do different electricity plans compare based on my usage",https://shaffercon.com/industry-insights/california-2026-building-code-ev-charging-requirements-home-real-estate-trend-32-new-models/,0,4,0.00%,4.00
"i am a 25-34 year old female product manager, data analyst, or designer in the media, professional services, or technology industry. my job seniority is at the entry, senior, or manager level. i work at a company with 250-1k employees or 1k-10k employees. my main motivations: digitally driven and highly engaged online, they want tools that make sustainable living effortless. motivated by convenience, smart-home compatibility, and clear environmental impact. researches everything online and values brands that make clean energy simple, modern, and tech-forward. wants plans that optimize ev charging and integrate easily into a mobile, app-driven lifestyle. my main pain points: frustrated by unclear plan pricing, lack of transparency, or “greenwashing.” limited home charging options in apartments. needs providers that support ev ownership, smart devices, paperless billing, and digital-first service. dislikes slow customer service, outdated interfaces, and energy plans that don’t match a flexible, urban lifestyle. seeks predictable costs and tools that show real environmental impact. how do i compare cost-effective eco-friendly power plans?",https://shaffercon.com/industry-insights/california-2026-building-code-ev-charging-requirements-home-real-estate-trend-32-new-models/,0,25,0.00%,8.36
"i am a 25-34 year old female product manager, data analyst, or designer in the media, professional services, or technology industry. my job seniority is at the entry, senior, or manager level. i work at a company with 250-1k employees or 1k-10k employees. my main motivations: digitally driven and highly engaged online, they want tools that make sustainable living effortless. motivated by convenience, smart-home compatibility, and clear environmental impact. researches everything online and values brands that make clean energy simple, modern, and tech-forward. wants plans that optimize ev charging and integrate easily into a mobile, app-driven lifestyle. my main pain points: frustrated by unclear plan pricing, lack of transparency, or “greenwashing.” limited home charging options in apartments. needs providers that support ev ownership, smart devices, paperless billing, and digital-first service. dislikes slow customer service, outdated interfaces, and energy plans that don’t match a flexible, urban lifestyle. seeks predictable costs and tools that show real environmental impact. how do i find reliable, affordable green electricity plans?",https://shaffercon.com/industry-insights/california-2026-building-code-ev-charging-requirements-home-real-estate-trend-32-new-models/,0,10,0.00%,13.40
"i am a 25-34 year old female product manager, data analyst, or designer in the media, professional services, or technology industry. my job seniority is at the entry, senior, or manager level. i work at a company with 250-1k employees or 1k-10k employees. my main motivations: digitally driven and highly engaged online, they want tools that make sustainable living effortless. motivated by convenience, smart-home compatibility, and clear environmental impact. researches everything online and values brands that make clean energy simple, modern, and tech-forward. wants plans that optimize ev charging and integrate easily into a mobile, app-driven lifestyle. my main pain points: frustrated by unclear plan pricing, lack of transparency, or “greenwashing.” limited home charging options in apartments. needs providers that support ev ownership, smart devices, paperless billing, and digital-first service. dislikes slow customer service, outdated interfaces, and energy plans that don’t match a flexible, urban lifestyle. seeks predictable costs and tools that show real environmental impact. how do i pick the right electricity plan for my daily routine?",https://shaffercon.com/industry-insights/california-2026-building-code-ev-charging-requirements-home-real-estate-trend-32-new-models/,0,1,0.00%,1.00
"i am a 25-34 year old female product manager, data analyst, or designer in the media, professional services, or technology industry. my job seniority is at the entry, senior, or manager level. i work at a company with 250-1k employees or 1k-10k employees. my main motivations: digitally driven and highly engaged online, they want tools that make sustainable living effortless. motivated by convenience, smart-home compatibility, and clear environmental impact. researches everything online and values brands that make clean energy simple, modern, and tech-forward. wants plans that optimize ev charging and integrate easily into a mobile, app-driven lifestyle. my main pain points: frustrated by unclear plan pricing, lack of transparency, or “greenwashing.” limited home charging options in apartments. needs providers that support ev ownership, smart devices, paperless billing, and digital-first service. dislikes slow customer service, outdated interfaces, and energy plans that don’t match a flexible, urban lifestyle. seeks predictable costs and tools that show real environmental impact. how to choose the right electricity plan for ev charging",https://shaffercon.com/industry-insights/california-2026-building-code-ev-charging-requirements-home-real-estate-trend-32-new-models/,0,3,0.00%,5.00
"i am a 25-34 year old female product manager, data analyst, or designer in the media, professional services, or technology industry. my job seniority is at the entry, senior, or manager level. i work at a company with 250-1k employees or 1k-10k employees. my main motivations: digitally driven and highly engaged online, they want tools that make sustainable living effortless. motivated by convenience, smart-home compatibility, and clear environmental impact. researches everything online and values brands that make clean energy simple, modern, and tech-forward. wants plans that optimize ev charging and integrate easily into a mobile, app-driven lifestyle. my main pain points: frustrated by unclear plan pricing, lack of transparency, or “greenwashing.” limited home charging options in apartments. needs providers that support ev ownership, smart devices, paperless billing, and digital-first service. dislikes slow customer service, outdated interfaces, and energy plans that don’t match a flexible, urban lifestyle. seeks predictable costs and tools that show real environmental impact. what are some solar electricity plans available near me",https://shaffercon.com/industry-insights/california-2026-building-code-ev-charging-requirements-home-real-estate-trend-32-new-models/,0,2,0.00%,2.00
"i am a 25-34 year old female product manager, data analyst, or designer in the media, professional services, or technology industry. my job seniority is at the entry, senior, or manager level. i work at a company with 250-1k employees or 1k-10k employees. my main motivations: digitally driven and highly engaged online, they want tools that make sustainable living effortless. motivated by convenience, smart-home compatibility, and clear environmental impact. researches everything online and values brands that make clean energy simple, modern, and tech-forward. wants plans that optimize ev charging and integrate easily into a mobile, app-driven lifestyle. my main pain points: frustrated by unclear plan pricing, lack of transparency, or “greenwashing.” limited home charging options in apartments. needs providers that support ev ownership, smart devices, paperless billing, and digital-first service. dislikes slow customer service, outdated interfaces, and energy plans that don’t match a flexible, urban lifestyle. seeks predictable costs and tools that show real environmental impact. what are the best energy plans for flexible work-from-home lifestyles?",https://shaffercon.com/industry-insights/california-2026-building-code-ev-charging-requirements-home-real-estate-trend-32-new-models/,0,18,0.00%,4.39
"i am a 25-34 year old female product manager, data analyst, or designer in the media, professional services, or technology industry. my job seniority is at the entry, senior, or manager level. i work at a company with 250-1k employees or 1k-10k employees. my main motivations: digitally driven and highly engaged online, they want tools that make sustainable living effortless. motivated by convenience, smart-home compatibility, and clear environmental impact. researches everything online and values brands that make clean energy simple, modern, and tech-forward. wants plans that optimize ev charging and integrate easily into a mobile, app-driven lifestyle. my main pain points: frustrated by unclear plan pricing, lack of transparency, or “greenwashing.” limited home charging options in apartments. needs providers that support ev ownership, smart devices, paperless billing, and digital-first service. dislikes slow customer service, outdated interfaces, and energy plans that don’t match a flexible, urban lifestyle. seeks predictable costs and tools that show real environmental impact. what are the best renewable electricity plans for everyday use?",https://shaffercon.com/industry-insights/california-2026-building-code-ev-charging-requirements-home-real-estate-trend-32-new-models/,0,28,0.00%,3.71
"i am a 25-34 year old female product manager, data analyst, or designer in the media, professional services, or technology industry. my job seniority is at the entry, senior, or manager level. i work at a company with 250-1k employees or 1k-10k employees. my main motivations: digitally driven and highly engaged online, they want tools that make sustainable living effortless. motivated by convenience, smart-home compatibility, and clear environmental impact. researches everything online and values brands that make clean energy simple, modern, and tech-forward. wants plans that optimize ev charging and integrate easily into a mobile, app-driven lifestyle. my main pain points: frustrated by unclear plan pricing, lack of transparency, or “greenwashing.” limited home charging options in apartments. needs providers that support ev ownership, smart devices, paperless billing, and digital-first service. dislikes slow customer service, outdated interfaces, and energy plans that don’t match a flexible, urban lifestyle. seeks predictable costs and tools that show real environmental impact. what are the best renewable energy plans for new homeowners?",https://shaffercon.com/industry-insights/california-2026-building-code-ev-charging-requirements-home-real-estate-trend-32-new-models/,0,5,0.00%,2.00
"i am a 25-34 year old female product manager, data analyst, or designer in the media, professional services, or technology industry. my job seniority is at the entry, senior, or manager level. i work at a company with 250-1k employees or 1k-10k employees. my main motivations: digitally driven and highly engaged online, they want tools that make sustainable living effortless. motivated by convenience, smart-home compatibility, and clear environmental impact. researches everything online and values brands that make clean energy simple, modern, and tech-forward. wants plans that optimize ev charging and integrate easily into a mobile, app-driven lifestyle. my main pain points: frustrated by unclear plan pricing, lack of transparency, or “greenwashing.” limited home charging options in apartments. needs providers that support ev ownership, smart devices, paperless billing, and digital-first service. dislikes slow customer service, outdated interfaces, and energy plans that don’t match a flexible, urban lifestyle. seeks predictable costs and tools that show real environmental impact. what are the cheapest electricity plans in my area",https://shaffercon.com/industry-insights/california-2026-building-code-ev-charging-requirements-home-real-estate-trend-32-new-models/,0,1,0.00%,3.00
"i am a 25-34 year old female product manager, data analyst, or designer in the media, professional services, or technology industry. my job seniority is at the entry, senior, or manager level. i work at a company with 250-1k employees or 1k-10k employees. my main motivations: digitally driven and highly engaged online, they want tools that make sustainable living effortless. motivated by convenience, smart-home compatibility, and clear environmental impact. researches everything online and values brands that make clean energy simple, modern, and tech-forward. wants plans that optimize ev charging and integrate easily into a mobile, app-driven lifestyle. my main pain points: frustrated by unclear plan pricing, lack of transparency, or “greenwashing.” limited home charging options in apartments. needs providers that support ev ownership, smart devices, paperless billing, and digital-first service. dislikes slow customer service, outdated interfaces, and energy plans that don’t match a flexible, urban lifestyle. seeks predictable costs and tools that show real environmental impact. what are the most affordable clean energy plans right now?",https://shaffercon.com/industry-insights/california-2026-building-code-ev-charging-requirements-home-real-estate-trend-32-new-models/,0,9,0.00%,4.00
"i am a 25-34 year old female product manager, data analyst, or designer in the media, professional services, or technology industry. my job seniority is at the entry, senior, or manager level. i work at a company with 250-1k employees or 1k-10k employees. my main motivations: digitally driven and highly engaged online, they want tools that make sustainable living effortless. motivated by convenience, smart-home compatibility, and clear environmental impact. researches everything online and values brands that make clean energy simple, modern, and tech-forward. wants plans that optimize ev charging and integrate easily into a mobile, app-driven lifestyle. my main pain points: frustrated by unclear plan pricing, lack of transparency, or “greenwashing.” limited home charging options in apartments. needs providers that support ev ownership, smart devices, paperless billing, and digital-first service. dislikes slow customer service, outdated interfaces, and energy plans that don’t match a flexible, urban lifestyle. seeks predictable costs and tools that show real environmental impact. what are the most popular eco-friendly alternatives to regular energy?",https://shaffercon.com/industry-insights/california-2026-building-code-ev-charging-requirements-home-real-estate-trend-32-new-models/,0,1,0.00%,1.00
"i am a 25-34 year old female product manager, data analyst, or designer in the media, professional services, or technology industry. my job seniority is at the entry, senior, or manager level. i work at a company with 250-1k employees or 1k-10k employees. my main motivations: digitally driven and highly engaged online, they want tools that make sustainable living effortless. motivated by convenience, smart-home compatibility, and clear environmental impact. researches everything online and values brands that make clean energy simple, modern, and tech-forward. wants plans that optimize ev charging and integrate easily into a mobile, app-driven lifestyle. my main pain points: frustrated by unclear plan pricing, lack of transparency, or “greenwashing.” limited home charging options in apartments. needs providers that support ev ownership, smart devices, paperless billing, and digital-first service. dislikes slow customer service, outdated interfaces, and energy plans that don’t match a flexible, urban lifestyle. seeks predictable costs and tools that show real environmental impact. what are the top-rated electricity plans for eco-conscious living?",https://shaffercon.com/industry-insights/california-2026-building-code-ev-charging-requirements-home-real-estate-trend-32-new-models/,0,18,0.00%,3.94
"i am a 25-34 year old female product manager, data analyst, or designer in the media, professional services, or technology industry. my job seniority is at the entry, senior, or manager level. i work at a company with 250-1k employees or 1k-10k employees. my main motivations: digitally driven and highly engaged online, they want tools that make sustainable living effortless. motivated by convenience, smart-home compatibility, and clear environmental impact. researches everything online and values brands that make clean energy simple, modern, and tech-forward. wants plans that optimize ev charging and integrate easily into a mobile, app-driven lifestyle. my main pain points: frustrated by unclear plan pricing, lack of transparency, or “greenwashing.” limited home charging options in apartments. needs providers that support ev ownership, smart devices, paperless billing, and digital-first service. dislikes slow customer service, outdated interfaces, and energy plans that don’t match a flexible, urban lifestyle. seeks predictable costs and tools that show real environmental impact. what eco-friendly energy options are available when setting up utilities?",https://shaffercon.com/industry-insights/california-2026-building-code-ev-charging-requirements-home-real-estate-trend-32-new-models/,0,8,0.00%,10.00
"i am a 25-34 year old female product manager, data analyst, or designer in the media, professional services, or technology industry. my job seniority is at the entry, senior, or manager level. i work at a company with 250-1k employees or 1k-10k employees. my main motivations: digitally driven and highly engaged online, they want tools that make sustainable living effortless. motivated by convenience, smart-home compatibility, and clear environmental impact. researches everything online and values brands that make clean energy simple, modern, and tech-forward. wants plans that optimize ev charging and integrate easily into a mobile, app-driven lifestyle. my main pain points: frustrated by unclear plan pricing, lack of transparency, or “greenwashing.” limited home charging options in apartments. needs providers that support ev ownership, smart devices, paperless billing, and digital-first service. dislikes slow customer service, outdated interfaces, and energy plans that don’t match a flexible, urban lifestyle. seeks predictable costs and tools that show real environmental impact. what renewable energy plans offer the best price performance?",https://shaffercon.com/industry-insights/california-2026-building-code-ev-charging-requirements-home-real-estate-trend-32-new-models/,0,13,0.00%,4.15
"i am a 25-34 year old female product manager, data analyst, or designer in the media, professional services, or technology industry. my job seniority is at the entry, senior, or manager level. i work at a company with 250-1k employees or 1k-10k employees. my main motivations: digitally driven and highly engaged online, they want tools that make sustainable living effortless. motivated by convenience, smart-home compatibility, and clear environmental impact. researches everything online and values brands that make clean energy simple, modern, and tech-forward. wants plans that optimize ev charging and integrate easily into a mobile, app-driven lifestyle. my main pain points: frustrated by unclear plan pricing, lack of transparency, or “greenwashing.” limited home charging options in apartments. needs providers that support ev ownership, smart devices, paperless billing, and digital-first service. dislikes slow customer service, outdated interfaces, and energy plans that don’t match a flexible, urban lifestyle. seeks predictable costs and tools that show real environmental impact. what renewable power plans are worth looking into this year?",https://shaffercon.com/industry-insights/california-2026-building-code-ev-charging-requirements-home-real-estate-trend-32-new-models/,0,20,0.00%,7.30
"i am a 25-34 year old female product manager, data analyst, or designer in the media, professional services, or technology industry. my job seniority is at the entry, senior, or manager level. i work at a company with 250-1k employees or 1k-10k employees. my main motivations: digitally driven and highly engaged online, they want tools that make sustainable living effortless. motivated by convenience, smart-home compatibility, and clear environmental impact. researches everything online and values brands that make clean energy simple, modern, and tech-forward. wants plans that optimize ev charging and integrate easily into a mobile, app-driven lifestyle. my main pain points: frustrated by unclear plan pricing, lack of transparency, or “greenwashing.” limited home charging options in apartments. needs providers that support ev ownership, smart devices, paperless billing, and digital-first service. dislikes slow customer service, outdated interfaces, and energy plans that don’t match a flexible, urban lifestyle. seeks predictable costs and tools that show real environmental impact. what time-of-use electricity plans are best for overnight ev charging?",https://shaffercon.com/industry-insights/california-2026-building-code-ev-charging-requirements-home-real-estate-trend-32-new-models/,0,3,0.00%,6.00
"i am a 25-34 year old female product manager, data analyst, or designer in the media, professional services, or technology industry. my job seniority is at the entry, senior, or manager level. i work at a company with 250-1k employees or 1k-10k employees. my main motivations: digitally driven and highly engaged online, they want tools that make sustainable living effortless. motivated by convenience, smart-home compatibility, and clear environmental impact. researches everything online and values brands that make clean energy simple, modern, and tech-forward. wants plans that optimize ev charging and integrate easily into a mobile, app-driven lifestyle. my main pain points: frustrated by unclear plan pricing, lack of transparency, or “greenwashing.” limited home charging options in apartments. needs providers that support ev ownership, smart devices, paperless billing, and digital-first service. dislikes slow customer service, outdated interfaces, and energy plans that don’t match a flexible, urban lifestyle. seeks predictable costs and tools that show real environmental impact. where can i find affordable power plans for tech-heavy homes?",https://shaffercon.com/industry-insights/california-2026-building-code-ev-charging-requirements-home-real-estate-trend-32-new-models/,0,8,0.00%,4.50
"i am a 25-34 year old female product manager, data analyst, or designer in the media, professional services, or technology industry. my job seniority is at the entry, senior, or manager level. i work at a company with 250-1k employees or 1k-10k employees. my main motivations: digitally driven and highly engaged online, they want tools that make sustainable living effortless. motivated by convenience, smart-home compatibility, and clear environmental impact. researches everything online and values brands that make clean energy simple, modern, and tech-forward. wants plans that optimize ev charging and integrate easily into a mobile, app-driven lifestyle. my main pain points: frustrated by unclear plan pricing, lack of transparency, or “greenwashing.” limited home charging options in apartments. needs providers that support ev ownership, smart devices, paperless billing, and digital-first service. dislikes slow customer service, outdated interfaces, and energy plans that don’t match a flexible, urban lifestyle. seeks predictable costs and tools that show real environmental impact. where can i find budget-friendly green energy plans?",https://shaffercon.com/industry-insights/california-2026-building-code-ev-charging-requirements-home-real-estate-trend-32-new-models/,0,1,0.00%,7.00
"i am a 25-34 year old female product manager, data analyst, or designer in the media, professional services, or technology industry. my job seniority is at the entry, senior, or manager level. i work at a company with 250-1k employees or 1k-10k employees. my main motivations: digitally driven and highly engaged online, they want tools that make sustainable living effortless. motivated by convenience, smart-home compatibility, and clear environmental impact. researches everything online and values brands that make clean energy simple, modern, and tech-forward. wants plans that optimize ev charging and integrate easily into a mobile, app-driven lifestyle. my main pain points: frustrated by unclear plan pricing, lack of transparency, or “greenwashing.” limited home charging options in apartments. needs providers that support ev ownership, smart devices, paperless billing, and digital-first service. dislikes slow customer service, outdated interfaces, and energy plans that don’t match a flexible, urban lifestyle. seeks predictable costs and tools that show real environmental impact. where can i save money with sustainable power options?",https://shaffercon.com/industry-insights/california-2026-building-code-ev-charging-requirements-home-real-estate-trend-32-new-models/,0,9,0.00%,6.33
"i am a 25-34 year old female product manager, data analyst, or designer in the media, professional services, or technology industry. my job seniority is at the entry, senior, or manager level. i work at a company with 250-1k employees or 1k-10k employees. my main motivations: digitally driven and highly engaged online, they want tools that make sustainable living effortless. motivated by convenience, smart-home compatibility, and clear environmental impact. researches everything online and values brands that make clean energy simple, modern, and tech-forward. wants plans that optimize ev charging and integrate easily into a mobile, app-driven lifestyle. my main pain points: frustrated by unclear plan pricing, lack of transparency, or “greenwashing.” limited home charging options in apartments. needs providers that support ev ownership, smart devices, paperless billing, and digital-first service. dislikes slow customer service, outdated interfaces, and energy plans that don’t match a flexible, urban lifestyle. seeks predictable costs and tools that show real environmental impact. where can i sign up for sustainable electricity before moving in?",https://shaffercon.com/industry-insights/california-2026-building-code-ev-charging-requirements-home-real-estate-trend-32-new-models/,0,1,0.00%,1.00
"i am a 25-34 year old female product manager, data analyst, or designer in the media, professional services, or technology industry. my job seniority is at the entry, senior, or manager level. i work at a company with 250-1k employees or 1k-10k employees. my main motivations: digitally driven and highly engaged online, they want tools that make sustainable living effortless. motivated by convenience, smart-home compatibility, and clear environmental impact. researches everything online and values brands that make clean energy simple, modern, and tech-forward. wants plans that optimize ev charging and integrate easily into a mobile, app-driven lifestyle. my main pain points: frustrated by unclear plan pricing, lack of transparency, or “greenwashing.” limited home charging options in apartments. needs providers that support ev ownership, smart devices, paperless billing, and digital-first service. dislikes slow customer service, outdated interfaces, and energy plans that don’t match a flexible, urban lifestyle. seeks predictable costs and tools that show real environmental impact. which electric companies provide 100% renewable power in my new area?",https://shaffercon.com/industry-insights/california-2026-building-code-ev-charging-requirements-home-real-estate-trend-32-new-models/,0,1,0.00%,1.00
"i am a 25-34 year old female product manager, data analyst, or designer in the media, professional services, or technology industry. my job seniority is at the entry, senior, or manager level. i work at a company with 250-1k employees or 1k-10k employees. my main motivations: digitally driven and highly engaged online, they want tools that make sustainable living effortless. motivated by convenience, smart-home compatibility, and clear environmental impact. researches everything online and values brands that make clean energy simple, modern, and tech-forward. wants plans that optimize ev charging and integrate easily into a mobile, app-driven lifestyle. my main pain points: frustrated by unclear plan pricing, lack of transparency, or “greenwashing.” limited home charging options in apartments. needs providers that support ev ownership, smart devices, paperless billing, and digital-first service. dislikes slow customer service, outdated interfaces, and energy plans that don’t match a flexible, urban lifestyle. seeks predictable costs and tools that show real environmental impact. which electricity plans are best for people with variable schedules?",https://shaffercon.com/industry-insights/california-2026-building-code-ev-charging-requirements-home-real-estate-trend-32-new-models/,0,1,0.00%,1.00
"i am a 25-34 year old female product manager, data analyst, or designer in the media, professional services, or technology industry. my job seniority is at the entry, senior, or manager level. i work at a company with 250-1k employees or 1k-10k employees. my main motivations: digitally driven and highly engaged online, they want tools that make sustainable living effortless. motivated by convenience, smart-home compatibility, and clear environmental impact. researches everything online and values brands that make clean energy simple, modern, and tech-forward. wants plans that optimize ev charging and integrate easily into a mobile, app-driven lifestyle. my main pain points: frustrated by unclear plan pricing, lack of transparency, or “greenwashing.” limited home charging options in apartments. needs providers that support ev ownership, smart devices, paperless billing, and digital-first service. dislikes slow customer service, outdated interfaces, and energy plans that don’t match a flexible, urban lifestyle. seeks predictable costs and tools that show real environmental impact. which electricity plans are better for long-term savings—green or regular?",https://shaffercon.com/industry-insights/california-2026-building-code-ev-charging-requirements-home-real-estate-trend-32-new-models/,0,2,0.00%,1.00
"i am a 25-34 year old female product manager, data analyst, or designer in the media, professional services, or technology industry. my job seniority is at the entry, senior, or manager level. i work at a company with 250-1k employees or 1k-10k employees. my main motivations: digitally driven and highly engaged online, they want tools that make sustainable living effortless. motivated by convenience, smart-home compatibility, and clear environmental impact. researches everything online and values brands that make clean energy simple, modern, and tech-forward. wants plans that optimize ev charging and integrate easily into a mobile, app-driven lifestyle. my main pain points: frustrated by unclear plan pricing, lack of transparency, or “greenwashing.” limited home charging options in apartments. needs providers that support ev ownership, smart devices, paperless billing, and digital-first service. dislikes slow customer service, outdated interfaces, and energy plans that don’t match a flexible, urban lifestyle. seeks predictable costs and tools that show real environmental impact. which energy providers will help me lower my monthly bill",https://shaffercon.com/industry-insights/california-2026-building-code-ev-charging-requirements-home-real-estate-trend-32-new-models/,0,1,0.00%,2.00
"i am a 25-34 year old female product manager, data analyst, or designer in the media, professional services, or technology industry. my job seniority is at the entry, senior, or manager level. i work at a company with 250-1k employees or 1k-10k employees. my main motivations: digitally driven and highly engaged online, they want tools that make sustainable living effortless. motivated by convenience, smart-home compatibility, and clear environmental impact. researches everything online and values brands that make clean energy simple, modern, and tech-forward. wants plans that optimize ev charging and integrate easily into a mobile, app-driven lifestyle. my main pain points: frustrated by unclear plan pricing, lack of transparency, or “greenwashing.” limited home charging options in apartments. needs providers that support ev ownership, smart devices, paperless billing, and digital-first service. dislikes slow customer service, outdated interfaces, and energy plans that don’t match a flexible, urban lifestyle. seeks predictable costs and tools that show real environmental impact. which power plans fit a low-usage lifestyle best?",https://shaffercon.com/industry-insights/california-2026-building-code-ev-charging-requirements-home-real-estate-trend-32-new-models/,0,6,0.00%,1.83
"i am a 25-34 year old female product manager, data analyst, or designer in the media, professional services, or technology industry. my job seniority is at the entry, senior, or manager level. i work at a company with 250-1k employees or 1k-10k employees. my main motivations: digitally driven and highly engaged online, they want tools that make sustainable living effortless. motivated by convenience, smart-home compatibility, and clear environmental impact. researches everything online and values brands that make clean energy simple, modern, and tech-forward. wants plans that optimize ev charging and integrate easily into a mobile, app-driven lifestyle. my main pain points: frustrated by unclear plan pricing, lack of transparency, or “greenwashing.” limited home charging options in apartments. needs providers that support ev ownership, smart devices, paperless billing, and digital-first service. dislikes slow customer service, outdated interfaces, and energy plans that don’t match a flexible, urban lifestyle. seeks predictable costs and tools that show real environmental impact. which provider offers the best rates for consistent usage",https://shaffercon.com/industry-insights/california-2026-building-code-ev-charging-requirements-home-real-estate-trend-32-new-models/,0,1,0.00%,4.00
"i am a 25-34 year old female product manager, data analyst, or designer in the media, professional services, or technology industry. my job seniority is at the entry, senior, or manager level. i work at a company with 250-1k employees or 1k-10k employees. my main motivations: digitally driven and highly engaged online, they want tools that make sustainable living effortless. motivated by convenience, smart-home compatibility, and clear environmental impact. researches everything online and values brands that make clean energy simple, modern, and tech-forward. wants plans that optimize ev charging and integrate easily into a mobile, app-driven lifestyle. my main pain points: frustrated by unclear plan pricing, lack of transparency, or “greenwashing.” limited home charging options in apartments. needs providers that support ev ownership, smart devices, paperless billing, and digital-first service. dislikes slow customer service, outdated interfaces, and energy plans that don’t match a flexible, urban lifestyle. seeks predictable costs and tools that show real environmental impact. who makes it easy to relocate with your existing energy plan?",https://shaffercon.com/industry-insights/california-2026-building-code-ev-charging-requirements-home-real-estate-trend-32-new-models/,0,9,0.00%,6.00
"i am a 25-34 year old female product manager, data analyst, or designer in the media, professional services, or technology industry. my job seniority is at the entry, senior, or manager level. i work at a company with 250-1k employees or 1k-10k employees. my main motivations: digitally driven and highly engaged online, they want tools that make sustainable living effortless. motivated by convenience, smart-home compatibility, and clear environmental impact. researches everything online and values brands that make clean energy simple, modern, and tech-forward. wants plans that optimize ev charging and integrate easily into a mobile, app-driven lifestyle. my main pain points: frustrated by unclear plan pricing, lack of transparency, or “greenwashing.” limited home charging options in apartments. needs providers that support ev ownership, smart devices, paperless billing, and digital-first service. dislikes slow customer service, outdated interfaces, and energy plans that don’t match a flexible, urban lifestyle. seeks predictable costs and tools that show real environmental impact. who offers affordable clean energy without major cost differences?",https://shaffercon.com/industry-insights/california-2026-building-code-ev-charging-requirements-home-real-estate-trend-32-new-models/,0,1,0.00%,1.00
"i am a 25-34 year old female product manager, data analyst, or designer in the media, professional services, or technology industry. my job seniority is at the entry, senior, or manager level. i work at a company with 250-1k employees or 1k-10k employees. my main motivations: digitally driven and highly engaged online, they want tools that make sustainable living effortless. motivated by convenience, smart-home compatibility, and clear environmental impact. researches everything online and values brands that make clean energy simple, modern, and tech-forward. wants plans that optimize ev charging and integrate easily into a mobile, app-driven lifestyle. my main pain points: frustrated by unclear plan pricing, lack of transparency, or “greenwashing.” limited home charging options in apartments. needs providers that support ev ownership, smart devices, paperless billing, and digital-first service. dislikes slow customer service, outdated interfaces, and energy plans that don’t match a flexible, urban lifestyle. seeks predictable costs and tools that show real environmental impact. who offers flexible electricity plans for relocation?",https://shaffercon.com/industry-insights/california-2026-building-code-ev-charging-requirements-home-real-estate-trend-32-new-models/,0,1,0.00%,6.00
"i am a 25-34 year old female product manager, data analyst, or designer in the media, professional services, or technology industry. my job seniority is at the entry, senior, or manager level. i work at a company with 250-1k employees or 1k-10k employees. my main motivations: digitally driven and highly engaged online, they want tools that make sustainable living effortless. motivated by convenience, smart-home compatibility, and clear environmental impact. researches everything online and values brands that make clean energy simple, modern, and tech-forward. wants plans that optimize ev charging and integrate easily into a mobile, app-driven lifestyle. my main pain points: frustrated by unclear plan pricing, lack of transparency, or “greenwashing.” limited home charging options in apartments. needs providers that support ev ownership, smart devices, paperless billing, and digital-first service. dislikes slow customer service, outdated interfaces, and energy plans that don’t match a flexible, urban lifestyle. seeks predictable costs and tools that show real environmental impact. who offers low-cost renewable power options for homes?",https://shaffercon.com/industry-insights/california-2026-building-code-ev-charging-requirements-home-real-estate-trend-32-new-models/,0,16,0.00%,6.06
"i am a 25-34 year old female product manager, data analyst, or designer in the media, professional services, or technology industry. my job seniority is at the entry, senior, or manager level. i work at a company with 250-1k employees or 1k-10k employees. my main motivations: digitally driven and highly engaged online, they want tools that make sustainable living effortless. motivated by convenience, smart-home compatibility, and clear environmental impact. researches everything online and values brands that make clean energy simple, modern, and tech-forward. wants plans that optimize ev charging and integrate easily into a mobile, app-driven lifestyle. my main pain points: frustrated by unclear plan pricing, lack of transparency, or “greenwashing.” limited home charging options in apartments. needs providers that support ev ownership, smart devices, paperless billing, and digital-first service. dislikes slow customer service, outdated interfaces, and energy plans that don’t match a flexible, urban lifestyle. seeks predictable costs and tools that show real environmental impact. who offers reliable plans for high-usage households?",https://shaffercon.com/industry-insights/california-2026-building-code-ev-charging-requirements-home-real-estate-trend-32-new-models/,0,8,0.00%,7.00
"i am a 25-34 year old female product manager, data analyst, or designer in the media, professional services, or technology industry. my job seniority is at the entry, senior, or manager level. i work at a company with 250-1k employees or 1k-10k employees. my main motivations: digitally driven and highly engaged online, they want tools that make sustainable living effortless. motivated by convenience, smart-home compatibility, and clear environmental impact. researches everything online and values brands that make clean energy simple, modern, and tech-forward. wants plans that optimize ev charging and integrate easily into a mobile, app-driven lifestyle. my main pain points: frustrated by unclear plan pricing, lack of transparency, or “greenwashing.” limited home charging options in apartments. needs providers that support ev ownership, smart devices, paperless billing, and digital-first service. dislikes slow customer service, outdated interfaces, and energy plans that don’t match a flexible, urban lifestyle. seeks predictable costs and tools that show real environmental impact. who sells leading renewable electricity options for families?",https://shaffercon.com/industry-insights/california-2026-building-code-ev-charging-requirements-home-real-estate-trend-32-new-models/,0,1,0.00%,1.00
i rent a house,https://shaffercon.com/industry-insights/california-2026-building-code-ev-charging-requirements-home-real-estate-trend-32-new-models/,0,1,0.00%,5.00
ic housing,https://shaffercon.com/industry-insights/recessed-lighting-installation-guide/,0,2,0.00%,1.50
ic rated can lights meaning,https://shaffercon.com/industry-insights/recessed-lighting-installation-guide/,0,1,0.00%,1.00
ic rated housing,https://shaffercon.com/industry-insights/recessed-lighting-installation-guide/,0,1,0.00%,1.00
ic rated recessed lights meaning,https://shaffercon.com/industry-insights/recessed-lighting-installation-guide/,0,1,0.00%,1.00
ic vs non ic,https://shaffercon.com/industry-insights/recessed-lighting-installation-guide/,0,1,0.00%,86.00
ic vs non ic can lights,https://shaffercon.com/industry-insights/recessed-lighting-installation-guide/,0,2,0.00%,39.00
illegal electrical work,https://shaffercon.com/industry-insights/california-title-24-electrical-requirements-renovations/,0,1,0.00%,75.00
illinois nevi rfp 2025,https://shaffercon.com/industry-insights/ev-charging-infrastructure-network-milestones-65000-us-ports-illinois-funding-tesla-v4-technology-nevi-streamlining-and-google-maps-integration-shape-november-2025-market/,0,4,0.00%,8.00
improving ev charging for customers,https://shaffercon.com/industry-insights/the-essential-guide-to-ev-charging-infrastructure-benefits-strategies-and-future-trends,0,2,0.00%,46.50
improving ev charging for customers,https://shaffercon.com/industry-insights/the-essential-guide-to-ev-charging-infrastructure-benefits-strategies-and-future-trends/,0,3,0.00%,71.00
in ca,https://shaffercon.com/industry-insights/federal-pacific-zinsco-panels-replacement-los-angeles/,0,1,0.00%,5.00
in california,https://shaffercon.com/industry-insights/california-title-24-electrical-requirements-renovations/,0,1,0.00%,3.00
in california,https://shaffercon.com/industry-insights/ceiling-fan-installation-benefits-aesthetics,0,1,0.00%,6.00
in california,https://shaffercon.com/industry-insights/ladbs-electrical-permit-process-step-by-step-guide/,0,2,0.00%,2.00
in camarillo,https://shaffercon.com/industry-insights/california-title-24-electrical-requirements-renovations/,0,1,0.00%,4.00
in los angeles california,https://shaffercon.com/industry-insights/the-ultimate-guide-to-ev-charger-installation-and-infrastructure-in-los-angeles/,0,1,0.00%,4.00
in the kitchen,https://shaffercon.com/industry-insights/kitchen-electrical-requirements-outlet-placement-guide/,0,1,0.00%,3.00
in which of the following locations would a gfi most likely be required,https://shaffercon.com/industry-insights/gfi-electrical-outlets-ensuring-safety-in-your-electrical-setup/,0,1,0.00%,1.00
in which of the following locations would a gfi most likely be required?,https://shaffercon.com/industry-insights/gfi-electrical-outlets-ensuring-safety-in-your-electrical-setup/,0,4,0.00%,1.00
increasing electrical service,https://shaffercon.com/industry-insights/complete-guide-electrical-panel-upgrades-los-angeles/,0,2,0.00%,7.00
indoor cable safe for all buildings regulations,https://shaffercon.com/industry-insights/california-title-24-electrical-requirements-renovations/,0,2,0.00%,98.00
induction stove outlet,https://shaffercon.com/industry-insights/kitchen-electrical-requirements-outlet-placement-guide/,0,1,0.00%,1.00
industrial air ventilation systems glendale,https://shaffercon.com/service-areas/glendale/commercial-exhaust-fan-ventilation-wiring/,0,3,0.00%,8.33
industrial automation installation long beach ca,https://shaffercon.com/service-areas/long-beach/commercial-smart-automation-systems/,0,17,0.00%,3.47
industrial automation installation long beach ca,https://shaffercon.com/service-areas/long-beach/residential-smart-automation-systems,0,36,0.00%,5.33
industrial automation system installation long beach ca,https://shaffercon.com/service-areas/long-beach/commercial-smart-automation-systems/,0,13,0.00%,4.77
industrial electrical repair long beach ca,https://shaffercon.com/service-areas/long-beach/,0,8,0.00%,20.62
industrial electrical zoning,https://shaffercon.com/industry-insights/california-title-24-electrical-requirements-renovations/,0,5,0.00%,18.40
industrial exhaust fan installation near me glendale,https://shaffercon.com/service-areas/glendale/,0,2,0.00%,39.50
industrial exhaust fan installation near me glendale,https://shaffercon.com/service-areas/glendale/commercial-backup-generator-installation/,0,4,0.00%,30.50
industrial exhaust fan installation near me glendale,https://shaffercon.com/service-areas/glendale/commercial-exhaust-fan-ventilation-wiring/,0,11,0.00%,9.18
industrial exhaust fan installation near me glendale,https://shaffercon.com/service-areas/glendale/commercial-outlet-switch-dimmer-services/,0,9,0.00%,21.67
industrial exhaust fan installation near me glendale,https://shaffercon.com/service-areas/torrance/commercial-exhaust-fan-ventilation-wiring/,0,4,0.00%,22.25
industrial exhaust fan installation near me glendale ca,https://shaffercon.com/service-areas/glendale/,0,3,0.00%,40.67
industrial exhaust fan installation near me glendale ca,https://shaffercon.com/service-areas/glendale/commercial-backup-generator-installation/,0,2,0.00%,39.50
industrial exhaust fan installation near me glendale ca,https://shaffercon.com/service-areas/glendale/commercial-exhaust-fan-ventilation-wiring/,0,13,0.00%,5.15
industrial exhaust ventilation systems glendale,https://shaffercon.com/service-areas/glendale/commercial-exhaust-fan-ventilation-wiring/,0,12,0.00%,3.33
industrial exhaust ventilation systems glendale,https://shaffercon.com/service-areas/torrance/commercial-exhaust-fan-ventilation-wiring/,0,8,0.00%,34.00
industrial exhaust ventilation systems glendale ca,https://shaffercon.com/service-areas/glendale/commercial-exhaust-fan-ventilation-wiring/,0,8,0.00%,2.88
industrial led upgrade,https://shaffercon.com/industry-insights/led-retrofit-guide-los-angeles-businesses/,0,1,0.00%,20.00
industrial power failure electrician,https://shaffercon.com/industry-insights/emergency-electrical-repairs-when-to-call-electrician/,0,6,0.00%,17.00
industrial ventilation solutions glendale,https://shaffercon.com/service-areas/glendale/commercial-exhaust-fan-ventilation-wiring/,0,5,0.00%,6.80
industrial ventilation solutions glendale ca,https://shaffercon.com/service-areas/glendale/commercial-exhaust-fan-ventilation-wiring/,0,6,0.00%,11.50
infrastructure,https://shaffercon.com/industry-insights/california-2026-building-code-ev-charging-requirements-home-real-estate-trend-32-new-models/,0,1,0.00%,2.00
infrastructure electric vehicles,https://shaffercon.com/industry-insights/the-future-of-electric-vehicle-charging-why-infrastructure-matters-for-sustainable-growth/,0,1,0.00%,80.00
infrastructure for ev charging stations,https://shaffercon.com/industry-insights/the-essential-guide-to-ev-charging-infrastructure-benefits-strategies-and-future-trends,0,1,0.00%,36.00
infrastructure needed for electric cars,https://shaffercon.com/industry-insights/the-future-of-electric-vehicle-charging-why-infrastructure-matters-for-sustainable-growth/,0,1,0.00%,94.00
inglewood construction,https://shaffercon.com/service-areas/inglewood/,0,2,0.00%,10.00
inglewood electrician,https://shaffercon.com/service-areas/inglewood/,0,3,0.00%,36.67
inglewood general contractor,https://shaffercon.com/service-areas/inglewood/,0,2,0.00%,14.50
insideevs tesla reveals charging stats almost 2 million sessions per day investor day,https://shaffercon.com/industry-insights/tesla-worlds-largest-supercharger-los-angeles-curbside-charging-expansion-volkswagen-network-access-dynamic-pricing-long-beach-ev-infrastructure/,0,1,0.00%,9.00
inspection checklist for electrical panel,https://shaffercon.com/industry-insights/electrical-safety-inspection-checklist-los-angeles/,0,4,0.00%,28.75
instalasi listrik dapur,https://shaffercon.com/industry-insights/kitchen-electrical-requirements-outlet-placement-guide/,0,24,0.00%,29.96
install charger for mitsubishi,https://shaffercon.com/industry-insights/electric-vehicles-mitsubishi-chargers/,0,10,0.00%,12.70
install electric vehicle charging stations,https://shaffercon.com/industry-insights/the-ultimate-guide-to-ev-charger-installation-and-infrastructure-in-los-angeles/,0,5,0.00%,75.80
install ev charger at home,https://shaffercon.com/residential-ev-charger/,0,1,0.00%,1.00
install garage ventilation fan glendale,https://shaffercon.com/service-areas/glendale/commercial-exhaust-fan-ventilation-wiring/,0,26,0.00%,19.62
install garage ventilation fan glendale,https://shaffercon.com/service-areas/glendale/residential-exhaust-fan-ventilation-wiring,0,5,0.00%,6.00
install garage ventilation fan glendale,https://shaffercon.com/service-areas/glendale/residential-exhaust-fan-ventilation-wiring/,0,12,0.00%,6.17
install garage ventilation fan glendale ca,https://shaffercon.com/service-areas/glendale/commercial-exhaust-fan-ventilation-wiring/,0,14,0.00%,22.00
install garage ventilation near me glendale,https://shaffercon.com/service-areas/glendale/commercial-exhaust-fan-ventilation-wiring/,0,7,0.00%,14.00
install structured wiring in santa monica ca,https://shaffercon.com/service-areas/santa-monica/residential-data-network-av-wiring/,0,10,0.00%,6.00
install tesla supercharger at business,https://shaffercon.com/industry-insights/tesla-supercharger-business-program-us-dc-fast-charging-record-gas-stations-ev-chargers-california-leads-adoption/,0,3,0.00%,40.33
install torrance ca,https://shaffercon.com/service-areas/torrance/,0,1,0.00%,23.00
installation burbank ca,https://shaffercon.com/service-areas/burbank/,0,3,0.00%,47.67
installation ev public charging points trends,https://shaffercon.com/industry-insights/exploring-the-rapid-growth-and-key-trends-in-ev-charging-infrastructure-in-2023/,0,2,0.00%,27.50
installation of electric vehicle charging points,https://shaffercon.com/industry-insights/the-ultimate-guide-to-ev-charger-installation-and-infrastructure-in-los-angeles/,0,1,0.00%,76.00
installation of ev charging stations,https://shaffercon.com/industry-insights/the-ultimate-guide-to-ev-charger-installation-and-infrastructure-in-los-angeles/,0,16,0.00%,77.25
installation rules,https://shaffercon.com/industry-insights/california-title-24-electrical-requirements-renovations/,0,2,0.00%,73.50
installations covered by the nec include which of the following?,https://shaffercon.com/industry-insights/nec-2026-qualified-installer-requirement-charging-reliability-86-percent-commercial-roi-3-5-year-payback/,0,1,0.00%,30.00
installing a new one,https://shaffercon.com/industry-insights/kitchen-electrical-requirements-outlet-placement-guide/,0,1,0.00%,3.00
installing recessed lighting new construction,https://shaffercon.com/industry-insights/recessed-lighting-installation-guide/,0,1,0.00%,76.00
insulation contractors in santa clarita,https://shaffercon.com/service-areas/santa-clarita/,0,11,0.00%,64.82
insulation contractors in west hollywood,https://shaffercon.com/service-areas/west-hollywood/,0,2,0.00%,63.00
integrating ev charging,https://shaffercon.com/industry-insights/the-essential-guide-to-ev-charging-infrastructure-benefits-strategies-and-future-trends,0,2,0.00%,57.50
integrating ev charging,https://shaffercon.com/industry-insights/the-essential-guide-to-ev-charging-infrastructure-benefits-strategies-and-future-trends/,0,3,0.00%,46.00
investing in ev charging infrastructure,https://shaffercon.com/industry-insights/the-critical-importance-of-investing-in-ev-charging-infrastructure-for-a-sustainable-future/,0,5,0.00%,78.60
investing in ev charging stations,https://shaffercon.com/industry-insights/the-critical-importance-of-investing-in-ev-charging-infrastructure-for-a-sustainable-future/,0,1,0.00%,86.00
ira ev charging incentives commercial,https://shaffercon.com/industry-insights/commercial-ev-charging-stations-roi-guide-los-angeles/,0,8,0.00%,78.88
is echopark reputable,https://shaffercon.com/service-areas/echo-park/residential-energy-efficiency-upgrades,0,1,0.00%,10.00
is gfci required,https://shaffercon.com/industry-insights/gfci-safety-installation-guide/,0,1,0.00%,76.00
is it possible to charge electric car at home,https://shaffercon.com/residential-ev-charger/,0,1,0.00%,1.00
is ladbs online permit search free,https://shaffercon.com/industry-insights/ladbs-electrical-permit-process-step-by-step-guide/,0,1,0.00%,8.00
is ladbs permit search free,https://shaffercon.com/industry-insights/ladbs-electrical-permit-process-step-by-step-guide/,0,1,0.00%,9.00
is ladwp bill every 2 months,https://shaffercon.com/industry-insights/understanding-your-los-angeles-electrical-bill,0,1,0.00%,1.00
is this allowed in california,https://shaffercon.com/industry-insights/dedicated-circuits-when-why-home-appliances-need-them/,0,1,0.00%,3.00
it support for construction burbank,https://shaffercon.com/service-areas/burbank/,0,4,0.00%,49.75
julia schäfer construction,http://www.shaffercon.com/,0,1,0.00%,8.00
julia schäfer construction,https://shaffercon.com/contact-us/,0,1,0.00%,8.00
kenneth schafer,https://shaffercon.com/contact-us/,0,1,0.00%,11.00
kezia shaffer,https://shaffercon.com/contact-us/,0,1,0.00%,10.00
kia ev3 tesla supercharger,https://shaffercon.com/industry-insights/tesla-superchargers-80000-stalls-kia-ev3-35k-debut-ev-realty-truck-hub-tariffs-charging-costs-v2g-mainstream/,0,1,0.00%,9.00
kitchen,https://shaffercon.com/industry-insights/kitchen-electrical-requirements-outlet-placement-guide/,0,2,0.00%,3.50
kitchen and bathroom outlet,https://shaffercon.com/industry-insights/kitchen-electrical-requirements-outlet-placement-guide/,0,1,0.00%,3.00
"kitchen and dining room countertop receptacle outlets in dwelling units shall be installed on or above the countertop or work surface, but not more than _____ above the countertop or work surface.",https://shaffercon.com/industry-insights/kitchen-electrical-requirements-outlet-placement-guide/,0,18,0.00%,1.00
kitchen appliance circuits,https://shaffercon.com/industry-insights/kitchen-electrical-requirements-outlet-placement-guide/,0,11,0.00%,18.91
kitchen can lights,https://shaffercon.com/industry-insights/recessed-lighting-installation-guide/,0,1,0.00%,1.00
kitchen ceiling lights to replace fluorescent tubes,https://shaffercon.com/industry-insights/recessed-lighting-installation-guide/,0,1,0.00%,1.00
kitchen circuit,https://shaffercon.com/industry-insights/kitchen-electrical-requirements-outlet-placement-guide/,0,5,0.00%,5.60
kitchen circuit requirements,https://shaffercon.com/industry-insights/kitchen-electrical-requirements-outlet-placement-guide/,0,12,0.00%,16.33
kitchen circuits,https://shaffercon.com/industry-insights/kitchen-electrical-requirements-outlet-placement-guide/,0,12,0.00%,13.83
kitchen code requirements,https://shaffercon.com/industry-insights/kitchen-electrical-requirements-outlet-placement-guide/,0,11,0.00%,13.00
kitchen counter outlet code,https://shaffercon.com/industry-insights/kitchen-electrical-requirements-outlet-placement-guide/,0,2,0.00%,45.00
kitchen counter plugs code,https://shaffercon.com/industry-insights/kitchen-electrical-requirements-outlet-placement-guide/,0,1,0.00%,45.00
kitchen countertop outlet spacing diagram nec,https://shaffercon.com/industry-insights/kitchen-electrical-requirements-outlet-placement-guide/,0,1,0.00%,8.00
kitchen countertop outlet spacing requirements,https://shaffercon.com/industry-insights/kitchen-electrical-requirements-outlet-placement-guide/,0,1,0.00%,9.00
kitchen countertop outlets code,https://shaffercon.com/industry-insights/kitchen-electrical-requirements-outlet-placement-guide/,0,1,0.00%,39.00
kitchen dedicated circuits,https://shaffercon.com/industry-insights/kitchen-electrical-requirements-outlet-placement-guide/,0,1,0.00%,3.00
kitchen electrical,https://shaffercon.com/industry-insights/kitchen-electrical-requirements-outlet-placement-guide/,0,75,0.00%,18.77
kitchen electrical circuits,https://shaffercon.com/industry-insights/kitchen-electrical-requirements-outlet-placement-guide/,0,5,0.00%,11.80
kitchen electrical code,https://shaffercon.com/industry-insights/kitchen-electrical-requirements-outlet-placement-guide/,0,41,0.00%,13.00
kitchen electrical code requirements,https://shaffercon.com/industry-insights/kitchen-electrical-requirements-outlet-placement-guide/,0,49,0.00%,10.59
kitchen electrical codes,https://shaffercon.com/industry-insights/kitchen-electrical-requirements-outlet-placement-guide/,0,16,0.00%,12.75
kitchen electrical installation,https://shaffercon.com/industry-insights/kitchen-electrical-requirements-outlet-placement-guide/,0,129,0.00%,12.79
kitchen electrical layout,https://shaffercon.com/industry-insights/kitchen-electrical-requirements-outlet-placement-guide/,0,5,0.00%,37.20
kitchen electrical outlet,https://shaffercon.com/industry-insights/kitchen-electrical-requirements-outlet-placement-guide/,0,1,0.00%,1.00
kitchen electrical outlet code,https://shaffercon.com/industry-insights/kitchen-electrical-requirements-outlet-placement-guide/,0,15,0.00%,30.20
kitchen electrical outlet layout,https://shaffercon.com/industry-insights/kitchen-electrical-requirements-outlet-placement-guide/,0,1,0.00%,8.00
kitchen electrical outlet placement,https://shaffercon.com/industry-insights/kitchen-electrical-requirements-outlet-placement-guide/,0,1,0.00%,15.00
kitchen electrical outlet spacing requirements nec,https://shaffercon.com/industry-insights/kitchen-electrical-requirements-outlet-placement-guide/,0,21,0.00%,7.52
kitchen electrical outlets,https://shaffercon.com/industry-insights/kitchen-electrical-requirements-outlet-placement-guide/,0,4,0.00%,1.25
kitchen electrical plan,https://shaffercon.com/industry-insights/kitchen-electrical-requirements-outlet-placement-guide/,0,3,0.00%,13.67
kitchen electrical remodel,https://shaffercon.com/industry-insights/kitchen-electrical-requirements-outlet-placement-guide/,0,4,0.00%,12.50
kitchen electrical requirements,https://shaffercon.com/industry-insights/kitchen-electrical-requirements-outlet-placement-guide/,0,14,0.00%,11.50
kitchen electrical requirements remodel,https://shaffercon.com/industry-insights/kitchen-electrical-requirements-outlet-placement-guide,0,1,0.00%,6.00
kitchen electrical requirements remodel,https://shaffercon.com/industry-insights/kitchen-electrical-requirements-outlet-placement-guide/,0,36,0.00%,7.69
kitchen electrical upgrade,https://shaffercon.com/industry-insights/kitchen-electrical-requirements-outlet-placement-guide/,0,3,0.00%,12.00
kitchen electrical wiring,https://shaffercon.com/industry-insights/kitchen-electrical-requirements-outlet-placement-guide/,0,8,0.00%,34.62
kitchen electrical work,https://shaffercon.com/industry-insights/kitchen-electrical-requirements-outlet-placement-guide/,0,1,0.00%,19.00
kitchen electrical zones,https://shaffercon.com/industry-insights/kitchen-electrical-requirements-outlet-placement-guide/,0,1,0.00%,57.00
kitchen electricity,https://shaffercon.com/industry-insights/kitchen-electrical-requirements-outlet-placement-guide/,0,3,0.00%,13.33
kitchen exhaust fan cleaning​ planada,https://shaffercon.com/service-areas/echo-park/commercial-outlet-switch-dimmer-services/,0,1,0.00%,81.00
kitchen exhaust fan motor replacement glendale,https://shaffercon.com/service-areas/glendale/commercial-exhaust-fan-ventilation-wiring/,0,1,0.00%,34.00
kitchen exhaust fan motor replacement glendale,https://shaffercon.com/service-areas/glendale/residential-exhaust-fan-ventilation-wiring,0,4,0.00%,11.25
kitchen exhaust fan motor replacement glendale,https://shaffercon.com/service-areas/glendale/residential-exhaust-fan-ventilation-wiring/,0,1,0.00%,12.00
kitchen exhaust installation glendale,https://shaffercon.com/service-areas/glendale/commercial-exhaust-fan-ventilation-wiring/,0,11,0.00%,11.00
kitchen exhaust installation glendale ca,https://shaffercon.com/service-areas/glendale/commercial-exhaust-fan-ventilation-wiring/,0,1,0.00%,18.00
kitchen island code requirements,https://shaffercon.com/industry-insights/kitchen-electrical-requirements-outlet-placement-guide/,0,6,0.00%,48.50
kitchen island outlet placement,https://shaffercon.com/industry-insights/kitchen-electrical-requirements-outlet-placement-guide/,0,1,0.00%,1.00
kitchen island outlet requirements,https://shaffercon.com/industry-insights/kitchen-electrical-requirements-outlet-placement-guide/,0,2,0.00%,59.50
kitchen island outlets,https://shaffercon.com/industry-insights/kitchen-electrical-requirements-outlet-placement-guide/,0,1,0.00%,6.00
kitchen nec code,https://shaffercon.com/industry-insights/kitchen-electrical-requirements-outlet-placement-guide/,0,1,0.00%,1.00
kitchen outlet,https://shaffercon.com/industry-insights/kitchen-electrical-requirements-outlet-placement-guide/,0,4,0.00%,3.00
kitchen outlet code,https://shaffercon.com/industry-insights/kitchen-electrical-requirements-outlet-placement-guide/,0,45,0.00%,6.49
kitchen outlet code requirements,https://shaffercon.com/industry-insights/kitchen-electrical-requirements-outlet-placement-guide/,0,29,0.00%,6.97
kitchen outlet code spacing,https://shaffercon.com/industry-insights/kitchen-electrical-requirements-outlet-placement-guide/,0,1,0.00%,11.00
kitchen outlet height,https://shaffercon.com/industry-insights/kitchen-electrical-requirements-outlet-placement-guide/,0,1,0.00%,3.00
kitchen outlet layout,https://shaffercon.com/industry-insights/kitchen-electrical-requirements-outlet-placement-guide/,0,2,0.00%,2.00
kitchen outlet locations,https://shaffercon.com/industry-insights/kitchen-electrical-requirements-outlet-placement-guide/,0,1,0.00%,3.00
kitchen outlet placement,https://shaffercon.com/industry-insights/kitchen-electrical-requirements-outlet-placement-guide/,0,4,0.00%,33.75
kitchen outlet requirements,https://shaffercon.com/industry-insights/kitchen-electrical-requirements-outlet-placement-guide/,0,27,0.00%,9.56
kitchen outlet rules,https://shaffercon.com/industry-insights/kitchen-electrical-requirements-outlet-placement-guide/,0,5,0.00%,5.40
kitchen outlet spacing code,https://shaffercon.com/industry-insights/kitchen-electrical-requirements-outlet-placement-guide/,0,6,0.00%,16.33
kitchen outlet spacing requirements,https://shaffercon.com/industry-insights/kitchen-electrical-requirements-outlet-placement-guide/,0,5,0.00%,12.60
kitchen outlets,https://shaffercon.com/industry-insights/kitchen-electrical-requirements-outlet-placement-guide/,0,1,0.00%,3.00
kitchen outlets code,https://shaffercon.com/industry-insights/kitchen-electrical-requirements-outlet-placement-guide/,0,22,0.00%,16.55
kitchen plugs code,https://shaffercon.com/industry-insights/kitchen-electrical-requirements-outlet-placement-guide/,0,5,0.00%,18.80
kitchen power,https://shaffercon.com/industry-insights/kitchen-electrical-requirements-outlet-placement-guide/,0,1,0.00%,2.00
kitchen power outlets,https://shaffercon.com/industry-insights/kitchen-electrical-requirements-outlet-placement-guide/,0,1,0.00%,1.00
kitchen receptacle,https://shaffercon.com/industry-insights/kitchen-electrical-requirements-outlet-placement-guide/,0,5,0.00%,3.00
kitchen receptacle code,https://shaffercon.com/industry-insights/kitchen-electrical-requirements-outlet-placement-guide/,0,14,0.00%,24.21
kitchen receptacle requirements,https://shaffercon.com/industry-insights/kitchen-electrical-requirements-outlet-placement-guide/,0,8,0.00%,11.12
kitchen receptacle spacing,https://shaffercon.com/industry-insights/kitchen-electrical-requirements-outlet-placement-guide/,0,6,0.00%,4.00
kitchen receptacle wiring,https://shaffercon.com/industry-insights/kitchen-electrical-requirements-outlet-placement-guide/,0,3,0.00%,31.67
kitchen receptacles,https://shaffercon.com/industry-insights/kitchen-electrical-requirements-outlet-placement-guide/,0,5,0.00%,33.40
kitchen receptacles code,https://shaffercon.com/industry-insights/kitchen-electrical-requirements-outlet-placement-guide/,0,4,0.00%,18.75
kitchen recessed lighting layout,https://shaffercon.com/industry-insights/recessed-lighting-installation-guide/,0,1,0.00%,1.00
kitchen sink outlets,https://shaffercon.com/industry-insights/kitchen-electrical-requirements-outlet-placement-guide/,0,1,0.00%,6.00
kitchen sockets regulations,https://shaffercon.com/industry-insights/kitchen-electrical-requirements-outlet-placement-guide/,0,2,0.00%,15.00
kitchen stove plug,https://shaffercon.com/industry-insights/kitchen-electrical-requirements-outlet-placement-guide/,0,1,0.00%,1.00
kitchen wiring,https://shaffercon.com/industry-insights/kitchen-electrical-requirements-outlet-placement-guide/,0,107,0.00%,33.07
kitchen wiring code,https://shaffercon.com/industry-insights/kitchen-electrical-requirements-outlet-placement-guide/,0,10,0.00%,13.40
kitchen wiring guide,https://shaffercon.com/industry-insights/kitchen-electrical-requirements-outlet-placement-guide/,0,22,0.00%,17.91
kitchen wiring layout,https://shaffercon.com/industry-insights/kitchen-electrical-requirements-outlet-placement-guide/,0,1,0.00%,8.00
kitchen wiring plan,https://shaffercon.com/industry-insights/kitchen-electrical-requirements-outlet-placement-guide/,0,3,0.00%,16.67
kitchen wiring regulations,https://shaffercon.com/industry-insights/kitchen-electrical-requirements-outlet-placement-guide/,0,7,0.00%,8.43
kitchen wiring requirements,https://shaffercon.com/industry-insights/kitchen-electrical-requirements-outlet-placement-guide/,0,11,0.00%,12.91
la,https://shaffercon.com/industry-insights/california-2026-building-code-ev-charging-requirements-home-real-estate-trend-32-new-models/,0,1,0.00%,6.00
la building and safety permit,https://shaffercon.com/industry-insights/ladbs-electrical-permit-process-step-by-step-guide/,0,2,0.00%,41.50
la ceiling fan installation,https://shaffercon.com/industry-insights/ceiling-fan-installation-benefits-aesthetics,0,16,0.00%,11.75
la city,https://shaffercon.com/industry-insights/ladbs-electrical-permit-process-step-by-step-guide/,0,1,0.00%,14.00
la costa ca kitchen recessed lighting design,https://shaffercon.com/industry-insights/recessed-lighting-installation-guide/,0,1,0.00%,12.00
la costa ca living room recessed lighting,https://shaffercon.com/industry-insights/recessed-lighting-installation-guide/,0,2,0.00%,32.00
la costa ca recessed lighting,https://shaffercon.com/industry-insights/recessed-lighting-installation-guide/,0,1,0.00%,4.00
la costa ca recessed lighting design,https://shaffercon.com/industry-insights/recessed-lighting-installation-guide/,0,1,0.00%,20.00
labds permit,https://shaffercon.com/industry-insights/ladbs-electrical-permit-process-step-by-step-guide/,0,1,0.00%,5.00
ladbs,https://shaffercon.com/industry-insights/ladbs-electrical-permit-process-step-by-step-guide/,0,1,0.00%,23.00
ladbs application,https://shaffercon.com/industry-insights/ladbs-electrical-permit-process-step-by-step-guide/,0,2,0.00%,17.00
ladbs application for building permit,https://shaffercon.com/industry-insights/ladbs-electrical-permit-process-step-by-step-guide/,0,7,0.00%,10.57
ladbs building application,https://shaffercon.com/industry-insights/ladbs-electrical-permit-process-step-by-step-guide/,0,2,0.00%,10.50
ladbs building permit,https://shaffercon.com/industry-insights/ladbs-electrical-permit-process-step-by-step-guide/,0,6,0.00%,9.83
ladbs building permit application,https://shaffercon.com/industry-insights/ladbs-electrical-permit-process-step-by-step-guide/,0,9,0.00%,9.11
ladbs e permit,https://shaffercon.com/industry-insights/ladbs-electrical-permit-process-step-by-step-guide/,0,2,0.00%,17.50
ladbs electrical permit,https://shaffercon.com/industry-insights/ladbs-electrical-permit-process-step-by-step-guide/,0,31,0.00%,8.35
ladbs electrical permit application,https://shaffercon.com/industry-insights/ladbs-electrical-permit-process-step-by-step-guide/,0,54,0.00%,7.78
ladbs express permit,https://shaffercon.com/industry-insights/ladbs-electrical-permit-process-step-by-step-guide/,0,25,0.00%,15.40
ladbs express permits,https://shaffercon.com/industry-insights/ladbs-electrical-permit-process-step-by-step-guide/,0,4,0.00%,17.25
ladbs express permits water heater replacement,https://shaffercon.com/industry-insights/electric-water-heater-installation-requirements-costs/,0,2,0.00%,9.00
ladbs express permits water heater replacement,https://shaffercon.com/industry-insights/ladbs-electrical-permit-process-step-by-step-guide/,0,6,0.00%,10.00
ladbs fee schedule,https://shaffercon.com/industry-insights/ladbs-electrical-permit-process-step-by-step-guide/,0,1,0.00%,10.00
ladbs full form,https://shaffercon.com/industry-insights/ladbs-electrical-permit-process-step-by-step-guide/,0,8,0.00%,6.38
ladbs inspection,https://shaffercon.com/industry-insights/ladbs-electrical-permit-process-step-by-step-guide/,0,27,0.00%,14.19
ladbs inspection schedule,https://shaffercon.com/industry-insights/ladbs-electrical-permit-process-step-by-step-guide/,0,14,0.00%,10.86
ladbs inspection time frame,https://shaffercon.com/industry-insights/ladbs-electrical-permit-process-step-by-step-guide/,0,3,0.00%,13.67
ladbs meaning,https://shaffercon.com/industry-insights/ladbs-electrical-permit-process-step-by-step-guide/,0,1,0.00%,9.00
ladbs mechanical permit fees ac installation,https://shaffercon.com/industry-insights/ladbs-electrical-permit-process-step-by-step-guide/,0,2,0.00%,7.50
ladbs modification,https://shaffercon.com/industry-insights/ladbs-electrical-permit-process-step-by-step-guide/,0,3,0.00%,11.67
ladbs online permit,https://shaffercon.com/industry-insights/ladbs-electrical-permit-process-step-by-step-guide/,0,5,0.00%,14.40
ladbs online permits,https://shaffercon.com/industry-insights/ladbs-electrical-permit-process-step-by-step-guide/,0,1,0.00%,9.00
ladbs over the counter permit,https://shaffercon.com/industry-insights/ladbs-electrical-permit-process-step-by-step-guide/,0,4,0.00%,20.75
ladbs pcis,https://shaffercon.com/industry-insights/ladbs-electrical-permit-process-step-by-step-guide/,0,1,0.00%,9.00
ladbs pcis application,https://shaffercon.com/industry-insights/ladbs-electrical-permit-process-step-by-step-guide/,0,5,0.00%,8.80
ladbs permit,https://shaffercon.com/industry-insights/ladbs-electrical-permit-process-step-by-step-guide/,0,504,0.00%,8.95
ladbs permit & inspection report,https://shaffercon.com/industry-insights/ladbs-electrical-permit-process-step-by-step-guide/,0,1,0.00%,34.00
ladbs permit and inspection report,https://shaffercon.com/industry-insights/ladbs-electrical-permit-process-step-by-step-guide/,0,4,0.00%,23.00
ladbs permit application,https://shaffercon.com/industry-insights/ladbs-electrical-permit-process-step-by-step-guide/,0,36,0.00%,10.17
ladbs permit check,https://shaffercon.com/industry-insights/ladbs-electrical-permit-process-step-by-step-guide/,0,1,0.00%,27.00
ladbs permit expeditor,https://shaffercon.com/industry-insights/ladbs-electrical-permit-process-step-by-step-guide/,0,36,0.00%,30.56
ladbs permit fee calculator,https://shaffercon.com/industry-insights/ladbs-electrical-permit-process-step-by-step-guide/,0,2,0.00%,10.50
ladbs permit inspection,https://shaffercon.com/industry-insights/ladbs-electrical-permit-process-step-by-step-guide/,0,8,0.00%,11.12
ladbs permit online,https://shaffercon.com/industry-insights/ladbs-electrical-permit-process-step-by-step-guide/,0,4,0.00%,16.00
ladbs permit payment,https://shaffercon.com/industry-insights/ladbs-electrical-permit-process-step-by-step-guide/,0,1,0.00%,14.00
ladbs permit request,https://shaffercon.com/industry-insights/ladbs-electrical-permit-process-step-by-step-guide/,0,4,0.00%,15.50
ladbs permits,https://shaffercon.com/industry-insights/ladbs-electrical-permit-process-step-by-step-guide/,0,14,0.00%,21.07
ladbs plan check,https://shaffercon.com/industry-insights/ladbs-electrical-permit-process-step-by-step-guide/,0,2,0.00%,17.50
ladbs plan check process timeline,https://shaffercon.com/industry-insights/ladbs-electrical-permit-process-step-by-step-guide/,0,59,0.00%,11.93
ladbs pull permit,https://shaffercon.com/industry-insights/ladbs-electrical-permit-process-step-by-step-guide/,0,3,0.00%,8.67
ladbs supplemental permit,https://shaffercon.com/industry-insights/ladbs-electrical-permit-process-step-by-step-guide/,0,1,0.00%,14.00
ladbs temporary power pole permit,https://shaffercon.com/industry-insights/ladbs-electrical-permit-process-step-by-step-guide/,0,4,0.00%,8.50
ladbs west la,https://shaffercon.com/industry-insights/ladbs-electrical-permit-process-step-by-step-guide/,0,1,0.00%,37.00
ladbs what is it,https://shaffercon.com/industry-insights/ladbs-electrical-permit-process-step-by-step-guide/,0,3,0.00%,10.00
ladbs.org express permit,https://shaffercon.com/industry-insights/ladbs-electrical-permit-process-step-by-step-guide/,0,2,0.00%,18.50
ladbs.org permit,https://shaffercon.com/industry-insights/ladbs-electrical-permit-process-step-by-step-guide/,0,1,0.00%,16.00
ladwp bill breakdown for homeowners,https://shaffercon.com/industry-insights/understanding-your-los-angeles-electrical-bill,0,19,0.00%,6.42
ladwp bill components electricity water charges,https://shaffercon.com/industry-insights/understanding-your-los-angeles-electrical-bill,0,4,0.00%,6.25
ladwp bill components for homeowners,https://shaffercon.com/industry-insights/understanding-your-los-angeles-electrical-bill,0,14,0.00%,3.93
ladwp bill components plain english,https://shaffercon.com/industry-insights/understanding-your-los-angeles-electrical-bill,0,6,0.00%,4.00
ladwp bill line items breakdown explained,https://shaffercon.com/industry-insights/understanding-your-los-angeles-electrical-bill,0,3,0.00%,4.33
ladwp bill line items explained,https://shaffercon.com/industry-insights/understanding-your-los-angeles-electrical-bill,0,49,0.00%,2.96
ladwp bill line items explained breakdown,https://shaffercon.com/industry-insights/understanding-your-los-angeles-electrical-bill,0,37,0.00%,4.19
ladwp bill line items explained residential,https://shaffercon.com/industry-insights/understanding-your-los-angeles-electrical-bill,0,31,0.00%,2.97
ladwp bill line items explanation,https://shaffercon.com/industry-insights/understanding-your-los-angeles-electrical-bill,0,7,0.00%,5.57
ladwp electric rates time of day,https://shaffercon.com/industry-insights/understanding-your-los-angeles-electrical-bill,0,2,0.00%,1.00
ladwp how to read your bill,https://shaffercon.com/industry-insights/understanding-your-los-angeles-electrical-bill,0,3,0.00%,6.33
ladwp how to read your bill residential,https://shaffercon.com/industry-insights/understanding-your-los-angeles-electrical-bill,0,5,0.00%,5.40
ladwp residential bill breakdown explained,https://shaffercon.com/industry-insights/understanding-your-los-angeles-electrical-bill,0,8,0.00%,12.75
ladwp residential bill breakdown explained line items,https://shaffercon.com/industry-insights/understanding-your-los-angeles-electrical-bill,0,9,0.00%,5.22
ladwp residential bill breakdown line items explained,https://shaffercon.com/industry-insights/understanding-your-los-angeles-electrical-bill,0,4,0.00%,3.25
ladwp residential bill components plain english,https://shaffercon.com/industry-insights/understanding-your-los-angeles-electrical-bill,0,1,0.00%,7.00
ladwp residential bill line items breakdown explained,https://shaffercon.com/industry-insights/understanding-your-los-angeles-electrical-bill,0,119,0.00%,4.32
ladwp residential bill line items breakdown explained plain language,https://shaffercon.com/industry-insights/understanding-your-los-angeles-electrical-bill,0,20,0.00%,3.05
ladwp residential bill line items breakdown explanation,https://shaffercon.com/industry-insights/understanding-your-los-angeles-electrical-bill,0,40,0.00%,4.47
ladwp residential bill line items breakdown explanation plain language,https://shaffercon.com/industry-insights/understanding-your-los-angeles-electrical-bill,0,4,0.00%,3.50
ladwp residential bill line items explained,https://shaffercon.com/industry-insights/understanding-your-los-angeles-electrical-bill,0,133,0.00%,3.03
ladwp residential bill line items explained breakdown,https://shaffercon.com/industry-insights/understanding-your-los-angeles-electrical-bill,0,60,0.00%,4.13
ladwp residential bill line items explained breakdown plain language,https://shaffercon.com/industry-insights/understanding-your-los-angeles-electrical-bill,0,2,0.00%,3.50
ladwp residential bill line items explained plain language,https://shaffercon.com/industry-insights/understanding-your-los-angeles-electrical-bill,0,31,0.00%,3.00
ladwp residential bill line items explained sample bill,https://shaffercon.com/industry-insights/understanding-your-los-angeles-electrical-bill,0,5,0.00%,4.40
ladwp residential bill line items explained sample bill breakdown,https://shaffercon.com/industry-insights/understanding-your-los-angeles-electrical-bill,0,17,0.00%,4.59
ladwp residential bill line items explained sample breakdown,https://shaffercon.com/industry-insights/understanding-your-los-angeles-electrical-bill,0,1,0.00%,5.00
ladwp residential bill line items explanation,https://shaffercon.com/industry-insights/understanding-your-los-angeles-electrical-bill,0,20,0.00%,4.40
ladwp residential bill line items explanation breakdown,https://shaffercon.com/industry-insights/understanding-your-los-angeles-electrical-bill,0,14,0.00%,4.64
ladwp residential bill line items explanation plain language,https://shaffercon.com/industry-insights/understanding-your-los-angeles-electrical-bill,0,1,0.00%,3.00
ladwp residential electric bill line items explained,https://shaffercon.com/industry-insights/understanding-your-los-angeles-electrical-bill,0,6,0.00%,2.83
ladwp residential electricity bill line items explained,https://shaffercon.com/industry-insights/understanding-your-los-angeles-electrical-bill,0,6,0.00%,3.17
ladwp residential electricity rate cents per kwh 2025,https://shaffercon.com/industry-insights/understanding-your-los-angeles-electrical-bill,0,2,0.00%,7.50
ladwp residential utility bill line items breakdown explained,https://shaffercon.com/industry-insights/understanding-your-los-angeles-electrical-bill,0,1,0.00%,4.00
ladwp residential water bill breakdown line items explained,https://shaffercon.com/industry-insights/understanding-your-los-angeles-electrical-bill,0,2,0.00%,5.50
ladwp residential water bill line items explained,https://shaffercon.com/industry-insights/understanding-your-los-angeles-electrical-bill,0,1,0.00%,6.00
ladwp sample bill explanation,https://shaffercon.com/industry-insights/understanding-your-los-angeles-electrical-bill,0,5,0.00%,9.20
ladwp sample bill explanation for homeowners,https://shaffercon.com/industry-insights/understanding-your-los-angeles-electrical-bill,0,2,0.00%,5.50
ladwp sample residential bill explanation for homeowners,https://shaffercon.com/industry-insights/understanding-your-los-angeles-electrical-bill,0,2,0.00%,9.50
ladwp sample residential bill explanation plain language,https://shaffercon.com/industry-insights/understanding-your-los-angeles-electrical-bill,0,1,0.00%,5.00
ladwp time of use rates,https://shaffercon.com/industry-insights/understanding-your-los-angeles-electrical-bill,0,15,0.00%,2.33
ladwp understand your bill residential,https://shaffercon.com/industry-insights/understanding-your-los-angeles-electrical-bill,0,1,0.00%,5.00
ladwp understanding your bill residential,https://shaffercon.com/industry-insights/understanding-your-los-angeles-electrical-bill,0,13,0.00%,5.85
landmark pasadena,https://shaffercon.com/service-areas/pasadena/,0,1,0.00%,1.00
landscape light installation pasadena,https://shaffercon.com/service-areas/pasadena/commercial-landscape-outdoor-lighting,0,1,0.00%,12.00
landscape light installation pasadena,https://shaffercon.com/service-areas/torrance/residential-landscape-outdoor-lighting,0,8,0.00%,58.50
landscape lighting design pacific palisades,https://shaffercon.com/service-areas/pacific-palisades/residential-landscape-outdoor-lighting/,0,33,0.00%,7.42
"landscape lighting design pacific palisades, ca",https://shaffercon.com/service-areas/pacific-palisades/residential-landscape-outdoor-lighting/,0,18,0.00%,5.28
landscape lighting glendale,https://shaffercon.com/service-areas/glendale/commercial-landscape-outdoor-lighting,0,5,0.00%,26.80
landscape lighting glendale,https://shaffercon.com/service-areas/glendale/residential-landscape-outdoor-lighting,0,14,0.00%,19.79
landscape lighting glendale,https://shaffercon.com/service-areas/glendale/residential-landscape-outdoor-lighting/,0,84,0.00%,9.12
landscape lighting installation in los angeles,https://shaffercon.com/industry-insights/landscape-lighting-design-installation-los-angeles,0,1,0.00%,23.00
landscape lighting installation in los angeles,https://shaffercon.com/industry-insights/outdoor-lighting-installation-guide-los-angeles/,0,2,0.00%,19.50
landscape lighting installation los angeles,https://shaffercon.com/industry-insights/landscape-lighting-design-installation-los-angeles,0,3,0.00%,11.33
landscape lighting installation los angeles,https://shaffercon.com/industry-insights/outdoor-lighting-installation-guide-los-angeles/,0,2,0.00%,28.50
landscape lighting installation valencia,https://shaffercon.com/service-areas/santa-clarita/commercial-landscape-outdoor-lighting/,0,3,0.00%,74.67
landscape lighting installer los angeles,https://shaffercon.com/industry-insights/outdoor-lighting-installation-guide-los-angeles/,0,1,0.00%,36.00
landscape lighting los angeles,https://shaffercon.com/industry-insights/outdoor-lighting-installation-guide-los-angeles/,0,2,0.00%,56.50
landscape lighting services in highland village,https://shaffercon.com/service-areas/highland-park/commercial-landscape-outdoor-lighting/,0,6,0.00%,43.00
landscape lighting services in westover hills,https://shaffercon.com/service-areas/torrance/residential-landscape-outdoor-lighting,0,1,0.00%,95.00
largest ev charging station in usa,https://shaffercon.com/industry-insights/tesla-worlds-largest-supercharger-los-angeles-curbside-charging-expansion-volkswagen-network-access-dynamic-pricing-long-beach-ev-infrastructure/,0,1,0.00%,1.00
largest tesla supercharger station east coast usa 2026,https://shaffercon.com/industry-insights/tesla-worlds-largest-supercharger-los-angeles-curbside-charging-expansion-volkswagen-network-access-dynamic-pricing-long-beach-ev-infrastructure/,0,5,0.00%,17.40
latest electrical regulations,https://shaffercon.com/industry-insights/california-title-24-electrical-requirements-renovations/,0,2,0.00%,36.00
led ceiling lights to replace fluorescent tubes,https://shaffercon.com/industry-insights/recessed-lighting-installation-guide/,0,1,0.00%,1.00
led housing,https://shaffercon.com/industry-insights/recessed-lighting-installation-guide/,0,1,0.00%,1.00
led landscape lighting highland park,https://shaffercon.com/service-areas/highland-park/commercial-landscape-outdoor-lighting/,0,5,0.00%,18.20
led landscape lighting highland park,https://shaffercon.com/service-areas/highland-park/residential-landscape-outdoor-lighting/,0,5,0.00%,15.40
led landscape lighting services venice,https://shaffercon.com/service-areas/venice/commercial-landscape-outdoor-lighting,0,1,0.00%,13.00
led landscape lighting services venice,https://shaffercon.com/service-areas/venice/residential-landscape-outdoor-lighting,0,1,0.00%,7.00
led light panel replacement,https://shaffercon.com/industry-insights/recessed-lighting-installation-guide/,0,2,0.00%,2.50
led lighting conversion projects from fluorescent to led in usa contractors,https://shaffercon.com/led-retrofit-services/,0,13,0.00%,5.54
led lighting conversion projects from fluorescent usa contractors,https://shaffercon.com/led-retrofit-services/,0,2,0.00%,11.50
led lighting installation beverly hills ca,https://shaffercon.com/led-retrofit-services/,0,1,0.00%,100.00
led lighting installation beverly hills ca,https://shaffercon.com/service-areas/beverly-hills/,0,1,0.00%,89.00
led lighting retrofit companies,https://shaffercon.com/led-retrofit-services/,0,18,0.00%,69.56
led lighting retrofit contractors,https://shaffercon.com/led-retrofit-services/,0,162,0.00%,21.60
led lighting retrofit los gatos,https://shaffercon.com/led-retrofit-services/,0,5,0.00%,35.40
led lighting retrofit services,https://shaffercon.com/led-retrofit-services/,0,3,0.00%,43.33
led lighting retrofit watsonville,https://shaffercon.com/led-retrofit-services/,0,10,0.00%,14.60
led lighting upgrade services,https://shaffercon.com/led-retrofit-services/,0,31,0.00%,4.19
led lighting upgrade services companies,https://shaffercon.com/led-retrofit-services/,0,1,0.00%,8.00
led lights for house ceiling,https://shaffercon.com/industry-insights/recessed-lighting-installation-guide/,0,1,0.00%,1.00
led lights under kitchen cabinets,https://shaffercon.com/industry-insights/kitchen-electrical-requirements-outlet-placement-guide/,0,1,0.00%,1.00
led panel light replacement,https://shaffercon.com/industry-insights/recessed-lighting-installation-guide/,0,1,0.00%,1.00
led recessed lighting installation cost,https://shaffercon.com/industry-insights/recessed-lighting-installation-guide/,0,1,0.00%,72.00
led retrofit companies,https://shaffercon.com/led-retrofit-services/,0,2,0.00%,17.00
led retrofit company,https://shaffercon.com/led-retrofit-services/,0,72,0.00%,39.18
led retrofit contractors,https://shaffercon.com/led-retrofit-services/,0,20,0.00%,21.70
led retrofit services,https://shaffercon.com/led-retrofit-services/,0,223,0.00%,11.03
led retrofit services santa cruz,https://shaffercon.com/led-retrofit-services/,0,1,0.00%,25.00
led retrofit upgrade services,https://shaffercon.com/led-retrofit-services/,0,5,0.00%,16.20
led retrofitting services,https://shaffercon.com/led-retrofit-services/,0,7,0.00%,43.14
level 2 charger install,https://shaffercon.com/industry-insights/the-ultimate-guide-to-ev-charger-installation-and-infrastructure-in-los-angeles/,0,1,0.00%,85.00
level 2 charger installation requirements,https://shaffercon.com/industry-insights/the-ultimate-guide-to-ev-charger-installation-and-infrastructure-in-los-angeles/,0,2,0.00%,72.00
level 2 ev charger installer,https://shaffercon.com/service-areas/torrance/residential-ev-charger-installation/,0,1,0.00%,35.00
level 3 ev charger installation,https://shaffercon.com/industry-insights/the-ultimate-guide-to-ev-charger-installation-and-infrastructure-in-los-angeles/,0,2,0.00%,79.00
level 3 ev charging for retail properties,https://shaffercon.com/industry-insights/installing-ev-chargers-in-los-angeles-your-guide-to-a-greener-future/,0,2,0.00%,65.00
level 3 ev charging for retail properties,https://shaffercon.com/industry-insights/the-future-is-electric-the-importance-of-ev-charging-stations-in-commercial-properties,0,1,0.00%,90.00
level 3 ev charging for retail properties,https://shaffercon.com/industry-insights/the-future-is-electric-the-importance-of-ev-charging-stations-in-commercial-properties/,0,8,0.00%,74.50
level 3 ev charging installation,https://shaffercon.com/industry-insights/the-ultimate-guide-to-ev-charger-installation-and-infrastructure-in-los-angeles/,0,4,0.00%,68.50
lfp battery,https://shaffercon.com/industry-insights/autel-nayax-100k-contactless-payments-multifamily-charging-solutions-catl-sodium-ion-ai-grid-integration/,0,1,0.00%,1.00
licensed and insured contractor hollywood,https://shaffercon.com/service-areas/hollywood/,0,1,0.00%,43.00
licensed construction security torrance,https://shaffercon.com/residential-security-motion-lighting/,0,4,0.00%,19.25
licensed electrical contractor in long beach,https://shaffercon.com/service-areas/long-beach/,0,26,0.00%,41.92
licensed electrical contractors beverly hills,https://shaffercon.com/service-areas/beverly-hills/,0,27,0.00%,16.30
licensed electrician altadena,https://shaffercon.com/service-areas/altadena/,0,11,0.00%,40.18
licensed electrician for upgrades in los angeles ca,https://shaffercon.com/industry-insights/complete-guide-electrical-panel-upgrades-los-angeles/,0,9,0.00%,20.44
licensed electrician sherman oaks,https://shaffercon.com/service-areas/sherman-oaks/,0,7,0.00%,17.71
"licensed electrician west hollywood, ca",https://shaffercon.com/service-areas/west-hollywood/,0,6,0.00%,11.83
licensed solar security santa monica,https://shaffercon.com/service-areas/santa-monica/,0,2,0.00%,14.00
licensed solar security santa monica,https://shaffercon.com/service-areas/santa-monica/commercial-security-motion-lighting,0,1,0.00%,11.00
licensed solar security santa monica,https://shaffercon.com/service-areas/santa-monica/residential-security-motion-lighting,0,4,0.00%,8.50
licensed solar security santa monica,https://shaffercon.com/service-areas/santa-monica/residential-security-motion-lighting/,0,1,0.00%,9.00
licensed solar security torrance,https://shaffercon.com/service-areas/torrance/,0,4,0.00%,6.25
licensed solar security torrance,https://shaffercon.com/service-areas/torrance/commercial-security-motion-lighting/,0,5,0.00%,11.00
licensed solar security torrance,https://shaffercon.com/service-areas/torrance/residential-security-motion-lighting/,0,6,0.00%,7.83
licensed solar security west hollywood,https://shaffercon.com/service-areas/west-hollywood/commercial-security-motion-lighting/,0,8,0.00%,12.00
licensed solar security west hollywood,https://shaffercon.com/service-areas/west-hollywood/residential-security-motion-lighting,0,7,0.00%,5.71
licensed solar security west hollywood,https://shaffercon.com/service-areas/west-hollywood/residential-security-motion-lighting/,0,9,0.00%,5.22
licensed vs unlicensed electrician california why it matters,https://shaffercon.com/industry-insights/understanding-the-value-of-licensed-electrical-contractors,0,2,0.00%,10.00
licensed vs unlicensed electrician california why it matters,https://shaffercon.com/industry-insights/understanding-the-value-of-licensed-electrical-contractors/,0,43,0.00%,7.65
light bulb dimmable,https://shaffercon.com/industry-insights/recessed-lighting-installation-guide/,0,2,0.00%,1.00
light bulb for recessed fixture,https://shaffercon.com/industry-insights/recessed-lighting-installation-guide/,0,1,0.00%,1.00
light bulbs for recessed lighting,https://shaffercon.com/industry-insights/recessed-lighting-installation-guide/,0,1,0.00%,1.00
light cover,https://shaffercon.com/industry-insights/recessed-lighting-installation-guide/,0,1,0.00%,1.00
lighting automation beverly hills ca,https://shaffercon.com/service-areas/beverly-hills/residential-smart-automation-systems/,0,2,0.00%,15.00
lighting automation brentwood ca,https://shaffercon.com/industry-insights/electric-services-brentwood-ca-experts,0,4,0.00%,18.25
lighting automation brentwood ca,https://shaffercon.com/industry-insights/electric-services-brentwood-ca-experts/,0,1,0.00%,20.00
lighting contractor california,https://shaffercon.com/led-retrofit-services/,0,1,0.00%,18.00
lighting control beverly hills,https://shaffercon.com/service-areas/beverly-hills/residential-security-motion-lighting/,0,4,0.00%,11.25
"lighting control system beverly hills, ca",https://shaffercon.com/service-areas/beverly-hills/residential-smart-automation-systems/,0,1,0.00%,96.00
"lighting control system pasadena, ca",https://shaffercon.com/service-areas/pasadena/residential-lighting-installation-retrofitting/,0,5,0.00%,78.80
"lighting control system south pasadena, ca",https://shaffercon.com/service-areas/pasadena/residential-security-motion-lighting,0,15,0.00%,9.00
lighting control west hollywood ca,https://shaffercon.com/service-areas/west-hollywood/residential-landscape-outdoor-lighting/,0,2,0.00%,15.00
"lighting design services pasadena, ca",https://shaffercon.com/service-areas/pasadena/residential-lighting-installation-retrofitting/,0,7,0.00%,60.00
lighting efficacy,https://shaffercon.com/industry-insights/recessed-lighting-installation-guide/,0,1,0.00%,1.00
lighting installation and retrofits,https://shaffercon.com/led-retrofit-services/,0,8,0.00%,70.38
lighting installation burbank,https://shaffercon.com/service-areas/burbank/,0,44,0.00%,24.93
lighting installation burbank,https://shaffercon.com/service-areas/burbank/commercial-landscape-outdoor-lighting,0,8,0.00%,16.25
lighting installation burbank,https://shaffercon.com/service-areas/burbank/commercial-landscape-outdoor-lighting/,0,1,0.00%,16.00
lighting installation burbank,https://shaffercon.com/service-areas/burbank/commercial-lighting-installation-retrofitting,0,8,0.00%,17.75
lighting installation burbank,https://shaffercon.com/service-areas/burbank/commercial-lighting-installation-retrofitting/,0,7,0.00%,12.71
lighting installation burbank,https://shaffercon.com/service-areas/burbank/residential-lighting-installation-retrofitting/,0,23,0.00%,9.13
lighting installers los angeles,https://shaffercon.com/industry-insights/outdoor-lighting-installation-guide-los-angeles/,0,3,0.00%,17.33
lighting installers los angeles ca,https://shaffercon.com/industry-insights/outdoor-lighting-installation-guide-los-angeles/,0,1,0.00%,60.00
lighting repair inglewood,https://shaffercon.com/service-areas/inglewood/commercial-lighting-installation-retrofitting/,0,4,0.00%,12.00
lighting retrofit companies,https://shaffercon.com/led-retrofit-services/,0,33,0.00%,78.03
lighting retrofit company,https://shaffercon.com/led-retrofit-services/,0,3,0.00%,79.33
lighting retrofit contractor,https://shaffercon.com/led-retrofit-services/,0,2,0.00%,61.00
lighting retrofit contractors,https://shaffercon.com/led-retrofit-services/,0,14,0.00%,35.43
lighting retrofit services,https://shaffercon.com/led-retrofit-services/,0,43,0.00%,42.02
lighting retrofit services inc,https://shaffercon.com/led-retrofit-services/,0,4,0.00%,85.25
lighting system design and installation manhattan beach,https://shaffercon.com/industry-insights/recessed-lighting-installation-guide/,0,1,0.00%,11.00
live electrical work,https://shaffercon.com/industry-insights/california-title-24-electrical-requirements-renovations/,0,2,0.00%,76.00
load center configurations for municipal ev charging plans,https://shaffercon.com/industry-insights/the-ultimate-guide-to-ev-charger-installation-and-infrastructure-in-los-angeles/,0,1,0.00%,17.00
load center upgrade,https://shaffercon.com/industry-insights/complete-guide-electrical-panel-upgrades-los-angeles/,0,1,0.00%,41.00
load studies,https://shaffercon.com/industry-insights/electrical-load-studies-what-they-are-los-angeles/,0,10,0.00%,19.20
load study,https://shaffercon.com/industry-insights/electrical-load-studies-what-they-are-los-angeles/,0,13,0.00%,22.08
load study electrical,https://shaffercon.com/industry-insights/electrical-load-studies-what-they-are-los-angeles/,0,10,0.00%,1.00
local electrical code,https://shaffercon.com/industry-insights/california-title-24-electrical-requirements-renovations/,0,1,0.00%,80.00
local electrical codes,https://shaffercon.com/industry-insights/california-title-24-electrical-requirements-renovations/,0,1,0.00%,88.00
local electrician west hollywood,https://shaffercon.com/service-areas/west-hollywood/,0,2,0.00%,21.00
long beach as built services,https://shaffercon.com/service-areas/long-beach/,0,6,0.00%,41.33
long beach ca ev charging station permit requirements electrical building ada,https://shaffercon.com/industry-insights/the-ultimate-guide-to-ev-charger-installation-and-infrastructure-in-los-angeles/,0,4,0.00%,4.50
long beach ca ev charging station permitting requirements electrical building permit,https://shaffercon.com/industry-insights/the-ultimate-guide-to-ev-charger-installation-and-infrastructure-in-los-angeles/,0,6,0.00%,5.83
long beach commercial landscaping,https://shaffercon.com/service-areas/long-beach/commercial-landscape-outdoor-lighting/,0,16,0.00%,39.12
long beach contractor,https://shaffercon.com/service-areas/long-beach/,0,2,0.00%,94.00
long beach electric repair,https://shaffercon.com/service-areas/long-beach/,0,1,0.00%,30.00
long beach electrical companies,https://shaffercon.com/service-areas/long-beach/,0,1,0.00%,43.00
long beach electrical contractor,https://shaffercon.com/service-areas/long-beach/,0,2,0.00%,40.50
long beach electrical contractors,https://shaffercon.com/service-areas/long-beach/,0,12,0.00%,42.42
long beach electrical panel upgrade,https://shaffercon.com/industry-insights/complete-guide-electrical-panel-upgrades-los-angeles/,0,1,0.00%,23.00
long beach electrical panel upgrade,https://shaffercon.com/service-areas/long-beach/,0,82,0.00%,22.66
long beach electricians,https://shaffercon.com/service-areas/long-beach/,0,1,0.00%,100.00
long term benefits of ev chargers,https://shaffercon.com/industry-insights/the-essential-guide-to-ev-charging-infrastructure-benefits-strategies-and-future-trends/,0,7,0.00%,81.57
long term benefits of ev chargers,https://shaffercon.com/industry-insights/the-future-of-electric-vehicle-charging-why-infrastructure-matters-for-sustainable-growth/,0,12,0.00%,90.67
los angeles 200 amp service panel upgrade,https://shaffercon.com/industry-insights/complete-guide-electrical-panel-upgrades-los-angeles,0,5,0.00%,12.40
los angeles 200 amp service panel upgrade,https://shaffercon.com/industry-insights/complete-guide-electrical-panel-upgrades-los-angeles/,0,24,0.00%,13.25
los angeles best neighborhoods,https://shaffercon.com/service-areas/silver-lake/,0,1,0.00%,1.00
los angeles building and safety permits,https://shaffercon.com/industry-insights/ladbs-electrical-permit-process-step-by-step-guide/,0,4,0.00%,44.50
los angeles building permit,https://shaffercon.com/industry-insights/ladbs-electrical-permit-process-step-by-step-guide/,0,8,0.00%,37.62
los angeles ca ev charging station permit requirements electrical building ada signage,https://shaffercon.com/industry-insights/the-ultimate-guide-to-ev-charger-installation-and-infrastructure-in-los-angeles/,0,3,0.00%,6.33
los angeles ceiling fan installation,https://shaffercon.com/industry-insights/ceiling-fan-installation-benefits-aesthetics,0,12,0.00%,15.83
los angeles commercial lighting projects,https://shaffercon.com/service-areas/highland-park/commercial-lighting-installation-retrofitting/,0,1,0.00%,27.00
los angeles data network wiring solution,https://shaffercon.com/service-areas/los-feliz/residential-data-network-av-wiring,0,1,0.00%,14.00
los angeles department of water and power bill breakdown for homeowners,https://shaffercon.com/industry-insights/understanding-your-los-angeles-electrical-bill,0,75,0.00%,4.25
los angeles department of water and power bill components for homeowners,https://shaffercon.com/industry-insights/understanding-your-los-angeles-electrical-bill,0,2,0.00%,2.00
los angeles department of water and power bill line items explained,https://shaffercon.com/industry-insights/understanding-your-los-angeles-electrical-bill,0,69,0.00%,3.43
los angeles department of water and power ladwp residential bill line items breakdown explained,https://shaffercon.com/industry-insights/understanding-your-los-angeles-electrical-bill,0,46,0.00%,3.89
los angeles department of water and power ladwp residential bill line items breakdown explanation,https://shaffercon.com/industry-insights/understanding-your-los-angeles-electrical-bill,0,6,0.00%,4.17
los angeles department of water and power ladwp residential bill line items explained,https://shaffercon.com/industry-insights/understanding-your-los-angeles-electrical-bill,0,15,0.00%,2.53
los angeles department of water and power ladwp residential bill line items explained breakdown,https://shaffercon.com/industry-insights/understanding-your-los-angeles-electrical-bill,0,14,0.00%,3.71
los angeles department of water and power ladwp residential bill line items explained plain language,https://shaffercon.com/industry-insights/understanding-your-los-angeles-electrical-bill,0,5,0.00%,2.60
los angeles department of water and power residential bill breakdown,https://shaffercon.com/industry-insights/understanding-your-los-angeles-electrical-bill,0,32,0.00%,3.84
los angeles department of water and power residential bill line items breakdown explained,https://shaffercon.com/industry-insights/understanding-your-los-angeles-electrical-bill,0,39,0.00%,3.92
los angeles department of water and power residential bill line items breakdown explanation,https://shaffercon.com/industry-insights/understanding-your-los-angeles-electrical-bill,0,22,0.00%,3.77
los angeles department of water and power residential bill line items explained,https://shaffercon.com/industry-insights/understanding-your-los-angeles-electrical-bill,0,117,0.00%,2.70
los angeles department of water and power residential bill line items explained plain language,https://shaffercon.com/industry-insights/understanding-your-los-angeles-electrical-bill,0,4,0.00%,2.25
los angeles department of water and power residential bill line items explanation,https://shaffercon.com/industry-insights/understanding-your-los-angeles-electrical-bill,0,25,0.00%,3.60
los angeles department of water and power sample bill explained,https://shaffercon.com/industry-insights/understanding-your-los-angeles-electrical-bill,0,4,0.00%,8.50
los angeles department of water and power sample residential bill explanation,https://shaffercon.com/industry-insights/understanding-your-los-angeles-electrical-bill,0,15,0.00%,10.33
los angeles department of water and power understand your bill,https://shaffercon.com/industry-insights/understanding-your-los-angeles-electrical-bill,0,3,0.00%,3.67
los angeles department of water and power understand your bill breakdown,https://shaffercon.com/industry-insights/understanding-your-los-angeles-electrical-bill,0,2,0.00%,3.50
los angeles department of water and power understanding your bill,https://shaffercon.com/industry-insights/understanding-your-los-angeles-electrical-bill,0,5,0.00%,3.40
los angeles department of water and power utility bill breakdown for homeowners,https://shaffercon.com/industry-insights/understanding-your-los-angeles-electrical-bill,0,14,0.00%,4.29
los angeles dwp bill breakdown for homeowners,https://shaffercon.com/industry-insights/understanding-your-los-angeles-electrical-bill,0,37,0.00%,4.70
los angeles electrical inspection,https://shaffercon.com/industry-insights/ladbs-electrical-permit-process-step-by-step-guide/,0,3,0.00%,9.67
los angeles electrical panel repair,https://shaffercon.com/industry-insights/complete-guide-electrical-panel-upgrades-los-angeles/,0,5,0.00%,22.60
los angeles electrical panel upgrade,https://shaffercon.com/industry-insights/complete-guide-electrical-panel-upgrades-los-angeles,0,6,0.00%,11.50
los angeles electrical panel upgrade,https://shaffercon.com/industry-insights/complete-guide-electrical-panel-upgrades-los-angeles/,0,25,0.00%,11.08
los angeles electrical safety,https://shaffercon.com/industry-insights/electrical-safety-inspection-checklist-los-angeles/,0,3,0.00%,8.67
los angeles electrical safety,https://shaffercon.com/industry-insights/ladbs-electrical-permit-process-step-by-step-guide/,0,14,0.00%,21.71
los angeles electricians & panels,https://shaffercon.com/industry-insights/complete-guide-electrical-panel-upgrades-los-angeles/,0,1,0.00%,35.00
los angeles ev charger installation,https://shaffercon.com/industry-insights/the-ultimate-guide-to-ev-charger-installation-and-infrastructure-in-los-angeles/,0,2,0.00%,34.00
los angeles ev charging news,https://shaffercon.com/industry-insights/how-funding-freezes-and-ultra-fast-chargers-are-reshaping-las-ev-infrastructure-in-2025/,0,1,0.00%,54.00
los angeles express permit,https://shaffercon.com/industry-insights/ladbs-electrical-permit-process-step-by-step-guide/,0,1,0.00%,19.00
los angeles landscape lighting,https://shaffercon.com/industry-insights/outdoor-lighting-installation-guide-los-angeles/,0,3,0.00%,47.00
los angeles main panel upgrade,https://shaffercon.com/industry-insights/complete-guide-electrical-panel-upgrades-los-angeles,0,3,0.00%,10.00
los angeles main panel upgrade,https://shaffercon.com/industry-insights/complete-guide-electrical-panel-upgrades-los-angeles/,0,26,0.00%,9.77
los angeles neighborhoods,https://shaffercon.com/service-areas/silver-lake/,0,1,0.00%,3.00
los angeles panel upgrade,https://shaffercon.com/industry-insights/complete-guide-electrical-panel-upgrades-los-angeles/,0,16,0.00%,8.75
los angeles replace electrical panel,https://shaffercon.com/industry-insights/complete-guide-electrical-panel-upgrades-los-angeles/,0,4,0.00%,11.75
los angeles retrofit companies,https://shaffercon.com/led-retrofit-services/,0,1,0.00%,97.00
los angeles superchargers,https://shaffercon.com/industry-insights/tesla-worlds-largest-supercharger-los-angeles-curbside-charging-expansion-volkswagen-network-access-dynamic-pricing-long-beach-ev-infrastructure/,0,7,0.00%,13.57
low voltage landscape lighting glendale,https://shaffercon.com/service-areas/glendale/commercial-landscape-outdoor-lighting,0,3,0.00%,14.00
low voltage landscape lighting glendale,https://shaffercon.com/service-areas/glendale/commercial-landscape-outdoor-lighting/,0,6,0.00%,15.83
low voltage landscape lighting glendale,https://shaffercon.com/service-areas/glendale/residential-landscape-outdoor-lighting,0,6,0.00%,16.33
low voltage landscape lighting glendale,https://shaffercon.com/service-areas/glendale/residential-landscape-outdoor-lighting/,0,44,0.00%,16.39
low voltage landscape lighting santa monica ca,https://shaffercon.com/service-areas/santa-monica/residential-landscape-outdoor-lighting,0,21,0.00%,5.67
low voltage landscape lighting santa monica ca,https://shaffercon.com/service-areas/santa-monica/residential-landscape-outdoor-lighting/,0,3,0.00%,5.67
low voltage permit,https://shaffercon.com/industry-insights/ladbs-electrical-permit-process-step-by-step-guide/,0,2,0.00%,48.50
low voltage permit requirements,https://shaffercon.com/industry-insights/ladbs-electrical-permit-process-step-by-step-guide/,0,1,0.00%,85.00
low voltage permits,https://shaffercon.com/industry-insights/ladbs-electrical-permit-process-step-by-step-guide/,0,3,0.00%,64.00
low voltage services burbank ca,https://shaffercon.com/service-areas/burbank/,0,1,0.00%,70.00
low voltage services for small businesses burbank,https://shaffercon.com/service-areas/burbank/,0,6,0.00%,68.33
low voltage wiring glendale,https://shaffercon.com/service-areas/glendale/residential-data-network-av-wiring/,0,2,0.00%,41.00
low voltage wiring inglewood,https://shaffercon.com/service-areas/inglewood/commercial-complete-electrical-rewiring/,0,5,0.00%,9.00
low voltage wiring inglewood,https://shaffercon.com/service-areas/inglewood/commercial-smart-automation-systems/,0,4,0.00%,30.75
low voltage wiring long beach,https://shaffercon.com/service-areas/long-beach/commercial-data-network-av-wiring/,0,1,0.00%,97.00
low voltage wiring santa monica,https://shaffercon.com/service-areas/santa-monica/residential-complete-electrical-rewiring/,0,1,0.00%,16.00
low voltage wiring torrance,https://shaffercon.com/service-areas/torrance/residential-data-network-av-wiring/,0,1,0.00%,7.00
lowes structured wiring services in santa monica ca,https://shaffercon.com/service-areas/santa-monica/residential-data-network-av-wiring/,0,9,0.00%,7.00
lutron caseta energy savings payback period,https://shaffercon.com/industry-insights/complete-home-led-lighting-upgrade-guide,0,1,0.00%,10.00
lutron caseta energy savings payback period,https://shaffercon.com/industry-insights/complete-home-led-lighting-upgrade-guide/,0,2,0.00%,12.50
lutron caseta energy savings payback period or annual savings,https://shaffercon.com/industry-insights/complete-home-led-lighting-upgrade-guide,0,2,0.00%,17.00
lutron caseta energy savings payback period or annual savings,https://shaffercon.com/industry-insights/complete-home-led-lighting-upgrade-guide/,0,9,0.00%,18.33
lutron caseta energy savings payback period or annual savings lighting,https://shaffercon.com/industry-insights/complete-home-led-lighting-upgrade-guide/,0,1,0.00%,10.00
lutron caseta energy savings payback period or cost savings,https://shaffercon.com/industry-insights/complete-home-led-lighting-upgrade-guide/,0,5,0.00%,17.40
lutron caseta energy savings payback period or roi,https://shaffercon.com/industry-insights/complete-home-led-lighting-upgrade-guide,0,1,0.00%,13.00
lutron caseta energy savings payback period or roi,https://shaffercon.com/industry-insights/complete-home-led-lighting-upgrade-guide/,0,9,0.00%,10.56
lutron caseta energy savings payback period or roi or annual savings,https://shaffercon.com/industry-insights/complete-home-led-lighting-upgrade-guide/,0,2,0.00%,15.50
lutron caseta energy savings payback period or roi smart lighting,https://shaffercon.com/industry-insights/complete-home-led-lighting-upgrade-guide/,0,1,0.00%,5.00
maddog,https://shaffercon.com/industry-insights/california-2026-building-code-ev-charging-requirements-home-real-estate-trend-32-new-models/,0,1,0.00%,2.00
main electrical panel safety inspection,https://shaffercon.com/industry-insights/electrical-safety-inspection-checklist-los-angeles/,0,9,0.00%,46.44
main panel upgrade,https://shaffercon.com/industry-insights/complete-guide-electrical-panel-upgrades-los-angeles/,0,9,0.00%,27.44
main panel upgrade los angeles,https://shaffercon.com/industry-insights/complete-guide-electrical-panel-upgrades-los-angeles/,0,28,0.00%,11.64
main panel upgrades,https://shaffercon.com/industry-insights/complete-guide-electrical-panel-upgrades-los-angeles/,0,1,0.00%,1.00
main panel vs sub panel,https://shaffercon.com/industry-insights/subpanel-installation-guide-when-why-you-need-one/,0,3,0.00%,49.67
main service panel upgrade,https://shaffercon.com/industry-insights/complete-guide-electrical-panel-upgrades-los-angeles/,0,5,0.00%,48.80
me lo pones en ingles,https://shaffercon.com/industry-insights/california-title-24-electrical-requirements-renovations/,0,1,0.00%,2.00
mercedes eqe suv bidirectional charging,https://shaffercon.com/industry-insights/ces-2026-mercedes-electric-glc-chargepoint-600kw-used-ev-deals-afeela-tesla-robotaxi/,0,1,0.00%,9.00
mercedes glc electric 2026 price,https://shaffercon.com/industry-insights/ces-2026-mercedes-electric-glc-chargepoint-600kw-used-ev-deals-afeela-tesla-robotaxi/,0,1,0.00%,1.00
mercedes-benz e-mobility strategy evaluation 2026,https://shaffercon.com/industry-insights/ces-2026-mercedes-electric-glc-chargepoint-600kw-used-ev-deals-afeela-tesla-robotaxi/,0,1,0.00%,17.00
mg comet car price,https://shaffercon.com/residential-ev-charger/,0,1,0.00%,2.00
microwave cooking appliance manufacturers suggest a dedicated ___ branch circuit for the appliance. question 1select one: a. 15-ampere b. 20-ampere c. either a or b,https://shaffercon.com/industry-insights/kitchen-electrical-requirements-outlet-placement-guide/,0,1,0.00%,2.00
minimum distance from kitchen sink to outlet,https://shaffercon.com/industry-insights/kitchen-electrical-requirements-outlet-placement-guide/,0,1,0.00%,43.00
minor electrical work,https://shaffercon.com/industry-insights/california-title-24-electrical-requirements-renovations/,0,1,0.00%,90.00
mitsubishi charger installation,https://shaffercon.com/industry-insights/electric-vehicles-mitsubishi-chargers,0,1,0.00%,17.00
mitsubishi charger installation,https://shaffercon.com/industry-insights/electric-vehicles-mitsubishi-chargers/,0,16,0.00%,11.38
"mitsubishi electric, city infrastructure",https://shaffercon.com/industry-insights/electric-vehicles-mitsubishi-chargers,0,7,0.00%,14.71
mitsubishi ev larchmont,https://shaffercon.com/industry-insights/,0,1,0.00%,41.00
modern bathroom receptacles are typically on _________ circuits.,https://shaffercon.com/industry-insights/dedicated-circuits-when-why-home-appliances-need-them/,0,1,0.00%,1.00
modification ladbs,https://shaffercon.com/industry-insights/ladbs-electrical-permit-process-step-by-step-guide/,0,1,0.00%,12.00
more,https://shaffercon.com/industry-insights/california-2026-building-code-ev-charging-requirements-home-real-estate-trend-32-new-models/,0,1,0.00%,4.00
more like this,https://shaffercon.com/industry-insights/tesla-supercharger-business-program-us-dc-fast-charging-record-gas-stations-ev-chargers-california-leads-adoption/,0,1,0.00%,4.00
most beautiful neighborhoods in los angeles,https://shaffercon.com/service-areas/silver-lake/,0,1,0.00%,1.00
most competitive rebate programs for long-haul heavy-duty truck fleets 2025 2026,https://shaffercon.com/industry-insights/california-200000-ev-chargers-oregon-fleet-rebate-germany-truck-charging-electrify-america-simon-tesla-2025-deliveries/,0,4,0.00%,15.25
motion sensor porch light,https://shaffercon.com/industry-insights/recessed-lighting-installation-guide/,0,1,0.00%,1.00
multi unit ev charger installation,https://shaffercon.com/industry-insights/the-latest-trends-in-ev-charger-installation-a-2024-guide-for-los-angeles-homes-businesses-and-multifamily-properties/,0,8,0.00%,20.12
multifamily building electrical panel upgrade,https://shaffercon.com/industry-insights/complete-guide-electrical-panel-upgrades-los-angeles,0,2,0.00%,20.00
multifamily building electrical panel upgrade,https://shaffercon.com/industry-insights/complete-guide-electrical-panel-upgrades-los-angeles/,0,5,0.00%,19.00
multifamily building electrical panel upgrade,https://shaffercon.com/service-areas/glendale/residential-electrical-panel-upgrades/,0,2,0.00%,11.50
multifamily charging solutions,https://shaffercon.com/industry-insights/autel-nayax-100k-contactless-payments-multifamily-charging-solutions-catl-sodium-ion-ai-grid-integration/,0,1,0.00%,46.00
municipal ev charging plans load center configurations,https://shaffercon.com/industry-insights/the-ultimate-guide-to-ev-charger-installation-and-infrastructure-in-los-angeles,0,1,0.00%,9.00
national car charging installer network application 2026,https://shaffercon.com/industry-insights/nec-2026-qualified-installer-requirement-charging-reliability-86-percent-commercial-roi-3-5-year-payback/,0,2,0.00%,5.50
national electric code,https://shaffercon.com/industry-insights/kitchen-electrical-requirements-outlet-placement-guide/,0,1,0.00%,1.00
national electric code outdoor lighting requirements,https://shaffercon.com/industry-insights/outdoor-lighting-installation-guide-los-angeles/,0,1,0.00%,11.00
national electrical code article 625,https://shaffercon.com/industry-insights/commercial-electrician-ev-charging-safety/,0,10,0.00%,48.90
near san francisco,https://shaffercon.com/industry-insights/california-2026-building-code-ev-charging-requirements-home-real-estate-trend-32-new-models/,0,1,0.00%,17.00
nec 15,https://shaffercon.com/industry-insights/nec-2026-qualified-installer-requirement-charging-reliability-86-percent-commercial-roi-3-5-year-payback/,0,1,0.00%,1.00
nec 2026,https://shaffercon.com/industry-insights/nec-2026-qualified-installer-requirement-charging-reliability-86-percent-commercial-roi-3-5-year-payback/,0,1,0.00%,1.00
nec 210.19(c) household cooking appliances,https://shaffercon.com/industry-insights/kitchen-electrical-requirements-outlet-placement-guide/,0,1,0.00%,4.00
nec 625,https://shaffercon.com/industry-insights/commercial-electrician-ev-charging-safety/,0,10,0.00%,37.70
nec 625 electric vehicle charging continuous load 125 percent,https://shaffercon.com/industry-insights/commercial-electrician-ev-charging-safety/,0,3,0.00%,8.00
nec 625 electric vehicle supply equipment continuous load 125 percent,https://shaffercon.com/industry-insights/commercial-electrician-ev-charging-safety/,0,13,0.00%,9.62
nec 625 electric vehicle supply equipment continuous load 125 percent branch circuit rating,https://shaffercon.com/industry-insights/commercial-electrician-ev-charging-safety/,0,1,0.00%,12.00
nec 625 evse continuous load 125 percent,https://shaffercon.com/industry-insights/commercial-electrician-ev-charging-safety,0,1,0.00%,4.00
nec 625 evse continuous load 125 percent,https://shaffercon.com/industry-insights/commercial-electrician-ev-charging-safety/,0,6,0.00%,10.00
nec 625 evse continuous load 125 percent branch circuit rating,https://shaffercon.com/industry-insights/commercial-electrician-ev-charging-safety/,0,3,0.00%,10.00
nec 625.42,https://shaffercon.com/industry-insights/commercial-electrician-ev-charging-safety/,0,1,0.00%,60.00
nec article 625,https://shaffercon.com/industry-insights/commercial-electrician-ev-charging-safety/,0,2,0.00%,39.00
nec article 625 electric vehicle charging system,https://shaffercon.com/industry-insights/commercial-electrician-ev-charging-safety/,0,1,0.00%,54.00
nec bathroom gfci requirements,https://shaffercon.com/industry-insights/bathroom-electrical-safety-gfci-requirements/,0,5,0.00%,1.00
nec bathroom receptacle gfci requirements,https://shaffercon.com/industry-insights/bathroom-electrical-safety-gfci-requirements/,0,1,0.00%,10.00
nec clearchat model official,https://shaffercon.com/industry-insights/nec-2026-qualified-installer-requirement-charging-reliability-86-percent-commercial-roi-3-5-year-payback/,0,3,0.00%,11.33
nec clearchat official model,https://shaffercon.com/industry-insights/nec-2026-qualified-installer-requirement-charging-reliability-86-percent-commercial-roi-3-5-year-payback/,0,17,0.00%,10.35
nec code for countertop receptacles,https://shaffercon.com/industry-insights/kitchen-electrical-requirements-outlet-placement-guide/,0,2,0.00%,40.50
nec code for ev chargers,https://shaffercon.com/industry-insights/commercial-electrician-ev-charging-safety/,0,5,0.00%,63.80
nec code for kitchen circuits,https://shaffercon.com/industry-insights/kitchen-electrical-requirements-outlet-placement-guide/,0,17,0.00%,2.35
nec code for kitchen outlets,https://shaffercon.com/industry-insights/kitchen-electrical-requirements-outlet-placement-guide/,0,20,0.00%,17.95
nec code kitchen outlets,https://shaffercon.com/industry-insights/kitchen-electrical-requirements-outlet-placement-guide/,0,1,0.00%,34.00
nec construction rates,https://shaffercon.com/industry-insights/nec-2026-qualified-installer-requirement-charging-reliability-86-percent-commercial-roi-3-5-year-payback/,0,1,0.00%,96.00
nec continuous load 125 percent ev charger,https://shaffercon.com/industry-insights/commercial-electrician-ev-charging-safety/,0,2,0.00%,10.00
nec dedicated circuit requirements,https://shaffercon.com/industry-insights/dedicated-circuits-when-why-home-appliances-need-them/,0,2,0.00%,52.50
nec dedicated circuit requirements,https://shaffercon.com/industry-insights/kitchen-electrical-requirements-outlet-placement-guide/,0,1,0.00%,10.00
nec dedicated circuits for kitchen appliances,https://shaffercon.com/industry-insights/kitchen-electrical-requirements-outlet-placement-guide/,0,3,0.00%,7.33
nec definition of a kitchen,https://shaffercon.com/industry-insights/kitchen-electrical-requirements-outlet-placement-guide/,0,2,0.00%,6.50
nec definition of kitchen,https://shaffercon.com/industry-insights/kitchen-electrical-requirements-outlet-placement-guide/,0,7,0.00%,10.29
nec gfci requirement bathrooms,https://shaffercon.com/industry-insights/bathroom-electrical-safety-gfci-requirements/,0,1,0.00%,7.00
nec gfci requirements bathroom,https://shaffercon.com/industry-insights/bathroom-electrical-safety-gfci-requirements/,0,6,0.00%,8.50
nec gfci requirements bathrooms,https://shaffercon.com/industry-insights/bathroom-electrical-safety-gfci-requirements/,0,6,0.00%,8.33
nec gfci requirements for bathroom lights,https://shaffercon.com/industry-insights/bathroom-electrical-safety-gfci-requirements/,0,1,0.00%,7.00
nec gfci requirements for bathrooms,https://shaffercon.com/industry-insights/bathroom-electrical-safety-gfci-requirements/,0,1,0.00%,10.00
nec kitchen countertop receptacle circuit requirements circuit breaker size,https://shaffercon.com/industry-insights/kitchen-electrical-requirements-outlet-placement-guide/,0,28,0.00%,4.57
nec kitchen countertop receptacle spacing requirements,https://shaffercon.com/industry-insights/kitchen-electrical-requirements-outlet-placement-guide/,0,1,0.00%,7.00
nec kitchen outlet requirements,https://shaffercon.com/industry-insights/kitchen-electrical-requirements-outlet-placement-guide/,0,2,0.00%,18.00
nec kitchen outlet spacing,https://shaffercon.com/industry-insights/kitchen-electrical-requirements-outlet-placement-guide/,0,6,0.00%,20.33
nec kitchen outlets,https://shaffercon.com/industry-insights/kitchen-electrical-requirements-outlet-placement-guide/,0,4,0.00%,23.25
nec kitchen receptacle requirements,https://shaffercon.com/industry-insights/kitchen-electrical-requirements-outlet-placement-guide/,0,11,0.00%,7.45
nec kitchen requirements,https://shaffercon.com/industry-insights/kitchen-electrical-requirements-outlet-placement-guide/,0,4,0.00%,14.75
nec kitchens,https://shaffercon.com/industry-insights/kitchen-electrical-requirements-outlet-placement-guide/,0,31,0.00%,14.45
nec microwave,https://shaffercon.com/industry-insights/kitchen-electrical-requirements-outlet-placement-guide/,0,1,0.00%,1.00
nec rates 2026,https://shaffercon.com/industry-insights/nec-2026-qualified-installer-requirement-charging-reliability-86-percent-commercial-roi-3-5-year-payback/,0,2,0.00%,6.00
nec recommended voltage drop for ev charger circuit,https://shaffercon.com/industry-insights/nec-2026-qualified-installer-requirement-charging-reliability-86-percent-commercial-roi-3-5-year-payback/,0,1,0.00%,10.00
nec requirement gfci bathroom receptacles,https://shaffercon.com/industry-insights/bathroom-electrical-safety-gfci-requirements/,0,1,0.00%,9.00
nec requirements electric range circuit amperage,https://shaffercon.com/industry-insights/kitchen-electrical-requirements-outlet-placement-guide/,0,4,0.00%,7.25
nec requirements for electric range circuit,https://shaffercon.com/industry-insights/kitchen-electrical-requirements-outlet-placement-guide/,0,3,0.00%,6.33
nec requirements for electric range circuit amperage,https://shaffercon.com/industry-insights/kitchen-electrical-requirements-outlet-placement-guide/,0,5,0.00%,7.80
nec requirements for kitchen appliance circuits refrigerator dishwasher,https://shaffercon.com/industry-insights/kitchen-electrical-requirements-outlet-placement-guide/,0,9,0.00%,7.78
network cabling glendale,https://shaffercon.com/service-areas/glendale/residential-data-network-av-wiring/,0,14,0.00%,13.71
nevi funding,https://shaffercon.com/industry-insights/ev-charging-infrastructure-network-milestones-65000-us-ports-illinois-funding-tesla-v4-technology-nevi-streamlining-and-google-maps-integration-shape-november-2025-market/,0,1,0.00%,42.00
nevieu,https://shaffercon.com/industry-insights/byd-home-charger-sharing-pennsylvania-turnpike-nevi-eu-2035-goals-watered-down-snowbird-ski-resort-holiday-charging/,0,1,0.00%,11.00
new build ev charging regulations,https://shaffercon.com/industry-insights/california-2026-building-code-ev-charging-requirements-home-real-estate-trend-32-new-models/,0,1,0.00%,1.00
new electric design,https://shaffercon.com/industry-insights/understanding-the-latest-trends-in-residential-electrical-design/,0,3,0.00%,18.67
new electrical installations,https://shaffercon.com/industry-insights/california-title-24-electrical-requirements-renovations/,0,16,0.00%,29.88
new electrical panel burbank,https://shaffercon.com/service-areas/burbank/,0,6,0.00%,15.67
new electrical panel burbank,https://shaffercon.com/service-areas/burbank/residential-electrical-panel-upgrades,0,2,0.00%,5.50
new electrical panel burbank,https://shaffercon.com/service-areas/burbank/residential-electrical-panel-upgrades/,0,1,0.00%,6.00
new electrical panel glendale,https://shaffercon.com/service-areas/glendale/commercial-electrical-panel-upgrades/,0,8,0.00%,14.75
new electrical panel glendale,https://shaffercon.com/service-areas/glendale/residential-electrical-panel-upgrades/,0,10,0.00%,17.00
new energy electric design,https://shaffercon.com/industry-insights/understanding-the-latest-trends-in-residential-electrical-design/,0,3,0.00%,9.67
new ev chargers,https://shaffercon.com/industry-insights/exploring-the-rapid-growth-and-key-trends-in-ev-charging-infrastructure-in-2023/,0,2,0.00%,85.00
new fuse box regulations,https://shaffercon.com/industry-insights/california-title-24-electrical-requirements-renovations/,0,2,0.00%,60.50
new gfci,https://shaffercon.com/industry-insights/gfci-safety-installation-guide/,0,1,0.00%,59.00
new home,https://shaffercon.com/industry-insights/afci-vs-gfci-circuit-protection-los-angeles/,0,1,0.00%,1.00
new sub panel,https://shaffercon.com/industry-insights/subpanel-installation-guide-when-why-you-need-one/,0,1,0.00%,1.00
new supercharger locations,https://shaffercon.com/industry-insights/tesla-worlds-largest-supercharger-los-angeles-curbside-charging-expansion-volkswagen-network-access-dynamic-pricing-long-beach-ev-infrastructure/,0,1,0.00%,47.00
new tesla charging stations,https://shaffercon.com/industry-insights/tesla-worlds-largest-supercharger-los-angeles-curbside-charging-expansion-volkswagen-network-access-dynamic-pricing-long-beach-ev-infrastructure/,0,3,0.00%,43.33
new tesla supercharger locations,https://shaffercon.com/industry-insights/tesla-worlds-largest-supercharger-los-angeles-curbside-charging-expansion-volkswagen-network-access-dynamic-pricing-long-beach-ev-infrastructure/,0,2,0.00%,38.50
new tesla superchargers,https://shaffercon.com/industry-insights/tesla-worlds-largest-supercharger-los-angeles-curbside-charging-expansion-volkswagen-network-access-dynamic-pricing-long-beach-ev-infrastructure/,0,6,0.00%,35.33
nfpa 25 inspection burbank,https://shaffercon.com/service-areas/burbank/residential-electrical-safety-inspections/,0,22,0.00%,13.23
nicest neighborhoods in la,https://shaffercon.com/service-areas/silver-lake/,0,1,0.00%,1.00
nicest parts of los angeles,https://shaffercon.com/service-areas/silver-lake/,0,1,0.00%,1.00
no i dont,https://shaffercon.com/industry-insights/ladbs-electrical-permit-process-step-by-step-guide/,0,1,0.00%,4.00
no more ?,https://shaffercon.com/industry-insights/california-title-24-electrical-requirements-renovations/,0,1,0.00%,1.00
nope,https://shaffercon.com/industry-insights/passing-electrical-inspection-common-failures-fixes/,0,1,0.00%,1.00
not enough outlets in kitchen,https://shaffercon.com/industry-insights/kitchen-electrical-requirements-outlet-placement-guide/,0,1,0.00%,1.00
nu-trend ev,https://shaffercon.com/industry-insights/emerging-trends-in-ev-charging-infrastructure-innovations-and-challenges-ahead/,0,2,0.00%,21.50
number of public ev charging ports california 2026,https://shaffercon.com/industry-insights/ev-charging-70000-ports-nevi-reboots-california-79m-grants-v2g-mainstream/,0,1,0.00%,5.00
number of recessed lights calculator,https://shaffercon.com/industry-insights/recessed-lighting-installation-guide/,0,1,0.00%,1.00
number of tesla supercharger stalls in the united states,https://shaffercon.com/industry-insights/tesla-supercharger-business-program-us-dc-fast-charging-record-gas-stations-ev-chargers-california-leads-adoption/,0,1,0.00%,15.00
number of tesla superchargers in california 2026,https://shaffercon.com/industry-insights/tesla-worlds-largest-supercharger-los-angeles-curbside-charging-expansion-volkswagen-network-access-dynamic-pricing-long-beach-ev-infrastructure/,0,10,0.00%,9.50
number of tesla superchargers in los angeles,https://shaffercon.com/industry-insights/tesla-worlds-largest-supercharger-los-angeles-curbside-charging-expansion-volkswagen-network-access-dynamic-pricing-long-beach-ev-infrastructure/,0,4,0.00%,4.25
obo electrical permit requirements,https://shaffercon.com/industry-insights/california-title-24-electrical-requirements-renovations/,0,1,0.00%,74.00
office electrical upgrades,https://shaffercon.com/industry-insights/office-electrical-upgrades-modern-workplaces,0,1,0.00%,11.00
outdoor construction torrance,https://shaffercon.com/commercial-landscape-outdoor-lighting/,0,4,0.00%,61.00
outdoor construction torrance,https://shaffercon.com/residential-landscape-outdoor-lighting/,0,10,0.00%,35.40
outdoor construction torrance,https://shaffercon.com/service-areas/torrance/,0,3,0.00%,23.00
outdoor electrical code,https://shaffercon.com/industry-insights/california-title-24-electrical-requirements-renovations/,0,1,0.00%,75.00
outdoor electrical work requiring licensed electrician,https://shaffercon.com/industry-insights/california-title-24-electrical-requirements-renovations/,0,3,0.00%,4.33
outdoor landscape lighting beverly hills ca,https://shaffercon.com/service-areas/beverly-hills/residential-landscape-outdoor-lighting,0,6,0.00%,7.67
outdoor landscape lighting beverly hills ca,https://shaffercon.com/service-areas/beverly-hills/residential-landscape-outdoor-lighting/,0,14,0.00%,6.64
outdoor landscape lighting beverly hills ca,https://shaffercon.com/service-areas/torrance/residential-landscape-outdoor-lighting,0,1,0.00%,26.00
outdoor landscape lighting beverly hills ca,https://shaffercon.com/service-areas/torrance/residential-landscape-outdoor-lighting/,0,2,0.00%,37.00
outdoor landscape lighting beverly hills ca,https://shaffercon.com/service-areas/west-hollywood/residential-landscape-outdoor-lighting/,0,1,0.00%,94.00
outdoor landscape lighting highland park,https://shaffercon.com/service-areas/highland-park/residential-landscape-outdoor-lighting/,0,3,0.00%,17.33
outdoor lighting control los angeles ca,https://shaffercon.com/service-areas/west-hollywood/residential-landscape-outdoor-lighting/,0,1,0.00%,68.00
outdoor lighting design in los angeles,https://shaffercon.com/industry-insights/landscape-lighting-design-installation-los-angeles,0,2,0.00%,22.50
outdoor lighting fixture design in los angeles,https://shaffercon.com/industry-insights/outdoor-lighting-installation-guide-los-angeles/,0,15,0.00%,19.33
outdoor lighting glendale,https://shaffercon.com/service-areas/glendale/commercial-landscape-outdoor-lighting,0,7,0.00%,31.71
outdoor lighting glendale,https://shaffercon.com/service-areas/glendale/commercial-landscape-outdoor-lighting/,0,6,0.00%,22.00
outdoor lighting glendale,https://shaffercon.com/service-areas/glendale/residential-landscape-outdoor-lighting,0,12,0.00%,22.92
outdoor lighting glendale,https://shaffercon.com/service-areas/glendale/residential-landscape-outdoor-lighting/,0,26,0.00%,22.69
outdoor lighting guidelines,https://shaffercon.com/industry-insights/outdoor-lighting-installation-guide-los-angeles/,0,1,0.00%,72.00
outdoor lighting highland park,https://shaffercon.com/service-areas/highland-park/commercial-landscape-outdoor-lighting/,0,3,0.00%,21.00
outdoor lighting highland park,https://shaffercon.com/service-areas/highland-park/residential-landscape-outdoor-lighting/,0,4,0.00%,11.25
outdoor lighting installation eula,https://shaffercon.com/industry-insights/outdoor-lighting-installation-guide-los-angeles/,0,1,0.00%,74.00
outdoor lighting installation in long beach,https://shaffercon.com/service-areas/long-beach/commercial-landscape-outdoor-lighting/,0,14,0.00%,25.29
outdoor lighting installation in long beach,https://shaffercon.com/service-areas/long-beach/residential-landscape-outdoor-lighting,0,14,0.00%,9.93
outdoor lighting installation in long beach,https://shaffercon.com/service-areas/long-beach/residential-landscape-outdoor-lighting/,0,18,0.00%,11.50
outdoor lighting installation los angeles,https://shaffercon.com/industry-insights/outdoor-lighting-installation-guide-los-angeles/,0,9,0.00%,12.22
outdoor lighting installation manhattan beach,https://shaffercon.com/service-areas/long-beach/commercial-landscape-outdoor-lighting/,0,1,0.00%,59.00
outdoor lighting installation venice,https://shaffercon.com/service-areas/venice/commercial-landscape-outdoor-lighting,0,5,0.00%,11.40
outdoor lighting installation venice,https://shaffercon.com/service-areas/venice/residential-landscape-outdoor-lighting,0,5,0.00%,7.20
outdoor lighting installers los angeles,https://shaffercon.com/industry-insights/outdoor-lighting-installation-guide-los-angeles/,0,3,0.00%,13.33
outdoor lighting long beach,https://shaffercon.com/service-areas/long-beach/commercial-landscape-outdoor-lighting/,0,15,0.00%,25.93
outdoor lighting long beach,https://shaffercon.com/service-areas/long-beach/residential-landscape-outdoor-lighting,0,10,0.00%,13.80
outdoor lighting long beach,https://shaffercon.com/service-areas/long-beach/residential-landscape-outdoor-lighting/,0,17,0.00%,11.88
outdoor lighting repair venice,https://shaffercon.com/service-areas/venice/residential-landscape-outdoor-lighting,0,4,0.00%,9.00
outdoor lighting service venice,https://shaffercon.com/service-areas/venice/commercial-landscape-outdoor-lighting,0,6,0.00%,38.83
outdoor lighting service venice,https://shaffercon.com/service-areas/venice/residential-landscape-outdoor-lighting,0,5,0.00%,52.20
outdoor subpanel installation,https://shaffercon.com/industry-insights/subpanel-installation-guide-when-why-you-need-one/,0,1,0.00%,28.00
outlet and switch installation torrance ca,https://shaffercon.com/service-areas/torrance/,0,8,0.00%,20.62
outlet code for kitchen,https://shaffercon.com/industry-insights/kitchen-electrical-requirements-outlet-placement-guide/,0,6,0.00%,11.83
outlet code requirements,https://shaffercon.com/industry-insights/kitchen-electrical-requirements-outlet-placement-guide/,0,1,0.00%,50.00
outlet for kitchen,https://shaffercon.com/industry-insights/kitchen-electrical-requirements-outlet-placement-guide/,0,1,0.00%,3.00
outlet for microwave,https://shaffercon.com/industry-insights/kitchen-electrical-requirements-outlet-placement-guide/,0,1,0.00%,1.00
outlet in cabinet code,https://shaffercon.com/industry-insights/kitchen-electrical-requirements-outlet-placement-guide/,0,1,0.00%,3.00
outlet placement code,https://shaffercon.com/industry-insights/kitchen-electrical-requirements-outlet-placement-guide/,0,1,0.00%,74.00
outlet placement in kitchen,https://shaffercon.com/industry-insights/kitchen-electrical-requirements-outlet-placement-guide/,0,2,0.00%,36.00
outlet repair highland park,https://shaffercon.com/service-areas/highland-park/,0,1,0.00%,13.00
outlet requirements for kitchen,https://shaffercon.com/industry-insights/kitchen-electrical-requirements-outlet-placement-guide/,0,12,0.00%,10.25
outlet spacing in kitchen,https://shaffercon.com/industry-insights/kitchen-electrical-requirements-outlet-placement-guide/,0,6,0.00%,8.00
outlet spacing kitchen,https://shaffercon.com/industry-insights/kitchen-electrical-requirements-outlet-placement-guide/,0,1,0.00%,12.00
outlet spacing kitchen counter,https://shaffercon.com/industry-insights/kitchen-electrical-requirements-outlet-placement-guide/,0,1,0.00%,36.00
outlets in kitchen,https://shaffercon.com/industry-insights/kitchen-electrical-requirements-outlet-placement-guide/,0,3,0.00%,43.00
outlets in kitchen code,https://shaffercon.com/industry-insights/kitchen-electrical-requirements-outlet-placement-guide/,0,5,0.00%,35.60
outside lighting long beach ca,https://shaffercon.com/service-areas/long-beach/commercial-landscape-outdoor-lighting/,0,1,0.00%,13.00
outside lights long beach ca,https://shaffercon.com/service-areas/long-beach/commercial-landscape-outdoor-lighting/,0,3,0.00%,82.00
oven power outlet,https://shaffercon.com/industry-insights/kitchen-electrical-requirements-outlet-placement-guide/,0,1,0.00%,1.00
oven wire size,https://shaffercon.com/industry-insights/kitchen-electrical-requirements-outlet-placement-guide/,0,1,0.00%,1.00
pace backup generator installation,https://shaffercon.com/service-areas/glendale/commercial-backup-generator-installation/,0,1,0.00%,7.00
pacific power,https://shaffercon.com/industry-insights/california-2026-building-code-ev-charging-requirements-home-real-estate-trend-32-new-models/,0,1,0.00%,5.00
pacific retrofit,https://shaffercon.com/industry-insights/panel-upgrades-navigating-federal-pacific-panel-upgrade-or-replacement/,0,8,0.00%,13.88
panel and subpanel work flatlands,https://shaffercon.com/industry-insights/subpanel-installation-guide-when-why-you-need-one/,0,3,0.00%,70.33
panel and subpanel work marine park,https://shaffercon.com/industry-insights/subpanel-installation-guide-when-why-you-need-one/,0,3,0.00%,19.33
panel and subpanel work red hook,https://shaffercon.com/industry-insights/subpanel-installation-guide-when-why-you-need-one/,0,3,0.00%,32.67
panel replacement electrician,https://shaffercon.com/industry-insights/complete-guide-electrical-panel-upgrades-los-angeles/,0,9,0.00%,14.00
panel service upgrade,https://shaffercon.com/industry-insights/complete-guide-electrical-panel-upgrades-los-angeles/,0,2,0.00%,38.50
panel service upgrades,https://shaffercon.com/industry-insights/complete-guide-electrical-panel-upgrades-los-angeles/,0,2,0.00%,6.50
panel upgrade,https://shaffercon.com/industry-insights/complete-guide-electrical-panel-upgrades-los-angeles/,0,187,0.00%,52.74
panel upgrade bakersfield california,https://shaffercon.com/service-areas/glendale/residential-electrical-panel-upgrades/,0,3,0.00%,66.33
panel upgrade electrician,https://shaffercon.com/industry-insights/complete-guide-electrical-panel-upgrades-los-angeles/,0,60,0.00%,16.40
panel upgrade electrician el segundo ca,https://shaffercon.com/industry-insights/el-segundo-electrician-services-contractor/,0,6,0.00%,6.00
panel upgrade huntington beach,https://shaffercon.com/industry-insights/complete-guide-electrical-panel-upgrades-los-angeles/,0,4,0.00%,55.25
panel upgrade installation,https://shaffercon.com/industry-insights/complete-guide-electrical-panel-upgrades-los-angeles/,0,10,0.00%,58.40
panel upgrade los angeles,https://shaffercon.com/industry-insights/complete-guide-electrical-panel-upgrades-los-angeles/,0,40,0.00%,10.22
panel upgrade los angeles,https://shaffercon.com/service-areas/pacific-palisades/,0,1,0.00%,1.00
panel upgrade pasadena,https://shaffercon.com/service-areas/pasadena/residential-electrical-panel-upgrades,0,4,0.00%,10.00
panel upgrade pasadena,https://shaffercon.com/service-areas/pasadena/residential-electrical-panel-upgrades/,0,19,0.00%,10.37
panel upgrade permit,https://shaffercon.com/industry-insights/california-title-24-electrical-requirements-renovations/,0,2,0.00%,90.00
panel upgrade permit,https://shaffercon.com/industry-insights/complete-guide-electrical-panel-upgrades-los-angeles/,0,8,0.00%,45.88
panel upgrade permit,https://shaffercon.com/industry-insights/ladbs-electrical-permit-process-step-by-step-guide/,0,1,0.00%,49.00
panel upgrade process,https://shaffercon.com/industry-insights/complete-guide-electrical-panel-upgrades-los-angeles/,0,1,0.00%,6.00
panel upgrades,https://shaffercon.com/industry-insights/complete-guide-electrical-panel-upgrades-los-angeles/,0,74,0.00%,64.05
panel upgrades 90016,https://shaffercon.com/industry-insights/complete-guide-electrical-panel-upgrades-los-angeles/,0,5,0.00%,25.80
panel upgrades and code updates,https://shaffercon.com/industry-insights/complete-guide-electrical-panel-upgrades-los-angeles/,0,9,0.00%,69.33
panel upgrades los angeles ca,https://shaffercon.com/industry-insights/complete-guide-electrical-panel-upgrades-los-angeles/,0,5,0.00%,23.20
panel upgrades pacific beach ca,https://shaffercon.com/industry-insights/complete-guide-electrical-panel-upgrades-los-angeles/,0,3,0.00%,41.00
panel upgrades westbank,https://shaffercon.com/service-areas/burbank/residential-electrical-panel-upgrades/,0,6,0.00%,23.00
panel upgrading,https://shaffercon.com/industry-insights/complete-guide-electrical-panel-upgrades-los-angeles/,0,21,0.00%,55.14
pannel,https://shaffercon.com/industry-insights/kitchen-electrical-requirements-outlet-placement-guide/,0,1,0.00%,6.00
part m building regulations electrical,https://shaffercon.com/industry-insights/california-title-24-electrical-requirements-renovations/,0,1,0.00%,29.00
part p electrical work,https://shaffercon.com/industry-insights/california-title-24-electrical-requirements-renovations/,0,1,0.00%,75.00
pasadena contractors electrical,https://shaffercon.com/service-areas/pasadena/,0,15,0.00%,21.07
pasadena electric contractor,https://shaffercon.com/service-areas/pasadena/,0,1,0.00%,36.00
pasadena house rewire,https://shaffercon.com/service-areas/pasadena/residential-complete-electrical-rewiring/,0,12,0.00%,5.25
pcf electric,https://shaffercon.com/,0,1,0.00%,58.00
periodic electrical inspection legal requirement,https://shaffercon.com/industry-insights/california-title-24-electrical-requirements-renovations/,0,1,0.00%,86.00
permit electrical,https://shaffercon.com/industry-insights/ladbs-electrical-permit-process-step-by-step-guide/,0,1,0.00%,1.00
permit electrical work,https://shaffercon.com/industry-insights/ladbs-electrical-permit-process-step-by-step-guide/,0,1,0.00%,68.00
permit for electrical panel,https://shaffercon.com/industry-insights/california-title-24-electrical-requirements-renovations/,0,2,0.00%,99.00
permit for electrical panel,https://shaffercon.com/industry-insights/complete-guide-electrical-panel-upgrades-los-angeles/,0,1,0.00%,1.00
permit for electrical panel,https://shaffercon.com/industry-insights/ladbs-electrical-permit-process-step-by-step-guide/,0,8,0.00%,65.88
permit for electrical panel upgrade,https://shaffercon.com/industry-insights/complete-guide-electrical-panel-upgrades-los-angeles/,0,4,0.00%,24.25
permit for electrical panel upgrade,https://shaffercon.com/industry-insights/ladbs-electrical-permit-process-step-by-step-guide/,0,9,0.00%,16.00
permit for electrical work,https://shaffercon.com/industry-insights/kitchen-electrical-requirements-outlet-placement-guide/,0,1,0.00%,1.00
permit for ev charger,https://shaffercon.com/industry-insights/the-ultimate-guide-to-ev-charger-installation-and-infrastructure-in-los-angeles/,0,2,0.00%,75.50
permit ladbs,https://shaffercon.com/industry-insights/ladbs-electrical-permit-process-step-by-step-guide/,0,5,0.00%,14.60
permit required for electrical upgrades,https://shaffercon.com/industry-insights/complete-guide-electrical-panel-upgrades-los-angeles,0,1,0.00%,11.00
permit to change electrical panel,https://shaffercon.com/industry-insights/complete-guide-electrical-panel-upgrades-los-angeles/,0,2,0.00%,7.50
permit to install ev charger,https://shaffercon.com/industry-insights/the-ultimate-guide-to-ev-charger-installation-and-infrastructure-in-los-angeles/,0,1,0.00%,60.00
permit to replace electrical panel,https://shaffercon.com/industry-insights/complete-guide-electrical-panel-upgrades-los-angeles/,0,5,0.00%,8.00
permit to replace electrical panel,https://shaffercon.com/industry-insights/ladbs-electrical-permit-process-step-by-step-guide/,0,1,0.00%,1.00
permit to upgrade electrical panel cost,https://shaffercon.com/industry-insights/complete-guide-electrical-panel-upgrades-los-angeles/,0,3,0.00%,53.67
permit to work electrical,https://shaffercon.com/industry-insights/california-title-24-electrical-requirements-renovations/,0,1,0.00%,97.00
permitla,https://shaffercon.com/industry-insights/ladbs-electrical-permit-process-step-by-step-guide/,0,2,0.00%,20.00
permitla water heater replacement express permit,https://shaffercon.com/industry-insights/ladbs-electrical-permit-process-step-by-step-guide/,0,2,0.00%,10.50
permits cost for water heater installation us,https://shaffercon.com/industry-insights/electric-water-heater-installation-requirements-costs/,0,1,0.00%,11.00
permits for electrical work,https://shaffercon.com/industry-insights/ladbs-electrical-permit-process-step-by-step-guide/,0,2,0.00%,3.50
permits ladbs,https://shaffercon.com/industry-insights/ladbs-electrical-permit-process-step-by-step-guide/,0,3,0.00%,13.33
permits required for electrical work in new construction,https://shaffercon.com/industry-insights/california-title-24-electrical-requirements-renovations/,0,2,0.00%,9.00
permits required for home ev charger installation,https://shaffercon.com/industry-insights/ultimate-guide-home-ev-charger-installation-los-angeles/,0,2,0.00%,12.00
permitting requirements for home ev chargers,https://shaffercon.com/industry-insights/ultimate-guide-home-ev-charger-installation-los-angeles/,0,1,0.00%,10.00
personel protection,https://shaffercon.com/industry-insights/afci-vs-gfci-circuit-protection-los-angeles/,0,1,0.00%,2.00
pigtailing aluminum wire,https://shaffercon.com/industry-insights/aluminum-wiring-replacement-key-considerations-and-safety-tips/,0,1,0.00%,74.00
places in los angeles,https://shaffercon.com/service-areas/silver-lake/,0,1,0.00%,1.00
places to live in la,https://shaffercon.com/service-areas/silver-lake/,0,1,0.00%,1.00
planned ev charging stations,https://shaffercon.com/industry-insights/exploring-the-rapid-growth-and-key-trends-in-ev-charging-infrastructure-in-2023/,0,1,0.00%,78.00
planning electrical requirements for built-in appliances,https://shaffercon.com/industry-insights/kitchen-electrical-requirements-outlet-placement-guide/,0,17,0.00%,4.59
planning electrical requirements for built-in kitchen appliances,https://shaffercon.com/industry-insights/kitchen-electrical-requirements-outlet-placement-guide/,0,15,0.00%,4.07
plug in stove,https://shaffercon.com/industry-insights/kitchen-electrical-requirements-outlet-placement-guide/,0,1,0.00%,1.00
plug-in hybrid home charging guide 2025 or 2026,https://shaffercon.com/industry-insights/california-2026-building-code-ev-charging-requirements-home-real-estate-trend-32-new-models/,0,2,0.00%,6.50
pool building contractors santa monica,https://shaffercon.com/service-areas/santa-monica/,0,1,0.00%,81.00
pool construction beverly hills,https://shaffercon.com/service-areas/beverly-hills/commercial-pool-hot-tub-spa-electrical/,0,2,0.00%,94.50
pool construction culver city,https://shaffercon.com/service-areas/silver-lake/,0,1,0.00%,42.00
pool contractor pacific palisades,https://shaffercon.com/service-areas/pacific-palisades/residential-pool-hot-tub-spa-electrical/,0,1,0.00%,14.00
pool engineering beverly hills,https://shaffercon.com/service-areas/santa-monica/,0,1,0.00%,88.00
pool equipment installation sherman oaks,https://shaffercon.com/service-areas/sherman-oaks/residential-dedicated-equipment-circuits,0,1,0.00%,19.00
pool equipment installation sherman oaks,https://shaffercon.com/service-areas/sherman-oaks/residential-dedicated-equipment-circuits/,0,3,0.00%,23.33
pool equipment repair los feliz,https://shaffercon.com/service-areas/los-feliz/commercial-pool-hot-tub-spa-electrical/,0,1,0.00%,23.00
pool heater service sherman oaks,https://shaffercon.com/service-areas/sherman-oaks/commercial-pool-hot-tub-spa-electrical/,0,1,0.00%,19.00
pool light installation los feliz,https://shaffercon.com/service-areas/los-feliz/,0,1,0.00%,23.00
pool light installation los feliz,https://shaffercon.com/service-areas/los-feliz/residential-pool-hot-tub-spa-electrical,0,3,0.00%,5.33
pool light installation los feliz,https://shaffercon.com/service-areas/los-feliz/residential-pool-hot-tub-spa-electrical/,0,4,0.00%,5.00
pool light installation sherman oaks,https://shaffercon.com/service-areas/sherman-oaks/,0,1,0.00%,49.00
pool pump install los feliz,https://shaffercon.com/service-areas/los-feliz/commercial-pool-hot-tub-spa-electrical/,0,1,0.00%,30.00
pool pump install los feliz,https://shaffercon.com/service-areas/los-feliz/residential-pool-hot-tub-spa-electrical,0,2,0.00%,10.50
pool pump install los feliz,https://shaffercon.com/service-areas/los-feliz/residential-pool-hot-tub-spa-electrical/,0,3,0.00%,12.00
pool pump install sherman oaks,https://shaffercon.com/service-areas/sherman-oaks/residential-pool-hot-tub-spa-electrical/,0,3,0.00%,14.33
pool pump install west hollywood,https://shaffercon.com/service-areas/west-hollywood/commercial-pool-hot-tub-spa-electrical/,0,2,0.00%,34.00
pool pump install west hollywood,https://shaffercon.com/service-areas/west-hollywood/residential-pool-hot-tub-spa-electrical/,0,3,0.00%,11.33
pool rebar installation santa monica ca,https://shaffercon.com/service-areas/santa-monica/residential-pool-hot-tub-spa-electrical,0,1,0.00%,12.00
pool rebar installation santa monica ca,https://shaffercon.com/service-areas/santa-monica/residential-pool-hot-tub-spa-electrical/,0,3,0.00%,11.33
pot light installation,https://shaffercon.com/industry-insights/recessed-lighting-installation-guide/,0,1,0.00%,1.00
pot light wiring,https://shaffercon.com/industry-insights/recessed-lighting-installation-guide/,0,4,0.00%,1.00
pot lights installation,https://shaffercon.com/industry-insights/recessed-lighting-installation-guide/,0,2,0.00%,1.00
pot lights installation cost,https://shaffercon.com/industry-insights/recessed-lighting-installation-guide/,0,1,0.00%,1.00
pot lights wiring,https://shaffercon.com/industry-insights/recessed-lighting-installation-guide/,0,1,0.00%,3.00
potlight installation,https://shaffercon.com/industry-insights/recessed-lighting-installation-guide/,0,1,0.00%,1.00
power generator installation long beach ca,https://shaffercon.com/service-areas/long-beach/,0,22,0.00%,15.82
power outlet replacement los angeles ca,https://shaffercon.com/service-areas/west-hollywood/,0,3,0.00%,88.33
power surge protection inglewood,https://shaffercon.com/service-areas/inglewood/commercial-whole-building-surge-protection/,0,1,0.00%,9.00
power surge protection inglewood,https://shaffercon.com/service-areas/inglewood/residential-whole-building-surge-protection/,0,1,0.00%,2.00
power to garage regulations,https://shaffercon.com/industry-insights/california-title-24-electrical-requirements-renovations/,0,1,0.00%,71.00
power to shed requirements,https://shaffercon.com/industry-insights/california-title-24-electrical-requirements-renovations/,0,1,0.00%,96.00
power upgrade los angeles ca,https://shaffercon.com/industry-insights/complete-guide-electrical-panel-upgrades-los-angeles/,0,12,0.00%,19.83
power zone,https://shaffercon.com/service-areas/sherman-oaks/residential-ev-charger-installation/,0,1,0.00%,6.00
powering ev charging stations,https://shaffercon.com/industry-insights/powering-the-ev-revolution-latest-advances-and-infrastructure-solutions-for-u-s-charging-networks,0,1,0.00%,23.00
powering the future with ev charging,https://shaffercon.com/industry-insights/the-future-of-electric-vehicle-charging-why-infrastructure-matters-for-sustainable-growth/,0,10,0.00%,84.70
preparing for electrical inspection,https://shaffercon.com/industry-insights/electrical-safety-inspection-checklist-los-angeles/,0,2,0.00%,46.00
preparing for electrical rough in inspection,https://shaffercon.com/industry-insights/passing-electrical-inspection-common-failures-fixes/,0,2,0.00%,26.00
price per opening electrical,https://shaffercon.com/industry-insights/recessed-lighting-installation-guide/,0,1,0.00%,1.00
price tesla supercharger,https://shaffercon.com/industry-insights/tesla-940k-supercharger-business-configurator-walmart-50-percent-expansion-yermo-400-stall-toronto-480v-fast-track-coachella-charging-congestion/,0,1,0.00%,3.00
professional data wiring los angeles,https://shaffercon.com/service-areas/burbank/residential-data-network-av-wiring/,0,1,0.00%,22.00
professional data wiring los angeles,https://shaffercon.com/service-areas/glendale/commercial-data-network-av-wiring/,0,1,0.00%,35.00
professional data wiring los angeles,https://shaffercon.com/service-areas/highland-park/residential-data-network-av-wiring/,0,3,0.00%,39.67
professional data wiring los angeles,https://shaffercon.com/service-areas/long-beach/commercial-data-network-av-wiring/,0,2,0.00%,38.50
professional data wiring los angeles,https://shaffercon.com/service-areas/los-feliz/residential-data-network-av-wiring,0,1,0.00%,13.00
professional data wiring los angeles,https://shaffercon.com/service-areas/santa-monica/residential-data-network-av-wiring/,0,1,0.00%,17.00
professional electrical safety inspections,https://shaffercon.com/service-areas/hollywood/residential-electrical-safety-inspections,0,1,0.00%,45.00
professional electrical services culver city ca,https://shaffercon.com/service-areas/,0,1,0.00%,19.00
professional electrician agoura hills ca,https://shaffercon.com/industry-insights/electrician-services-agoura-hills-ev/,0,2,0.00%,15.00
professional home automation services holmby hills,https://shaffercon.com/service-areas/beverly-hills/residential-smart-automation-systems/,0,2,0.00%,67.50
professional local electrical specialist santa clarita ca,https://shaffercon.com/service-areas/santa-clarita/,0,1,0.00%,49.00
professional solar security sherman oaks,https://shaffercon.com/service-areas/sherman-oaks/commercial-security-motion-lighting/,0,2,0.00%,15.00
professional solar security sherman oaks,https://shaffercon.com/service-areas/sherman-oaks/residential-security-motion-lighting,0,6,0.00%,3.67
professional solar security sherman oaks,https://shaffercon.com/service-areas/sherman-oaks/residential-security-motion-lighting/,0,19,0.00%,7.95
public ev charger installation,https://shaffercon.com/industry-insights/the-ultimate-guide-to-ev-charger-installation-and-infrastructure-in-los-angeles/,0,1,0.00%,95.00
public ev charging builds,https://shaffercon.com/industry-insights/expanding-electric-vehicle-charging-infrastructure-key-developments-and-community-efforts/,0,4,0.00%,94.75
public ev charging builds,https://shaffercon.com/industry-insights/exploring-the-rapid-growth-and-key-trends-in-ev-charging-infrastructure-in-2023/,0,7,0.00%,76.57
public ev charging infrastructure,https://shaffercon.com/industry-insights/expanding-electric-vehicle-charging-infrastructure-key-developments-and-community-efforts/,0,5,0.00%,94.40
public ev charging infrastructure,https://shaffercon.com/industry-insights/exploring-the-rapid-growth-and-key-trends-in-ev-charging-infrastructure-in-2023/,0,11,0.00%,93.91
public ev charging infrastructure,https://shaffercon.com/industry-insights/the-future-of-electric-vehicle-charging-why-infrastructure-matters-for-sustainable-growth/,0,1,0.00%,105.00
public ev charging stations availability 2026,https://shaffercon.com/industry-insights/california-2026-building-code-ev-charging-requirements-home-real-estate-trend-32-new-models/,0,5,0.00%,15.40
pulling permits for electrical work,https://shaffercon.com/industry-insights/ladbs-electrical-permit-process-step-by-step-guide/,0,5,0.00%,2.60
pushmatic breaker,https://shaffercon.com/industry-insights/pushmatic-panel-upgrade-guide/,0,1,0.00%,1.00
pushmatic breakers,https://shaffercon.com/industry-insights/pushmatic-panel-upgrade-guide/,0,1,0.00%,1.00
pushmatic electrical panel replacement,https://shaffercon.com/industry-insights/pushmatic-panel-upgrade-guide/,0,3,0.00%,17.67
quali auto elettriche sono adatte se non si dispone di una wallbox domestica?,https://shaffercon.com/industry-insights/top-electric-vehicles-for-2024-a-comprehensive-guide/,0,1,0.00%,1.00
qualified electricians for ev charging station installation requirements,https://shaffercon.com/industry-insights/the-ultimate-guide-to-ev-charger-installation-and-infrastructure-in-los-angeles/,0,1,0.00%,20.00
range breaker size,https://shaffercon.com/industry-insights/kitchen-electrical-requirements-outlet-placement-guide/,0,19,0.00%,1.00
range circuit breaker size,https://shaffercon.com/industry-insights/kitchen-electrical-requirements-outlet-placement-guide/,0,2,0.00%,1.00
range in electrical,https://shaffercon.com/industry-insights/kitchen-electrical-requirements-outlet-placement-guide/,0,1,0.00%,1.00
realtors marketing homes with ev chargers,https://shaffercon.com/industry-insights/california-2026-building-code-ev-charging-requirements-home-real-estate-trend-32-new-models/,0,5,0.00%,56.80
reasons for electrical inspection failure,https://shaffercon.com/industry-insights/passing-electrical-inspection-common-failures-fixes,0,3,0.00%,12.33
rebar reinforcement for pools santa monica ca,https://shaffercon.com/service-areas/santa-monica/residential-pool-hot-tub-spa-electrical/,0,1,0.00%,9.00
reccessed,https://shaffercon.com/industry-insights/recessed-lighting-installation-guide/,0,1,0.00%,3.00
receptacle placement code,https://shaffercon.com/industry-insights/kitchen-electrical-requirements-outlet-placement-guide/,0,1,0.00%,1.00
receptacles gfci,https://shaffercon.com/industry-insights/gfci-safety-installation-guide/,0,1,0.00%,70.00
receptacles installed in a dwelling unit kitchen to serve countertop surfaces shall be supplied by not fewer than _____ small-appliance branch circuits.,https://shaffercon.com/industry-insights/kitchen-electrical-requirements-outlet-placement-guide/,0,1,0.00%,1.00
"receptacles, unless ? , shall not be installed in a face-up position in countertops or similar work surface applications.",https://shaffercon.com/industry-insights/kitchen-electrical-requirements-outlet-placement-guide/,0,1,0.00%,2.00
recess lighting bulbs,https://shaffercon.com/industry-insights/recessed-lighting-installation-guide/,0,1,0.00%,1.00
recess lights,https://shaffercon.com/industry-insights/recessed-lighting-installation-guide/,0,1,0.00%,1.00
recessed,https://shaffercon.com/industry-insights/recessed-lighting-installation-guide/,0,4,0.00%,1.00
recessed ceiling sensor installation compliance requirements,https://shaffercon.com/industry-insights/recessed-lighting-installation-guide/,0,21,0.00%,12.24
recessed light bulb,https://shaffercon.com/industry-insights/recessed-lighting-installation-guide/,0,1,0.00%,1.00
recessed light bulbs,https://shaffercon.com/industry-insights/recessed-lighting-installation-guide/,0,12,0.00%,1.00
recessed light installation cost calculator,https://shaffercon.com/industry-insights/recessed-lighting-installation-guide/,0,4,0.00%,1.00
recessed lighting,https://shaffercon.com/industry-insights/recessed-lighting-installation-guide/,0,10,0.00%,1.00
recessed lighting bulbs,https://shaffercon.com/industry-insights/recessed-lighting-installation-guide/,0,6,0.00%,1.00
recessed lighting corona ca,https://shaffercon.com/industry-insights/recessed-lighting-installation-guide/,0,1,0.00%,1.00
recessed lighting design los angeles,https://shaffercon.com/industry-insights/recessed-lighting-installation-guide/,0,14,0.00%,8.43
recessed lighting electrician,https://shaffercon.com/industry-insights/recessed-lighting-installation-guide/,0,1,0.00%,32.00
recessed lighting installation cost,https://shaffercon.com/industry-insights/recessed-lighting-installation-guide/,0,2,0.00%,62.00
recessed lighting installation costs,https://shaffercon.com/industry-insights/recessed-lighting-installation-guide/,0,1,0.00%,55.00
recessed lighting installation los angeles,https://shaffercon.com/industry-insights/recessed-lighting-installation-guide,0,38,0.00%,12.05
recessed lighting installation los angeles,https://shaffercon.com/industry-insights/recessed-lighting-installation-guide/,0,104,0.00%,10.74
recessed lighting installation pasadena,https://shaffercon.com/service-areas/pasadena/residential-lighting-installation-retrofitting,0,7,0.00%,11.00
recessed lighting installation pasadena,https://shaffercon.com/service-areas/pasadena/residential-lighting-installation-retrofitting/,0,5,0.00%,5.80
recessed lighting light bulbs,https://shaffercon.com/industry-insights/recessed-lighting-installation-guide/,0,1,0.00%,1.00
recessed lighting los angeles,https://shaffercon.com/industry-insights/recessed-lighting-installation-guide/,0,57,0.00%,13.95
recessed lighting wiring,https://shaffercon.com/industry-insights/recessed-lighting-installation-guide/,0,1,0.00%,1.00
recessed lights,https://shaffercon.com/industry-insights/recessed-lighting-installation-guide/,0,1,0.00%,1.00
recessed lights in bedroom layout,https://shaffercon.com/industry-insights/recessed-lighting-installation-guide/,0,1,0.00%,3.00
reder construction,https://shaffercon.com/led-retrofit-services/,0,1,0.00%,9.00
refrigerator efficiency optimization,https://shaffercon.com/industry-insights/power-tips-for-your-refrigerator-ensuring-efficient-operation/,0,3,0.00%,18.67
refrigerator electrical outlet,https://shaffercon.com/industry-insights/kitchen-electrical-requirements-outlet-placement-guide/,0,1,0.00%,3.00
regulations electrical,https://shaffercon.com/industry-insights/california-title-24-electrical-requirements-renovations/,0,1,0.00%,75.00
regulations electrical installations,https://shaffercon.com/industry-insights/california-title-24-electrical-requirements-renovations/,0,2,0.00%,49.50
remodel,https://shaffercon.com/industry-insights/kitchen-electrical-requirements-outlet-placement-guide/,0,1,0.00%,4.00
remodel insulation west hollywood ca,https://shaffercon.com/service-areas/west-hollywood/,0,3,0.00%,77.00
remote ev charger inspection benefits,https://shaffercon.com/industry-insights/the-ultimate-guide-to-ev-charger-installation-and-infrastructure-in-los-angeles/,0,2,0.00%,48.50
renewable energy plans for apartment dwellers limited home charging 2026,https://shaffercon.com/industry-insights/california-2026-building-code-ev-charging-requirements-home-real-estate-trend-32-new-models/,0,2,0.00%,7.00
renewable energy plans for apartments ev charging smart home integration 2026,https://shaffercon.com/industry-insights/california-2026-building-code-ev-charging-requirements-home-real-estate-trend-32-new-models/,0,2,0.00%,1.00
renewable energy plans for apartments ev charging support smart home integration 2026,https://shaffercon.com/industry-insights/california-2026-building-code-ev-charging-requirements-home-real-estate-trend-32-new-models/,0,2,0.00%,3.00
renovation,https://shaffercon.com/industry-insights/california-title-24-electrical-requirements-renovations/,0,1,0.00%,4.00
replace aluminum wiring,https://shaffercon.com/industry-insights/aluminum-wiring-replacement-key-considerations-and-safety-tips/,0,1,0.00%,21.00
replace aluminum wiring in a house,https://shaffercon.com/industry-insights/aluminum-wiring-replacement-key-considerations-and-safety-tips/,0,1,0.00%,55.00
replace breaker panel without permit,https://shaffercon.com/industry-insights/california-title-24-electrical-requirements-renovations/,0,1,0.00%,63.00
replace breaker panel without permit,https://shaffercon.com/industry-insights/complete-guide-electrical-panel-upgrades-los-angeles/,0,1,0.00%,46.00
replace electrical panel los angeles,https://shaffercon.com/industry-insights/complete-guide-electrical-panel-upgrades-los-angeles/,0,10,0.00%,17.30
replace electrical panel without permit,https://shaffercon.com/industry-insights/complete-guide-electrical-panel-upgrades-los-angeles/,0,2,0.00%,7.50
replace zinsco breaker,https://shaffercon.com/industry-insights/panel-upgrades-the-essentials-of-zinsco-panel-upgrade-or-replacement/,0,1,0.00%,31.00
replace zinsco panel,https://shaffercon.com/industry-insights/panel-upgrades-the-essentials-of-zinsco-panel-upgrade-or-replacement/,0,11,0.00%,10.18
replacing aluminum wiring,https://shaffercon.com/industry-insights/aluminum-wiring-replacement-key-considerations-and-safety-tips/,0,147,0.00%,31.57
replacing zinsco panel,https://shaffercon.com/industry-insights/panel-upgrades-the-essentials-of-zinsco-panel-upgrade-or-replacement/,0,21,0.00%,8.00
requirements for electric vehicle charging station,https://shaffercon.com/industry-insights/the-ultimate-guide-to-ev-charger-installation-and-infrastructure-in-los-angeles/,0,2,0.00%,79.00
requirements for electrical installations,https://shaffercon.com/industry-insights/california-title-24-electrical-requirements-renovations/,0,1,0.00%,36.00
requirements for electrical permit,https://shaffercon.com/industry-insights/ladbs-electrical-permit-process-step-by-step-guide/,0,1,0.00%,57.00
requirements for ev charger installation,https://shaffercon.com/industry-insights/the-ultimate-guide-to-ev-charger-installation-and-infrastructure-in-los-angeles/,0,2,0.00%,65.00
requirements for ev charging station,https://shaffercon.com/industry-insights/the-ultimate-guide-to-ev-charger-installation-and-infrastructure-in-los-angeles/,0,2,0.00%,78.00
requirements for gfci outlets,https://shaffercon.com/industry-insights/gfi-electrical-outlets-ensuring-safety-in-your-electrical-setup/,0,3,0.00%,66.33
requirements of electrical installation,https://shaffercon.com/industry-insights/california-title-24-electrical-requirements-renovations/,0,2,0.00%,63.50
residential,https://shaffercon.com/residential-ev-charger/,0,1,0.00%,1.00
residential amp panel upgrades in diamond bar,https://shaffercon.com/industry-insights/complete-guide-electrical-panel-upgrades-los-angeles/,0,1,0.00%,34.00
residential amp panel upgrades in los angeles,https://shaffercon.com/industry-insights/complete-guide-electrical-panel-upgrades-los-angeles/,0,25,0.00%,12.36
residential amp panel upgrades in pomona,https://shaffercon.com/industry-insights/complete-guide-electrical-panel-upgrades-los-angeles/,0,1,0.00%,40.00
residential amp panel upgrades in southern ca,https://shaffercon.com/industry-insights/complete-guide-electrical-panel-upgrades-los-angeles/,0,5,0.00%,14.80
residential building ev charging,https://shaffercon.com/industry-insights/the-ultimate-guide-to-ev-charger-installation-and-infrastructure-in-los-angeles/,0,5,0.00%,65.20
residential building permits los angeles county,https://shaffercon.com/industry-insights/ladbs-electrical-permit-process-step-by-step-guide/,0,8,0.00%,21.00
residential carpentry service culver city ca,https://shaffercon.com/service-areas/culver-city/,0,4,0.00%,38.00
residential ceiling fan installation in los angeles,https://shaffercon.com/industry-insights/ceiling-fan-installation-benefits-aesthetics,0,20,0.00%,10.15
residential ceiling fan installation in southern ca,https://shaffercon.com/industry-insights/ceiling-fan-installation-benefits-aesthetics,0,18,0.00%,11.44
residential ceiling fan installation in southern ca,https://shaffercon.com/industry-insights/ceiling-fan-installation-benefits-aesthetics/,0,1,0.00%,12.00
residential circuit breaker installation in los angeles,https://shaffercon.com/industry-insights/complete-guide-electrical-panel-upgrades-los-angeles/,0,6,0.00%,15.00
residential dedicated electrical circuits,https://shaffercon.com/industry-insights/dedicated-circuits-when-why-home-appliances-need-them,0,4,0.00%,26.00
residential dedicated electrical circuits,https://shaffercon.com/industry-insights/dedicated-circuits-when-why-home-appliances-need-them/,0,12,0.00%,12.83
residential electrical code,https://shaffercon.com/industry-insights/california-title-24-electrical-requirements-renovations/,0,6,0.00%,77.00
residential electrical code checklist,https://shaffercon.com/industry-insights/electrical-safety-inspection-checklist-los-angeles/,0,10,0.00%,49.80
residential electrical code requirements,https://shaffercon.com/industry-insights/california-title-24-electrical-requirements-renovations/,0,11,0.00%,72.09
residential electrical inspection checklist,https://shaffercon.com/industry-insights/electrical-safety-inspection-checklist-los-angeles/,0,6,0.00%,40.50
residential electrical inspection checklist template,https://shaffercon.com/industry-insights/electrical-safety-inspection-checklist-los-angeles/,0,16,0.00%,53.00
residential electrical panel code requirements,https://shaffercon.com/industry-insights/california-title-24-electrical-requirements-renovations/,0,3,0.00%,59.67
residential electrical panel replacement,https://shaffercon.com/industry-insights/complete-guide-electrical-panel-upgrades-los-angeles/,0,1,0.00%,4.00
residential electrical panel upgrade,https://shaffercon.com/industry-insights/complete-guide-electrical-panel-upgrades-los-angeles/,0,5,0.00%,3.60
residential electrical repair beverly hills,https://shaffercon.com/service-areas/beverly-hills/,0,1,0.00%,20.00
residential electrical repairs in pasadena,https://shaffercon.com/service-areas/pasadena/residential-electrical-troubleshooting-repairs,0,25,0.00%,27.56
residential electrical repairs in pasadena,https://shaffercon.com/service-areas/pasadena/residential-electrical-troubleshooting-repairs/,0,5,0.00%,31.00
residential electrical requirements ev,https://shaffercon.com/industry-insights/the-ultimate-guide-to-ev-charger-installation-and-infrastructure-in-los-angeles/,0,21,0.00%,75.62
residential electrical service upgrade,https://shaffercon.com/industry-insights/complete-guide-electrical-panel-upgrades-los-angeles/,0,21,0.00%,62.43
residential electrical services in beverly hills ca,https://shaffercon.com/service-areas/beverly-hills/,0,9,0.00%,15.56
residential electrical services in burbank ca,https://shaffercon.com/service-areas/burbank/,0,30,0.00%,9.33
residential electrical upgrades in los angeles,https://shaffercon.com/industry-insights/complete-guide-electrical-panel-upgrades-los-angeles/,0,14,0.00%,14.07
residential electrical upgrades in southern ca,https://shaffercon.com/industry-insights/complete-guide-electrical-panel-upgrades-los-angeles/,0,1,0.00%,37.00
residential electrical upgrades in southern ca,https://shaffercon.com/service-areas/culver-city/residential-electrical-panel-upgrades/,0,2,0.00%,26.00
residential electrical upgrades los angeles ca,https://shaffercon.com/industry-insights/complete-guide-electrical-panel-upgrades-los-angeles/,0,11,0.00%,17.36
residential electrician agoura hills ca,https://shaffercon.com/industry-insights/electrician-services-agoura-hills-ev/,0,7,0.00%,14.29
residential electrician burbank,https://shaffercon.com/service-areas/burbank/,0,11,0.00%,40.73
residential electrician culver city,https://shaffercon.com/service-areas/culver-city/,0,62,0.00%,19.55
residential electrician culver city,https://shaffercon.com/service-areas/culver-city/residential-electrical-troubleshooting-repairs/,0,5,0.00%,24.20
residential electrician el segundo ca,https://shaffercon.com/industry-insights/el-segundo-electrician-services-contractor/,0,6,0.00%,5.83
residential electrician highland park,https://shaffercon.com/service-areas/highland-park/,0,2,0.00%,15.00
"residential electrician hollywood, ca",https://shaffercon.com/service-areas/west-hollywood/,0,2,0.00%,24.00
residential electrician rule,https://shaffercon.com/industry-insights/california-title-24-electrical-requirements-renovations/,0,2,0.00%,37.50
residential electrician santa clarita,https://shaffercon.com/service-areas/santa-clarita/,0,5,0.00%,16.20
residential electrician santa monica,https://shaffercon.com/service-areas/santa-monica/,0,1,0.00%,28.00
residential electrician services altadena,https://shaffercon.com/service-areas/altadena/,0,4,0.00%,14.25
residential electrician services altadena,https://shaffercon.com/service-areas/altadena/residential-electrical-code-compliance-corrections/,0,10,0.00%,15.40
residential electrician services altadena,https://shaffercon.com/service-areas/altadena/residential-electrical-panel-upgrades/,0,3,0.00%,38.33
residential electrician services altadena,https://shaffercon.com/service-areas/altadena/residential-electrical-safety-inspections/,0,3,0.00%,39.33
residential electrician services sherman oaks,https://shaffercon.com/service-areas/sherman-oaks/,0,16,0.00%,10.50
residential electrician sherman oaks,https://shaffercon.com/service-areas/sherman-oaks/,0,15,0.00%,21.53
residential electrician west hollywood,https://shaffercon.com/service-areas/west-hollywood/,0,87,0.00%,15.24
residential electrician west hollywood,https://shaffercon.com/service-areas/west-hollywood/residential-electrical-troubleshooting-repairs/,0,2,0.00%,11.00
residential electricians and backup generator installation los angeles 90022,https://shaffercon.com/service-areas/west-hollywood/,0,48,0.00%,7.92
residential engineering pacific palisades,https://shaffercon.com/service-areas/pacific-palisades/,0,24,0.00%,13.79
residential ev charger market,https://shaffercon.com/industry-insights/exploring-the-rapid-growth-and-key-trends-in-ev-charging-infrastructure-in-2023/,0,7,0.00%,65.29
residential ev charger permits,https://shaffercon.com/industry-insights/the-ultimate-guide-to-ev-charger-installation-and-infrastructure-in-los-angeles/,0,11,0.00%,79.45
residential ev charging electrical guidelines,https://shaffercon.com/industry-insights/the-ultimate-guide-to-ev-charger-installation-and-infrastructure-in-los-angeles/,0,15,0.00%,75.53
residential ev charging installation,https://shaffercon.com/residential-ev-charger/,0,1,0.00%,62.00
residential ev charging news april 2026,https://shaffercon.com/industry-insights/california-2026-building-code-ev-charging-requirements-home-real-estate-trend-32-new-models/,0,5,0.00%,7.60
residential ev charging standards,https://shaffercon.com/industry-insights/the-ultimate-guide-to-ev-charger-installation-and-infrastructure-in-los-angeles/,0,41,0.00%,67.49
residential ev charging station,https://shaffercon.com/industry-insights/nec-2026-qualified-installer-requirement-charging-reliability-86-percent-commercial-roi-3-5-year-payback/,0,1,0.00%,5.00
residential ev level 2 car charger installations in fullerton,https://shaffercon.com/residential-ev-charger/,0,2,0.00%,20.50
residential ev level 2 car charger installations in los angeles,https://shaffercon.com/industry-insights/the-ultimate-guide-to-ev-charger-installation-and-infrastructure-in-los-angeles/,0,7,0.00%,12.71
residential ev level 2 car charger installations in los angeles,https://shaffercon.com/residential-ev-charger/,0,36,0.00%,15.17
residential ev level 2 car charger installations in rancho cucamonga,https://shaffercon.com/residential-ev-charger/,0,5,0.00%,17.20
residential generator services pasadena,https://shaffercon.com/service-areas/pasadena/residential-backup-generator-installation,0,29,0.00%,16.21
residential generator services pasadena,https://shaffercon.com/service-areas/pasadena/residential-backup-generator-installation/,0,16,0.00%,12.94
residential home rewiring services los angeles ca,https://shaffercon.com/service-areas/boyle-heights/residential-complete-electrical-rewiring,0,1,0.00%,15.00
residential home rewiring services los angeles ca,https://shaffercon.com/service-areas/boyle-heights/residential-complete-electrical-rewiring/,0,5,0.00%,13.40
residential kitchen circuit breaker size,https://shaffercon.com/industry-insights/kitchen-electrical-requirements-outlet-placement-guide/,0,9,0.00%,13.33
residential kitchen code requirements,https://shaffercon.com/industry-insights/kitchen-electrical-requirements-outlet-placement-guide/,0,3,0.00%,46.00
"residential lighting design pasadena, ca",https://shaffercon.com/service-areas/pasadena/residential-lighting-installation-retrofitting/,0,10,0.00%,3.90
residential panel upgrade,https://shaffercon.com/industry-insights/complete-guide-electrical-panel-upgrades-los-angeles/,0,110,0.00%,13.11
residential security camera system santa monica,https://shaffercon.com/service-areas/santa-monica/residential-smart-automation-systems/,0,4,0.00%,26.00
residential service panel upgrade,https://shaffercon.com/industry-insights/complete-guide-electrical-panel-upgrades-los-angeles/,0,4,0.00%,53.50
residential structured wiring design in beverly hills ca,https://shaffercon.com/service-areas/beverly-hills/residential-data-network-av-wiring/,0,11,0.00%,1.45
residential structured wiring design in beverly hills ca,https://shaffercon.com/service-areas/santa-monica/residential-data-network-av-wiring/,0,2,0.00%,32.00
residential structured wiring design in santa monica ca,https://shaffercon.com/service-areas/glendale/residential-data-network-av-wiring/,0,4,0.00%,17.00
residential structured wiring design in santa monica ca,https://shaffercon.com/service-areas/santa-monica/residential-data-network-av-wiring/,0,11,0.00%,1.18
residential structured wiring near me in beverly hills ca,https://shaffercon.com/service-areas/santa-monica/residential-data-network-av-wiring/,0,1,0.00%,35.00
residential structured wiring near me in santa monica ca,https://shaffercon.com/service-areas/santa-monica/residential-data-network-av-wiring/,0,15,0.00%,3.93
residential structured wiring service in beverly hills ca,https://shaffercon.com/service-areas/santa-monica/residential-data-network-av-wiring/,0,2,0.00%,22.00
residential structured wiring service in santa monica ca,https://shaffercon.com/service-areas/santa-monica/,0,2,0.00%,11.00
residential structured wiring service in santa monica ca,https://shaffercon.com/service-areas/santa-monica/residential-data-network-av-wiring/,0,11,0.00%,2.27
residential system integration santa monica,https://shaffercon.com/service-areas/pacific-palisades/residential-smart-automation-systems/,0,1,0.00%,12.00
residential wire size,https://shaffercon.com/industry-insights/kitchen-electrical-requirements-outlet-placement-guide/,0,1,0.00%,1.00
residential wiring el dorado county,https://shaffercon.com/industry-insights/california-title-24-electrical-requirements-renovations/,0,1,0.00%,1.00
retail buildout electrical,https://shaffercon.com/industry-insights/retail-store-electrical-planning-design-guide,0,5,0.00%,4.20
retail buildout electrical,https://shaffercon.com/industry-insights/retail-store-electrical-planning-design-guide/,0,16,0.00%,7.06
retail electrical maintenance,https://shaffercon.com/statewide-facilities-maintenance/,0,35,0.00%,33.26
retail store electrical setup,https://shaffercon.com/industry-insights/retail-store-electrical-planning-design-guide,0,10,0.00%,5.70
retail store electrical setup,https://shaffercon.com/industry-insights/retail-store-electrical-planning-design-guide/,0,21,0.00%,8.67
retail store electrical setups,https://shaffercon.com/industry-insights/retail-store-electrical-planning-design-guide,0,6,0.00%,7.00
retail store electrical setups,https://shaffercon.com/industry-insights/retail-store-electrical-planning-design-guide/,0,21,0.00%,11.05
retrofit companies,https://shaffercon.com/led-retrofit-services/,0,2,0.00%,28.50
retrofit companies in los angeles,https://shaffercon.com/led-retrofit-services/,0,5,0.00%,70.20
retrofit companies los angeles,https://shaffercon.com/led-retrofit-services/,0,2,0.00%,100.00
retrofit company,https://shaffercon.com/led-retrofit-services/,0,3,0.00%,88.33
retrofit installations,https://shaffercon.com/led-retrofit-services/,0,2,0.00%,42.00
retrofit installations,https://shaffercon.com/service-areas/pasadena/residential-lighting-installation-retrofitting/,0,1,0.00%,29.00
retrofit lighting design malibu ca,https://shaffercon.com/led-retrofit-services/,0,13,0.00%,16.92
retrofitting companies in los angeles,https://shaffercon.com/led-retrofit-services/,0,5,0.00%,84.80
rewire kitchen cost,https://shaffercon.com/industry-insights/kitchen-electrical-requirements-outlet-placement-guide/,0,1,0.00%,1.00
rewiring safety inspection checklist,https://shaffercon.com/industry-insights/electrical-safety-inspection-checklist-los-angeles/,0,1,0.00%,71.00
robotaxi hoboken,https://shaffercon.com/industry-insights/byd-overtakes-tesla-kia-ev3-usa-nevi-funding-battle-hoboken-jolt-leapmotor-europe/,0,15,0.00%,26.13
roof ventilation installation services glendale,https://shaffercon.com/service-areas/glendale/commercial-exhaust-fan-ventilation-wiring/,0,4,0.00%,30.00
roof ventilation installation services glendale ca,https://shaffercon.com/service-areas/glendale/commercial-exhaust-fan-ventilation-wiring/,0,3,0.00%,37.67
roofing pacific palisades,https://shaffercon.com/service-areas/pacific-palisades/,0,18,0.00%,49.22
rossmoyne electrical contractor,https://shaffercon.com/service-areas/glendale/,0,1,0.00%,13.00
rossmoyne electrician,https://shaffercon.com/service-areas/glendale/,0,2,0.00%,32.00
rough electrical inspection,https://shaffercon.com/industry-insights/passing-electrical-inspection-common-failures-fixes/,0,10,0.00%,28.20
rough electrical inspection checklist,https://shaffercon.com/industry-insights/electrical-safety-inspection-checklist-los-angeles/,0,7,0.00%,54.43
rough electrical inspection requirements,https://shaffercon.com/industry-insights/passing-electrical-inspection-common-failures-fixes/,0,2,0.00%,51.50
rough in electrical inspection,https://shaffercon.com/industry-insights/passing-electrical-inspection-common-failures-fixes/,0,8,0.00%,34.75
rough in inspection electrical,https://shaffercon.com/industry-insights/passing-electrical-inspection-common-failures-fixes/,0,2,0.00%,40.00
rough inspection electrical,https://shaffercon.com/industry-insights/passing-electrical-inspection-common-failures-fixes/,0,1,0.00%,36.00
rough-in inspection,https://shaffercon.com/industry-insights/passing-electrical-inspection-common-failures-fixes/,0,1,0.00%,9.00
s o l a r e l e c t r i c f e n c e c h a r g e r,https://shaffercon.com/service-areas/burbank/,0,1,0.00%,43.00
sabc,https://shaffercon.com/industry-insights/kitchen-electrical-requirements-outlet-placement-guide/,0,1,0.00%,1.00
sae j3271 megawatt charging system published march 2025,https://shaffercon.com/industry-insights/evgo-prefabricated-stations-ford-f150-lightning-ends-erev-tesla-fairbanks-megawatt-charging-trucks/,0,1,0.00%,8.00
safe and efficient ev installation,https://shaffercon.com/industry-insights/installing-ev-chargers-in-los-angeles-your-guide-to-a-greener-future/,0,2,0.00%,77.00
safe and efficient ev installation,https://shaffercon.com/industry-insights/the-ultimate-guide-to-ev-charger-installation-and-infrastructure-in-los-angeles/,0,32,0.00%,54.31
safe scope electric,https://shaffercon.com/industry-insights/electrician-lawndale-ca-trusted-local-electrical-services/,0,1,0.00%,13.00
safe scope electric,https://shaffercon.com/service-areas/santa-monica/residential-electrical-safety-inspections/,0,1,0.00%,25.00
safety steps before working on garbage disposal,https://shaffercon.com/industry-insights/garbage-disposal-maintenance-safety-tips/,0,5,0.00%,5.40
safety-focused solar contractor,https://shaffercon.com/industry-insights/new-california-solar-battery-project-rule-why-licensed-electricians-are-essential/,0,2,0.00%,31.00
san francisco ev charger installation,https://shaffercon.com/industry-insights/california-2026-building-code-ev-charging-requirements-home-real-estate-trend-32-new-models/,0,1,0.00%,3.00
santa clarita commercial electrical contractors,https://shaffercon.com/service-areas/santa-clarita/,0,20,0.00%,17.20
santa clarita commercial electrical contractors,https://shaffercon.com/service-areas/santa-clarita/commercial-electrical-troubleshooting-repairs,0,8,0.00%,12.50
santa clarita commercial electrical contractors,https://shaffercon.com/service-areas/santa-clarita/commercial-electrical-troubleshooting-repairs/,0,1,0.00%,14.00
santa clarita electrical,https://shaffercon.com/service-areas/santa-clarita/,0,7,0.00%,27.43
santa clarita electrical contractor,https://shaffercon.com/service-areas/santa-clarita/,0,24,0.00%,16.88
santa clarita residential electrician,https://shaffercon.com/service-areas/santa-clarita/,0,7,0.00%,18.57
santa monica,https://shaffercon.com/service-areas/santa-monica/,0,1,0.00%,3.00
santa monica electric co,https://shaffercon.com/service-areas/santa-monica/,0,1,0.00%,43.00
santa monica electrical contractor,https://shaffercon.com/service-areas/santa-monica/,0,8,0.00%,9.62
santa monica electrician,https://shaffercon.com/service-areas/santa-monica/,0,1,0.00%,66.00
santa monica electricians,https://shaffercon.com/service-areas/santa-monica/,0,3,0.00%,86.67
santa monica house rewire,https://shaffercon.com/service-areas/santa-monica/,0,3,0.00%,29.00
santa monica house rewire,https://shaffercon.com/service-areas/santa-monica/residential-backup-generator-installation,0,1,0.00%,48.00
santa monica house rewire,https://shaffercon.com/service-areas/santa-monica/residential-complete-electrical-rewiring/,0,27,0.00%,3.63
santa monica inspection,https://shaffercon.com/service-areas/santa-monica/residential-electrical-safety-inspections/,0,2,0.00%,9.00
santa venetia electrical panel upgrade,https://shaffercon.com/industry-insights/complete-guide-electrical-panel-upgrades-los-angeles/,0,4,0.00%,20.50
santa venetia electrical panel upgrade,https://shaffercon.com/residential-ev-charger/,0,13,0.00%,16.77
santa venetia electrical panel upgrade,https://shaffercon.com/service-areas/glendale/residential-electrical-panel-upgrades/,0,2,0.00%,33.00
santa venetia electrical panel upgrade,https://shaffercon.com/service-areas/pacific-palisades/residential-electrical-panel-upgrades/,0,1,0.00%,50.00
santa venetia ev charger,https://shaffercon.com/residential-ev-charger/,0,2,0.00%,18.00
santa venetia ev charger installation,https://shaffercon.com/,0,2,0.00%,17.00
santa venetia ev charger installation,https://shaffercon.com/commercial-electric-vehicle-chargers/,0,8,0.00%,12.62
santa venetia ev charger installation,https://shaffercon.com/residential-ev-charger/,0,17,0.00%,18.06
santa venetia ev charger installation,https://shaffercon.com/service-areas/atwater-village/residential-ev-charger-installation/,0,1,0.00%,49.00
santa venetia ev charger installation,https://shaffercon.com/service-areas/venice/,0,10,0.00%,12.90
santa venetia standby generator,https://shaffercon.com/service-areas/west-hollywood/residential-backup-generator-installation/,0,4,0.00%,11.50
santa venetia standby generator installation,https://shaffercon.com/service-areas/culver-city/,0,1,0.00%,16.00
santa venetia standby generator installation,https://shaffercon.com/service-areas/silver-lake/,0,1,0.00%,12.00
santa venetia standby generator installation,https://shaffercon.com/service-areas/west-hollywood/residential-backup-generator-installation/,0,1,0.00%,20.00
scaffar,https://shaffercon.com/contact-us/,0,1,0.00%,12.00
scaffer,https://shaffercon.com/contact-us/,0,2,0.00%,6.50
scalable ev charging infrastructure,https://shaffercon.com/industry-insights/exploring-the-rapid-growth-and-key-trends-in-ev-charging-infrastructure-in-2023/,0,1,0.00%,91.00
scalable ev charging infrastructure,https://shaffercon.com/industry-insights/the-rapid-expansion-of-ev-charging-infrastructure-key-insights-policy-updates-and-practical-tips-for-home-and-business-owners/,0,1,0.00%,55.00
sce contractors,https://shaffercon.com/,0,4,0.00%,75.25
sce panel upgrade application,https://shaffercon.com/industry-insights/complete-guide-electrical-panel-upgrades-los-angeles/,0,1,0.00%,7.00
schaefer,https://shaffercon.com/contact-us/,0,1,0.00%,1.00
schaefer construction,http://www.shaffercon.com/,0,1,0.00%,2.00
schaefer construction,https://shaffercon.com/,0,12,0.00%,8.42
schaefer construction,https://shaffercon.com/contact-us/,0,9,0.00%,5.11
schaefer electric,https://shaffercon.com/,0,3,0.00%,8.67
schaefer electric,https://shaffercon.com/contact-us/,0,4,0.00%,8.00
schaefer electric,https://shaffercon.com/service-areas/,0,1,0.00%,9.00
schaefer electric,https://shaffercon.com/service-areas/glendale/,0,2,0.00%,11.50
schaefer electric,https://shaffercon.com/service-areas/santa-clarita/,0,1,0.00%,11.00
schaefer electric inc,https://shaffercon.com/,0,1,0.00%,53.00
"schaefer electric, electrician",https://shaffercon.com/service-areas/burbank/,0,1,0.00%,16.00
schaefer engineering,https://shaffercon.com/contact-us/,0,1,0.00%,3.00
schaeffer,http://www.shaffercon.com/,0,1,0.00%,19.00
schaeffer construction,http://www.shaffercon.com/,0,2,0.00%,3.00
schaeffer construction,https://shaffercon.com/,0,30,0.00%,7.73
schaeffer construction,https://shaffercon.com/contact-us/,0,11,0.00%,3.00
schaeffer electric,https://shaffercon.com/,0,10,0.00%,15.70
schaeffer electric,https://shaffercon.com/contact-us/,0,3,0.00%,8.33
schaeffer electric,https://shaffercon.com/service-areas/burbank/,0,3,0.00%,48.67
schaeffer electric company,https://shaffercon.com/,0,1,0.00%,11.00
schaeffer electric company,https://shaffercon.com/contact-us/,0,1,0.00%,6.00
schafer construction,https://shaffercon.com/,0,13,0.00%,6.00
schafer construction,https://shaffercon.com/contact-us/,0,10,0.00%,9.40
schafer construction inc,https://shaffercon.com/contact-us/,0,2,0.00%,10.50
"schafer construction, inc.",https://shaffercon.com/contact-us/,0,1,0.00%,12.00
schafer electric,https://shaffercon.com/,0,13,0.00%,9.00
schafer electric,https://shaffercon.com/contact-us/,0,11,0.00%,9.91
schafer electric,https://shaffercon.com/service-areas/burbank/,0,34,0.00%,21.88
schafer electric,https://shaffercon.com/service-areas/long-beach/,0,1,0.00%,3.00
schafer electric,https://shaffercon.com/service-areas/pasadena/,0,2,0.00%,8.50
schafer electric,https://shaffercon.com/service-areas/santa-clarita/,0,3,0.00%,6.33
schafer electric inc,https://shaffercon.com/service-areas/burbank/,0,1,0.00%,12.00
schaffer builders,https://shaffercon.com/,0,1,0.00%,9.00
schaffer builders,https://shaffercon.com/contact-us/,0,1,0.00%,14.00
schaffer concrete,https://shaffercon.com/,0,2,0.00%,37.50
schaffer construction,http://www.shaffercon.com/,0,2,0.00%,3.00
schaffer construction,https://shaffercon.com/service-areas/hollywood/,0,1,0.00%,11.00
schaffer electric,https://shaffercon.com/contact-us/,0,4,0.00%,6.25
schaffer electric,https://shaffercon.com/service-areas/burbank/,0,1,0.00%,8.00
schaffer electric,https://shaffercon.com/service-areas/glendale/,0,2,0.00%,3.00
schaffer electric,https://shaffercon.com/service-areas/torrance/,0,1,0.00%,2.00
schaffer homes,http://www.shaffercon.com/,0,1,0.00%,11.00
schaffer services llc,https://shaffercon.com/,0,1,0.00%,53.00
schaffner construction,https://shaffercon.com/,0,1,0.00%,19.00
schefer,https://shaffercon.com/contact-us/,0,1,0.00%,2.00
scheffer construction,https://shaffercon.com/,0,1,0.00%,43.00
scott schaefer,https://shaffercon.com/contact-us/,0,1,0.00%,1.00
scott schaffer,https://shaffercon.com/contact-us/,0,1,0.00%,11.00
"seal 07 ev boasts 1,500 kw flash charging technology",https://shaffercon.com/industry-insights/top-electric-vehicles-for-2024-a-comprehensive-guide/,0,1,0.00%,3.00
security camera service santa monica,https://shaffercon.com/service-areas/santa-monica/commercial-security-motion-lighting/,0,1,0.00%,52.00
security lighting installation pasadena ca,https://shaffercon.com/service-areas/pasadena/residential-security-motion-lighting,0,1,0.00%,1.00
security lighting long beach,https://shaffercon.com/service-areas/long-beach/commercial-landscape-outdoor-lighting/,0,1,0.00%,25.00
security lighting long beach,https://shaffercon.com/service-areas/long-beach/residential-security-motion-lighting,0,2,0.00%,6.50
security lighting long beach,https://shaffercon.com/service-areas/long-beach/residential-security-motion-lighting/,0,1,0.00%,5.00
selling homes with ev chargers,https://shaffercon.com/industry-insights/california-2026-building-code-ev-charging-requirements-home-real-estate-trend-32-new-models/,0,1,0.00%,69.00
serfer construction,https://shaffercon.com/,0,2,0.00%,24.50
service panel upgrade,https://shaffercon.com/industry-insights/complete-guide-electrical-panel-upgrades-los-angeles/,0,21,0.00%,45.67
service panel upgrade inspection,https://shaffercon.com/industry-insights/complete-guide-electrical-panel-upgrades-los-angeles/,0,49,0.00%,44.90
service panel upgrades,https://shaffercon.com/industry-insights/complete-guide-electrical-panel-upgrades-los-angeles/,0,2,0.00%,6.00
service upgrade electrical,https://shaffercon.com/industry-insights/complete-guide-electrical-panel-upgrades-los-angeles/,0,7,0.00%,28.86
sf construction,https://shaffercon.com/,0,1,0.00%,83.00
sgv california,https://shaffercon.com/service-areas/pasadena/,0,3,0.00%,2.00
shaefer,https://shaffercon.com/contact-us/,0,1,0.00%,2.00
shaeffer construction,http://www.shaffercon.com/,0,2,0.00%,1.50
shaeffer construction,https://shaffercon.com/contact-us/,0,2,0.00%,1.50
shaeffer electric,https://shaffercon.com/,0,1,0.00%,42.00
shaeffer electric,https://shaffercon.com/service-areas/burbank/,0,1,0.00%,54.00
shaeffer electric,https://shaffercon.com/service-areas/santa-monica/,0,1,0.00%,76.00
shaeffer electric,https://shaffercon.com/service-areas/sherman-oaks/,0,1,0.00%,85.00
shafer,https://shaffercon.com/contact-us/,0,6,0.00%,1.17
shafer construction,https://shaffercon.com/,0,4,0.00%,12.50
shafer construction,https://shaffercon.com/about-us/,0,1,0.00%,18.00
shafer construction,https://shaffercon.com/contact-us/,0,2,0.00%,5.00
shafer contracting,https://shaffercon.com/,0,6,0.00%,37.17
shafer electric,https://shaffercon.com/,0,6,0.00%,6.00
shafer electric,https://shaffercon.com/contact-us/,0,5,0.00%,9.40
shafer electric,https://shaffercon.com/service-areas/burbank/,0,7,0.00%,20.14
shafer electric,https://shaffercon.com/service-areas/glendale/,0,1,0.00%,3.00
shafer electricians,https://shaffercon.com/,0,1,0.00%,27.00
shafer electricians,https://shaffercon.com/service-areas/burbank/,0,1,0.00%,43.00
shafer homes,https://shaffercon.com/contact-us/,0,1,0.00%,13.00
shafers,https://shaffercon.com/,0,1,0.00%,5.00
shafers,https://shaffercon.com/contact-us/,0,2,0.00%,3.00
shaffer,http://www.shaffercon.com/,0,1,0.00%,1.00
shaffer,https://shaffercon.com/,0,1,0.00%,1.00
shaffer,https://shaffercon.com/contact-us/,0,29,0.00%,1.38
shaffer brothers construction,https://shaffercon.com/,0,1,0.00%,44.00
shaffer brothers construction,https://shaffercon.com/contact-us/,0,2,0.00%,4.00
shaffer building,https://shaffercon.com/,0,4,0.00%,3.50
shaffer building,https://shaffercon.com/contact-us/,0,8,0.00%,3.75
shaffer building,https://shaffercon.com/service-areas/hollywood/,0,6,0.00%,8.83
shaffer building,https://shaffercon.com/service-areas/inglewood/,0,1,0.00%,1.00
shaffer building services,https://shaffercon.com/electrical-load-studies/,0,1,0.00%,10.00
shaffer ca,https://shaffercon.com/,0,6,0.00%,10.67
shaffer california,https://shaffercon.com/,0,4,0.00%,13.00
shaffer car,http://www.shaffercon.com/,0,1,0.00%,4.00
shaffer company,https://shaffercon.com/,0,4,0.00%,1.25
shaffer company,https://shaffercon.com/contact-us/,0,2,0.00%,6.50
shaffer company,https://shaffercon.com/service-areas/inglewood/,0,2,0.00%,1.00
shaffer concrete,https://shaffercon.com/,0,5,0.00%,81.40
shaffer construction,https://shaffercon.com/about-us/,0,7,0.00%,10.14
shaffer construction,https://shaffercon.com/service-areas/,0,1,0.00%,11.00
shaffer construction,https://shaffercon.com/service-areas/altadena/,0,22,0.00%,9.95
shaffer construction,https://shaffercon.com/service-areas/atwater-village/,0,22,0.00%,9.95
shaffer construction,https://shaffercon.com/service-areas/beverly-hills/,0,22,0.00%,9.95
shaffer construction,https://shaffercon.com/service-areas/boyle-heights/,0,22,0.00%,9.95
shaffer construction,https://shaffercon.com/service-areas/burbank/,0,8,0.00%,9.88
shaffer construction,https://shaffercon.com/service-areas/culver-city/,0,8,0.00%,9.88
shaffer construction,https://shaffercon.com/service-areas/echo-park/,0,7,0.00%,10.71
shaffer construction,https://shaffercon.com/service-areas/hollywood/,0,15,0.00%,8.40
shaffer construction,https://shaffercon.com/service-areas/inglewood/,0,1,0.00%,6.00
shaffer construction,https://shaffercon.com/service-areas/pasadena/,0,3,0.00%,2.00
shaffer construction,https://shaffercon.com/service-areas/santa-monica/,0,2,0.00%,4.00
shaffer construction,https://shaffercon.com/service-areas/west-hollywood/,0,1,0.00%,6.00
shaffer construction co,http://www.shaffercon.com/,0,1,0.00%,1.00
shaffer construction co,https://shaffercon.com/service-areas/altadena/,0,1,0.00%,10.00
shaffer construction co,https://shaffercon.com/service-areas/atwater-village/,0,1,0.00%,10.00
shaffer construction co,https://shaffercon.com/service-areas/beverly-hills/,0,1,0.00%,10.00
shaffer construction co,https://shaffercon.com/service-areas/boyle-heights/,0,1,0.00%,10.00
shaffer construction co,https://shaffercon.com/service-areas/burbank/,0,1,0.00%,10.00
shaffer construction co,https://shaffercon.com/service-areas/culver-city/,0,1,0.00%,10.00
shaffer construction co,https://shaffercon.com/service-areas/echo-park/,0,1,0.00%,10.00
shaffer construction co,https://shaffercon.com/service-areas/hollywood/,0,1,0.00%,7.00
shaffer electric,http://www.shaffercon.com/,0,4,0.00%,2.75
shaffer electric,https://shaffercon.com/,0,48,0.00%,12.48
shaffer electric,https://shaffercon.com/about-us/,0,1,0.00%,6.00
shaffer electric,https://shaffercon.com/service-areas/burbank/,0,11,0.00%,23.82
shaffer electric,https://shaffercon.com/service-areas/glendale/,0,8,0.00%,48.00
shaffer electric,https://shaffercon.com/service-areas/long-beach/,0,1,0.00%,3.00
shaffer electric,https://shaffercon.com/service-areas/santa-monica/,0,1,0.00%,86.00
shaffer electric,https://shaffercon.com/service-areas/sherman-oaks/,0,1,0.00%,6.00
shaffer electric,https://shaffercon.com/service-areas/torrance/,0,1,0.00%,5.00
shaffer electric,https://shaffercon.com/service-areas/west-hollywood/,0,3,0.00%,9.33
shaffer engineering,https://shaffercon.com/,0,4,0.00%,27.25
shaffer engineering,https://shaffercon.com/service-areas/inglewood/,0,1,0.00%,7.00
shaffer enterprises,https://shaffercon.com/,0,4,0.00%,14.75
shaffer enterprises,https://shaffercon.com/contact-us/,0,1,0.00%,2.00
shaffer excavating company,https://shaffercon.com/contact-us/,0,1,0.00%,11.00
shaffer homes,https://shaffercon.com/,0,1,0.00%,15.00
shaffer inc,https://shaffercon.com/,0,6,0.00%,7.00
shaffer inc,https://shaffercon.com/contact-us/,0,1,0.00%,3.00
shaffer llc,https://shaffercon.com/,0,1,0.00%,1.00
shaffer llc,https://shaffercon.com/contact-us/,0,2,0.00%,5.00
shaffer paving,https://shaffercon.com/,0,2,0.00%,35.00
shaffer services,https://shaffercon.com/,0,5,0.00%,33.40
shaffer services,https://shaffercon.com/contact-us/,0,1,0.00%,9.00
shaffer services,https://shaffercon.com/service-areas/,0,2,0.00%,45.50
shaffer services,https://shaffercon.com/service-areas/glendale/,0,2,0.00%,39.00
shaffer services,https://shaffercon.com/service-areas/santa-monica/,0,2,0.00%,41.00
shaffer services,https://shaffercon.com/service-areas/venice/,0,1,0.00%,89.00
shaffer services,https://shaffercon.com/statewide-facilities-maintenance/,0,1,0.00%,2.00
shaffer underground,https://shaffercon.com/,0,3,0.00%,12.33
shaffer underground llc,https://shaffercon.com/,0,1,0.00%,31.00
shane shaffer,http://www.shaffercon.com/,0,2,0.00%,4.00
shane shaffer,https://shaffercon.com/,0,2,0.00%,36.50
sheffer construction,https://shaffercon.com/,0,6,0.00%,39.83
sheffer construction,https://shaffercon.com/contact-us/,0,5,0.00%,34.40
sherman electric,https://shaffercon.com/service-areas/sherman-oaks/,0,1,0.00%,10.00
sherman electrical contractors,https://shaffercon.com/service-areas/sherman-oaks/,0,2,0.00%,19.00
sherman oaks boardrooms,https://shaffercon.com/service-areas/sherman-oaks/commercial-data-network-av-wiring,0,2,0.00%,48.50
sherman oaks boardrooms,https://shaffercon.com/service-areas/sherman-oaks/commercial-data-network-av-wiring/,0,12,0.00%,47.25
sherman oaks commercial landscaping,https://shaffercon.com/service-areas/sherman-oaks/commercial-landscape-outdoor-lighting/,0,1,0.00%,34.00
sherman oaks electrician,https://shaffercon.com/service-areas/sherman-oaks/,0,10,0.00%,19.00
sherman oaks hotels with ev charging,https://shaffercon.com/service-areas/beverly-hills/commercial-pool-hot-tub-spa-electrical/,0,1,0.00%,52.00
sherman oaks solar electricity,https://shaffercon.com/service-areas/sherman-oaks/,0,3,0.00%,96.00
sherman oaks solar panels,https://shaffercon.com/service-areas/sherman-oaks/,0,7,0.00%,78.71
should i be concerned about the availability of charging stations for electric cars?,https://shaffercon.com/industry-insights/california-2026-building-code-ev-charging-requirements-home-real-estate-trend-32-new-models/,0,1,0.00%,1.00
show me more,https://shaffercon.com/industry-insights/california-2026-building-code-ev-charging-requirements-home-real-estate-trend-32-new-models/,0,1,0.00%,3.00
si por favor,https://shaffercon.com/industry-insights/nec-2026-qualified-installer-requirement-charging-reliability-86-percent-commercial-roi-3-5-year-payback/,0,1,0.00%,7.00
signing off electrical work,https://shaffercon.com/industry-insights/california-title-24-electrical-requirements-renovations/,0,1,0.00%,46.00
signs you need a panel upgrade,https://shaffercon.com/industry-insights/how-to-know-home-needs-electrical-panel-upgrade/,0,9,0.00%,66.11
silver lake,https://shaffercon.com/service-areas/silver-lake/,0,22,0.00%,1.14
silver lake california,https://shaffercon.com/service-areas/silver-lake/,0,3,0.00%,3.00
silver lake city,https://shaffercon.com/service-areas/silver-lake/,0,1,0.00%,1.00
silver lake where is it,https://shaffercon.com/service-areas/silver-lake/,0,1,0.00%,1.00
silver lake zip code,https://shaffercon.com/service-areas/silver-lake/,0,1,0.00%,1.00
silver lakes,https://shaffercon.com/service-areas/silver-lake/,0,1,0.00%,1.00
silverlake,https://shaffercon.com/service-areas/silver-lake/,0,17,0.00%,1.18
silverlake city,https://shaffercon.com/service-areas/silver-lake/,0,1,0.00%,1.00
silverlakr,https://shaffercon.com/service-areas/silver-lake/,0,1,0.00%,1.00
simi valley ev charger installation,https://shaffercon.com/residential-ev-charger/,0,3,0.00%,70.33
small-appliance circuits are intended to serve countertops for cord-connected ____ appliances only.,https://shaffercon.com/industry-insights/kitchen-electrical-requirements-outlet-placement-guide/,0,1,0.00%,1.00
smart controls burbank,https://shaffercon.com/service-areas/burbank/commercial-smart-automation-systems,0,13,0.00%,4.54
smart controls burbank,https://shaffercon.com/service-areas/burbank/commercial-smart-automation-systems/,0,11,0.00%,4.18
smart controls burbank,https://shaffercon.com/service-areas/burbank/residential-ceiling-fan-fixture-installation/,0,1,0.00%,72.00
smart controls burbank,https://shaffercon.com/service-areas/burbank/residential-outlet-switch-dimmer-services,0,13,0.00%,49.00
smart controls glendale,https://shaffercon.com/service-areas/glendale/residential-energy-efficiency-upgrades/,0,5,0.00%,7.00
smart controls glendale,https://shaffercon.com/service-areas/glendale/residential-exhaust-fan-ventilation-wiring/,0,4,0.00%,18.75
smart devices burbank,https://shaffercon.com/service-areas/burbank/residential-outlet-switch-dimmer-services,0,3,0.00%,64.33
smart devices burbank,https://shaffercon.com/service-areas/burbank/residential-smart-automation-systems,0,5,0.00%,11.20
smart devices burbank,https://shaffercon.com/service-areas/burbank/residential-smart-automation-systems/,0,9,0.00%,11.00
smart devices west hollywood,https://shaffercon.com/service-areas/west-hollywood/residential-energy-efficiency-upgrades,0,2,0.00%,98.50
smart devices west hollywood,https://shaffercon.com/service-areas/west-hollywood/residential-energy-efficiency-upgrades/,0,1,0.00%,97.00
smart devices west hollywood,https://shaffercon.com/service-areas/west-hollywood/residential-smart-automation-systems,0,8,0.00%,17.25
smart devices west hollywood,https://shaffercon.com/service-areas/west-hollywood/residential-smart-automation-systems/,0,5,0.00%,16.60
smart home automation beverly hills,https://shaffercon.com/service-areas/beverly-hills/residential-smart-automation-systems/,0,59,0.00%,17.25
smart home automation burbank,https://shaffercon.com/service-areas/burbank/residential-smart-automation-systems/,0,28,0.00%,7.39
smart home automation highland park,https://shaffercon.com/service-areas/highland-park/residential-smart-automation-systems,0,6,0.00%,18.83
smart home automation highland park,https://shaffercon.com/service-areas/highland-park/residential-smart-automation-systems/,0,1,0.00%,19.00
smart home automation in beverly hills,https://shaffercon.com/service-areas/beverly-hills/residential-smart-automation-systems/,0,29,0.00%,13.69
smart home automation in pacific palisades,https://shaffercon.com/service-areas/pacific-palisades/residential-smart-automation-systems/,0,14,0.00%,8.64
smart home automation in santa monica,https://shaffercon.com/service-areas/santa-monica/residential-smart-automation-systems/,0,14,0.00%,7.21
"smart home automation pacific palisades, ca",https://shaffercon.com/service-areas/pacific-palisades/,0,1,0.00%,80.00
smart home automation santa monica,https://shaffercon.com/service-areas/santa-monica/residential-smart-automation-systems/,0,7,0.00%,8.00
smart home automation solutions beverly hills,https://shaffercon.com/service-areas/beverly-hills/residential-smart-automation-systems/,0,15,0.00%,13.93
smart home automation solutions beverly hills,https://shaffercon.com/service-areas/pacific-palisades/residential-smart-automation-systems/,0,11,0.00%,52.55
smart home company pasadena ca,https://shaffercon.com/service-areas/pacific-palisades/residential-smart-automation-systems/,0,1,0.00%,28.00
smart home company pasadena ca,https://shaffercon.com/service-areas/pasadena/residential-smart-automation-systems,0,33,0.00%,10.42
smart home company pasadena ca,https://shaffercon.com/service-areas/pasadena/residential-smart-automation-systems/,0,8,0.00%,10.88
"smart home energy system beverly hills, ca",https://shaffercon.com/service-areas/beverly-hills/residential-smart-automation-systems/,0,6,0.00%,8.67
smart home experts pacific palisades,https://shaffercon.com/service-areas/pacific-palisades/,0,31,0.00%,51.68
smart home experts pacific palisades,https://shaffercon.com/service-areas/pacific-palisades/residential-data-network-av-wiring/,0,5,0.00%,25.60
smart home experts pacific palisades,https://shaffercon.com/service-areas/pacific-palisades/residential-smart-automation-systems/,0,44,0.00%,8.23
smart home installation beverly hills,https://shaffercon.com/service-areas/beverly-hills/residential-smart-automation-systems/,0,6,0.00%,15.33
"smart home installation west hollywood, ca",https://shaffercon.com/service-areas/west-hollywood/,0,1,0.00%,24.00
smart home installers beverly hills,https://shaffercon.com/service-areas/beverly-hills/residential-smart-automation-systems/,0,5,0.00%,13.60
smart home systems highland park,https://shaffercon.com/service-areas/highland-park/residential-smart-automation-systems/,0,1,0.00%,7.00
smart intercoms west hollywood,https://shaffercon.com/service-areas/west-hollywood/residential-smart-automation-systems,0,3,0.00%,17.67
smart intercoms west hollywood,https://shaffercon.com/service-areas/west-hollywood/residential-smart-automation-systems/,0,11,0.00%,11.55
smart lighting control beverly hills,https://shaffercon.com/service-areas/beverly-hills/residential-smart-automation-systems/,0,16,0.00%,10.88
smart lighting control pasadena,https://shaffercon.com/service-areas/pasadena/commercial-smart-automation-systems/,0,43,0.00%,8.33
smart lighting control pasadena,https://shaffercon.com/service-areas/pasadena/residential-smart-automation-systems,0,31,0.00%,9.23
smart lighting control pasadena,https://shaffercon.com/service-areas/pasadena/residential-smart-automation-systems/,0,2,0.00%,8.00
"smart lighting control pasadena, ca",https://shaffercon.com/service-areas/pasadena/residential-lighting-installation-retrofitting/,0,2,0.00%,89.00
"smart lighting control pasadena, ca",https://shaffercon.com/service-areas/pasadena/residential-smart-automation-systems,0,24,0.00%,5.62
smart lighting installation highland park,https://shaffercon.com/service-areas/highland-park/commercial-lighting-installation-retrofitting,0,10,0.00%,30.40
smart lighting installation highland park,https://shaffercon.com/service-areas/highland-park/residential-lighting-installation-retrofitting/,0,11,0.00%,19.36
smart lighting santa monica,https://shaffercon.com/led-retrofit-services/,0,1,0.00%,90.00
smart lighting santa monica,https://shaffercon.com/service-areas/santa-monica/commercial-smart-automation-systems,0,7,0.00%,40.14
smart lighting santa monica,https://shaffercon.com/service-areas/santa-monica/commercial-smart-automation-systems/,0,1,0.00%,35.00
smart lighting santa monica,https://shaffercon.com/service-areas/santa-monica/residential-landscape-outdoor-lighting,0,1,0.00%,18.00
smart lighting santa monica,https://shaffercon.com/service-areas/santa-monica/residential-smart-automation-systems/,0,19,0.00%,8.89
smart lighting upgrade los angeles,https://shaffercon.com/led-retrofit-services/,0,11,0.00%,23.82
sodium ion battery,https://shaffercon.com/industry-insights/autel-nayax-100k-contactless-payments-multifamily-charging-solutions-catl-sodium-ion-ai-grid-integration/,0,1,0.00%,1.00
solana beach ca bathroom recessed lighting design,https://shaffercon.com/industry-insights/recessed-lighting-installation-guide/,0,1,0.00%,13.00
solana beach ca kitchen recessed lighting design,https://shaffercon.com/industry-insights/recessed-lighting-installation-guide/,0,3,0.00%,11.00
solana beach ca recessed lighting,https://shaffercon.com/industry-insights/recessed-lighting-installation-guide/,0,1,0.00%,62.00
solana beach ca recessed lighting design,https://shaffercon.com/industry-insights/recessed-lighting-installation-guide/,0,7,0.00%,11.29
solar & construction services in santa clarita,https://shaffercon.com/service-areas/santa-clarita/,0,1,0.00%,38.00
solar attic fan culver in,https://shaffercon.com/service-areas/culver-city/residential-exhaust-fan-ventilation-wiring/,0,1,0.00%,49.00
solar battery installation los angeles,https://shaffercon.com/industry-insights/new-california-solar-battery-project-rule-why-licensed-electricians-are-essential/,0,1,0.00%,51.00
solar battery installation santa monica,https://shaffercon.com/service-areas/santa-monica/residential-backup-generator-installation,0,4,0.00%,21.75
solar battery installation santa monica,https://shaffercon.com/service-areas/santa-monica/residential-ev-charger-installation,0,1,0.00%,49.00
solar battery storage santa monica,https://shaffercon.com/service-areas/santa-monica/residential-energy-efficiency-upgrades,0,6,0.00%,32.00
solar battery storage santa monica,https://shaffercon.com/service-areas/santa-monica/residential-energy-efficiency-upgrades/,0,5,0.00%,25.20
solar contractor culver city,https://shaffercon.com/service-areas/culver-city/,0,7,0.00%,40.43
solar contractor santa monica,https://shaffercon.com/service-areas/santa-monica/,0,2,0.00%,84.50
solar contractor santa monica,https://shaffercon.com/service-areas/santa-monica/residential-pool-hot-tub-spa-electrical,0,2,0.00%,45.50
solar contractor santa monica,https://shaffercon.com/service-areas/santa-monica/residential-pool-hot-tub-spa-electrical/,0,1,0.00%,41.00
solar contractor sherman oaks,https://shaffercon.com/service-areas/sherman-oaks/,0,1,0.00%,87.00
solar contractor west hollywood,https://shaffercon.com/service-areas/west-hollywood/,0,28,0.00%,21.61
solar contractors sherman oaks,https://shaffercon.com/service-areas/sherman-oaks/,0,6,0.00%,68.33
solar facilities security el segundo ca,https://shaffercon.com/industry-insights/el-segundo-electrician-services-contractor/,0,1,0.00%,19.00
solar installation sherman oaks,https://shaffercon.com/service-areas/sherman-oaks/,0,1,0.00%,88.00
solar panel installation company culver city,https://shaffercon.com/service-areas/culver-city/,0,5,0.00%,75.60
solar panel installation in glendale,https://shaffercon.com/service-areas/glendale/residential-electrical-panel-upgrades/,0,1,0.00%,2.00
solar panel installer in culver city,https://shaffercon.com/service-areas/culver-city/,0,6,0.00%,96.00
solar panel sherman oaks,https://shaffercon.com/service-areas/sherman-oaks/,0,3,0.00%,93.33
solar panel system sherman oaks,https://shaffercon.com/service-areas/sherman-oaks/,0,1,0.00%,78.00
solar panels sherman oaks,https://shaffercon.com/service-areas/sherman-oaks/,0,1,0.00%,99.00
solar repair sherman oaks,https://shaffercon.com/service-areas/sherman-oaks/,0,3,0.00%,85.67
solar street light california retrofit,https://shaffercon.com/led-retrofit-services/,0,1,0.00%,15.00
solar system installation sherman oaks,https://shaffercon.com/service-areas/sherman-oaks/,0,2,0.00%,82.00
solve,https://shaffercon.com/industry-insights/kitchen-electrical-requirements-outlet-placement-guide/,0,1,0.00%,3.00
southern california,https://shaffercon.com/industry-insights/tesla-worlds-largest-supercharger-los-angeles-curbside-charging-expansion-volkswagen-network-access-dynamic-pricing-long-beach-ev-infrastructure/,0,1,0.00%,3.00
southern california edison electrical panel upgrade,https://shaffercon.com/industry-insights/complete-guide-electrical-panel-upgrades-los-angeles/,0,1,0.00%,78.00
southern california edison panel upgrade,https://shaffercon.com/industry-insights/complete-guide-electrical-panel-upgrades-los-angeles/,0,1,0.00%,91.00
southern company ev charging infrastructure charge point operator 2024 2025,https://shaffercon.com/industry-insights/expanding-electric-vehicle-charging-infrastructure-key-developments-and-community-efforts/,0,7,0.00%,10.43
span installer near me,https://shaffercon.com/service-areas/sherman-oaks/,0,1,0.00%,39.00
special locations electrical,https://shaffercon.com/industry-insights/california-title-24-electrical-requirements-renovations/,0,1,0.00%,46.00
ss26nacwben ev charging update,https://shaffercon.com/industry-insights/california-2026-building-code-ev-charging-requirements-home-real-estate-trend-32-new-models/,0,2,0.00%,2.00
stadium commercial backup generator,https://shaffercon.com/service-areas/inglewood/commercial-backup-generator-installation/,0,2,0.00%,12.00
stadium commercial backup generator,https://shaffercon.com/service-areas/pasadena/commercial-backup-generator-installation/,0,2,0.00%,54.00
stairlift installation electrical requirements panel upgrade,https://shaffercon.com/industry-insights/complete-guide-electrical-panel-upgrades-los-angeles/,0,1,0.00%,7.00
standard circuit breaker size kitchen outlets,https://shaffercon.com/industry-insights/kitchen-electrical-requirements-outlet-placement-guide/,0,22,0.00%,8.64
standard kitchen circuit amp rating us,https://shaffercon.com/industry-insights/kitchen-electrical-requirements-outlet-placement-guide/,0,18,0.00%,4.89
standard kitchen circuit amperage us,https://shaffercon.com/industry-insights/kitchen-electrical-requirements-outlet-placement-guide/,0,6,0.00%,7.00
standard kitchen circuit amperage us residential,https://shaffercon.com/industry-insights/kitchen-electrical-requirements-outlet-placement-guide/,0,3,0.00%,5.00
standard kitchen outlet height,https://shaffercon.com/industry-insights/kitchen-electrical-requirements-outlet-placement-guide/,0,1,0.00%,4.00
standby generator installation north hollywood ca,https://shaffercon.com/service-areas/west-hollywood/,0,1,0.00%,42.00
standby generator installation north hollywood ca 91603,https://shaffercon.com/service-areas/west-hollywood/,0,1,0.00%,64.00
standby generator installation permit requirements,https://shaffercon.com/industry-insights/whole-house-generator-installation-guide-los-angeles/,0,1,0.00%,6.00
standby generator installation santa venetia,https://shaffercon.com/service-areas/culver-city/,0,1,0.00%,41.00
standby generator installation santa venetia,https://shaffercon.com/service-areas/silver-lake/,0,2,0.00%,11.00
standby generator installation santa venetia,https://shaffercon.com/service-areas/venice/,0,2,0.00%,19.50
standby generator pasadena,https://shaffercon.com/service-areas/pasadena/residential-backup-generator-installation,0,1,0.00%,12.00
standby generator pasadena,https://shaffercon.com/service-areas/pasadena/residential-backup-generator-installation/,0,5,0.00%,7.00
state electrical code,https://shaffercon.com/industry-insights/california-title-24-electrical-requirements-renovations/,0,1,0.00%,80.00
state of charge ev,https://shaffercon.com/industry-insights/the-state-of-ev-charging-the-reality-innovations-and-whats-next-for-electric-vehicle-owners/,0,1,0.00%,57.00
statewide facility maintenance services,https://shaffercon.com/statewide-facilities-maintenance/,0,11,0.00%,13.73
stauffer electric,https://shaffercon.com/,0,2,0.00%,11.00
stellantis tesla supercharger access 2026,https://shaffercon.com/industry-insights/stellantis-supercharger-access-dc-fast-charging-growth-autel-ces-electricfish-gas-stations-gm-writedown/,0,5,0.00%,4.40
stove wattage,https://shaffercon.com/industry-insights/kitchen-electrical-requirements-outlet-placement-guide/,0,1,0.00%,1.00
stove wire gauge,https://shaffercon.com/industry-insights/kitchen-electrical-requirements-outlet-placement-guide/,0,1,0.00%,1.00
structure wiring installation services in beverly hills ca,https://shaffercon.com/service-areas/beverly-hills/,0,11,0.00%,12.27
structure wiring installation services in santa monica ca,https://shaffercon.com/service-areas/santa-monica/residential-data-network-av-wiring/,0,14,0.00%,4.93
structured cabling burbank,https://shaffercon.com/service-areas/burbank/commercial-data-network-av-wiring/,0,2,0.00%,8.50
structured cabling burbank,https://shaffercon.com/service-areas/burbank/residential-data-network-av-wiring/,0,2,0.00%,28.50
"structured cabling burbank, ca",https://shaffercon.com/service-areas/burbank/commercial-data-network-av-wiring/,0,1,0.00%,18.00
"structured cabling burbank, ca",https://shaffercon.com/service-areas/burbank/residential-data-network-av-wiring/,0,6,0.00%,28.17
structured cabling glendale,https://shaffercon.com/service-areas/glendale/residential-data-network-av-wiring/,0,8,0.00%,14.12
structured cabling installers glendale,https://shaffercon.com/service-areas/glendale/commercial-ev-charger-installation/,0,2,0.00%,37.00
structured cabling installers glendale,https://shaffercon.com/service-areas/glendale/residential-data-network-av-wiring/,0,3,0.00%,14.67
structured cabling installers inglewood,https://shaffercon.com/service-areas/inglewood/residential-data-network-av-wiring,0,1,0.00%,7.00
structured cabling installers long beach,https://shaffercon.com/service-areas/long-beach/commercial-data-network-av-wiring/,0,5,0.00%,30.40
structured cabling installers long beach,https://shaffercon.com/service-areas/long-beach/residential-data-network-av-wiring,0,5,0.00%,14.80
structured cabling installers santa monica,https://shaffercon.com/service-areas/long-beach/commercial-data-network-av-wiring/,0,4,0.00%,54.25
structured cabling long beach,https://shaffercon.com/service-areas/long-beach/commercial-data-network-av-wiring/,0,6,0.00%,40.83
structured cabling long beach,https://shaffercon.com/service-areas/long-beach/residential-data-network-av-wiring,0,8,0.00%,12.75
structured cabling long beach,https://shaffercon.com/service-areas/long-beach/residential-data-network-av-wiring/,0,3,0.00%,12.33
structured cabling santa clarita,https://shaffercon.com/service-areas/glendale/residential-data-network-av-wiring/,0,1,0.00%,82.00
structured cabling santa monica,https://shaffercon.com/service-areas/santa-monica/residential-data-network-av-wiring/,0,4,0.00%,8.75
structured wiring companies in santa monica ca,https://shaffercon.com/service-areas/santa-monica/residential-data-network-av-wiring/,0,9,0.00%,5.89
structured wiring in santa monica ca,https://shaffercon.com/service-areas/santa-monica/residential-data-network-av-wiring/,0,11,0.00%,5.27
structured wiring installation in santa monica ca,https://shaffercon.com/service-areas/santa-monica/residential-data-network-av-wiring/,0,14,0.00%,6.29
structured wiring new construction los angeles,https://shaffercon.com/service-areas/burbank/residential-data-network-av-wiring/,0,1,0.00%,50.00
structured wiring new construction los angeles,https://shaffercon.com/service-areas/pacific-palisades/residential-data-network-av-wiring/,0,2,0.00%,18.50
structured wiring panel installation in beverly hills ca,https://shaffercon.com/service-areas/sherman-oaks/,0,1,0.00%,47.00
structured wiring panel installation in santa monica ca,https://shaffercon.com/service-areas/santa-monica/residential-data-network-av-wiring/,0,14,0.00%,4.71
structured wiring repair services in santa monica ca,https://shaffercon.com/service-areas/santa-monica/,0,1,0.00%,12.00
structured wiring repair services in santa monica ca,https://shaffercon.com/service-areas/santa-monica/residential-data-network-av-wiring/,0,13,0.00%,4.62
structured wiring services in santa monica ca,https://shaffercon.com/service-areas/santa-monica/residential-data-network-av-wiring/,0,12,0.00%,6.33
sub panel electrical,https://shaffercon.com/industry-insights/subpanel-installation-guide-when-why-you-need-one/,0,1,0.00%,77.00
sub panel installation near me,https://shaffercon.com/industry-insights/subpanel-installation-guide-when-why-you-need-one/,0,2,0.00%,16.00
sub panel mounting requirements,https://shaffercon.com/industry-insights/subpanel-installation-guide-when-why-you-need-one/,0,3,0.00%,42.67
sub panel or subpanel,https://shaffercon.com/industry-insights/subpanel-installation-guide-when-why-you-need-one/,0,1,0.00%,64.00
sub panel requirements,https://shaffercon.com/industry-insights/subpanel-installation-guide-when-why-you-need-one/,0,3,0.00%,41.33
sub panel upgrades,https://shaffercon.com/industry-insights/subpanel-installation-guide-when-why-you-need-one/,0,1,0.00%,69.00
submeter,https://shaffercon.com/industry-insights/california-title-24-electrical-requirements-renovations/,0,1,0.00%,3.00
subpanel electrical,https://shaffercon.com/industry-insights/subpanel-installation-guide-when-why-you-need-one/,0,2,0.00%,79.00
subpanel installation,https://shaffercon.com/industry-insights/subpanel-installation-guide-when-why-you-need-one/,0,4,0.00%,28.50
subpanel installation brunswick,https://shaffercon.com/service-areas/atwater-village/residential-ev-charger-installation/,0,10,0.00%,16.80
subpanel requirements,https://shaffercon.com/industry-insights/subpanel-installation-guide-when-why-you-need-one/,0,1,0.00%,40.00
subpanel update,https://shaffercon.com/industry-insights/subpanel-installation-guide-when-why-you-need-one/,0,1,0.00%,48.00
supercharger coming soon,https://shaffercon.com/industry-insights/tesla-worlds-largest-supercharger-los-angeles-curbside-charging-expansion-volkswagen-network-access-dynamic-pricing-long-beach-ev-infrastructure/,0,1,0.00%,39.00
supercharger equipt new homes near me,https://shaffercon.com/industry-insights/tesla-worlds-largest-supercharger-los-angeles-curbside-charging-expansion-volkswagen-network-access-dynamic-pricing-long-beach-ev-infrastructure/,0,1,0.00%,48.00
supercharger for business,https://shaffercon.com/industry-insights/tesla-supercharger-business-program-us-dc-fast-charging-record-gas-stations-ev-chargers-california-leads-adoption/,0,7,0.00%,34.71
supercharger for business features,https://shaffercon.com/industry-insights/tesla-supercharger-business-program-us-dc-fast-charging-record-gas-stations-ev-chargers-california-leads-adoption/,0,24,0.00%,4.08
superchargers coming soon,https://shaffercon.com/industry-insights/tesla-worlds-largest-supercharger-los-angeles-curbside-charging-expansion-volkswagen-network-access-dynamic-pricing-long-beach-ev-infrastructure/,0,1,0.00%,45.00
supplemental permit ladbs,https://shaffercon.com/industry-insights/ladbs-electrical-permit-process-step-by-step-guide/,0,2,0.00%,25.00
surge protection providence village,https://shaffercon.com/service-areas/atwater-village/residential-whole-building-surge-protection/,0,1,0.00%,40.00
surge protection services la,https://shaffercon.com/service-areas/pasadena/commercial-whole-building-surge-protection,0,26,0.00%,12.85
surge protection services los angeles,https://shaffercon.com/service-areas/highland-park/commercial-whole-building-surge-protection,0,1,0.00%,49.00
surge protection services los angeles,https://shaffercon.com/service-areas/hollywood/commercial-whole-building-surge-protection/,0,2,0.00%,32.50
surge protection services los angeles,https://shaffercon.com/service-areas/pasadena/commercial-whole-building-surge-protection,0,1,0.00%,41.00
surge protection services los angeles,https://shaffercon.com/service-areas/sherman-oaks/residential-whole-building-surge-protection,0,8,0.00%,7.12
surge protection services los angeles,https://shaffercon.com/service-areas/sherman-oaks/residential-whole-building-surge-protection/,0,25,0.00%,5.00
sustainable commercial construction los angeles,https://shaffercon.com/industry-insights/the-importance-of-ev-charger-infrastructure-for-a-sustainable-los-angeles/,0,7,0.00%,67.71
sustainable electrical installation,https://shaffercon.com/industry-insights/electricitys-impact-on-sustainable-construction-practices/,0,9,0.00%,54.22
tell me more about the new mercedes glc ev's range and charging capabilities.,https://shaffercon.com/industry-insights/ces-2026-mercedes-electric-glc-chargepoint-600kw-used-ev-deals-afeela-tesla-robotaxi/,0,2,0.00%,3.00
temporary electrical inspection checklist,https://shaffercon.com/industry-insights/electrical-safety-inspection-checklist-los-angeles/,0,1,0.00%,38.00
tesla 1.9 million charging sessions per day source tesla,https://shaffercon.com/industry-insights/tesla-supercharger-business-program-us-dc-fast-charging-record-gas-stations-ev-chargers-california-leads-adoption/,0,4,0.00%,11.25
tesla charger business,https://shaffercon.com/industry-insights/tesla-supercharger-business-program-us-dc-fast-charging-record-gas-stations-ev-chargers-california-leads-adoption/,0,1,0.00%,47.00
tesla charger installation for businesses,https://shaffercon.com/industry-insights/tesla-supercharger-business-program-us-dc-fast-charging-record-gas-stations-ev-chargers-california-leads-adoption/,0,8,0.00%,75.88
tesla charger installation villa rica,https://shaffercon.com/residential-ev-charger/,0,1,0.00%,51.00
tesla charging at home 220v,https://shaffercon.com/residential-ev-charger/,0,1,0.00%,1.00
tesla charging business,https://shaffercon.com/industry-insights/tesla-supercharger-business-program-us-dc-fast-charging-record-gas-stations-ev-chargers-california-leads-adoption/,0,1,0.00%,46.00
tesla charging business,https://shaffercon.com/industry-insights/tesla-worlds-largest-supercharger-los-angeles-curbside-charging-expansion-volkswagen-network-access-dynamic-pricing-long-beach-ev-infrastructure/,0,1,0.00%,67.00
tesla charging options for apartment dwellers 2026,https://shaffercon.com/industry-insights/california-2026-building-code-ev-charging-requirements-home-real-estate-trend-32-new-models/,0,1,0.00%,8.00
tesla charging partners,https://shaffercon.com/industry-insights/tesla-supercharger-business-program-us-dc-fast-charging-record-gas-stations-ev-chargers-california-leads-adoption/,0,4,0.00%,46.75
tesla charging station business model,https://shaffercon.com/industry-insights/tesla-supercharger-business-program-us-dc-fast-charging-record-gas-stations-ev-chargers-california-leads-adoption/,0,6,0.00%,28.33
tesla charging station franchise,https://shaffercon.com/industry-insights/tesla-supercharger-business-program-us-dc-fast-charging-record-gas-stations-ev-chargers-california-leads-adoption/,0,1,0.00%,54.00
tesla charging station franchise,https://shaffercon.com/industry-insights/tesla-worlds-largest-supercharger-los-angeles-curbside-charging-expansion-volkswagen-network-access-dynamic-pricing-long-beach-ev-infrastructure/,0,1,0.00%,45.00
tesla charging station us,https://shaffercon.com/industry-insights/tesla-supercharger-business-program-us-dc-fast-charging-record-gas-stations-ev-chargers-california-leads-adoption/,0,1,0.00%,47.00
tesla charging station usa,https://shaffercon.com/industry-insights/tesla-supercharger-business-program-us-dc-fast-charging-record-gas-stations-ev-chargers-california-leads-adoption/,0,5,0.00%,49.20
tesla charging stations business,https://shaffercon.com/industry-insights/tesla-supercharger-business-program-us-dc-fast-charging-record-gas-stations-ev-chargers-california-leads-adoption/,0,1,0.00%,74.00
tesla charging stations in us,https://shaffercon.com/industry-insights/tesla-supercharger-business-program-us-dc-fast-charging-record-gas-stations-ev-chargers-california-leads-adoption/,0,3,0.00%,57.00
tesla charging stations us,https://shaffercon.com/industry-insights/tesla-supercharger-business-program-us-dc-fast-charging-record-gas-stations-ev-chargers-california-leads-adoption/,0,4,0.00%,64.00
tesla charging stations usa,https://shaffercon.com/industry-insights/tesla-supercharger-business-program-us-dc-fast-charging-record-gas-stations-ev-chargers-california-leads-adoption/,0,1,0.00%,38.00
tesla commercial charging,https://shaffercon.com/industry-insights/tesla-supercharger-business-program-us-dc-fast-charging-record-gas-stations-ev-chargers-california-leads-adoption/,0,2,0.00%,40.00
tesla commercial charging stations,https://shaffercon.com/industry-insights/tesla-supercharger-business-program-us-dc-fast-charging-record-gas-stations-ev-chargers-california-leads-adoption/,0,1,0.00%,47.00
tesla dc fast charger,https://shaffercon.com/industry-insights/tesla-supercharger-business-program-us-dc-fast-charging-record-gas-stations-ev-chargers-california-leads-adoption/,0,5,0.00%,49.60
tesla dc fast charging,https://shaffercon.com/industry-insights/tesla-supercharger-business-program-us-dc-fast-charging-record-gas-stations-ev-chargers-california-leads-adoption/,0,5,0.00%,52.00
tesla destination charger revenue potential,https://shaffercon.com/industry-insights/tesla-supercharger-business-program-us-dc-fast-charging-record-gas-stations-ev-chargers-california-leads-adoption/,0,1,0.00%,11.00
tesla destination charging program for businesses,https://shaffercon.com/industry-insights/tesla-supercharger-business-program-us-dc-fast-charging-record-gas-stations-ev-chargers-california-leads-adoption/,0,1,0.00%,8.00
tesla electric vehicle charging infrastructure,https://shaffercon.com/ev-charging-infrastructure-update-nevi-milestones-tesla-record-expansion-and-growing-infrastructure-demands/,0,2,0.00%,8.00
tesla ev adoption acceleration,https://shaffercon.com/industry-insights/ev-infrastructure-evolution-accelerates-tesla-multipass-european-expansion-federal-incentive-expiration-impact-california-leadership-milestone-france-wireless-highway-charging-breakthrough-and-co/,0,2,0.00%,9.00
tesla ev adoption acceleration battery costs,https://shaffercon.com/industry-insights/ev-infrastructure-evolution-accelerates-tesla-multipass-european-expansion-federal-incentive-expiration-impact-california-leadership-milestone-france-wireless-highway-charging-breakthrough-and-co/,0,1,0.00%,11.00
tesla holiday travel charging solution,https://shaffercon.com/industry-insights/tesla-3d-supercharger-maps-porsche-closes-china-network-ford-ionna-plug-charge-holiday-travel-charging/,0,1,0.00%,26.00
tesla investor day 1.5 million supercharging sessions per week source,https://shaffercon.com/industry-insights/tesla-supercharger-business-program-us-dc-fast-charging-record-gas-stations-ev-chargers-california-leads-adoption/,0,3,0.00%,11.33
tesla ireland supercharger expansion,https://shaffercon.com/industry-insights/tesla-worlds-largest-supercharger-los-angeles-curbside-charging-expansion-volkswagen-network-access-dynamic-pricing-long-beach-ev-infrastructure/,0,1,0.00%,2.00
"tesla launched a configurator revealing an average $940,000 cost for a commercial site",https://shaffercon.com/industry-insights/tesla-940k-supercharger-business-configurator-walmart-50-percent-expansion-yermo-400-stall-toronto-480v-fast-track-coachella-charging-congestion/,0,3,0.00%,3.33
tesla launched a supercharger for business public pricing configurator,https://shaffercon.com/industry-insights/tesla-supercharger-business-program-us-dc-fast-charging-record-gas-stations-ev-chargers-california-leads-adoption/,0,1,0.00%,4.00
tesla multipass supported countries europe 2026,https://shaffercon.com/industry-insights/ev-infrastructure-evolution-accelerates-tesla-multipass-european-expansion-federal-incentive-expiration-impact-california-leadership-milestone-france-wireless-highway-charging-breakthrough-and-co/,0,1,0.00%,15.00
tesla new supercharger locations,https://shaffercon.com/industry-insights/tesla-worlds-largest-supercharger-los-angeles-curbside-charging-expansion-volkswagen-network-access-dynamic-pricing-long-beach-ev-infrastructure/,0,2,0.00%,42.50
tesla owned superchargers,https://shaffercon.com/industry-insights/tesla-supercharger-business-program-us-dc-fast-charging-record-gas-stations-ev-chargers-california-leads-adoption/,0,1,0.00%,42.00
tesla solar panel installers milestone sk,https://shaffercon.com/industry-insights/,0,2,0.00%,24.00
tesla supercharger beverly hills,https://shaffercon.com/industry-insights/tesla-worlds-largest-supercharger-los-angeles-curbside-charging-expansion-volkswagen-network-access-dynamic-pricing-long-beach-ev-infrastructure/,0,1,0.00%,7.00
tesla supercharger business,https://shaffercon.com/industry-insights/tesla-supercharger-business-program-us-dc-fast-charging-record-gas-stations-ev-chargers-california-leads-adoption/,0,6,0.00%,43.33
tesla supercharger business,https://shaffercon.com/industry-insights/tesla-worlds-largest-supercharger-los-angeles-curbside-charging-expansion-volkswagen-network-access-dynamic-pricing-long-beach-ev-infrastructure/,0,1,0.00%,65.00
tesla supercharger business sales,https://shaffercon.com/industry-insights/tesla-supercharger-business-program-us-dc-fast-charging-record-gas-stations-ev-chargers-california-leads-adoption/,0,2,0.00%,61.00
tesla supercharger coming soon,https://shaffercon.com/industry-insights/tesla-worlds-largest-supercharger-los-angeles-curbside-charging-expansion-volkswagen-network-access-dynamic-pricing-long-beach-ev-infrastructure/,0,2,0.00%,56.00
tesla supercharger construction,https://shaffercon.com/industry-insights/tesla-worlds-largest-supercharger-los-angeles-curbside-charging-expansion-volkswagen-network-access-dynamic-pricing-long-beach-ev-infrastructure/,0,2,0.00%,10.50
tesla supercharger construction cost per stall or site,https://shaffercon.com/industry-insights/tesla-940k-supercharger-business-configurator-walmart-50-percent-expansion-yermo-400-stall-toronto-480v-fast-track-coachella-charging-congestion/,0,1,0.00%,2.00
tesla supercharger construction cost per stall or site,https://shaffercon.com/industry-insights/tesla-worlds-largest-supercharger-los-angeles-curbside-charging-expansion-volkswagen-network-access-dynamic-pricing-long-beach-ev-infrastructure/,0,1,0.00%,20.00
tesla supercharger cost per kwh april 2026,https://shaffercon.com/industry-insights/tesla-supercharger-record-polestar-4-price-cut-ann-arbor-ev-expansion-florida-wireless-charging-byd-megawatt/,0,1,0.00%,5.00
tesla supercharger cost per kwh los angeles 2026,https://shaffercon.com/industry-insights/tesla-940k-supercharger-business-configurator-walmart-50-percent-expansion-yermo-400-stall-toronto-480v-fast-track-coachella-charging-congestion/,0,2,0.00%,17.50
tesla supercharger cost per kwh toronto 2026,https://shaffercon.com/industry-insights/tesla-940k-supercharger-business-configurator-walmart-50-percent-expansion-yermo-400-stall-toronto-480v-fast-track-coachella-charging-congestion/,0,1,0.00%,20.00
tesla supercharger count united states latest,https://shaffercon.com/industry-insights/tesla-supercharger-business-program-us-dc-fast-charging-record-gas-stations-ev-chargers-california-leads-adoption/,0,3,0.00%,9.67
tesla supercharger expansion,https://shaffercon.com/industry-insights/tesla-worlds-largest-supercharger-los-angeles-curbside-charging-expansion-volkswagen-network-access-dynamic-pricing-long-beach-ev-infrastructure/,0,16,0.00%,3.44
tesla supercharger expansion 2026 news,https://shaffercon.com/industry-insights/tesla-worlds-largest-supercharger-los-angeles-curbside-charging-expansion-volkswagen-network-access-dynamic-pricing-long-beach-ev-infrastructure/,0,2,0.00%,4.50
tesla supercharger for business,https://shaffercon.com/industry-insights/tesla-supercharger-business-program-us-dc-fast-charging-record-gas-stations-ev-chargers-california-leads-adoption/,0,9,0.00%,27.11
tesla supercharger for business cost per stall,https://shaffercon.com/industry-insights/tesla-supercharger-business-program-us-dc-fast-charging-record-gas-stations-ev-chargers-california-leads-adoption/,0,4,0.00%,10.75
tesla supercharger for business cost per stall 2025 or 2026,https://shaffercon.com/industry-insights/tesla-supercharger-business-program-us-dc-fast-charging-record-gas-stations-ev-chargers-california-leads-adoption/,0,4,0.00%,5.75
tesla supercharger for business cost per stall 2026,https://shaffercon.com/industry-insights/tesla-supercharger-business-program-us-dc-fast-charging-record-gas-stations-ev-chargers-california-leads-adoption/,0,73,0.00%,8.84
tesla supercharger for business installation cost 2026,https://shaffercon.com/industry-insights/tesla-940k-supercharger-business-configurator-walmart-50-percent-expansion-yermo-400-stall-toronto-480v-fast-track-coachella-charging-congestion/,0,1,0.00%,6.00
tesla supercharger for business installation cost 2026,https://shaffercon.com/industry-insights/tesla-supercharger-business-program-us-dc-fast-charging-record-gas-stations-ev-chargers-california-leads-adoption/,0,4,0.00%,15.00
tesla supercharger for business installation cost per stall 2026,https://shaffercon.com/industry-insights/tesla-940k-supercharger-business-configurator-walmart-50-percent-expansion-yermo-400-stall-toronto-480v-fast-track-coachella-charging-congestion/,0,4,0.00%,5.50
tesla supercharger for business over 10 sessions per stall per day,https://shaffercon.com/industry-insights/tesla-supercharger-business-program-us-dc-fast-charging-record-gas-stations-ev-chargers-california-leads-adoption/,0,1,0.00%,9.00
tesla supercharger for business program,https://shaffercon.com/industry-insights/tesla-supercharger-business-program-us-dc-fast-charging-record-gas-stations-ev-chargers-california-leads-adoption/,0,8,0.00%,34.88
tesla supercharger for business program cost 2026,https://shaffercon.com/industry-insights/tesla-940k-supercharger-business-configurator-walmart-50-percent-expansion-yermo-400-stall-toronto-480v-fast-track-coachella-charging-congestion/,0,2,0.00%,6.00
tesla supercharger for business program cost 2026,https://shaffercon.com/industry-insights/tesla-supercharger-business-program-us-dc-fast-charging-record-gas-stations-ev-chargers-california-leads-adoption/,0,4,0.00%,9.00
tesla supercharger for business program cost per stall 2026,https://shaffercon.com/industry-insights/tesla-supercharger-business-program-us-dc-fast-charging-record-gas-stations-ev-chargers-california-leads-adoption/,0,21,0.00%,8.57
tesla supercharger franchise,https://shaffercon.com/industry-insights/tesla-supercharger-business-program-us-dc-fast-charging-record-gas-stations-ev-chargers-california-leads-adoption/,0,4,0.00%,43.00
tesla supercharger franchise,https://shaffercon.com/industry-insights/tesla-worlds-largest-supercharger-los-angeles-curbside-charging-expansion-volkswagen-network-access-dynamic-pricing-long-beach-ev-infrastructure/,0,1,0.00%,46.00
tesla supercharger installation cost per stall 2025 2026,https://shaffercon.com/industry-insights/tesla-worlds-largest-supercharger-los-angeles-curbside-charging-expansion-volkswagen-network-access-dynamic-pricing-long-beach-ev-infrastructure/,0,1,0.00%,9.00
tesla supercharger installation cost per stall 2025 or 2026,https://shaffercon.com/industry-insights/tesla-worlds-largest-supercharger-los-angeles-curbside-charging-expansion-volkswagen-network-access-dynamic-pricing-long-beach-ev-infrastructure/,0,2,0.00%,13.50
tesla supercharger installation cost per stall 2026,https://shaffercon.com/industry-insights/tesla-940k-supercharger-business-configurator-walmart-50-percent-expansion-yermo-400-stall-toronto-480v-fast-track-coachella-charging-congestion/,0,4,0.00%,4.75
tesla supercharger installation cost per stall or site,https://shaffercon.com/industry-insights/tesla-940k-supercharger-business-configurator-walmart-50-percent-expansion-yermo-400-stall-toronto-480v-fast-track-coachella-charging-congestion/,0,5,0.00%,9.60
tesla supercharger largest fast charging network,https://shaffercon.com/industry-insights/tesla-supercharger-business-program-us-dc-fast-charging-record-gas-stations-ev-chargers-california-leads-adoption/,0,1,0.00%,11.00
tesla supercharger los angeles,https://shaffercon.com/industry-insights/tesla-worlds-largest-supercharger-los-angeles-curbside-charging-expansion-volkswagen-network-access-dynamic-pricing-long-beach-ev-infrastructure/,0,2,0.00%,10.50
tesla supercharger max kw 2026,https://shaffercon.com/industry-insights/tesla-supercharger-record-polestar-4-price-cut-ann-arbor-ev-expansion-florida-wireless-charging-byd-megawatt/,0,17,0.00%,7.94
tesla supercharger max power 2026,https://shaffercon.com/industry-insights/tesla-supercharger-record-polestar-4-price-cut-ann-arbor-ev-expansion-florida-wireless-charging-byd-megawatt/,0,77,0.00%,7.23
tesla supercharger max speed 2026,https://shaffercon.com/industry-insights/tesla-supercharger-record-polestar-4-price-cut-ann-arbor-ev-expansion-florida-wireless-charging-byd-megawatt/,0,15,0.00%,9.67
tesla supercharger max speed kw 2026,https://shaffercon.com/industry-insights/tesla-supercharger-record-polestar-4-price-cut-ann-arbor-ev-expansion-florida-wireless-charging-byd-megawatt/,0,3,0.00%,10.00
tesla supercharger maximum charging speed 2026,https://shaffercon.com/industry-insights/tesla-supercharger-record-polestar-4-price-cut-ann-arbor-ev-expansion-florida-wireless-charging-byd-megawatt/,0,1,0.00%,18.00
tesla supercharger maximum charging speed kw 2026,https://shaffercon.com/industry-insights/tesla-supercharger-record-polestar-4-price-cut-ann-arbor-ev-expansion-florida-wireless-charging-byd-megawatt/,0,2,0.00%,19.00
tesla supercharger maximum output 2026,https://shaffercon.com/industry-insights/tesla-supercharger-record-polestar-4-price-cut-ann-arbor-ev-expansion-florida-wireless-charging-byd-megawatt/,0,12,0.00%,7.58
tesla supercharger maximum power 2026,https://shaffercon.com/industry-insights/tesla-supercharger-record-polestar-4-price-cut-ann-arbor-ev-expansion-florida-wireless-charging-byd-megawatt/,0,55,0.00%,8.11
tesla supercharger maximum power kw 2026,https://shaffercon.com/industry-insights/tesla-supercharger-record-polestar-4-price-cut-ann-arbor-ev-expansion-florida-wireless-charging-byd-megawatt/,0,9,0.00%,8.56
tesla supercharger maximum power output 2026,https://shaffercon.com/industry-insights/tesla-supercharger-record-polestar-4-price-cut-ann-arbor-ev-expansion-florida-wireless-charging-byd-megawatt/,0,68,0.00%,9.16
tesla supercharger maximum speed 2026,https://shaffercon.com/industry-insights/tesla-supercharger-record-polestar-4-price-cut-ann-arbor-ev-expansion-florida-wireless-charging-byd-megawatt/,0,5,0.00%,7.60
tesla supercharger network coverage 2026,https://shaffercon.com/industry-insights/stellantis-supercharger-access-dc-fast-charging-growth-autel-ces-electricfish-gas-stations-gm-writedown/,0,1,0.00%,1.00
tesla supercharger network coverage us 2026,https://shaffercon.com/industry-insights/stellantis-supercharger-access-dc-fast-charging-growth-autel-ces-electricfish-gas-stations-gm-writedown/,0,3,0.00%,1.00
tesla supercharger network ev charging infrastructure 2025,https://shaffercon.com/industry-insights/ev-charging-infrastructure-in-2025-growth-innovation-and-the-road-ahead/,0,1,0.00%,25.00
tesla supercharger network ev charging infrastructure 2025,https://shaffercon.com/industry-insights/ev-charging-infrastructure-network-milestones-65000-us-ports-illinois-funding-tesla-v4-technology-nevi-streamlining-and-google-maps-integration-shape-november-2025-market/,0,3,0.00%,33.00
tesla supercharger network growth 2025,https://shaffercon.com/industry-insights/tesla-worlds-largest-supercharger-los-angeles-curbside-charging-expansion-volkswagen-network-access-dynamic-pricing-long-beach-ev-infrastructure/,0,1,0.00%,3.00
tesla supercharger network growth 2026,https://shaffercon.com/industry-insights/stellantis-supercharger-access-dc-fast-charging-growth-autel-ces-electricfish-gas-stations-gm-writedown/,0,1,0.00%,1.00
tesla supercharger network largest fast charging network number of stalls 2025,https://shaffercon.com/industry-insights/tesla-supercharger-business-program-us-dc-fast-charging-record-gas-stations-ev-chargers-california-leads-adoption/,0,1,0.00%,11.00
tesla supercharger network reliability and uptime challenges 2024 2025,https://shaffercon.com/industry-insights/the-rise-of-ev-charging-infrastructure-trends-challenges-and-solutions-for-the-future/,0,34,0.00%,5.47
tesla supercharger network size,https://shaffercon.com/industry-insights/stellantis-supercharger-access-dc-fast-charging-growth-autel-ces-electricfish-gas-stations-gm-writedown/,0,2,0.00%,1.00
tesla supercharger network size 2026,https://shaffercon.com/industry-insights/stellantis-supercharger-access-dc-fast-charging-growth-autel-ces-electricfish-gas-stations-gm-writedown/,0,1,0.00%,1.00
tesla supercharger network size 2026 number of stations stalls,https://shaffercon.com/industry-insights/tesla-worlds-largest-supercharger-los-angeles-curbside-charging-expansion-volkswagen-network-access-dynamic-pricing-long-beach-ev-infrastructure/,0,2,0.00%,19.50
tesla supercharger network size north america,https://shaffercon.com/industry-insights/tesla-supercharger-business-program-us-dc-fast-charging-record-gas-stations-ev-chargers-california-leads-adoption/,0,1,0.00%,9.00
tesla supercharger new locations,https://shaffercon.com/industry-insights/tesla-worlds-largest-supercharger-los-angeles-curbside-charging-expansion-volkswagen-network-access-dynamic-pricing-long-beach-ev-infrastructure/,0,1,0.00%,40.00
tesla supercharger ownership,https://shaffercon.com/industry-insights/tesla-supercharger-business-program-us-dc-fast-charging-record-gas-stations-ev-chargers-california-leads-adoption/,0,1,0.00%,43.00
tesla supercharger plans,https://shaffercon.com/industry-insights/tesla-supercharger-business-program-us-dc-fast-charging-record-gas-stations-ev-chargers-california-leads-adoption/,0,4,0.00%,63.25
tesla supercharger plans,https://shaffercon.com/industry-insights/tesla-worlds-largest-supercharger-los-angeles-curbside-charging-expansion-volkswagen-network-access-dynamic-pricing-long-beach-ev-infrastructure/,0,4,0.00%,74.00
tesla supercharger power capacity gigawatts 2026,https://shaffercon.com/industry-insights/tesla-supercharger-record-polestar-4-price-cut-ann-arbor-ev-expansion-florida-wireless-charging-byd-megawatt/,0,7,0.00%,9.00
tesla supercharger power output kw current 2026,https://shaffercon.com/industry-insights/tesla-supercharger-record-polestar-4-price-cut-ann-arbor-ev-expansion-florida-wireless-charging-byd-megawatt/,0,12,0.00%,7.08
tesla supercharger price california 2026,https://shaffercon.com/industry-insights/tesla-940k-supercharger-business-configurator-walmart-50-percent-expansion-yermo-400-stall-toronto-480v-fast-track-coachella-charging-congestion/,0,1,0.00%,11.00
tesla supercharger prices california 2026,https://shaffercon.com/industry-insights/tesla-940k-supercharger-business-configurator-walmart-50-percent-expansion-yermo-400-stall-toronto-480v-fast-track-coachella-charging-congestion/,0,1,0.00%,19.00
tesla supercharger prices los angeles 2026,https://shaffercon.com/industry-insights/tesla-940k-supercharger-business-configurator-walmart-50-percent-expansion-yermo-400-stall-toronto-480v-fast-track-coachella-charging-congestion/,0,2,0.00%,9.00
tesla supercharger pricing california 2026,https://shaffercon.com/industry-insights/tesla-940k-supercharger-business-configurator-walmart-50-percent-expansion-yermo-400-stall-toronto-480v-fast-track-coachella-charging-congestion/,0,1,0.00%,18.00
tesla supercharger pricing california april 2026,https://shaffercon.com/industry-insights/tesla-940k-supercharger-business-configurator-walmart-50-percent-expansion-yermo-400-stall-toronto-480v-fast-track-coachella-charging-congestion/,0,3,0.00%,5.00
tesla supercharger pricing los angeles 2026,https://shaffercon.com/industry-insights/tesla-940k-supercharger-business-configurator-walmart-50-percent-expansion-yermo-400-stall-toronto-480v-fast-track-coachella-charging-congestion/,0,3,0.00%,8.00
tesla supercharger pricing los angeles 2026,https://shaffercon.com/industry-insights/tesla-worlds-largest-supercharger-los-angeles-curbside-charging-expansion-volkswagen-network-access-dynamic-pricing-long-beach-ev-infrastructure/,0,2,0.00%,10.50
tesla supercharger profitability 2026,https://shaffercon.com/industry-insights/tesla-supercharger-record-polestar-4-price-cut-ann-arbor-ev-expansion-florida-wireless-charging-byd-megawatt/,0,9,0.00%,6.22
tesla supercharger program for business,https://shaffercon.com/industry-insights/tesla-supercharger-business-program-us-dc-fast-charging-record-gas-stations-ev-chargers-california-leads-adoption/,0,5,0.00%,45.40
tesla supercharger rates april 2026 vs february 2026,https://shaffercon.com/industry-insights/tesla-940k-supercharger-business-configurator-walmart-50-percent-expansion-yermo-400-stall-toronto-480v-fast-track-coachella-charging-congestion/,0,2,0.00%,13.50
tesla supercharger rates february 2026,https://shaffercon.com/industry-insights/tesla-supercharger-record-polestar-4-price-cut-ann-arbor-ev-expansion-florida-wireless-charging-byd-megawatt/,0,1,0.00%,17.00
tesla supercharger rates florida 2026,https://shaffercon.com/industry-insights/tesla-supercharger-record-polestar-4-price-cut-ann-arbor-ev-expansion-florida-wireless-charging-byd-megawatt/,0,19,0.00%,5.58
tesla supercharger reliability uptime report 2025 2026 official,https://shaffercon.com/industry-insights/ev-charging-infrastructure-network-milestones-65000-us-ports-illinois-funding-tesla-v4-technology-nevi-streamlining-and-google-maps-integration-shape-november-2025-market/,0,1,0.00%,7.00
tesla supercharger speeds 2026,https://shaffercon.com/industry-insights/tesla-supercharger-record-polestar-4-price-cut-ann-arbor-ev-expansion-florida-wireless-charging-byd-megawatt/,0,5,0.00%,9.20
tesla supercharger stalls north america 2026,https://shaffercon.com/industry-insights/tesla-superchargers-80000-stalls-kia-ev3-35k-debut-ev-realty-truck-hub-tariffs-charging-costs-v2g-mainstream/,0,2,0.00%,8.50
tesla supercharger telemetry data volume and cost challenges 2025,https://shaffercon.com/industry-insights/laz-parking-50000-ev-chargers-ford-19-billion-writedown-hydrohertz-68-percent-faster-charging-bmw-supercharger,0,1,0.00%,9.00
tesla supercharger trafford centre expansion,https://shaffercon.com/industry-insights/tesla-worlds-largest-supercharger-los-angeles-curbside-charging-expansion-volkswagen-network-access-dynamic-pricing-long-beach-ev-infrastructure/,0,1,0.00%,44.00
tesla supercharger under construction,https://shaffercon.com/industry-insights/tesla-worlds-largest-supercharger-los-angeles-curbside-charging-expansion-volkswagen-network-access-dynamic-pricing-long-beach-ev-infrastructure/,0,11,0.00%,4.36
tesla supercharger united states,https://shaffercon.com/industry-insights/tesla-supercharger-business-program-us-dc-fast-charging-record-gas-stations-ev-chargers-california-leads-adoption/,0,3,0.00%,42.67
tesla supercharger us,https://shaffercon.com/industry-insights/tesla-supercharger-business-program-us-dc-fast-charging-record-gas-stations-ev-chargers-california-leads-adoption/,0,4,0.00%,40.50
tesla superchargers coming soon,https://shaffercon.com/industry-insights/tesla-worlds-largest-supercharger-los-angeles-curbside-charging-expansion-volkswagen-network-access-dynamic-pricing-long-beach-ev-infrastructure/,0,1,0.00%,64.00
tesla superchargers delivered 6.7 twh in 2025,https://shaffercon.com/industry-insights/tesla-supercharger-record-polestar-4-price-cut-ann-arbor-ev-expansion-florida-wireless-charging-byd-megawatt/,0,1,0.00%,6.00
tesla v4 supercharger installation cost per stall,https://shaffercon.com/industry-insights/tesla-worlds-largest-supercharger-los-angeles-curbside-charging-expansion-volkswagen-network-access-dynamic-pricing-long-beach-ev-infrastructure/,0,1,0.00%,16.00
tesla yermo supercharger expansion,https://shaffercon.com/industry-insights/tesla-supercharger-business-program-us-dc-fast-charging-record-gas-stations-ev-chargers-california-leads-adoption/,0,1,0.00%,73.00
tesla yermo supercharger expansion,https://shaffercon.com/industry-insights/tesla-worlds-largest-supercharger-los-angeles-curbside-charging-expansion-volkswagen-network-access-dynamic-pricing-long-beach-ev-infrastructure/,0,1,0.00%,38.00
tesla's charging business model,https://shaffercon.com/industry-insights/tesla-supercharger-business-program-us-dc-fast-charging-record-gas-stations-ev-chargers-california-leads-adoption/,0,2,0.00%,25.00
the fewest number of 20-amp kitchen countertop receptacle circuits that are permitted to be installed in a kitchen in a house is ___.,https://shaffercon.com/industry-insights/kitchen-electrical-requirements-outlet-placement-guide/,0,9,0.00%,1.00
the fewest number of 20-amp kitchen countertop receptacle circuits that are permitted to be installed in a kitchen in a house is ___. question 8 select one: a. 0 b. 1 c. 2 d. 3,https://shaffercon.com/industry-insights/kitchen-electrical-requirements-outlet-placement-guide/,0,1,0.00%,1.00
the future of electric vehicle charging infrastructure,https://shaffercon.com/industry-insights/the-future-of-electric-vehicle-charging-why-infrastructure-matters-for-sustainable-growth/,0,1,0.00%,37.00
the future of ev charging,https://shaffercon.com/industry-insights/the-future-of-electric-vehicle-charging-why-infrastructure-matters-for-sustainable-growth/,0,6,0.00%,74.67
the inspector failed your electrical inspection and cited 210.12(d) for the failure. which of the following is your infraction?,https://shaffercon.com/industry-insights/passing-electrical-inspection-common-failures-fixes/,0,2,0.00%,1.00
the minimum number of small appliance circuits required by the nec in a kitchen area is,https://shaffercon.com/industry-insights/kitchen-electrical-requirements-outlet-placement-guide/,0,7,0.00%,3.57
the minimum number of small-appliance circuits required by the nec® in a kitchen area is,https://shaffercon.com/industry-insights/kitchen-electrical-requirements-outlet-placement-guide/,0,2,0.00%,11.50
the retrofit companies,https://shaffercon.com/industry-insights/,0,2,0.00%,50.50
the retrofit companies,https://shaffercon.com/led-retrofit-services/,0,2,0.00%,50.50
the retrofit companies inc,https://shaffercon.com/industry-insights/,0,1,0.00%,35.00
the retrofit company,https://shaffercon.com/led-retrofit-services/,0,2,0.00%,71.00
the typical minimum circuit for a kitchen range (stove) is,https://shaffercon.com/industry-insights/kitchen-electrical-requirements-outlet-placement-guide/,0,32,0.00%,6.84
the typical minimum circuit for a kitchen range (stove) is ________.,https://shaffercon.com/industry-insights/kitchen-electrical-requirements-outlet-placement-guide/,0,68,0.00%,7.90
the typical minimum circuit for a kitchen range (stove) is ________. 30 amps 40 amps 60 amps 80 amps,https://shaffercon.com/industry-insights/kitchen-electrical-requirements-outlet-placement-guide/,0,6,0.00%,1.00
there were others,https://shaffercon.com/industry-insights/passing-electrical-inspection-common-failures-fixes/,0,1,0.00%,5.00
thermostat installation inglewood,https://shaffercon.com/service-areas/inglewood/residential-smart-automation-systems,0,2,0.00%,16.50
thermostat installation inglewood,https://shaffercon.com/service-areas/inglewood/residential-smart-automation-systems/,0,3,0.00%,14.67
tips for enhancing ev charging infrastructure,https://shaffercon.com/industry-insights/the-essential-guide-to-ev-charging-infrastructure-benefits-strategies-and-future-trends,0,3,0.00%,50.00
title 24,https://shaffercon.com/industry-insights/california-title-24-electrical-requirements-renovations/,0,1,0.00%,5.00
title 24 building code,https://shaffercon.com/industry-insights/california-title-24-electrical-requirements-renovations/,0,1,0.00%,41.00
title 24 ca,https://shaffercon.com/industry-insights/california-title-24-electrical-requirements-renovations/,0,1,0.00%,45.00
title 24 california,https://shaffercon.com/industry-insights/california-title-24-electrical-requirements-renovations/,0,4,0.00%,47.25
title 24 california requirements,https://shaffercon.com/industry-insights/california-title-24-electrical-requirements-renovations/,0,3,0.00%,43.00
title 24 california residential,https://shaffercon.com/industry-insights/california-title-24-electrical-requirements-renovations/,0,3,0.00%,36.67
title 24 certification,https://shaffercon.com/industry-insights/california-title-24-electrical-requirements-renovations/,0,1,0.00%,74.00
title 24 code compliance,https://shaffercon.com/industry-insights/california-title-24-electrical-requirements-renovations/,0,3,0.00%,57.67
title 24 codes,https://shaffercon.com/industry-insights/california-title-24-electrical-requirements-renovations/,0,1,0.00%,34.00
title 24 compliance,https://shaffercon.com/industry-insights/california-title-24-electrical-requirements-renovations/,0,2,0.00%,49.50
title 24 compliance california,https://shaffercon.com/industry-insights/california-title-24-electrical-requirements-renovations/,0,8,0.00%,59.88
title 24 compliant,https://shaffercon.com/industry-insights/california-title-24-electrical-requirements-renovations/,0,1,0.00%,53.00
title 24 electrical,https://shaffercon.com/industry-insights/california-title-24-electrical-requirements-renovations/,0,13,0.00%,9.62
title 24 electrical requirements,https://shaffercon.com/industry-insights/california-title-24-electrical-requirements-renovations/,0,13,0.00%,5.31
title 24 energy,https://shaffercon.com/industry-insights/california-title-24-electrical-requirements-renovations/,0,1,0.00%,62.00
title 24 energy code,https://shaffercon.com/industry-insights/california-title-24-electrical-requirements-renovations/,0,1,0.00%,61.00
title 24 energy compliance california,https://shaffercon.com/industry-insights/california-title-24-electrical-requirements-renovations/,0,7,0.00%,60.43
title 24 energy efficiency,https://shaffercon.com/industry-insights/california-title-24-electrical-requirements-renovations/,0,1,0.00%,85.00
title 24 in california,https://shaffercon.com/industry-insights/california-title-24-electrical-requirements-renovations/,0,2,0.00%,50.00
title 24 inspection,https://shaffercon.com/industry-insights/california-title-24-electrical-requirements-renovations/,0,6,0.00%,27.50
title 24 insulation requirements,https://shaffercon.com/industry-insights/california-title-24-electrical-requirements-renovations/,0,1,0.00%,78.00
title 24 light engine,https://shaffercon.com/industry-insights/california-title-24-electrical-requirements-renovations/,0,2,0.00%,76.50
title 24 lighting,https://shaffercon.com/industry-insights/california-title-24-electrical-requirements-renovations/,0,2,0.00%,55.00
title 24 lighting requirements,https://shaffercon.com/industry-insights/california-title-24-electrical-requirements-renovations/,0,5,0.00%,52.80
title 24 new construction requirements altadena,https://shaffercon.com/industry-insights/california-title-24-electrical-requirements-renovations/,0,1,0.00%,12.00
title 24 new construction requirements los angeles,https://shaffercon.com/industry-insights/california-title-24-electrical-requirements-renovations/,0,10,0.00%,13.70
title 24 option,https://shaffercon.com/industry-insights/california-title-24-electrical-requirements-renovations/,0,2,0.00%,71.00
title 24 part 3,https://shaffercon.com/industry-insights/california-title-24-electrical-requirements-renovations/,0,2,0.00%,1.00
title 24 plans,https://shaffercon.com/industry-insights/california-title-24-electrical-requirements-renovations/,0,4,0.00%,59.50
title 24 recessed lighting,https://shaffercon.com/industry-insights/recessed-lighting-installation-guide/,0,16,0.00%,40.81
title 24 regulations,https://shaffercon.com/industry-insights/california-title-24-electrical-requirements-renovations/,0,1,0.00%,44.00
title 24 requirements,https://shaffercon.com/industry-insights/california-title-24-electrical-requirements-renovations/,0,9,0.00%,55.44
title 24 requirements california,https://shaffercon.com/industry-insights/california-title-24-electrical-requirements-renovations/,0,4,0.00%,44.75
title 24 requirements for lighting,https://shaffercon.com/industry-insights/california-title-24-electrical-requirements-renovations/,0,3,0.00%,67.33
"title 24 requirements sonoma county, ca",https://shaffercon.com/industry-insights/california-title-24-electrical-requirements-renovations/,0,2,0.00%,77.00
title 24 retail,https://shaffercon.com/industry-insights/california-title-24-electrical-requirements-renovations/,0,1,0.00%,73.00
title 24 standards california,https://shaffercon.com/industry-insights/california-title-24-electrical-requirements-renovations/,0,9,0.00%,52.89
toaster bath,https://shaffercon.com/industry-insights/gfi-electrical-outlets-ensuring-safety-in-your-electrical-setup/,0,1,0.00%,2.00
top electrical contractors for ev charger installation at retail locations,https://shaffercon.com/industry-insights/nec-2026-qualified-installer-requirement-charging-reliability-86-percent-commercial-roi-3-5-year-payback/,0,1,0.00%,3.00
top green energy providers for ev owners apartments 2026,https://shaffercon.com/industry-insights/california-2026-building-code-ev-charging-requirements-home-real-estate-trend-32-new-models/,0,2,0.00%,7.50
top green energy providers us 2026 apartments ev charging,https://shaffercon.com/industry-insights/california-2026-building-code-ev-charging-requirements-home-real-estate-trend-32-new-models/,0,3,0.00%,8.33
top rated green electricity plans for ev owners smart home 2025 2026,https://shaffercon.com/industry-insights/california-2026-building-code-ev-charging-requirements-home-real-estate-trend-32-new-models/,0,1,0.00%,9.00
torrance ca electrical safety,https://shaffercon.com/service-areas/torrance/,0,45,0.00%,12.07
torrance electrical safety,https://shaffercon.com/service-areas/torrance/,0,23,0.00%,32.57
torrance electrical safety,https://shaffercon.com/service-areas/torrance/commercial-electrical-safety-inspections/,0,56,0.00%,18.25
torrance electrical safety,https://shaffercon.com/service-areas/torrance/residential-electrical-safety-inspections/,0,49,0.00%,5.96
torrey highlands ca led recessed lighting,https://shaffercon.com/industry-insights/recessed-lighting-installation-guide/,0,2,0.00%,9.00
total tesla charging stations in us,https://shaffercon.com/industry-insights/tesla-supercharger-business-program-us-dc-fast-charging-record-gas-stations-ev-chargers-california-leads-adoption/,0,3,0.00%,69.00
trends in ev charging,https://shaffercon.com/industry-insights/exploring-the-rapid-growth-and-key-trends-in-ev-charging-infrastructure-in-2023/,0,1,0.00%,44.00
trends in ev charging,https://shaffercon.com/industry-insights/top-trends-challenges-and-innovations-in-ev-charging-infrastructure-for-2025/,0,1,0.00%,18.00
trusted low-rate green electricity plans for ev owners smart home urban apartments 2026,https://shaffercon.com/industry-insights/california-2026-building-code-ev-charging-requirements-home-real-estate-trend-32-new-models/,0,1,0.00%,12.00
tub back up culver city,https://shaffercon.com/service-areas/culver-city/commercial-pool-hot-tub-spa-electrical,0,8,0.00%,65.75
tub back up culver city,https://shaffercon.com/service-areas/culver-city/commercial-pool-hot-tub-spa-electrical/,0,1,0.00%,71.00
tub back up culver city,https://shaffercon.com/service-areas/culver-city/residential-backup-generator-installation/,0,7,0.00%,20.57
turnkey lighting retrofit,https://shaffercon.com/led-retrofit-services/,0,1,0.00%,50.00
typical amperage full size electric oven range us home nec,https://shaffercon.com/industry-insights/kitchen-electrical-requirements-outlet-placement-guide/,0,1,0.00%,10.00
typical billed demand kw for 4 stall tesla supercharger site winter low traffic,https://shaffercon.com/industry-insights/tesla-940k-supercharger-business-configurator-walmart-50-percent-expansion-yermo-400-stall-toronto-480v-fast-track-coachella-charging-congestion/,0,1,0.00%,10.00
typical residential electrical circuits amperage water damage restoration,https://shaffercon.com/industry-insights/dedicated-circuits-when-why-home-appliances-need-them/,0,1,0.00%,7.00
unpermitted electrical work,https://shaffercon.com/industry-insights/california-title-24-electrical-requirements-renovations/,0,1,0.00%,7.00
upcoming tesla superchargers,https://shaffercon.com/industry-insights/tesla-worlds-largest-supercharger-los-angeles-curbside-charging-expansion-volkswagen-network-access-dynamic-pricing-long-beach-ev-infrastructure/,0,18,0.00%,45.83
update electrical panel,https://shaffercon.com/industry-insights/complete-guide-electrical-panel-upgrades-los-angeles/,0,1,0.00%,9.00
upgrade,https://shaffercon.com/industry-insights/complete-guide-electrical-panel-upgrades-los-angeles/,0,1,0.00%,8.00
upgrade an electrical panel,https://shaffercon.com/industry-insights/complete-guide-electrical-panel-upgrades-los-angeles/,0,3,0.00%,1.00
upgrade breaker panel,https://shaffercon.com/industry-insights/complete-guide-electrical-panel-upgrades-los-angeles/,0,13,0.00%,1.00
upgrade circuit breaker panel,https://shaffercon.com/industry-insights/complete-guide-electrical-panel-upgrades-los-angeles/,0,4,0.00%,1.00
upgrade circuit breaker panel los angeles ca,https://shaffercon.com/industry-insights/complete-guide-electrical-panel-upgrades-los-angeles/,0,13,0.00%,14.23
upgrade circuit breaker panel los angeles ca,https://shaffercon.com/industry-insights/federal-pacific-zinsco-panels-replacement-los-angeles/,0,1,0.00%,13.00
upgrade circuit breaker panel proposal,https://shaffercon.com/industry-insights/complete-guide-electrical-panel-upgrades-los-angeles/,0,1,0.00%,47.00
upgrade electric service,https://shaffercon.com/industry-insights/complete-guide-electrical-panel-upgrades-los-angeles/,0,2,0.00%,8.00
upgrade electrical,https://shaffercon.com/industry-insights/complete-guide-electrical-panel-upgrades-los-angeles/,0,1,0.00%,11.00
upgrade electrical box,https://shaffercon.com/industry-insights/complete-guide-electrical-panel-upgrades-los-angeles/,0,1,0.00%,1.00
upgrade electrical panel,https://shaffercon.com/industry-insights/complete-guide-electrical-panel-upgrades-los-angeles/,0,411,0.00%,1.04
upgrade electrical panel santa barbara ca,https://shaffercon.com/industry-insights/complete-guide-electrical-panel-upgrades-los-angeles/,0,4,0.00%,45.00
upgrade electrical panel without permit,https://shaffercon.com/industry-insights/complete-guide-electrical-panel-upgrades-los-angeles/,0,10,0.00%,28.60
upgrade electrical service,https://shaffercon.com/industry-insights/complete-guide-electrical-panel-upgrades-los-angeles/,0,2,0.00%,41.50
upgrade fuse box los angeles ca,https://shaffercon.com/industry-insights/complete-guide-electrical-panel-upgrades-los-angeles/,0,9,0.00%,18.56
upgrade home electrical service,https://shaffercon.com/industry-insights/complete-guide-electrical-panel-upgrades-los-angeles/,0,2,0.00%,80.00
upgrade main electrical panel,https://shaffercon.com/industry-insights/complete-guide-electrical-panel-upgrades-los-angeles/,0,1,0.00%,11.00
upgrade my electrical panel,https://shaffercon.com/industry-insights/complete-guide-electrical-panel-upgrades-los-angeles/,0,7,0.00%,3.57
upgrade panel,https://shaffercon.com/industry-insights/complete-guide-electrical-panel-upgrades-los-angeles/,0,2,0.00%,38.00
upgrade power panel,https://shaffercon.com/industry-insights/complete-guide-electrical-panel-upgrades-los-angeles/,0,2,0.00%,6.50
upgrade residential electrical service,https://shaffercon.com/industry-insights/complete-guide-electrical-panel-upgrades-los-angeles/,0,1,0.00%,6.00
upgraded electrical box,https://shaffercon.com/industry-insights/complete-guide-electrical-panel-upgrades-los-angeles/,0,2,0.00%,1.00
upgrading a breaker box,https://shaffercon.com/industry-insights/complete-guide-electrical-panel-upgrades-los-angeles/,0,1,0.00%,2.00
upgrading an electrical panel,https://shaffercon.com/industry-insights/complete-guide-electrical-panel-upgrades-los-angeles/,0,4,0.00%,1.00
upgrading breaker panel,https://shaffercon.com/industry-insights/complete-guide-electrical-panel-upgrades-los-angeles/,0,1,0.00%,1.00
upgrading electric panel,https://shaffercon.com/industry-insights/complete-guide-electrical-panel-upgrades-los-angeles/,0,13,0.00%,1.00
upgrading electric service,https://shaffercon.com/industry-insights/complete-guide-electrical-panel-upgrades-los-angeles/,0,2,0.00%,53.50
upgrading electrical box,https://shaffercon.com/industry-insights/complete-guide-electrical-panel-upgrades-los-angeles/,0,3,0.00%,1.00
upgrading electrical service,https://shaffercon.com/industry-insights/complete-guide-electrical-panel-upgrades-los-angeles/,0,10,0.00%,40.90
upgrading from 100 amp to 200 amp,https://shaffercon.com/industry-insights/complete-guide-electrical-panel-upgrades-los-angeles/,0,1,0.00%,1.00
upgrading your electrical panel,https://shaffercon.com/industry-insights/complete-guide-electrical-panel-upgrades-los-angeles/,0,8,0.00%,1.00
upgrading your electrical service,https://shaffercon.com/industry-insights/complete-guide-electrical-panel-upgrades-los-angeles/,0,1,0.00%,12.00
urban ev charging solutions,https://shaffercon.com/industry-insights/the-rapid-expansion-of-ev-charging-infrastructure-key-insights-policy-updates-and-practical-tips-for-home-and-business-owners/,0,2,0.00%,55.00
us automotive supercharger market,https://shaffercon.com/industry-insights/tesla-supercharger-business-program-us-dc-fast-charging-record-gas-stations-ev-chargers-california-leads-adoption/,0,12,0.00%,77.67
us electric vehicle charging infrastructure market,https://shaffercon.com/industry-insights/exploring-the-rapid-growth-and-key-trends-in-ev-charging-infrastructure-in-2023/,0,13,0.00%,81.38
us ev infrastructure program charging ports,https://shaffercon.com/industry-insights/ev-charging-infrastructure-network-milestones-65000-us-ports-illinois-funding-tesla-v4-technology-nevi-streamlining-and-google-maps-integration-shape-november-2025-market/,0,4,0.00%,93.25
us ev sales forecast 2026 flat or contracting,https://shaffercon.com/industry-insights/2025-ev-sales-decline-2026-outlook-new-models-china-price-war-charger-tax-credit-deadline/,0,2,0.00%,11.00
us heavy duty ev charging infrastructure market,https://shaffercon.com/industry-insights/exploring-the-rapid-growth-and-key-trends-in-ev-charging-infrastructure-in-2023/,0,36,0.00%,87.53
used electric cars larchmont,https://shaffercon.com/industry-insights/off-lease-evs-flood-market-toyota-billion-investment-vw-recall-ev-cancellations-chargepoint-consolidation/,0,1,0.00%,40.00
"using nec principles, explain why the bakery kitchen requires gfci protection for all 125 v, 15 20 a receptacles. assuming each space heater is 1.5 kw at 120 v, calculate the current draw of one heater. if the basement has 3 space heaters on the same multi wire branch circuit, compute the total connected load in kw. explain why isolated ground (ig)",https://shaffercon.com/industry-insights/kitchen-electrical-requirements-outlet-placement-guide/,0,1,0.00%,1.00
vaulted ceiling recessed lighting calculator,https://shaffercon.com/industry-insights/recessed-lighting-installation-guide/,0,1,0.00%,1.00
vehicle charging infrastructure,https://shaffercon.com/industry-insights/exploring-the-rapid-growth-and-key-trends-in-ev-charging-infrastructure-in-2023/,0,1,0.00%,92.00
vehicle charging infrastructure,https://shaffercon.com/industry-insights/the-essential-guide-to-ev-charging-infrastructure-benefits-strategies-and-future-trends/,0,3,0.00%,78.00
vehicle infrastructure,https://shaffercon.com/industry-insights/the-future-of-electric-vehicle-charging-why-infrastructure-matters-for-sustainable-growth/,0,1,0.00%,89.00
vehicle to home vehicle to grid policy support 2026,https://shaffercon.com/industry-insights/california-2026-building-code-ev-charging-requirements-home-real-estate-trend-32-new-models/,0,3,0.00%,9.33
venice beach general contractor,https://shaffercon.com/service-areas/venice/,0,5,0.00%,39.40
vetting process for ev installers,https://shaffercon.com/industry-insights/the-ultimate-guide-to-ev-charger-installation-and-infrastructure-in-los-angeles/,0,3,0.00%,77.67
wafer lights,https://shaffercon.com/industry-insights/recessed-lighting-installation-guide/,0,1,0.00%,1.00
wall socket outlet,https://shaffercon.com/industry-insights/kitchen-electrical-requirements-outlet-placement-guide/,0,1,0.00%,1.00
wandering river,https://shaffercon.com/industry-insights/tesla-supercharger-business-program-us-dc-fast-charging-record-gas-stations-ev-chargers-california-leads-adoption/,0,1,0.00%,2.00
warehouse ventilation systems glendale,https://shaffercon.com/service-areas/glendale/commercial-exhaust-fan-ventilation-wiring/,0,9,0.00%,6.33
warehouse ventilation systems glendale ca,https://shaffercon.com/service-areas/glendale/commercial-exhaust-fan-ventilation-wiring/,0,10,0.00%,8.20
water heater installation permit cost us,https://shaffercon.com/industry-insights/electric-water-heater-installation-requirements-costs/,0,2,0.00%,10.50
water heater installation permits cost us,https://shaffercon.com/industry-insights/electric-water-heater-installation-requirements-costs/,0,1,0.00%,5.00
water removal atwater village,https://shaffercon.com/service-areas/atwater-village/residential-complete-electrical-rewiring,0,1,0.00%,45.00
website for contractor inglewood,https://shaffercon.com/service-areas/inglewood/,0,3,0.00%,33.33
west county outdoor lighting,https://shaffercon.com/industry-insights/outdoor-lighting-installation-guide-los-angeles/,0,1,0.00%,25.00
west hollywood concrete equipment pad,https://shaffercon.com/service-areas/west-hollywood/commercial-backup-generator-installation/,0,1,0.00%,12.00
west hollywood concrete generator pad,https://shaffercon.com/service-areas/west-hollywood/commercial-backup-generator-installation/,0,1,0.00%,8.00
west hollywood concrete generator pad,https://shaffercon.com/service-areas/west-hollywood/residential-backup-generator-installation/,0,20,0.00%,10.15
west hollywood concrete generator slab,https://shaffercon.com/service-areas/west-hollywood/residential-backup-generator-installation/,0,3,0.00%,10.33
west hollywood electrician,https://shaffercon.com/service-areas/west-hollywood/,0,15,0.00%,31.20
west hollywood electricians,https://shaffercon.com/service-areas/west-hollywood/,0,1,0.00%,24.00
west hollywood light pole protection,https://shaffercon.com/service-areas/west-hollywood/residential-landscape-outdoor-lighting/,0,2,0.00%,22.00
what about,https://shaffercon.com/industry-insights/afci-vs-gfci-circuit-protection-los-angeles/,0,1,0.00%,3.00
what about bathrooms,https://shaffercon.com/industry-insights/california-title-24-electrical-requirements-renovations/,0,1,0.00%,3.00
what about cali,https://shaffercon.com/industry-insights/california-2026-building-code-ev-charging-requirements-home-real-estate-trend-32-new-models/,0,1,0.00%,2.00
what about in california,https://shaffercon.com/industry-insights/afci-vs-gfci-circuit-protection-los-angeles/,0,1,0.00%,7.00
what about in california,https://shaffercon.com/industry-insights/california-2026-building-code-ev-charging-requirements-home-real-estate-trend-32-new-models/,0,1,0.00%,8.00
what about in the us,https://shaffercon.com/industry-insights/nec-2026-qualified-installer-requirement-charging-reliability-86-percent-commercial-roi-3-5-year-payback/,0,1,0.00%,6.00
what about kitchen,https://shaffercon.com/industry-insights/afci-vs-gfci-circuit-protection-los-angeles/,0,1,0.00%,3.00
what about kitchens,https://shaffercon.com/industry-insights/kitchen-electrical-requirements-outlet-placement-guide/,0,1,0.00%,4.00
what advancements are being made in the ev supercharger network technology?. my location is united states.,https://shaffercon.com/industry-insights/ev-charging-infrastructure-network-milestones-65000-us-ports-illinois-funding-tesla-v4-technology-nevi-streamlining-and-google-maps-integration-shape-november-2025-market/,0,2,0.00%,3.50
what appliances need a dedicated circuit,https://shaffercon.com/industry-insights/dedicated-circuits-when-why-home-appliances-need-them/,0,6,0.00%,41.33
what appliances require dedicated circuits,https://shaffercon.com/industry-insights/dedicated-circuits-when-why-home-appliances-need-them/,0,2,0.00%,11.50
what are future expansions planned for electric vehicle fast charging infrastructure?. my location is united states.,https://shaffercon.com/industry-insights/the-rapid-expansion-of-ev-charging-infrastructure-key-insights-policy-updates-and-practical-tips-for-home-and-business-owners/,0,2,0.00%,1.00
what are the best electric vehicle rebate programs for renters and which types of evs or chargers usually qualify?,https://shaffercon.com/industry-insights/california-2026-building-code-ev-charging-requirements-home-real-estate-trend-32-new-models/,0,2,0.00%,14.00
what are the rules for installing recessed lighting,https://shaffercon.com/industry-insights/recessed-lighting-installation-guide/,0,23,0.00%,25.78
what can scoop do for ev charging installations?,https://shaffercon.com/industry-insights/the-essential-guide-to-installing-ev-chargers-benefits-considerations-and-technologies,0,1,0.00%,12.00
what cost premium should we expect for compliant load centers?,https://shaffercon.com/industry-insights/afci-vs-gfci-circuit-protection-los-angeles/,0,5,0.00%,2.40
what cost premium should we expect for compliant load centers?,https://shaffercon.com/industry-insights/nec-2026-qualified-installer-requirement-charging-reliability-86-percent-commercial-roi-3-5-year-payback/,0,2,0.00%,2.00
what defines power requirements for residential and commercial infrastructure,https://shaffercon.com/industry-insights/commercial-electrical-systems-navigating-the-complexities/,0,4,0.00%,17.50
what do i need to sign off electrical work,https://shaffercon.com/industry-insights/california-title-24-electrical-requirements-renovations/,0,1,0.00%,75.00
what does a dedicated circuit mean,https://shaffercon.com/industry-insights/dedicated-circuits-when-why-home-appliances-need-them/,0,3,0.00%,21.33
what does a final electrical inspection consist of,https://shaffercon.com/industry-insights/passing-electrical-inspection-common-failures-fixes/,0,2,0.00%,1.00
what does a sub panel do,https://shaffercon.com/industry-insights/subpanel-installation-guide-when-why-you-need-one/,0,1,0.00%,65.00
what does an afci do that a breaker doesn't,https://shaffercon.com/industry-insights/afci-vs-gfci-circuit-protection-los-angeles/,0,6,0.00%,26.83
what does an electrical safety inspection include,https://shaffercon.com/industry-insights/electrical-safety-inspection-checklist-los-angeles/,0,3,0.00%,20.67
what does dedicated circuit mean,https://shaffercon.com/industry-insights/dedicated-circuits-when-why-home-appliances-need-them/,0,8,0.00%,9.25
what does gfi mean in electrical,https://shaffercon.com/industry-insights/gfi-electrical-outlets-ensuring-safety-in-your-electrical-setup/,0,2,0.00%,86.50
what does ladbs handle,https://shaffercon.com/industry-insights/ladbs-electrical-permit-process-step-by-step-guide/,0,2,0.00%,7.50
what does ladbs stand for,https://shaffercon.com/industry-insights/ladbs-electrical-permit-process-step-by-step-guide/,0,15,0.00%,9.67
what does ladbs stand for?,https://shaffercon.com/industry-insights/ladbs-electrical-permit-process-step-by-step-guide/,0,1,0.00%,9.00
what does range mean in electrical box,https://shaffercon.com/industry-insights/kitchen-electrical-requirements-outlet-placement-guide/,0,4,0.00%,1.00
what does sabc mean,https://shaffercon.com/industry-insights/kitchen-electrical-requirements-outlet-placement-guide/,0,1,0.00%,1.00
what electrical work can be done without a permit,https://shaffercon.com/industry-insights/california-title-24-electrical-requirements-renovations/,0,4,0.00%,9.25
what electrical work can homeowner do legally california,https://shaffercon.com/industry-insights/california-title-24-electrical-requirements-renovations/,0,48,0.00%,4.33
what electrical work in a home requires a licensed contractor?,https://shaffercon.com/industry-insights/california-title-24-electrical-requirements-renovations/,0,1,0.00%,9.00
what electrical work requires a permit,https://shaffercon.com/industry-insights/california-title-24-electrical-requirements-renovations/,0,4,0.00%,57.75
what happens if an electrical inspection reveals code violations?,https://shaffercon.com/industry-insights/passing-electrical-inspection-common-failures-fixes/,0,1,0.00%,3.00
what happens if electrical inspection reveals code violations,https://shaffercon.com/industry-insights/passing-electrical-inspection-common-failures-fixes/,0,80,0.00%,14.20
what happens if you do electrical work without permit california,https://shaffercon.com/industry-insights/california-title-24-electrical-requirements-renovations/,0,23,0.00%,8.52
what happens if you fail an electrical inspection,https://shaffercon.com/industry-insights/passing-electrical-inspection-common-failures-fixes/,0,10,0.00%,4.40
what is a dedicated 15 amp circuit,https://shaffercon.com/industry-insights/dedicated-circuits-when-why-home-appliances-need-them/,0,1,0.00%,2.00
what is a dedicated circuit,https://shaffercon.com/industry-insights/dedicated-circuits-when-why-home-appliances-need-them/,0,6,0.00%,44.33
what is a dedicated circuit mean,https://shaffercon.com/industry-insights/dedicated-circuits-when-why-home-appliances-need-them/,0,2,0.00%,8.00
what is a dedicated electrical circuit,https://shaffercon.com/industry-insights/dedicated-circuits-when-why-home-appliances-need-them/,0,2,0.00%,1.00
what is a dedicated outlet,https://shaffercon.com/industry-insights/dedicated-circuits-when-why-home-appliances-need-them/,0,4,0.00%,51.00
what is a federal pacific electrical panel sf,https://shaffercon.com/industry-insights/panel-upgrades-navigating-federal-pacific-panel-upgrade-or-replacement/,0,1,0.00%,45.00
what is a gfci receptacle,https://shaffercon.com/industry-insights/gfci-safety-installation-guide/,0,3,0.00%,67.67
what is a gfi electrical,https://shaffercon.com/industry-insights/gfi-electrical-outlets-ensuring-safety-in-your-electrical-setup/,0,1,0.00%,69.00
what is a load study,https://shaffercon.com/industry-insights/electrical-load-studies-what-they-are-los-angeles/,0,1,0.00%,14.00
what is a panel upgrade,https://shaffercon.com/industry-insights/complete-guide-electrical-panel-upgrades-los-angeles/,0,1,0.00%,7.00
what is a rough electrical inspection,https://shaffercon.com/industry-insights/passing-electrical-inspection-common-failures-fixes/,0,1,0.00%,43.00
what is a rough in electrical inspection,https://shaffercon.com/industry-insights/passing-electrical-inspection-common-failures-fixes/,0,1,0.00%,51.00
what is a sub panel,https://shaffercon.com/industry-insights/subpanel-installation-guide-when-why-you-need-one/,0,6,0.00%,64.83
what is a sub panel electrical,https://shaffercon.com/industry-insights/subpanel-installation-guide-when-why-you-need-one/,0,9,0.00%,74.44
what is a sub panel used for,https://shaffercon.com/industry-insights/subpanel-installation-guide-when-why-you-need-one/,0,1,0.00%,69.00
what is a subpanel,https://shaffercon.com/industry-insights/subpanel-installation-guide-when-why-you-need-one/,0,12,0.00%,67.67
what is a subpanel breaker box,https://shaffercon.com/industry-insights/subpanel-installation-guide-when-why-you-need-one/,0,3,0.00%,79.67
what is a subpanel electrical box,https://shaffercon.com/industry-insights/subpanel-installation-guide-when-why-you-need-one/,0,1,0.00%,87.00
what is a subpanel used for,https://shaffercon.com/industry-insights/subpanel-installation-guide-when-why-you-need-one/,0,1,0.00%,71.00
what is an electrical sub panel,https://shaffercon.com/industry-insights/subpanel-installation-guide-when-why-you-need-one/,0,8,0.00%,70.00
what is an electrical subpanel,https://shaffercon.com/industry-insights/subpanel-installation-guide-when-why-you-need-one/,0,2,0.00%,78.00
what is california title 24,https://shaffercon.com/industry-insights/california-title-24-electrical-requirements-renovations/,0,1,0.00%,50.00
what is dedicated circuit,https://shaffercon.com/industry-insights/dedicated-circuits-when-why-home-appliances-need-them/,0,6,0.00%,48.67
what is dedicated circuit consumption,https://shaffercon.com/industry-insights/dedicated-circuits-when-why-home-appliances-need-them/,0,1,0.00%,6.00
what is electrical capacity,https://shaffercon.com/industry-insights/kitchen-electrical-requirements-outlet-placement-guide/,0,1,0.00%,1.00
what is ev charging infrastructure,https://shaffercon.com/industry-insights/the-essential-guide-to-ev-charging-infrastructure-benefits-strategies-and-future-trends/,0,6,0.00%,77.50
what is ev infrastructure,https://shaffercon.com/industry-insights/the-essential-guide-to-ev-charging-infrastructure-benefits-strategies-and-future-trends/,0,1,0.00%,64.00
"what is fuse block? in los angeles, california",https://shaffercon.com/industry-insights/fuse-box-upgrade-guide/,0,1,0.00%,45.00
what is gfi in electrical,https://shaffercon.com/industry-insights/gfi-electrical-outlets-ensuring-safety-in-your-electrical-setup/,0,1,0.00%,63.00
what is gfi protection,https://shaffercon.com/industry-insights/gfi-safety-and-maintenance-essential-tips-for-homeowners/,0,1,0.00%,59.00
what is isdi,https://shaffercon.com/industry-insights/kitchen-electrical-requirements-outlet-placement-guide/,0,1,0.00%,3.00
what is ladbs,https://shaffercon.com/industry-insights/ladbs-electrical-permit-process-step-by-step-guide/,0,33,0.00%,6.55
what is ladbs?,https://shaffercon.com/industry-insights/ladbs-electrical-permit-process-step-by-step-guide/,0,9,0.00%,8.11
what is range in electrical box,https://shaffercon.com/industry-insights/kitchen-electrical-requirements-outlet-placement-guide/,0,3,0.00%,1.00
what is range on a breaker box,https://shaffercon.com/industry-insights/kitchen-electrical-requirements-outlet-placement-guide/,0,2,0.00%,3.00
what is rough electrical inspection,https://shaffercon.com/industry-insights/passing-electrical-inspection-common-failures-fixes/,0,1,0.00%,41.00
what is sub panel,https://shaffercon.com/industry-insights/subpanel-installation-guide-when-why-you-need-one/,0,2,0.00%,64.50
what is the breakdown between electrical services companies that serve new construction to those that serve existing construction?,https://shaffercon.com/industry-insights/electrical-tips-new-construction/,0,19,0.00%,7.21
what is the difference between afci and gfci,https://shaffercon.com/industry-insights/afci-vs-gfci-circuit-protection-los-angeles/,0,1,0.00%,85.00
what is the fewest number of receptacles required by the nec® to be installed above a 20-foot long stainless steel countertop in the kitchen of a restaurant? there are two 36-inch wide stainless sinks in the countertop with 10 inches of countertop space between the two sinks. the 10-inch space is centered in the 20' length of the countertop.,https://shaffercon.com/industry-insights/kitchen-electrical-requirements-outlet-placement-guide/,0,1,0.00%,1.00
what is the fewest number of receptacles required by the nec® to be installed above a 20-foot long stainless steel countertop in the kitchen of a restaurant? this is not a dwelling unit. there are two 36 inch wide stainless sinks in the countertop with 10 inches of countertop space between the two sinks. the 10 inch space is centered in the 20' length of the countertop.,https://shaffercon.com/industry-insights/kitchen-electrical-requirements-outlet-placement-guide/,0,1,0.00%,1.00
what is the purpose of a sub panel,https://shaffercon.com/industry-insights/subpanel-installation-guide-when-why-you-need-one/,0,1,0.00%,68.00
what is the typical cost to install ev chargers in a multifamily parking lot?,https://shaffercon.com/industry-insights/california-2026-building-code-ev-charging-requirements-home-real-estate-trend-32-new-models/,0,1,0.00%,1.00
what is title 24,https://shaffercon.com/industry-insights/california-title-24-electrical-requirements-renovations/,0,2,0.00%,71.00
what is title 24 in construction,https://shaffercon.com/industry-insights/california-title-24-electrical-requirements-renovations/,0,1,0.00%,63.00
what load center features or design characteristics help minimize installation costs and future upgrade expenses?,https://shaffercon.com/industry-insights/electrical-load-studies-what-they-are-los-angeles/,0,7,0.00%,11.43
what locations offer destination charging for electric cars in popular travel destinations?. my location is united states.,https://shaffercon.com/industry-insights/california-2026-building-code-ev-charging-requirements-home-real-estate-trend-32-new-models/,0,1,0.00%,32.00
what maintenance is needed to keep gfci usb outlets working properly?,https://shaffercon.com/industry-insights/gfi-safety-and-maintenance-essential-tips-for-homeowners/,0,1,0.00%,46.00
what makes a parking facility the best in los angeles?,https://shaffercon.com/industry-insights/california-2026-building-code-ev-charging-requirements-home-real-estate-trend-32-new-models/,0,1,0.00%,5.00
what nec article covers the rules necessary for the installation of appliances,https://shaffercon.com/industry-insights/kitchen-electrical-requirements-outlet-placement-guide/,0,18,0.00%,10.33
what nec code is california using,https://shaffercon.com/industry-insights/california-title-24-electrical-requirements-renovations/,0,1,0.00%,9.00
what nec® article covers the rules necessary for the installation of appliances?,https://shaffercon.com/industry-insights/kitchen-electrical-requirements-outlet-placement-guide/,0,338,0.00%,8.21
what nec® article covers the rules necessary for the installation of appliances? question 2 select one: a. 220 b. 300 c. 422 d. 210,https://shaffercon.com/industry-insights/kitchen-electrical-requirements-outlet-placement-guide/,0,1,0.00%,1.00
what nec® article covers the rules necessary for the installation of appliances? question 2select one: a. 220 b. 300 c. 422 d. 210,https://shaffercon.com/industry-insights/kitchen-electrical-requirements-outlet-placement-guide/,0,3,0.00%,7.00
what outdoor electrical work requires a licensed electrician,https://shaffercon.com/industry-insights/california-title-24-electrical-requirements-renovations/,0,1,0.00%,2.00
what safety features are important in home ev charging stations?. my location is united states.,https://shaffercon.com/industry-insights/nec-2026-qualified-installer-requirement-charging-reliability-86-percent-commercial-roi-3-5-year-payback/,0,1,0.00%,3.00
what should underground electricians pay attention to?,https://shaffercon.com/industry-insights/electrical-safety-inspection-checklist-los-angeles/,0,1,0.00%,27.00
what size breaker for a range,https://shaffercon.com/industry-insights/kitchen-electrical-requirements-outlet-placement-guide/,0,9,0.00%,1.00
what size breaker for kitchen outlets,https://shaffercon.com/industry-insights/kitchen-electrical-requirements-outlet-placement-guide/,0,21,0.00%,2.24
what size breaker for range,https://shaffercon.com/industry-insights/kitchen-electrical-requirements-outlet-placement-guide/,0,14,0.00%,1.00
what size circuit breaker do i need for my kitchen outlets,https://shaffercon.com/industry-insights/kitchen-electrical-requirements-outlet-placement-guide/,0,20,0.00%,2.55
what size circuit breaker for kitchen outlets nec,https://shaffercon.com/industry-insights/kitchen-electrical-requirements-outlet-placement-guide/,0,34,0.00%,9.79
what size is range wire,https://shaffercon.com/industry-insights/kitchen-electrical-requirements-outlet-placement-guide/,0,1,0.00%,1.00
what size wire do you run for a stove,https://shaffercon.com/industry-insights/kitchen-electrical-requirements-outlet-placement-guide/,0,1,0.00%,1.00
what size wire for a stove outlet,https://shaffercon.com/industry-insights/kitchen-electrical-requirements-outlet-placement-guide/,0,1,0.00%,1.00
what size wire for an electric stove,https://shaffercon.com/industry-insights/kitchen-electrical-requirements-outlet-placement-guide/,0,1,0.00%,1.00
what things should i consider before buying a fully electric car like the volkswagen id.4?,https://shaffercon.com/industry-insights/california-2026-building-code-ev-charging-requirements-home-real-estate-trend-32-new-models/,0,1,0.00%,6.00
what three parties must be satisfied with the electrical installation,https://shaffercon.com/industry-insights/ladbs-electrical-permit-process-step-by-step-guide/,0,1,0.00%,1.00
what type of gfci for bathroom,https://shaffercon.com/industry-insights/bathroom-electrical-safety-gfci-requirements/,0,1,0.00%,33.00
what will fail an electrical inspection,https://shaffercon.com/industry-insights/passing-electrical-inspection-common-failures-fixes/,0,56,0.00%,11.07
what would my profit be,https://shaffercon.com/industry-insights/ladbs-electrical-permit-process-step-by-step-guide/,0,1,0.00%,1.00
what's ahead for ultrafast ev charging,https://shaffercon.com/industry-insights/emerging-trends-in-ev-charging-infrastructure-innovations-and-challenges-ahead/,0,1,0.00%,77.00
what's ahead for ultrafast ev charging,https://shaffercon.com/industry-insights/ev-charging-infrastructure-in-2025-growth-innovation-and-the-road-ahead/,0,1,0.00%,45.00
what's ahead for ultrafast ev charging,https://shaffercon.com/industry-insights/exploring-the-rapid-growth-and-key-trends-in-ev-charging-infrastructure-in-2023/,0,1,0.00%,82.00
what's ahead for ultrafast ev charging,https://shaffercon.com/industry-insights/the-rise-of-ev-charging-infrastructure-trends-challenges-and-solutions-for-the-future/,0,1,0.00%,83.00
what's ahead for ultrafast ev charging,https://shaffercon.com/industry-insights/the-state-of-ev-charging-the-reality-innovations-and-whats-next-for-electric-vehicle-owners/,0,2,0.00%,82.00
what's ahead for ultrafast ev charging,https://shaffercon.com/industry-insights/top-trends-challenges-and-innovations-in-ev-charging-infrastructure-for-2025/,0,7,0.00%,57.43
what's the cost difference between compliant and standard circuit breakers?,https://shaffercon.com/industry-insights/afci-vs-gfci-circuit-protection-los-angeles/,0,4,0.00%,1.50
whats a sub panel,https://shaffercon.com/industry-insights/subpanel-installation-guide-when-why-you-need-one/,0,1,0.00%,65.00
"when ___, it is permitted to install receptacles face up in bathroom basin countertops. i. a weatherproof cover is installed ii. the receptacle is gfci protected iii. the receptacle is located at least 6 feet from the basin",https://shaffercon.com/industry-insights/kitchen-electrical-requirements-outlet-placement-guide/,0,1,0.00%,1.00
when are afci breakers required,https://shaffercon.com/industry-insights/afci-vs-gfci-circuit-protection-los-angeles/,0,1,0.00%,66.00
when are fire rated recessed lights required,https://shaffercon.com/industry-insights/recessed-lighting-installation-guide/,0,1,0.00%,61.00
when are gfci required,https://shaffercon.com/industry-insights/gfci-safety-installation-guide/,0,2,0.00%,77.50
when do you need a permit for electrical work,https://shaffercon.com/industry-insights/california-title-24-electrical-requirements-renovations/,0,1,0.00%,1.00
when does a sub panel need a main breaker,https://shaffercon.com/industry-insights/subpanel-installation-guide-when-why-you-need-one/,0,1,0.00%,46.00
"when installing receptacles in a bathroom in a house, the receptacles are required to be ___. i. gfci protected ii. afci protected iii. of the tamper-resistant type",https://shaffercon.com/industry-insights/bathroom-electrical-safety-gfci-requirements/,0,1,0.00%,1.00
when is a gfci required,https://shaffercon.com/industry-insights/gfi-electrical-outlets-ensuring-safety-in-your-electrical-setup/,0,1,0.00%,76.00
when is electrical service upgrade needed for ev charger 2025 2026,https://shaffercon.com/industry-insights/california-2026-building-code-ev-charging-requirements-home-real-estate-trend-32-new-models/,0,4,0.00%,8.75
when is electrical service upgrade needed for ev charger 2025 2026,https://shaffercon.com/industry-insights/nec-2026-qualified-installer-requirement-charging-reliability-86-percent-commercial-roi-3-5-year-payback/,0,2,0.00%,8.50
when is gfci required,https://shaffercon.com/industry-insights/gfci-safety-installation-guide/,0,1,0.00%,79.00
when is gfci required,https://shaffercon.com/industry-insights/gfi-electrical-outlets-ensuring-safety-in-your-electrical-setup/,0,1,0.00%,90.00
when is title 24 not required,https://shaffercon.com/industry-insights/california-title-24-electrical-requirements-renovations/,0,3,0.00%,68.33
"when laying out the wall receptacle locations in a bedroom in a house, a receptacle is required to be installed in a wall space that is 1'-10"" wide.",https://shaffercon.com/industry-insights/kitchen-electrical-requirements-outlet-placement-guide/,0,3,0.00%,1.00
where are arc fault breakers required 2023,https://shaffercon.com/industry-insights/afci-vs-gfci-circuit-protection-los-angeles/,0,3,0.00%,89.00
where are arc fault gfci breakers required,https://shaffercon.com/industry-insights/afci-vs-gfci-circuit-protection-los-angeles/,0,2,0.00%,68.50
where are arc-fault breakers not required,https://shaffercon.com/industry-insights/afci-vs-gfci-circuit-protection-los-angeles/,0,1,0.00%,61.00
where are arc-fault breakers required 2023,https://shaffercon.com/industry-insights/afci-vs-gfci-circuit-protection-los-angeles/,0,2,0.00%,89.50
where are arc-fault gfci breakers required,https://shaffercon.com/industry-insights/afci-vs-gfci-circuit-protection-los-angeles/,0,1,0.00%,71.00
where are gfci outlets required,https://shaffercon.com/industry-insights/gfi-electrical-outlets-ensuring-safety-in-your-electrical-setup/,0,1,0.00%,82.00
where are gfci receptacles required,https://shaffercon.com/industry-insights/gfci-safety-installation-guide/,0,1,0.00%,83.00
where are gfci required,https://shaffercon.com/industry-insights/gfci-safety-installation-guide/,0,1,0.00%,78.00
where are gfcis required,https://shaffercon.com/industry-insights/gfci-safety-installation-guide/,0,1,0.00%,73.00
where do i need afci breakers,https://shaffercon.com/industry-insights/afci-vs-gfci-circuit-protection-los-angeles/,0,1,0.00%,58.00
where gfci outlets are required,https://shaffercon.com/industry-insights/gfi-electrical-outlets-ensuring-safety-in-your-electrical-setup/,0,2,0.00%,88.50
where is inglewood calif,https://shaffercon.com/service-areas/inglewood/,0,1,0.00%,2.00
where is silver lake,https://shaffercon.com/service-areas/silver-lake/,0,2,0.00%,1.00
where should gfci outlets be installed,https://shaffercon.com/industry-insights/gfci-safety-installation-guide/,0,1,0.00%,96.00
where to place can lights in vaulted ceiling,https://shaffercon.com/industry-insights/recessed-lighting-installation-guide/,0,1,0.00%,22.00
where to place outlets in kitchen,https://shaffercon.com/industry-insights/kitchen-electrical-requirements-outlet-placement-guide/,0,1,0.00%,40.00
where to place recessed lights in living room,https://shaffercon.com/industry-insights/recessed-lighting-installation-guide/,0,1,0.00%,1.00
where to put electrical outlet on kitchen island,https://shaffercon.com/industry-insights/kitchen-electrical-requirements-outlet-placement-guide/,0,1,0.00%,1.00
which appliances require dedicated electrical connections?,https://shaffercon.com/industry-insights/dedicated-circuits-when-why-home-appliances-need-them/,0,1,0.00%,11.00
which electricians are qualified to install ev charging equipment?,https://shaffercon.com/industry-insights/the-ultimate-guide-to-ev-charger-installation-and-infrastructure-in-los-angeles/,0,2,0.00%,9.50
which gfci outlet should i buy for a bathroom upgrade?,https://shaffercon.com/industry-insights/bathroom-electrical-safety-gfci-requirements/,0,2,0.00%,3.00
which household appliances require dedicated electrical circuits,https://shaffercon.com/industry-insights/dedicated-circuits-when-why-home-appliances-need-them/,0,35,0.00%,11.31
which installation is not covered by the code,https://shaffercon.com/industry-insights/california-title-24-electrical-requirements-renovations/,0,1,0.00%,23.00
which installation is not covered by the code?,https://shaffercon.com/industry-insights/california-title-24-electrical-requirements-renovations/,0,1,0.00%,36.00
"which of the following 125-volt, 15- and 20-amp receptacles) installed in kitchens is required to be connected to one of the two 20-amp, small-appliance circuits serving the kitchen and dining room areas in a dwelling?",https://shaffercon.com/industry-insights/kitchen-electrical-requirements-outlet-placement-guide/,0,4,0.00%,11.50
"which of the following 125-volt, 15- and 20-ampere receptacle(s) installed in kitchens is required to be connected to one of the two 20-ampere small-appliance circuits serving the kitchen and dining room areas in a dwelling? question 35 select one: a. a receptacle installed to plug in a gas appliance to serve the ignition and/or clock devices b. a receptacle installed to plug in a refrigerator c. a receptacle installed below the sink to serve a food-waste disposer d. all of these e. none of these",https://shaffercon.com/industry-insights/kitchen-electrical-requirements-outlet-placement-guide/,0,1,0.00%,1.00
which of the following is not one of the four minimum locations to be wired within a residence? a. each bedroom b. family or great room c. garage d. kitchen e. office or study,https://shaffercon.com/industry-insights/kitchen-electrical-requirements-outlet-placement-guide/,0,1,0.00%,1.00
which of the following locations require outlets with gfci protection,https://shaffercon.com/industry-insights/gfi-electrical-outlets-ensuring-safety-in-your-electrical-setup/,0,1,0.00%,18.00
which public charging network has the highest volume of direct current fast chargers in the united states with over 50% of the market share of dcfc ports,https://shaffercon.com/industry-insights/tesla-supercharger-business-program-us-dc-fast-charging-record-gas-stations-ev-chargers-california-leads-adoption/,0,1,0.00%,1.00
which smart appliances require additional wiring considerations?,https://shaffercon.com/industry-insights/kitchen-electrical-requirements-outlet-placement-guide/,0,1,0.00%,1.00
which stellantis partnership helps accelerate public charging availability,https://shaffercon.com/industry-insights/stellantis-supercharger-access-dc-fast-charging-growth-autel-ces-electricfish-gas-stations-gm-writedown/,0,1,0.00%,2.00
who can evaluate electrical capacity and infrastructure for building upgrades or new tenant loads?,https://shaffercon.com/electrical-load-studies/,0,1,0.00%,1.00
who can evaluate electrical capacity and infrastructure for building upgrades or new tenant loads?,https://shaffercon.com/industry-insights/electrical-load-studies-what-they-are-los-angeles/,0,18,0.00%,2.39
who can install ev charger,https://shaffercon.com/industry-insights/nec-2026-qualified-installer-requirement-charging-reliability-86-percent-commercial-roi-3-5-year-payback/,0,1,0.00%,5.00
who evaluates electrical capacity and infrastructure for building upgrades or new tenant loads,https://shaffercon.com/industry-insights/electrical-load-studies-what-they-are-los-angeles/,0,18,0.00%,7.28
who evaluates electrical capacity and infrastructure for building upgrades or new tenant loads,https://shaffercon.com/industry-insights/exploring-shaffer-constructions-load-study-services-in-la/,0,7,0.00%,7.29
who evaluates electrical capacity and infrastructure for building upgrades or new tenant loads,https://shaffercon.com/industry-insights/knowing-when-to-upgrade-your-commercial-electrical-systems/,0,3,0.00%,9.00
who installs ev charging stations for residential properties,https://shaffercon.com/industry-insights/the-ultimate-guide-to-ev-charger-installation-and-infrastructure-in-los-angeles/,0,6,0.00%,12.67
who is building electric car charging stations,https://shaffercon.com/industry-insights/the-rapid-expansion-of-ev-charging-infrastructure-key-insights-policy-updates-and-practical-tips-for-home-and-business-owners/,0,1,0.00%,43.00
who is the contractor,https://shaffercon.com/industry-insights/off-lease-evs-flood-market-toyota-billion-investment-vw-recall-ev-cancellations-chargepoint-consolidation/,0,1,0.00%,2.00
who owns tesla supercharger stations,https://shaffercon.com/industry-insights/tesla-supercharger-business-program-us-dc-fast-charging-record-gas-stations-ev-chargers-california-leads-adoption/,0,1,0.00%,1.00
who owns tesla superchargers,https://shaffercon.com/industry-insights/tesla-supercharger-business-program-us-dc-fast-charging-record-gas-stations-ev-chargers-california-leads-adoption/,0,2,0.00%,1.00
"who provides electrical system analysis for commercial buildings (load, capacity, safety)?",https://shaffercon.com/electrical-load-studies/,0,45,0.00%,3.18
"who provides electrical system analysis for commercial buildings (load, capacity, safety)?",https://shaffercon.com/industry-insights/commercial-electrical-systems-navigating-the-complexities/,0,2,0.00%,8.50
"who provides electrical system analysis for commercial buildings (load, capacity, safety)?",https://shaffercon.com/industry-insights/electrical-load-studies-what-they-are-los-angeles/,0,3,0.00%,6.33
"who provides electrical system analysis for commercial buildings (load, capacity, safety)?",https://shaffercon.com/industry-insights/exploring-shaffer-constructions-load-study-services-in-la/,0,20,0.00%,7.00
who provides electrical system analysis for commercial buildings load capacity safety,https://shaffercon.com/electrical-load-studies/,0,49,0.00%,2.14
who provides electrical system analysis for commercial buildings load capacity safety,https://shaffercon.com/industry-insights/exploring-shaffer-constructions-load-study-services-in-la,0,13,0.00%,3.08
who provides electrical system analysis for commercial buildings load capacity safety,https://shaffercon.com/industry-insights/exploring-shaffer-constructions-load-study-services-in-la/,0,7,0.00%,4.29
who pulls permit homeowner or electrician california,https://shaffercon.com/industry-insights/california-title-24-electrical-requirements-renovations/,0,18,0.00%,7.22
who specializes in retrofit lighting control for older estates?,https://shaffercon.com/led-retrofit-services/,0,2,0.00%,4.50
"whole home automation beverly hills, ca",https://shaffercon.com/service-areas/beverly-hills/residential-smart-automation-systems/,0,1,0.00%,64.00
whole home electrification contractors licensed permitted warranty,https://shaffercon.com/industry-insights/california-title-24-electrical-requirements-renovations/,0,1,0.00%,4.00
whole home fans santa clarita,https://shaffercon.com/service-areas/santa-clarita/residential-exhaust-fan-ventilation-wiring,0,10,0.00%,13.30
whole home surge protector venice fl,https://shaffercon.com/service-areas/venice/commercial-whole-building-surge-protection,0,5,0.00%,26.20
whole house electrical rewiring contractors los angeles permits inspections,https://shaffercon.com/industry-insights/ladbs-electrical-permit-process-step-by-step-guide/,0,2,0.00%,9.00
whole house electrical upgrade los angeles ca,https://shaffercon.com/industry-insights/complete-guide-electrical-panel-upgrades-los-angeles/,0,13,0.00%,18.69
whole house generator pasadena,https://shaffercon.com/service-areas/pasadena/residential-backup-generator-installation/,0,7,0.00%,7.00
whole house gfci protection,https://shaffercon.com/industry-insights/gfci-safety-installation-guide/,0,1,0.00%,55.00
whole house surge protection newman ca,https://shaffercon.com/service-areas/sherman-oaks/residential-whole-building-surge-protection,0,16,0.00%,66.25
whole house surge protection venice fl,https://shaffercon.com/service-areas/venice/commercial-whole-building-surge-protection,0,9,0.00%,35.44
whole house surge protection venice fl,https://shaffercon.com/service-areas/venice/commercial-whole-building-surge-protection/,0,1,0.00%,28.00
whole-home backup generator installation 90275,https://shaffercon.com/service-areas/torrance/,0,14,0.00%,15.21
whole-home backup generator installation 90275,https://shaffercon.com/service-areas/torrance/residential-backup-generator-installation,0,1,0.00%,4.00
whole-home backup generator installation 90275,https://shaffercon.com/service-areas/torrance/residential-backup-generator-installation/,0,30,0.00%,3.47
whole-home backup generator installation 90275,https://shaffercon.com/service-areas/torrance/residential-energy-efficiency-upgrades/,0,12,0.00%,17.67
whole-home electrification upgrades installers with permits and warranty,https://shaffercon.com/industry-insights/,0,1,0.00%,13.00
whole-home smart home automation beverly park,https://shaffercon.com/service-areas/beverly-hills/residential-smart-automation-systems/,0,19,0.00%,9.26
why do air conditioners and refrigerators need to use independent power sockets?,https://shaffercon.com/industry-insights/dedicated-circuits-when-why-home-appliances-need-them/,0,1,0.00%,10.00
why two,https://shaffercon.com/industry-insights/kitchen-electrical-requirements-outlet-placement-guide/,0,1,0.00%,1.00
wi-fi router setup services in santa monica ca,https://shaffercon.com/service-areas/santa-monica/residential-data-network-av-wiring/,0,1,0.00%,7.00
wire for range outlet,https://shaffercon.com/industry-insights/kitchen-electrical-requirements-outlet-placement-guide/,0,1,0.00%,1.00
wireless ev charging adoption barriers 2025,https://shaffercon.com/industry-insights/ev-charging-infrastructure-in-2025-growth-innovation-and-the-road-ahead/,0,1,0.00%,5.00
wireless ev charging home adoption status 2025,https://shaffercon.com/industry-insights/ev-charging-in-2025-latest-trends-challenges-and-solutions-for-homeowners-and-businesses-in-los-angeles,0,1,0.00%,18.00
wireless ev charging home adoption status 2025,https://shaffercon.com/industry-insights/the-future-of-ev-charging-federal-grants-technological-advancements-and-infrastructure-expansion/,0,1,0.00%,11.00
wireless ev charging home status 2025,https://shaffercon.com/industry-insights/ev-charging-in-2025-latest-trends-challenges-and-solutions-for-homeowners-and-businesses-in-los-angeles/,0,2,0.00%,10.50
wireless network configuration services in santa monica ca,https://shaffercon.com/service-areas/santa-monica/residential-data-network-av-wiring/,0,1,0.00%,35.00
wiring for pot lights,https://shaffercon.com/industry-insights/recessed-lighting-installation-guide/,0,1,0.00%,1.00
wiring for security cameras burbank,https://shaffercon.com/service-areas/burbank/commercial-data-network-av-wiring,0,2,0.00%,13.50
wiring for security cameras glendale,https://shaffercon.com/service-areas/glendale/commercial-data-network-av-wiring/,0,6,0.00%,29.33
wiring for security cameras santa monica,https://shaffercon.com/service-areas/santa-monica/residential-data-network-av-wiring/,0,1,0.00%,11.00
wiring for security cameras torrance,https://shaffercon.com/service-areas/torrance/commercial-data-network-av-wiring/,0,8,0.00%,21.62
wiring in spotlights,https://shaffercon.com/industry-insights/recessed-lighting-installation-guide/,0,1,0.00%,2.00
wiring permit requirements,https://shaffercon.com/industry-insights/california-title-24-electrical-requirements-renovations/,0,1,0.00%,80.00
wiring permit requirements,https://shaffercon.com/industry-insights/ladbs-electrical-permit-process-step-by-step-guide/,0,1,0.00%,57.00
wiring pot lights,https://shaffercon.com/industry-insights/recessed-lighting-installation-guide/,0,9,0.00%,4.33
wiring recessed can lights,https://shaffercon.com/industry-insights/recessed-lighting-installation-guide/,0,2,0.00%,2.00
wiring recessed lighting,https://shaffercon.com/industry-insights/recessed-lighting-installation-guide/,0,1,0.00%,2.00
wiring recessed lights in series,https://shaffercon.com/industry-insights/recessed-lighting-installation-guide/,0,1,0.00%,1.00
wiring regulations,https://shaffercon.com/industry-insights/california-title-24-electrical-requirements-renovations/,0,2,0.00%,59.50
workplace electrical safety checklist,https://shaffercon.com/industry-insights/electrical-safety-inspection-checklist-los-angeles/,0,1,0.00%,64.00
www.ladbs.org,https://shaffercon.com/industry-insights/ladbs-electrical-permit-process-step-by-step-guide/,0,3,0.00%,46.33
yed,https://shaffercon.com/industry-insights/kitchen-electrical-requirements-outlet-placement-guide/,0,1,0.00%,2.00
yes,https://shaffercon.com/contact-us/,0,1,0.00%,14.00
yes,https://shaffercon.com/industry-insights/afci-vs-gfci-circuit-protection-los-angeles/,0,1,0.00%,1.00
yes,https://shaffercon.com/industry-insights/bathroom-electrical-safety-gfci-requirements/,0,2,0.00%,3.50
yes,https://shaffercon.com/industry-insights/california-2026-building-code-ev-charging-requirements-home-real-estate-trend-32-new-models/,0,10,0.00%,5.90
yes,https://shaffercon.com/industry-insights/california-title-24-electrical-requirements-renovations/,0,5,0.00%,6.60
yes,https://shaffercon.com/industry-insights/complete-guide-electrical-panel-upgrades-los-angeles/,0,6,0.00%,9.17
yes,https://shaffercon.com/industry-insights/dedicated-circuits-when-why-home-appliances-need-them/,0,2,0.00%,3.50
yes,https://shaffercon.com/industry-insights/kitchen-electrical-requirements-outlet-placement-guide/,0,7,0.00%,4.86
yes,https://shaffercon.com/industry-insights/tesla-worlds-largest-supercharger-los-angeles-curbside-charging-expansion-volkswagen-network-access-dynamic-pricing-long-beach-ev-infrastructure/,0,1,0.00%,7.00
yes,https://shaffercon.com/industry-insights/the-ultimate-guide-to-ev-charger-installation-and-infrastructure-in-los-angeles/,0,1,0.00%,2.00
yes please,https://shaffercon.com/industry-insights/kitchen-electrical-requirements-outlet-placement-guide/,0,1,0.00%,4.00
you would consult​ _____ to determine the minimum spacing requirements for outlets above a kitchen countertop.,https://shaffercon.com/industry-insights/kitchen-electrical-requirements-outlet-placement-guide/,0,25,0.00%,8.64
yrs,https://shaffercon.com/industry-insights/nec-2026-qualified-installer-requirement-charging-reliability-86-percent-commercial-roi-3-5-year-payback/,0,1,0.00%,11.00
zero emission vehicle charging,https://shaffercon.com/industry-insights/the-rise-of-electric-vehicle-charging-stations-a-new-era-of-sustainable-transportation-in-the-u-s/,0,2,0.00%,89.50
zinsco and federal pacific panels,https://shaffercon.com/industry-insights/panel-upgrades-the-essentials-of-zinsco-panel-upgrade-or-replacement/,0,1,0.00%,3.00
zinsco breaker panel replacement,https://shaffercon.com/industry-insights/panel-upgrades-the-essentials-of-zinsco-panel-upgrade-or-replacement/,0,3,0.00%,15.00
zinsco breakers 50 amp,https://shaffercon.com/industry-insights/panel-upgrades-the-essentials-of-zinsco-panel-upgrade-or-replacement/,0,1,0.00%,1.00
zinsco electrical panel,https://shaffercon.com/industry-insights/panel-upgrades-the-essentials-of-zinsco-panel-upgrade-or-replacement/,0,1,0.00%,3.00
zinsco electrical panel replacement,https://shaffercon.com/industry-insights/panel-upgrades-the-essentials-of-zinsco-panel-upgrade-or-replacement/,0,44,0.00%,10.02
zinsco electrical panels,https://shaffercon.com/industry-insights/panel-upgrades-the-essentials-of-zinsco-panel-upgrade-or-replacement/,0,1,0.00%,1.00
zinsco panel replacement cost,https://shaffercon.com/industry-insights/federal-pacific-zinsco-panels-replacement-los-angeles/,0,2,0.00%,25.50
zinsco panel replacement cost,https://shaffercon.com/industry-insights/panel-upgrades-the-essentials-of-zinsco-panel-upgrade-or-replacement/,0,1,0.00%,18.00
zinsco panel replacement denver co,https://shaffercon.com/industry-insights/panel-upgrades-the-essentials-of-zinsco-panel-upgrade-or-replacement/,0,13,0.00%,70.77
zinsco panel replacement nj,https://shaffercon.com/industry-insights/panel-upgrades-the-essentials-of-zinsco-panel-upgrade-or-replacement/,0,1,0.00%,27.00
zinsco panel retrofit kit,https://shaffercon.com/industry-insights/panel-upgrades-the-essentials-of-zinsco-panel-upgrade-or-replacement/,0,2,0.00%,18.00
zinsco retrofit kit,https://shaffercon.com/industry-insights/panel-upgrades-the-essentials-of-zinsco-panel-upgrade-or-replacement/,0,1,0.00%,2.00
zz,https://shaffercon.com/industry-insights/california-title-24-electrical-requirements-renovations/,0,1,0.00%,1.00
в калифорнии,https://shaffercon.com/industry-insights/california-title-24-electrical-requirements-renovations/,0,1,0.00%,3.00
כן,https://shaffercon.com/industry-insights/passing-electrical-inspection-common-failures-fixes/,0,1,0.00%,3.00
רכב חשמלי עם תמיכה בטעינה ביתית 11 קילוואט,https://shaffercon.com/industry-insights/top-electric-vehicles-for-2024-a-comprehensive-guide/,0,1,0.00%,6.00
最新版本,https://shaffercon.com/industry-insights/california-2026-building-code-ev-charging-requirements-home-real-estate-trend-32-new-models/,0,1,0.00%,11.00
