rank,url,path,clicks,impressions,ctr,position,business_value,score,action
1,https://shaffercon.com/industry-insights/subpanel-installation-guide-when-why-you-need-one/,/industry-insights/subpanel-installation-guide-when-why-you-need-one/,12,3079,0.0039000000000000003,9.11,5,24.804,"Rewrite title, meta, intro, CTA, and internal links"
2,https://shaffercon.com/industry-insights/ladbs-electrical-permit-process-step-by-step-guide/,/industry-insights/ladbs-electrical-permit-process-step-by-step-guide/,72,19580,0.0037,7.29,4,24.481,Improve snippet and add stronger hiring intent
3,https://shaffercon.com/industry-insights/complete-guide-electrical-panel-upgrades-los-angeles/,/industry-insights/complete-guide-electrical-panel-upgrades-los-angeles/,57,9683,0.0059,14.32,5,23.412,"Rewrite title, meta, intro, CTA, and internal links"
4,https://shaffercon.com/industry-insights/california-title-24-electrical-requirements-renovations/,/industry-insights/california-title-24-electrical-requirements-renovations/,59,10857,0.0054,9.13,4,22.471,Improve snippet and add stronger hiring intent
5,https://shaffercon.com/industry-insights/panel-upgrades-the-essentials-of-zinsco-panel-upgrade-or-replacement/,/industry-insights/panel-upgrades-the-essentials-of-zinsco-panel-upgrade-or-replacement/,6,1113,0.0054,7.64,5,21.206,"Rewrite title, meta, intro, CTA, and internal links"
6,https://shaffercon.com/industry-insights/federal-pacific-zinsco-panels-replacement-los-angeles/,/industry-insights/federal-pacific-zinsco-panels-replacement-los-angeles/,3,880,0.0034000000000000002,7.02,5,21.086,"Rewrite title, meta, intro, CTA, and internal links"
7,https://shaffercon.com/industry-insights/passing-electrical-inspection-common-failures-fixes/,/industry-insights/passing-electrical-inspection-common-failures-fixes/,28,5486,0.0051,5.82,4,20.91,Improve snippet and add stronger hiring intent
8,https://shaffercon.com/industry-insights/retail-store-electrical-planning-design-guide/,/industry-insights/retail-store-electrical-planning-design-guide/,1,682,0.0015,6.67,5,20.833,"Rewrite title, meta, intro, CTA, and internal links"
9,https://shaffercon.com/industry-insights/recessed-lighting-installation-guide/,/industry-insights/recessed-lighting-installation-guide/,28,4853,0.0058,5.76,4,20.406,Improve snippet and add stronger hiring intent
10,https://shaffercon.com/industry-insights/ultimate-guide-home-ev-charger-installation-los-angeles/,/industry-insights/ultimate-guide-home-ev-charger-installation-los-angeles/,0,519,0.0,7.69,5,20.37,"Rewrite title, meta, intro, CTA, and internal links"
11,https://shaffercon.com/industry-insights/kitchen-electrical-requirements-outlet-placement-guide/,/industry-insights/kitchen-electrical-requirements-outlet-placement-guide/,57,25470,0.0022,6.58,3,19.246,Monitor or improve after higher value pages
12,https://shaffercon.com/industry-insights/electric-vehicles-mitsubishi-chargers/,/industry-insights/electric-vehicles-mitsubishi-chargers/,0,330,0.0,6.73,5,18.899,"Rewrite title, meta, intro, CTA, and internal links"
13,https://shaffercon.com/service-areas/long-beach/commercial-backup-generator-installation/,/service-areas/long-beach/commercial-backup-generator-installation/,0,298,0.0,8.69,5,18.568,"Rewrite title, meta, intro, CTA, and internal links"
14,https://shaffercon.com/service-areas/glendale/commercial-exhaust-fan-ventilation-wiring/,/service-areas/glendale/commercial-exhaust-fan-ventilation-wiring/,0,633,0.0,14.23,5,17.863,"Rewrite title, meta, intro, CTA, and internal links"
15,https://shaffercon.com/service-areas/long-beach/commercial-backup-generator-installation,/service-areas/long-beach/commercial-backup-generator-installation/,0,521,0.0,10.18,5,17.325,"Rewrite title, meta, intro, CTA, and internal links"
16,https://shaffercon.com/industry-insights/retail-store-electrical-planning-design-guide,/industry-insights/retail-store-electrical-planning-design-guide/,0,162,0.0,5.79,5,16.591,"Rewrite title, meta, intro, CTA, and internal links"
17,https://shaffercon.com/industry-insights/the-ultimate-guide-to-ev-charger-installation-and-infrastructure-in-los-angeles,/industry-insights/the-ultimate-guide-to-ev-charger-installation-and-infrastructure-in-los-angeles/,1,224,0.0045000000000000005,8.0,5,16.583,"Rewrite title, meta, intro, CTA, and internal links"
18,https://shaffercon.com/service-areas/long-beach/residential-ev-charger-installation/,/service-areas/long-beach/residential-ev-charger-installation/,0,155,0.0,9.3,5,16.448,"Rewrite title, meta, intro, CTA, and internal links"
19,https://shaffercon.com/industry-insights/the-rise-of-ev-charging-infrastructure-trends-challenges-and-solutions-for-the-future,/industry-insights/the-rise-of-ev-charging-infrastructure-trends-challenges-and-solutions-for-the-future/,0,153,0.0,9.21,5,16.406,"Rewrite title, meta, intro, CTA, and internal links"
20,https://shaffercon.com/industry-insights/electrical-service-upgrade-100-to-200-amp-guide,/industry-insights/electrical-service-upgrade-100-to-200-amp-guide/,0,142,0.0,7.74,5,16.165,"Rewrite title, meta, intro, CTA, and internal links"
21,https://shaffercon.com/industry-insights/complete-guide-electrical-panel-upgrades-los-angeles,/industry-insights/complete-guide-electrical-panel-upgrades-los-angeles/,6,421,0.0143,7.53,5,15.936,"Rewrite title, meta, intro, CTA, and internal links"
22,https://shaffercon.com/industry-insights/complete-home-led-lighting-upgrade-guide/,/industry-insights/complete-home-led-lighting-upgrade-guide/,0,428,0.0,8.43,4,15.795,Improve snippet and add stronger hiring intent
23,https://shaffercon.com/industry-insights/ev-charging-reliability-improvements-condo-hoa-installation-guide-ladwp-sce-rebates-post-tax-credit-market/,/industry-insights/ev-charging-reliability-improvements-condo-hoa-installation-guide-ladwp-sce-rebates-post-tax-credit-market/,0,116,0.0,8.41,5,15.511,"Rewrite title, meta, intro, CTA, and internal links"
24,https://shaffercon.com/service-areas/beverly-hills/residential-smart-automation-systems/,/service-areas/beverly-hills/residential-smart-automation-systems/,0,259,0.0,16.41,5,15.395,"Rewrite title, meta, intro, CTA, and internal links"
25,https://shaffercon.com/industry-insights/dedicated-circuits-when-why-home-appliances-need-them/,/industry-insights/dedicated-circuits-when-why-home-appliances-need-them/,14,3913,0.0036,9.79,3,15.391,Monitor or improve after higher value pages
26,https://shaffercon.com/industry-insights/bathroom-electrical-safety-gfci-requirements/,/industry-insights/bathroom-electrical-safety-gfci-requirements/,5,3058,0.0016,6.96,3,15.35,Monitor or improve after higher value pages
27,https://shaffercon.com/service-areas/glendale/residential-electrical-panel-upgrades/,/service-areas/glendale/residential-electrical-panel-upgrades/,6,555,0.0108,15.02,5,14.98,"Rewrite title, meta, intro, CTA, and internal links"
28,https://shaffercon.com/industry-insights/navigating-the-future-essential-trends-and-tips-for-ev-charging-infrastructure/,/industry-insights/navigating-the-future-essential-trends-and-tips-for-ev-charging-infrastructure/,0,94,0.0,7.19,5,14.833,"Rewrite title, meta, intro, CTA, and internal links"
29,https://shaffercon.com/industry-insights/installing-ev-chargers-in-los-angeles-your-guide-to-a-greener-future/,/industry-insights/installing-ev-chargers-in-los-angeles-your-guide-to-a-greener-future/,0,210,0.0,13.46,5,14.817,"Rewrite title, meta, intro, CTA, and internal links"
30,https://shaffercon.com/industry-insights/pushmatic-panel-upgrade-guide/,/industry-insights/pushmatic-panel-upgrade-guide/,0,93,0.0,6.37,5,14.798,"Rewrite title, meta, intro, CTA, and internal links"
31,https://shaffercon.com/industry-insights/a-closer-look-at-our-load-study-services-and-why-your-ev-business-needs-them/,/industry-insights/a-closer-look-at-our-load-study-services-and-why-your-ev-business-needs-them/,0,91,0.0,7.44,5,14.728,"Rewrite title, meta, intro, CTA, and internal links"
32,https://shaffercon.com/industry-insights/the-future-of-ev-charging-in-los-angeles-trends-challenges-and-opportunities-for-sustainable-growth/,/industry-insights/the-future-of-ev-charging-in-los-angeles-trends-challenges-and-opportunities-for-sustainable-growth/,0,87,0.0,6.05,5,14.584,"Rewrite title, meta, intro, CTA, and internal links"
33,https://shaffercon.com/industry-insights/ev-charger-installation-guide-for-los-angeles-plan-permit-install-and-futureproof/,/industry-insights/ev-charger-installation-guide-for-los-angeles-plan-permit-install-and-futureproof/,0,87,0.0,8.74,5,14.584,"Rewrite title, meta, intro, CTA, and internal links"
34,https://shaffercon.com/statewide-facilities-maintenance/,/statewide-facilities-maintenance/,0,191,0.0,12.43,5,14.556,"Rewrite title, meta, intro, CTA, and internal links"
35,https://shaffercon.com/service-areas/santa-monica/residential-ev-charger-installation/,/service-areas/santa-monica/residential-ev-charger-installation/,1,139,0.0072,7.6,5,14.551,"Rewrite title, meta, intro, CTA, and internal links"
36,https://shaffercon.com/industry-insights/how-to-choose-right-ev-charger-los-angeles/,/industry-insights/how-to-choose-right-ev-charger-los-angeles/,0,85,0.0,9.31,5,14.509,"Rewrite title, meta, intro, CTA, and internal links"
37,https://shaffercon.com/industry-insights/led-retrofit-guide-los-angeles-businesses/,/industry-insights/led-retrofit-guide-los-angeles-businesses/,0,258,0.0,7.85,4,14.48,Improve snippet and add stronger hiring intent
38,https://shaffercon.com/industry-insights/emerging-trends-in-ev-charging-infrastructure-innovations-and-challenges-ahead/,/industry-insights/emerging-trends-in-ev-charging-infrastructure-innovations-and-challenges-ahead/,0,172,0.0,17.02,5,14.268,"Rewrite title, meta, intro, CTA, and internal links"
39,https://shaffercon.com/industry-insights/exploring-shaffer-constructions-load-study-services-in-la/,/industry-insights/exploring-shaffer-constructions-load-study-services-in-la/,1,129,0.0078000000000000005,8.45,5,14.206,"Rewrite title, meta, intro, CTA, and internal links"
40,https://shaffercon.com/industry-insights/ev-charging-in-los-angeles-key-trends-incentives-and-installation-tips-for-property-owners/,/industry-insights/ev-charging-in-los-angeles-key-trends-incentives-and-installation-tips-for-property-owners/,0,75,0.0,9.83,5,14.106,"Rewrite title, meta, intro, CTA, and internal links"
41,https://shaffercon.com/industry-insights/commercial-ev-charging-stations-roi-guide-los-angeles/,/industry-insights/commercial-ev-charging-stations-roi-guide-los-angeles/,0,162,0.0,10.72,5,14.103,"Rewrite title, meta, intro, CTA, and internal links"
42,https://shaffercon.com/industry-insights/californias-ev-charging-buildout-what-los-angeles-building-owners-renters-and-fleets-should-know/,/industry-insights/californias-ev-charging-buildout-what-los-angeles-building-owners-renters-and-fleets-should-know/,0,74,0.0,8.01,5,14.063,"Rewrite title, meta, intro, CTA, and internal links"
43,https://shaffercon.com/service-areas/burbank/residential-ev-charger-installation/,/service-areas/burbank/residential-ev-charger-installation/,1,121,0.0083,7.32,5,13.916,"Rewrite title, meta, intro, CTA, and internal links"
44,https://shaffercon.com/service-areas/burbank/residential-electrical-panel-upgrades/,/service-areas/burbank/residential-electrical-panel-upgrades/,1,198,0.0051,11.54,5,13.659,"Rewrite title, meta, intro, CTA, and internal links"
45,https://shaffercon.com/industry-insights/navigating-the-challenges-and-solutions-in-expanding-the-ev-charging-network-in-los-angeles/,/industry-insights/navigating-the-challenges-and-solutions-in-expanding-the-ev-charging-network-in-los-angeles/,0,65,0.0,6.29,5,13.647,"Rewrite title, meta, intro, CTA, and internal links"
46,https://shaffercon.com/industry-insights/passing-electrical-inspection-common-failures-fixes,/industry-insights/passing-electrical-inspection-common-failures-fixes/,3,352,0.0085,7.33,4,13.554,Improve snippet and add stronger hiring intent
47,https://shaffercon.com/industry-insights/the-future-of-electric-vehicle-charging-infrastructure-trends-innovations-and-insights/,/industry-insights/the-future-of-electric-vehicle-charging-infrastructure-trends-innovations-and-insights/,0,61,0.0,7.89,5,13.443,"Rewrite title, meta, intro, CTA, and internal links"
48,https://shaffercon.com/service-areas/burbank/residential-electrical-panel-upgrades,/service-areas/burbank/residential-electrical-panel-upgrades/,0,59,0.0,7.15,5,13.336,"Rewrite title, meta, intro, CTA, and internal links"
49,https://shaffercon.com/service-areas/pasadena/commercial-lighting-installation-retrofitting/,/service-areas/pasadena/commercial-lighting-installation-retrofitting/,0,57,0.0,3.95,5,13.226,"Rewrite title, meta, intro, CTA, and internal links"
50,https://shaffercon.com/industry-insights/electrician-services-agoura-hills-ev/,/industry-insights/electrician-services-agoura-hills-ev/,0,114,0.0,12.25,5,13.137,"Rewrite title, meta, intro, CTA, and internal links"
51,https://shaffercon.com/service-areas/west-hollywood/commercial-smart-automation-systems/,/service-areas/west-hollywood/commercial-smart-automation-systems/,0,55,0.0,8.45,5,13.111,"Rewrite title, meta, intro, CTA, and internal links"
52,https://shaffercon.com/service-areas/santa-monica/residential-ev-charger-installation,/service-areas/santa-monica/residential-ev-charger-installation/,0,53,0.0,7.75,5,12.993,"Rewrite title, meta, intro, CTA, and internal links"
53,https://shaffercon.com/industry-insights/the-future-of-ev-charger-installations-how-government-initiatives-and-business-benefits-are-shaping-the-industry/,/industry-insights/the-future-of-ev-charger-installations-how-government-initiatives-and-business-benefits-are-shaping-the-industry/,0,98,0.0,17.27,5,12.722,"Rewrite title, meta, intro, CTA, and internal links"
54,https://shaffercon.com/service-areas/beverly-hills/residential-ev-charger-installation/,/service-areas/beverly-hills/residential-ev-charger-installation/,0,47,0.0,5.11,5,12.609,"Rewrite title, meta, intro, CTA, and internal links"
55,https://shaffercon.com/industry-insights/pushmatic-panel-upgrade-guide-2/,/industry-insights/pushmatic-panel-upgrade-guide-2/,0,47,0.0,6.94,5,12.609,"Rewrite title, meta, intro, CTA, and internal links"
56,https://shaffercon.com/industry-insights/the-future-of-ev-charging-in-los-angeles-trends-challenges-and-how-property-owners-can-prepare/,/industry-insights/the-future-of-ev-charging-in-los-angeles-trends-challenges-and-how-property-owners-can-prepare/,0,46,0.0,5.22,5,12.541,"Rewrite title, meta, intro, CTA, and internal links"
57,https://shaffercon.com/industry-insights/the-latest-trends-in-ev-charger-installation-a-2024-guide-for-los-angeles-homes-businesses-and-multifamily-properties/,/industry-insights/the-latest-trends-in-ev-charger-installation-a-2024-guide-for-los-angeles-homes-businesses-and-multifamily-properties/,0,90,0.0,12.31,5,12.489,"Rewrite title, meta, intro, CTA, and internal links"
58,https://shaffercon.com/industry-insights/ev-charger-installation-in-los-angeles-what-property-owners-need-to-know/,/industry-insights/ev-charger-installation-in-los-angeles-what-property-owners-need-to-know/,0,45,0.0,7.76,5,12.471,"Rewrite title, meta, intro, CTA, and internal links"
59,https://shaffercon.com/industry-insights/outdoor-lighting-installation-guide-los-angeles/,/industry-insights/outdoor-lighting-installation-guide-los-angeles/,1,344,0.0029,10.26,4,12.442,Improve snippet and add stronger hiring intent
60,https://shaffercon.com/industry-insights/ladbs-electrical-permit-process-step-by-step-guide,/industry-insights/ladbs-electrical-permit-process-step-by-step-guide/,0,116,0.0,5.51,4,12.409,Improve snippet and add stronger hiring intent
61,https://shaffercon.com/industry-insights/recessed-lighting-installation-guide,/industry-insights/recessed-lighting-installation-guide/,0,114,0.0,9.11,4,12.364,Improve snippet and add stronger hiring intent
62,https://shaffercon.com/service-areas/pasadena/commercial-smart-automation-systems/,/service-areas/pasadena/commercial-smart-automation-systems/,0,85,0.0,17.25,5,12.332,"Rewrite title, meta, intro, CTA, and internal links"
63,https://shaffercon.com/service-areas/pasadena/commercial-security-motion-lighting/,/service-areas/pasadena/commercial-security-motion-lighting/,0,42,0.0,7.38,5,12.251,"Rewrite title, meta, intro, CTA, and internal links"
64,https://shaffercon.com/industry-insights/electrician-pasadena-ev-chargers/,/industry-insights/electrician-pasadena-ev-chargers/,1,84,0.011899999999999999,8.56,5,12.175,"Rewrite title, meta, intro, CTA, and internal links"
65,https://shaffercon.com/service-areas/long-beach/commercial-smart-automation-systems/,/service-areas/long-beach/commercial-smart-automation-systems/,0,40,0.0,4.58,5,12.096,"Rewrite title, meta, intro, CTA, and internal links"
66,https://shaffercon.com/industry-insights/ev-charging-in-2024-essential-trends-and-installation-tips-for-homeowners-businesses-in-los-angeles,/industry-insights/ev-charging-in-2024-essential-trends-and-installation-tips-for-homeowners-businesses-in-los-angeles/,0,39,0.0,7.36,5,12.015,"Rewrite title, meta, intro, CTA, and internal links"
67,https://shaffercon.com/industry-insights/electrician-redondo-beach-ev-charger/,/industry-insights/electrician-redondo-beach-ev-charger/,0,39,0.0,9.82,5,12.015,"Rewrite title, meta, intro, CTA, and internal links"
68,https://shaffercon.com/service-areas/beverly-hills/residential-landscape-outdoor-lighting,/service-areas/beverly-hills/residential-landscape-outdoor-lighting/,0,38,0.0,7.37,5,11.933,"Rewrite title, meta, intro, CTA, and internal links"
69,https://shaffercon.com/service-areas/long-beach/residential-ev-charger-installation,/service-areas/long-beach/residential-ev-charger-installation/,0,38,0.0,8.37,5,11.933,"Rewrite title, meta, intro, CTA, and internal links"
70,https://shaffercon.com/service-areas/highland-park/residential-ev-charger-installation,/service-areas/highland-park/residential-ev-charger-installation/,0,37,0.0,9.86,5,11.848,"Rewrite title, meta, intro, CTA, and internal links"
71,https://shaffercon.com/service-areas/beverly-hills/residential-landscape-outdoor-lighting/,/service-areas/beverly-hills/residential-landscape-outdoor-lighting/,0,36,0.0,8.64,5,11.762,"Rewrite title, meta, intro, CTA, and internal links"
72,https://shaffercon.com/service-areas/beverly-hills/commercial-electrical-code-compliance-corrections/,/service-areas/beverly-hills/commercial-electrical-code-compliance-corrections/,0,35,0.0,8.69,5,11.672,"Rewrite title, meta, intro, CTA, and internal links"
73,https://shaffercon.com/industry-insights/afci-vs-gfci-circuit-protection-los-angeles/,/industry-insights/afci-vs-gfci-circuit-protection-los-angeles/,8,1726,0.0046,11.95,3,11.623,Monitor or improve after higher value pages
74,https://shaffercon.com/industry-insights/ultimate-guide-home-ev-charger-installation-los-angeles,/industry-insights/ultimate-guide-home-ev-charger-installation-los-angeles/,1,75,0.013300000000000001,7.53,5,11.605,"Rewrite title, meta, intro, CTA, and internal links"
75,https://shaffercon.com/industry-insights/boosting-local-economy-and-sustainability-the-impact-of-expanding-ev-charging-stations-in-los-angeles/,/industry-insights/boosting-local-economy-and-sustainability-the-impact-of-expanding-ev-charging-stations-in-los-angeles/,0,34,0.0,6.74,5,11.581,"Rewrite title, meta, intro, CTA, and internal links"
76,https://shaffercon.com/service-areas/hollywood/commercial-backup-generator-installation/,/service-areas/hollywood/commercial-backup-generator-installation/,0,34,0.0,9.12,5,11.581,"Rewrite title, meta, intro, CTA, and internal links"
77,https://shaffercon.com/industry-insights/holiday-lighting-installation-safety-best-practices/,/industry-insights/holiday-lighting-installation-safety-best-practices/,0,84,0.0,7.2,4,11.577,Improve snippet and add stronger hiring intent
78,https://shaffercon.com/service-areas/torrance/commercial-electrical-safety-inspections/,/service-areas/torrance/commercial-electrical-safety-inspections/,0,64,0.0,19.03,5,11.557,"Rewrite title, meta, intro, CTA, and internal links"
79,https://shaffercon.com/service-areas/santa-clarita/residential-ev-charger-installation/,/service-areas/santa-clarita/residential-ev-charger-installation/,0,33,0.0,8.18,5,11.486,"Rewrite title, meta, intro, CTA, and internal links"
80,https://shaffercon.com/industry-insights/commercial-electrical-code-compliance-los-angeles/,/industry-insights/commercial-electrical-code-compliance-los-angeles/,0,32,0.0,9.47,5,11.389,"Rewrite title, meta, intro, CTA, and internal links"
81,https://shaffercon.com/service-areas/glendale/residential-landscape-outdoor-lighting/,/service-areas/glendale/residential-landscape-outdoor-lighting/,0,169,0.0,13.14,4,11.375,Monitor or improve after higher value pages
82,https://shaffercon.com/service-areas/burbank/commercial-electrical-panel-upgrades/,/service-areas/burbank/commercial-electrical-panel-upgrades/,0,59,0.0,16.88,5,11.336,"Rewrite title, meta, intro, CTA, and internal links"
83,https://shaffercon.com/industry-insights/outdoor-lighting-installation-guide-los-angeles,/industry-insights/outdoor-lighting-installation-guide-los-angeles/,0,74,0.0,7.57,4,11.25,Improve snippet and add stronger hiring intent
84,https://shaffercon.com/service-areas/pacific-palisades/residential-landscape-outdoor-lighting/,/service-areas/pacific-palisades/residential-landscape-outdoor-lighting/,0,74,0.0,7.58,4,11.25,Improve snippet and add stronger hiring intent
85,https://shaffercon.com/industry-insights/the-state-of-ev-charging-the-reality-innovations-and-whats-next-for-electric-vehicle-owners/,/industry-insights/the-state-of-ev-charging-the-reality-innovations-and-whats-next-for-electric-vehicle-owners/,0,56,0.0,14.2,5,11.194,"Rewrite title, meta, intro, CTA, and internal links"
86,https://shaffercon.com/service-areas/sherman-oaks/residential-ev-charger-installation/,/service-areas/sherman-oaks/residential-ev-charger-installation/,0,30,0.0,5.13,5,11.185,"Rewrite title, meta, intro, CTA, and internal links"
87,https://shaffercon.com/service-areas/culver-city/residential-ev-charger-installation/,/service-areas/culver-city/residential-ev-charger-installation/,0,30,0.0,7.23,5,11.185,"Rewrite title, meta, intro, CTA, and internal links"
88,https://shaffercon.com/industry-insights/ultimate-guide-to-ev-charger-installation-incentives-in-los-angeles-funding-tax-credits-and-future-proof-solutions-for-2024,/industry-insights/ultimate-guide-to-ev-charger-installation-incentives-in-los-angeles-funding-tax-credits-and-future-proof-solutions-for-2024/,0,30,0.0,8.53,5,11.185,"Rewrite title, meta, intro, CTA, and internal links"
89,https://shaffercon.com/service-areas/glendale/residential-ev-charger-installation,/service-areas/glendale/residential-ev-charger-installation/,0,30,0.0,8.7,5,11.185,"Rewrite title, meta, intro, CTA, and internal links"
90,https://shaffercon.com/industry-insights/why-upgrading-your-electrical-panel-is-crucial-for-los-angeles-homes/,/industry-insights/why-upgrading-your-electrical-panel-is-crucial-for-los-angeles-homes/,0,29,0.0,4.97,5,11.078,"Rewrite title, meta, intro, CTA, and internal links"
91,https://shaffercon.com/service-areas/beverly-hills/commercial-electrical-troubleshooting-repairs/,/service-areas/beverly-hills/commercial-electrical-troubleshooting-repairs/,0,29,0.0,6.76,5,11.078,"Rewrite title, meta, intro, CTA, and internal links"
92,https://shaffercon.com/industry-insights/kitchen-electrical-requirements-outlet-placement-guide,/industry-insights/kitchen-electrical-requirements-outlet-placement-guide/,3,470,0.0064,8.55,3,11.002,Monitor or improve after higher value pages
93,https://shaffercon.com/industry-insights/electric-vehicle-charging-in-los-angeles-key-insights-and-future-trends/,/industry-insights/electric-vehicle-charging-in-los-angeles-key-insights-and-future-trends/,0,28,0.0,7.54,5,10.968,"Rewrite title, meta, intro, CTA, and internal links"
94,https://shaffercon.com/service-areas/torrance/commercial-pool-hot-tub-spa-electrical,/service-areas/torrance/commercial-pool-hot-tub-spa-electrical/,0,27,0.0,4.74,5,10.854,"Rewrite title, meta, intro, CTA, and internal links"
95,https://shaffercon.com/industry-insights/knowing-when-to-upgrade-your-commercial-electrical-systems/,/industry-insights/knowing-when-to-upgrade-your-commercial-electrical-systems/,0,26,0.0,8.19,5,10.735,"Rewrite title, meta, intro, CTA, and internal links"
96,https://shaffercon.com/service-areas/glendale/commercial-backup-generator-installation,/service-areas/glendale/commercial-backup-generator-installation/,0,47,0.0,13.02,5,10.718,"Rewrite title, meta, intro, CTA, and internal links"
97,https://shaffercon.com/industry-insights/do-i-need-panel-upgrade-install-ev-charger,/industry-insights/do-i-need-panel-upgrade-install-ev-charger/,0,47,0.0,15.23,5,10.718,"Rewrite title, meta, intro, CTA, and internal links"
98,https://shaffercon.com/industry-insights/complete-home-led-lighting-upgrade-guide,/industry-insights/complete-home-led-lighting-upgrade-guide/,0,59,0.0,7.44,4,10.669,Improve snippet and add stronger hiring intent
99,https://shaffercon.com/industry-insights/california-title-24-electrical-requirements-renovations,/industry-insights/california-title-24-electrical-requirements-renovations/,0,58,0.0,8.0,4,10.625,Improve snippet and add stronger hiring intent
100,https://shaffercon.com/service-areas/los-feliz/commercial-electrical-code-compliance-corrections/,/service-areas/los-feliz/commercial-electrical-code-compliance-corrections/,0,25,0.0,6.4,5,10.612,"Rewrite title, meta, intro, CTA, and internal links"
101,https://shaffercon.com/service-areas/silver-lake/commercial-landscape-outdoor-lighting/,/service-areas/silver-lake/commercial-landscape-outdoor-lighting/,0,44,0.0,13.45,5,10.539,"Rewrite title, meta, intro, CTA, and internal links"
102,https://shaffercon.com/industry-insights/gfi-electrical-outlets-ensuring-safety-in-your-electrical-setup/,/industry-insights/gfi-electrical-outlets-ensuring-safety-in-your-electrical-setup/,1,635,0.0016,14.3,3,10.494,Monitor or improve after higher value pages
103,https://shaffercon.com/industry-insights/electrical-safety-inspection-checklist-los-angeles,/industry-insights/electrical-safety-inspection-checklist-los-angeles/,0,55,0.0,9.45,4,10.489,Improve snippet and add stronger hiring intent
104,https://shaffercon.com/service-areas/santa-monica/residential-electrical-panel-upgrades/,/service-areas/santa-monica/residential-electrical-panel-upgrades/,0,24,0.0,5.79,5,10.485,"Rewrite title, meta, intro, CTA, and internal links"
105,https://shaffercon.com/service-areas/venice/commercial-landscape-outdoor-lighting,/service-areas/venice/commercial-landscape-outdoor-lighting/,0,43,0.0,13.86,5,10.477,"Rewrite title, meta, intro, CTA, and internal links"
106,https://shaffercon.com/service-areas/torrance/residential-electrical-safety-inspections/,/service-areas/torrance/residential-electrical-safety-inspections/,0,53,0.0,5.96,4,10.394,Improve snippet and add stronger hiring intent
107,https://shaffercon.com/industry-insights/preparing-your-property-for-the-next-wave-of-ev-charging-a-practical-guide-for-los-angeles-owners/,/industry-insights/preparing-your-property-for-the-next-wave-of-ev-charging-a-practical-guide-for-los-angeles-owners/,0,23,0.0,7.57,5,10.352,"Rewrite title, meta, intro, CTA, and internal links"
108,https://shaffercon.com/industry-insights/ultimate-guide-to-ev-charger-installation-incentives-in-los-angeles-funding-tax-credits-and-future-proof-solutions-for-2024/,/industry-insights/ultimate-guide-to-ev-charger-installation-incentives-in-los-angeles-funding-tax-credits-and-future-proof-solutions-for-2024/,0,41,0.0,13.12,5,10.348,"Rewrite title, meta, intro, CTA, and internal links"
109,https://shaffercon.com/industry-insights/panel-upgrades-navigating-federal-pacific-panel-upgrade-or-replacement/,/industry-insights/panel-upgrades-navigating-federal-pacific-panel-upgrade-or-replacement/,2,118,0.0169,11.8,5,10.25,Monitor or improve after higher value pages
110,https://shaffercon.com/industry-insights/electricians-baldwin-park-ev-installation/,/industry-insights/electricians-baldwin-park-ev-installation/,0,38,0.0,12.42,5,10.143,"Rewrite title, meta, intro, CTA, and internal links"
111,https://shaffercon.com/service-areas/pasadena/commercial-backup-generator-installation,/service-areas/pasadena/commercial-backup-generator-installation/,0,38,0.0,15.34,5,10.143,"Rewrite title, meta, intro, CTA, and internal links"
112,https://shaffercon.com/industry-insights/the-future-of-sustainable-transportation-exploring-the-rise-of-ev-charging-stations,/industry-insights/the-future-of-sustainable-transportation-exploring-the-rise-of-ev-charging-stations/,0,21,0.0,5.43,5,10.068,"Rewrite title, meta, intro, CTA, and internal links"
113,https://shaffercon.com/service-areas/santa-monica/commercial-ev-charger-installation,/service-areas/santa-monica/commercial-ev-charger-installation/,0,36,0.0,18.14,5,9.997,"Rewrite title, meta, intro, CTA, and internal links"
114,https://shaffercon.com/industry-insights/the-future-of-ev-charging-speed-security-and-reliability-for-drivers-and-businesses/,/industry-insights/the-future-of-ev-charging-speed-security-and-reliability-for-drivers-and-businesses/,0,20,0.0,6.4,5,9.917,"Rewrite title, meta, intro, CTA, and internal links"
115,https://shaffercon.com/service-areas/highland-park/commercial-smart-automation-systems/,/service-areas/highland-park/commercial-smart-automation-systems/,0,33,0.0,14.15,5,9.763,"Rewrite title, meta, intro, CTA, and internal links"
116,https://shaffercon.com/industry-insights/the-rise-of-ev-charging-infrastructure-in-the-u-s-challenges-opportunities-and-future-prospects/,/industry-insights/the-rise-of-ev-charging-infrastructure-in-the-u-s-challenges-opportunities-and-future-prospects/,0,33,0.0,15.48,5,9.763,"Rewrite title, meta, intro, CTA, and internal links"
117,https://shaffercon.com/industry-insights/the-future-of-ev-charging-trends-challenges-and-innovations-in-charging-infrastructure,/industry-insights/the-future-of-ev-charging-trends-challenges-and-innovations-in-charging-infrastructure/,0,19,0.0,8.11,5,9.758,"Rewrite title, meta, intro, CTA, and internal links"
118,https://shaffercon.com/industry-insights/the-state-of-ev-charging-the-reality-innovations-and-whats-next-for-electric-vehicle-owners,/industry-insights/the-state-of-ev-charging-the-reality-innovations-and-whats-next-for-electric-vehicle-owners/,0,19,0.0,8.68,5,9.758,"Rewrite title, meta, intro, CTA, and internal links"
119,https://shaffercon.com/service-areas/culver-city/commercial-outlet-switch-dimmer-services/,/service-areas/culver-city/commercial-outlet-switch-dimmer-services/,0,19,0.0,8.84,5,9.758,"Rewrite title, meta, intro, CTA, and internal links"
120,https://shaffercon.com/industry-insights/unleashing-the-benefits-why-installing-ev-chargers-is-a-smart-investment-for-your-property/,/industry-insights/unleashing-the-benefits-why-installing-ev-chargers-is-a-smart-investment-for-your-property/,0,32,0.0,11.03,5,9.681,"Rewrite title, meta, intro, CTA, and internal links"
121,https://shaffercon.com/service-areas/hollywood/commercial-smart-automation-systems,/service-areas/hollywood/commercial-smart-automation-systems/,0,32,0.0,13.88,5,9.681,"Rewrite title, meta, intro, CTA, and internal links"
122,https://shaffercon.com/industry-insights/commercial-electrical-systems-navigating-the-complexities/,/industry-insights/commercial-electrical-systems-navigating-the-complexities/,0,31,0.0,12.65,5,9.595,"Rewrite title, meta, intro, CTA, and internal links"
123,https://shaffercon.com/service-areas/burbank/commercial-smart-automation-systems,/service-areas/burbank/commercial-smart-automation-systems/,0,18,0.0,6.17,5,9.591,"Rewrite title, meta, intro, CTA, and internal links"
124,https://shaffercon.com/industry-insights/the-future-of-electric-vehicle-charging-infrastructure-trends-opportunities-and-innovations/,/industry-insights/the-future-of-electric-vehicle-charging-infrastructure-trends-opportunities-and-innovations/,0,18,0.0,8.72,5,9.591,"Rewrite title, meta, intro, CTA, and internal links"
125,https://shaffercon.com/industry-insights/the-green-revolution-how-ev-solutions-reduce-energy-waste-and-save-money/,/industry-insights/the-green-revolution-how-ev-solutions-reduce-energy-waste-and-save-money/,0,18,0.0,9.22,5,9.591,"Rewrite title, meta, intro, CTA, and internal links"
126,https://shaffercon.com/industry-insights/emerging-trends-and-challenges-in-ev-charging-infrastructure-what-you-need-to-know/,/industry-insights/emerging-trends-and-challenges-in-ev-charging-infrastructure-what-you-need-to-know/,0,30,0.0,14.63,5,9.507,"Rewrite title, meta, intro, CTA, and internal links"
127,https://shaffercon.com/service-areas/pasadena/commercial-ceiling-fan-fixture-installation/,/service-areas/pasadena/commercial-ceiling-fan-fixture-installation/,0,30,0.0,17.27,5,9.507,"Rewrite title, meta, intro, CTA, and internal links"
128,https://shaffercon.com/industry-insights/the-future-is-electric-the-importance-of-ev-charging-stations-in-commercial-properties,/industry-insights/the-future-is-electric-the-importance-of-ev-charging-stations-in-commercial-properties/,0,29,0.0,13.9,5,9.417,"Rewrite title, meta, intro, CTA, and internal links"
129,https://shaffercon.com/industry-insights/navigating-the-future-essential-trends-and-tips-for-ev-charging-infrastructure,/industry-insights/navigating-the-future-essential-trends-and-tips-for-ev-charging-infrastructure/,0,17,0.0,8.18,5,9.415,"Rewrite title, meta, intro, CTA, and internal links"
130,https://shaffercon.com/service-areas/silver-lake/commercial-landscape-outdoor-lighting,/service-areas/silver-lake/commercial-landscape-outdoor-lighting/,0,17,0.0,8.88,5,9.415,"Rewrite title, meta, intro, CTA, and internal links"
131,https://shaffercon.com/industry-insights/the-ultimate-guide-to-ev-charger-installation-and-infrastructure-in-los-angeles/,/industry-insights/the-ultimate-guide-to-ev-charger-installation-and-infrastructure-in-los-angeles/,3,4044,0.0007000000000000001,32.9,5,9.38,Expand content and add links from stronger pages
132,https://shaffercon.com/service-areas/santa-monica/residential-landscape-outdoor-lighting,/service-areas/santa-monica/residential-landscape-outdoor-lighting/,0,35,0.0,6.97,4,9.338,Improve snippet and add stronger hiring intent
133,https://shaffercon.com/service-areas/pasadena/commercial-whole-building-surge-protection,/service-areas/pasadena/commercial-whole-building-surge-protection/,0,28,0.0,13.64,5,9.323,"Rewrite title, meta, intro, CTA, and internal links"
134,https://shaffercon.com/service-areas/burbank/residential-lighting-installation-retrofitting/,/service-areas/burbank/residential-lighting-installation-retrofitting/,0,34,0.0,8.91,4,9.264,Improve snippet and add stronger hiring intent
135,https://shaffercon.com/service-areas/beverly-hills/residential-complete-electrical-rewiring/,/service-areas/beverly-hills/residential-complete-electrical-rewiring/,0,16,0.0,4.06,5,9.228,"Rewrite title, meta, intro, CTA, and internal links"
136,https://shaffercon.com/industry-insights/the-future-of-ev-charging-in-los-angeles-new-technologies-solar-integration-and-incentives-for-property-owners/,/industry-insights/the-future-of-ev-charging-in-los-angeles-new-technologies-solar-integration-and-incentives-for-property-owners/,0,16,0.0,5.12,5,9.228,"Rewrite title, meta, intro, CTA, and internal links"
137,https://shaffercon.com/industry-insights/a-closer-look-at-our-load-study-services-and-why-your-ev-business-needs-them,/industry-insights/a-closer-look-at-our-load-study-services-and-why-your-ev-business-needs-them/,0,16,0.0,7.38,5,9.228,"Rewrite title, meta, intro, CTA, and internal links"
138,https://shaffercon.com/service-areas/sherman-oaks/residential-electrical-panel-upgrades/,/service-areas/sherman-oaks/residential-electrical-panel-upgrades/,0,16,0.0,7.62,5,9.228,"Rewrite title, meta, intro, CTA, and internal links"
139,https://shaffercon.com/industry-insights/how-los-angeles-property-owners-can-install-ev-chargers-funding-financing-and-practical-steps/,/industry-insights/how-los-angeles-property-owners-can-install-ev-chargers-funding-financing-and-practical-steps/,0,16,0.0,8.31,5,9.228,"Rewrite title, meta, intro, CTA, and internal links"
140,https://shaffercon.com/service-areas/atwater-village/commercial-backup-generator-installation/,/service-areas/atwater-village/commercial-backup-generator-installation/,0,27,0.0,11.26,5,9.226,"Rewrite title, meta, intro, CTA, and internal links"
141,https://shaffercon.com/service-areas/silver-lake/commercial-electrical-code-compliance-corrections,/service-areas/silver-lake/commercial-electrical-code-compliance-corrections/,0,27,0.0,16.41,5,9.226,"Rewrite title, meta, intro, CTA, and internal links"
142,https://shaffercon.com/industry-insights/under-cabinet-lighting-installation-guide/,/industry-insights/under-cabinet-lighting-installation-guide/,0,33,0.0,7.97,4,9.189,Improve snippet and add stronger hiring intent
143,https://shaffercon.com/industry-insights/voltpost-lamppost-charging-porsche-wireless-florida-highway-rivian-r2-chevy-bolt-return/,/industry-insights/voltpost-lamppost-charging-porsche-wireless-florida-highway-rivian-r2-chevy-bolt-return/,1,48,0.0208,7.54,5,9.161,Monitor or improve after higher value pages
144,https://shaffercon.com/industry-insights/should-you-install-an-ev-charger-at-home-a-practical-guide-for-los-angeles-homeowners/,/industry-insights/should-you-install-an-ev-charger-at-home-a-practical-guide-for-los-angeles-homeowners/,0,26,0.0,10.65,5,9.125,"Rewrite title, meta, intro, CTA, and internal links"
145,https://shaffercon.com/industry-insights/afci-installation-electrical-safety/,/industry-insights/afci-installation-electrical-safety/,0,104,0.0,5.46,3,9.095,Monitor or improve after higher value pages
146,https://shaffercon.com/service-areas/beverly-hills/residential-backup-generator-installation,/service-areas/beverly-hills/residential-backup-generator-installation/,0,15,0.0,7.93,5,9.031,"Rewrite title, meta, intro, CTA, and internal links"
147,https://shaffercon.com/industry-insights/advancements-in-electric-vehicle-charging-trends-innovations-and-their-impact-on-urban-development/,/industry-insights/advancements-in-electric-vehicle-charging-trends-innovations-and-their-impact-on-urban-development/,0,15,0.0,8.33,5,9.031,"Rewrite title, meta, intro, CTA, and internal links"
148,https://shaffercon.com/industry-insights/exploring-shaffer-constructions-load-study-services-in-la,/industry-insights/exploring-shaffer-constructions-load-study-services-in-la/,0,15,0.0,8.33,5,9.031,"Rewrite title, meta, intro, CTA, and internal links"
149,https://shaffercon.com/industry-insights/installing-ev-chargers-in-los-angeles-your-guide-to-a-greener-future,/industry-insights/installing-ev-chargers-in-los-angeles-your-guide-to-a-greener-future/,0,15,0.0,8.53,5,9.031,"Rewrite title, meta, intro, CTA, and internal links"
150,https://shaffercon.com/industry-insights/californias-ev-charging-boom-how-los-angeles-is-leading-the-electric-vehicle-infrastructure-revolution/,/industry-insights/californias-ev-charging-boom-how-los-angeles-is-leading-the-electric-vehicle-infrastructure-revolution/,0,15,0.0,8.8,5,9.031,"Rewrite title, meta, intro, CTA, and internal links"
151,https://shaffercon.com/industry-insights/commercial-electrician-ev-charging-safety,/industry-insights/commercial-electrician-ev-charging-safety/,0,15,0.0,9.07,5,9.031,"Rewrite title, meta, intro, CTA, and internal links"
152,https://shaffercon.com/service-areas/santa-clarita/commercial-data-network-av-wiring/,/service-areas/santa-clarita/commercial-data-network-av-wiring/,1,61,0.016399999999999998,10.05,5,8.928,Monitor or improve after higher value pages
153,https://shaffercon.com/industry-insights/the-complete-guide-to-ev-charging-infrastructure-in-los-angeles-trends-technologies-and-installation-tips-for-property-owners/,/industry-insights/the-complete-guide-to-ev-charging-infrastructure-in-los-angeles-trends-technologies-and-installation-tips-for-property-owners/,0,24,0.0,10.83,5,8.912,"Rewrite title, meta, intro, CTA, and internal links"
154,https://shaffercon.com/service-areas/santa-clarita/commercial-landscape-outdoor-lighting/,/service-areas/santa-clarita/commercial-landscape-outdoor-lighting/,0,24,0.0,12.75,5,8.912,"Rewrite title, meta, intro, CTA, and internal links"
155,https://shaffercon.com/service-areas/glendale/commercial-data-network-av-wiring/,/service-areas/glendale/commercial-data-network-av-wiring/,0,24,0.0,15.12,5,8.912,"Rewrite title, meta, intro, CTA, and internal links"
156,https://shaffercon.com/industry-insights/the-green-revolution-how-ev-solutions-reduce-energy-waste-and-save-money,/industry-insights/the-green-revolution-how-ev-solutions-reduce-energy-waste-and-save-money/,0,14,0.0,7.57,5,8.821,"Rewrite title, meta, intro, CTA, and internal links"
157,https://shaffercon.com/service-areas/glendale/commercial-lighting-installation-retrofitting/,/service-areas/glendale/commercial-lighting-installation-retrofitting/,0,14,0.0,8.07,5,8.821,"Rewrite title, meta, intro, CTA, and internal links"
158,https://shaffercon.com/service-areas/santa-clarita/residential-electrical-panel-upgrades/,/service-areas/santa-clarita/residential-electrical-panel-upgrades/,0,14,0.0,9.14,5,8.821,"Rewrite title, meta, intro, CTA, and internal links"
159,https://shaffercon.com/service-areas/culver-city/residential-electrical-panel-upgrades/,/service-areas/culver-city/residential-electrical-panel-upgrades/,0,14,0.0,9.43,5,8.821,"Rewrite title, meta, intro, CTA, and internal links"
160,https://shaffercon.com/service-areas/santa-clarita/commercial-landscape-outdoor-lighting,/service-areas/santa-clarita/commercial-landscape-outdoor-lighting/,0,23,0.0,11.39,5,8.799,"Rewrite title, meta, intro, CTA, and internal links"
161,https://shaffercon.com/industry-insights/electric-vehicles-mitsubishi-chargers,/industry-insights/electric-vehicles-mitsubishi-chargers/,0,22,0.0,10.36,5,8.681,"Rewrite title, meta, intro, CTA, and internal links"
162,https://shaffercon.com/industry-insights/the-electric-vehicle-charging-revolution-key-trends-and-future-prospects/,/industry-insights/the-electric-vehicle-charging-revolution-key-trends-and-future-prospects/,0,22,0.0,12.55,5,8.681,"Rewrite title, meta, intro, CTA, and internal links"
163,https://shaffercon.com/service-areas/beverly-hills/commercial-smart-automation-systems/,/service-areas/beverly-hills/commercial-smart-automation-systems/,0,22,0.0,15.0,5,8.681,"Rewrite title, meta, intro, CTA, and internal links"
164,https://shaffercon.com/service-areas/venice/commercial-electrical-code-compliance-corrections,/service-areas/venice/commercial-electrical-code-compliance-corrections/,0,13,0.0,5.08,5,8.596,"Rewrite title, meta, intro, CTA, and internal links"
165,https://shaffercon.com/service-areas/sherman-oaks/commercial-smart-automation-systems,/service-areas/sherman-oaks/commercial-smart-automation-systems/,0,13,0.0,5.38,5,8.596,"Rewrite title, meta, intro, CTA, and internal links"
166,https://shaffercon.com/service-areas/torrance/residential-electrical-panel-upgrades/,/service-areas/torrance/residential-electrical-panel-upgrades/,0,13,0.0,6.15,5,8.596,"Rewrite title, meta, intro, CTA, and internal links"
167,https://shaffercon.com/industry-insights/panel-upgrades-the-essentials-of-zinsco-panel-upgrade-or-replacement,/industry-insights/panel-upgrades-the-essentials-of-zinsco-panel-upgrade-or-replacement/,0,13,0.0,6.62,5,8.596,"Rewrite title, meta, intro, CTA, and internal links"
168,https://shaffercon.com/service-areas/culver-city/commercial-ev-charger-installation,/service-areas/culver-city/commercial-ev-charger-installation/,0,13,0.0,7.0,5,8.596,"Rewrite title, meta, intro, CTA, and internal links"
169,https://shaffercon.com/industry-insights/preparing-los-angeles-buildings-for-the-ev-charging-boom-what-owners-developers-and-businesses-need-to-know/,/industry-insights/preparing-los-angeles-buildings-for-the-ev-charging-boom-what-owners-developers-and-businesses-need-to-know/,0,13,0.0,7.54,5,8.596,"Rewrite title, meta, intro, CTA, and internal links"
170,https://shaffercon.com/industry-insights/the-future-of-sustainable-transportation-exploring-the-rise-of-ev-charging-stations/,/industry-insights/the-future-of-sustainable-transportation-exploring-the-rise-of-ev-charging-stations/,0,13,0.0,7.54,5,8.596,"Rewrite title, meta, intro, CTA, and internal links"
171,https://shaffercon.com/industry-insights/led-retrofit-guide-los-angeles-businesses,/industry-insights/led-retrofit-guide-los-angeles-businesses/,0,26,0.0,9.35,4,8.588,Improve snippet and add stronger hiring intent
172,https://shaffercon.com/service-areas/long-beach/residential-landscape-outdoor-lighting/,/service-areas/long-beach/residential-landscape-outdoor-lighting/,0,45,0.0,11.8,4,8.48,Improve snippet and add stronger hiring intent
173,https://shaffercon.com/service-areas/pasadena/residential-electrical-panel-upgrades/,/service-areas/pasadena/residential-electrical-panel-upgrades/,0,20,0.0,10.1,5,8.429,"Rewrite title, meta, intro, CTA, and internal links"
174,https://shaffercon.com/service-areas/beverly-hills/residential-complete-electrical-rewiring,/service-areas/beverly-hills/residential-complete-electrical-rewiring/,0,12,0.0,4.17,5,8.355,"Rewrite title, meta, intro, CTA, and internal links"
175,https://shaffercon.com/service-areas/silver-lake/commercial-pool-hot-tub-spa-electrical/,/service-areas/silver-lake/commercial-pool-hot-tub-spa-electrical/,0,12,0.0,4.17,5,8.355,"Rewrite title, meta, intro, CTA, and internal links"
176,https://shaffercon.com/industry-insights/latest-innovations-in-ev-charging-how-shaffer-construction-is-leading-the-way-in-los-angeles/,/industry-insights/latest-innovations-in-ev-charging-how-shaffer-construction-is-leading-the-way-in-los-angeles/,0,12,0.0,5.58,5,8.355,"Rewrite title, meta, intro, CTA, and internal links"
177,https://shaffercon.com/service-areas/pasadena/residential-electrical-panel-upgrades,/service-areas/pasadena/residential-electrical-panel-upgrades/,0,12,0.0,8.0,5,8.355,"Rewrite title, meta, intro, CTA, and internal links"
178,https://shaffercon.com/industry-insights/electrician-san-gabriel-vehicle-charging/,/industry-insights/electrician-san-gabriel-vehicle-charging/,0,12,0.0,8.33,5,8.355,"Rewrite title, meta, intro, CTA, and internal links"
179,https://shaffercon.com/service-areas/los-feliz/commercial-landscape-outdoor-lighting/,/service-areas/los-feliz/commercial-landscape-outdoor-lighting/,0,12,0.0,8.92,5,8.355,"Rewrite title, meta, intro, CTA, and internal links"
180,https://shaffercon.com/industry-insights/how-california-and-nationwide-funding-changes-make-now-the-time-to-install-ev-chargers-a-practical-guide-for-los-angeles-property-owners/,/industry-insights/how-california-and-nationwide-funding-changes-make-now-the-time-to-install-ev-chargers-a-practical-guide-for-los-angeles-property-owners/,0,19,0.0,17.47,5,8.294,"Rewrite title, meta, intro, CTA, and internal links"
181,https://shaffercon.com/service-areas/torrance/commercial-ceiling-fan-fixture-installation/,/service-areas/torrance/commercial-ceiling-fan-fixture-installation/,0,19,0.0,17.95,5,8.294,"Rewrite title, meta, intro, CTA, and internal links"
182,https://shaffercon.com/service-areas/venice/residential-landscape-outdoor-lighting,/service-areas/venice/residential-landscape-outdoor-lighting/,0,39,0.0,14.21,4,8.171,Monitor or improve after higher value pages
183,https://shaffercon.com/service-areas/santa-clarita/commercial-pool-hot-tub-spa-electrical,/service-areas/santa-clarita/commercial-pool-hot-tub-spa-electrical/,0,18,0.0,10.89,5,8.152,"Rewrite title, meta, intro, CTA, and internal links"
184,https://shaffercon.com/industry-insights/building-a-sustainable-future-the-importance-of-expanding-ev-charging-infrastructure-in-los-angeles/,/industry-insights/building-a-sustainable-future-the-importance-of-expanding-ev-charging-infrastructure-in-los-angeles/,0,18,0.0,13.72,5,8.152,"Rewrite title, meta, intro, CTA, and internal links"
185,https://shaffercon.com/industry-insights/the-vital-role-of-ev-charging-infrastructure-in-accelerating-electric-vehicle-adoption/,/industry-insights/the-vital-role-of-ev-charging-infrastructure-in-accelerating-electric-vehicle-adoption/,0,18,0.0,14.06,5,8.152,"Rewrite title, meta, intro, CTA, and internal links"
186,https://shaffercon.com/service-areas/glendale/commercial-outlet-switch-dimmer-services/,/service-areas/glendale/commercial-outlet-switch-dimmer-services/,0,18,0.0,18.22,5,8.152,"Rewrite title, meta, intro, CTA, and internal links"
187,https://shaffercon.com/service-areas/santa-clarita/residential-ev-charger-installation,/service-areas/santa-clarita/residential-ev-charger-installation/,0,11,0.0,5.09,5,8.094,"Rewrite title, meta, intro, CTA, and internal links"
188,https://shaffercon.com/service-areas/torrance/commercial-backup-generator-installation/,/service-areas/torrance/commercial-backup-generator-installation/,0,11,0.0,7.09,5,8.094,"Rewrite title, meta, intro, CTA, and internal links"
189,https://shaffercon.com/industry-insights/why-permitting-policy-and-smart-design-matter-for-faster-ev-charger-deployment-in-los-angeles/,/industry-insights/why-permitting-policy-and-smart-design-matter-for-faster-ev-charger-deployment-in-los-angeles/,0,11,0.0,8.09,5,8.094,"Rewrite title, meta, intro, CTA, and internal links"
190,https://shaffercon.com/service-areas/sherman-oaks/commercial-backup-generator-installation/,/service-areas/sherman-oaks/commercial-backup-generator-installation/,0,11,0.0,8.45,5,8.094,"Rewrite title, meta, intro, CTA, and internal links"
191,https://shaffercon.com/industry-insights/the-future-of-ev-charger-installation-transforming-transportation-in-los-angeles,/industry-insights/the-future-of-ev-charger-installation-transforming-transportation-in-los-angeles/,0,11,0.0,9.09,5,8.094,"Rewrite title, meta, intro, CTA, and internal links"
192,https://shaffercon.com/service-areas/burbank/residential-electrical-safety-inspections/,/service-areas/burbank/residential-electrical-safety-inspections/,0,37,0.0,11.38,4,8.057,Improve snippet and add stronger hiring intent
193,https://shaffercon.com/industry-insights/the-future-of-electric-vehicles-why-investing-in-ev-charger-infrastructure-is-essential/,/industry-insights/the-future-of-electric-vehicles-why-investing-in-ev-charger-infrastructure-is-essential/,0,17,0.0,15.94,5,8.002,"Rewrite title, meta, intro, CTA, and internal links"
194,https://shaffercon.com/service-areas/hollywood/residential-security-motion-lighting/,/service-areas/hollywood/residential-security-motion-lighting/,0,20,0.0,7.7,4,7.933,Improve snippet and add stronger hiring intent
195,https://shaffercon.com/service-areas/sherman-oaks/residential-security-motion-lighting/,/service-areas/sherman-oaks/residential-security-motion-lighting/,0,20,0.0,7.95,4,7.933,Improve snippet and add stronger hiring intent
196,https://shaffercon.com/service-areas/pacific-palisades/residential-ev-charger-installation/,/service-areas/pacific-palisades/residential-ev-charger-installation/,0,16,0.0,10.62,5,7.844,"Rewrite title, meta, intro, CTA, and internal links"
197,https://shaffercon.com/service-areas/echo-park/commercial-landscape-outdoor-lighting/,/service-areas/echo-park/commercial-landscape-outdoor-lighting/,0,16,0.0,12.19,5,7.844,"Rewrite title, meta, intro, CTA, and internal links"
198,https://shaffercon.com/service-areas/burbank/commercial-ev-charger-installation,/service-areas/burbank/commercial-ev-charger-installation/,0,16,0.0,13.94,5,7.844,"Rewrite title, meta, intro, CTA, and internal links"
199,https://shaffercon.com/service-areas/west-hollywood/commercial-ev-charger-installation/,/service-areas/west-hollywood/commercial-ev-charger-installation/,0,16,0.0,14.31,5,7.844,"Rewrite title, meta, intro, CTA, and internal links"
200,https://shaffercon.com/service-areas/west-hollywood/residential-landscape-outdoor-lighting/,/service-areas/west-hollywood/residential-landscape-outdoor-lighting/,0,33,0.0,15.33,4,7.811,Monitor or improve after higher value pages
201,https://shaffercon.com/service-areas/glendale/residential-landscape-outdoor-lighting,/service-areas/glendale/residential-landscape-outdoor-lighting/,0,33,0.0,19.94,4,7.811,Monitor or improve after higher value pages
202,https://shaffercon.com/service-areas/beverly-hills/residential-electrical-safety-inspections/,/service-areas/beverly-hills/residential-electrical-safety-inspections/,0,10,0.0,6.0,5,7.81,"Rewrite title, meta, intro, CTA, and internal links"
203,https://shaffercon.com/industry-insights/pushmatic-panel-upgrade-guide,/industry-insights/pushmatic-panel-upgrade-guide/,0,10,0.0,6.2,5,7.81,"Rewrite title, meta, intro, CTA, and internal links"
204,https://shaffercon.com/service-areas/pasadena/commercial-complete-electrical-rewiring,/service-areas/pasadena/commercial-complete-electrical-rewiring/,0,10,0.0,6.2,5,7.81,"Rewrite title, meta, intro, CTA, and internal links"
205,https://shaffercon.com/service-areas/long-beach/commercial-lighting-installation-retrofitting,/service-areas/long-beach/commercial-lighting-installation-retrofitting/,0,10,0.0,6.3,5,7.81,"Rewrite title, meta, intro, CTA, and internal links"
206,https://shaffercon.com/service-areas/santa-clarita/commercial-electrical-panel-upgrades/,/service-areas/santa-clarita/commercial-electrical-panel-upgrades/,0,10,0.0,7.1,5,7.81,"Rewrite title, meta, intro, CTA, and internal links"
207,https://shaffercon.com/service-areas/west-hollywood/residential-ev-charger-installation/,/service-areas/west-hollywood/residential-ev-charger-installation/,0,10,0.0,7.1,5,7.81,"Rewrite title, meta, intro, CTA, and internal links"
208,https://shaffercon.com/industry-insights/how-ready-is-your-property-for-ev-chargers-a-practical-guide-for-los-angeles-homeowners-businesses/,/industry-insights/how-ready-is-your-property-for-ev-chargers-a-practical-guide-for-los-angeles-homeowners-businesses/,0,10,0.0,8.3,5,7.81,"Rewrite title, meta, intro, CTA, and internal links"
209,https://shaffercon.com/service-areas/beverly-hills/commercial-pool-hot-tub-spa-electrical,/service-areas/beverly-hills/commercial-pool-hot-tub-spa-electrical/,0,10,0.0,8.8,5,7.81,"Rewrite title, meta, intro, CTA, and internal links"
210,https://shaffercon.com/industry-insights/ev-charger-installation-guide/,/industry-insights/ev-charger-installation-guide/,0,10,0.0,9.2,5,7.81,"Rewrite title, meta, intro, CTA, and internal links"
211,https://shaffercon.com/service-areas/atwater-village/commercial-electrical-panel-upgrades,/service-areas/atwater-village/commercial-electrical-panel-upgrades/,0,10,0.0,9.2,5,7.81,"Rewrite title, meta, intro, CTA, and internal links"
212,https://shaffercon.com/industry-insights/electrical-load-studies-what-they-are-los-angeles/,/industry-insights/electrical-load-studies-what-they-are-los-angeles/,0,397,0.0,6.87,2,7.8,Monitor or improve after higher value pages
213,https://shaffercon.com/industry-insights/new-california-solar-battery-project-rule-why-licensed-electricians-are-essential/,/industry-insights/new-california-solar-battery-project-rule-why-licensed-electricians-are-essential/,0,373,0.0,7.9,2,7.719,Monitor or improve after higher value pages
214,https://shaffercon.com/service-areas/burbank/commercial-backup-generator-installation/,/service-areas/burbank/commercial-backup-generator-installation/,0,15,0.0,12.0,5,7.676,"Rewrite title, meta, intro, CTA, and internal links"
215,https://shaffercon.com/service-areas/inglewood/commercial-electrical-troubleshooting-repairs/,/service-areas/inglewood/commercial-electrical-troubleshooting-repairs/,0,15,0.0,12.8,5,7.676,"Rewrite title, meta, intro, CTA, and internal links"
216,https://shaffercon.com/service-areas/torrance/commercial-data-network-av-wiring/,/service-areas/torrance/commercial-data-network-av-wiring/,0,15,0.0,16.53,5,7.676,"Rewrite title, meta, intro, CTA, and internal links"
217,https://shaffercon.com/service-areas/long-beach/residential-landscape-outdoor-lighting,/service-areas/long-beach/residential-landscape-outdoor-lighting/,0,30,0.0,10.07,4,7.606,Improve snippet and add stronger hiring intent
218,https://shaffercon.com/service-areas/beverly-hills/residential-dedicated-equipment-circuits/,/service-areas/beverly-hills/residential-dedicated-equipment-circuits/,0,9,0.0,3.56,5,7.5,"Rewrite title, meta, intro, CTA, and internal links"
219,https://shaffercon.com/service-areas/burbank/commercial-smart-automation-systems/,/service-areas/burbank/commercial-smart-automation-systems/,0,9,0.0,4.33,5,7.5,"Rewrite title, meta, intro, CTA, and internal links"
220,https://shaffercon.com/service-areas/culver-city/commercial-energy-efficiency-upgrades,/service-areas/culver-city/commercial-energy-efficiency-upgrades/,0,9,0.0,6.44,5,7.5,"Rewrite title, meta, intro, CTA, and internal links"
221,https://shaffercon.com/industry-insights/ev-charging-in-los-angeles-key-trends-incentives-and-installation-tips-for-property-owners,/industry-insights/ev-charging-in-los-angeles-key-trends-incentives-and-installation-tips-for-property-owners/,0,9,0.0,7.78,5,7.5,"Rewrite title, meta, intro, CTA, and internal links"
222,https://shaffercon.com/service-areas/venice/residential-electrical-panel-upgrades,/service-areas/venice/residential-electrical-panel-upgrades/,0,9,0.0,8.11,5,7.5,"Rewrite title, meta, intro, CTA, and internal links"
223,https://shaffercon.com/service-areas/glendale/residential-ev-charger-installation/,/service-areas/glendale/residential-ev-charger-installation/,0,9,0.0,9.22,5,7.5,"Rewrite title, meta, intro, CTA, and internal links"
224,https://shaffercon.com/service-areas/santa-clarita/commercial-electrical-troubleshooting-repairs,/service-areas/santa-clarita/commercial-electrical-troubleshooting-repairs/,0,14,0.0,10.36,5,7.498,"Rewrite title, meta, intro, CTA, and internal links"
225,https://shaffercon.com/service-areas/santa-monica/commercial-lighting-installation-retrofitting/,/service-areas/santa-monica/commercial-lighting-installation-retrofitting/,0,14,0.0,10.5,5,7.498,"Rewrite title, meta, intro, CTA, and internal links"
226,https://shaffercon.com/service-areas/santa-monica/commercial-landscape-outdoor-lighting,/service-areas/santa-monica/commercial-landscape-outdoor-lighting/,0,14,0.0,14.07,5,7.498,"Rewrite title, meta, intro, CTA, and internal links"
227,https://shaffercon.com/industry-insights/cloth-wiring-safety-upgrade/,/industry-insights/cloth-wiring-safety-upgrade/,0,299,0.0,8.93,2,7.431,Monitor or improve after higher value pages
228,https://shaffercon.com/service-areas/pasadena/residential-security-motion-lighting,/service-areas/pasadena/residential-security-motion-lighting/,0,16,0.0,8.5,4,7.383,Improve snippet and add stronger hiring intent
229,https://shaffercon.com/residential-ev-charger/,/residential-ev-charger/,2,799,0.0025,26.17,5,7.367,Expand content and add links from stronger pages
230,https://shaffercon.com/industry-insights/,/industry-insights/,0,750,0.0,10.49,2,7.333,Monitor or improve after higher value pages
231,https://shaffercon.com/industry-insights/commercial-electrician-ev-charging-safety/,/industry-insights/commercial-electrician-ev-charging-safety/,0,613,0.0,20.21,5,7.319,Expand content and add links from stronger pages
232,https://shaffercon.com/service-areas/torrance/commercial-dedicated-equipment-circuits,/service-areas/torrance/commercial-dedicated-equipment-circuits/,0,13,0.0,11.08,5,7.307,"Rewrite title, meta, intro, CTA, and internal links"
233,https://shaffercon.com/industry-insights/2024-ev-charger-installations-key-incentives-and-innovations-transforming-the-industry/,/industry-insights/2024-ev-charger-installations-key-incentives-and-innovations-transforming-the-industry/,0,13,0.0,13.92,5,7.307,"Rewrite title, meta, intro, CTA, and internal links"
234,https://shaffercon.com/service-areas/burbank/commercial-electrical-code-compliance-corrections,/service-areas/burbank/commercial-electrical-code-compliance-corrections/,0,13,0.0,16.77,5,7.307,"Rewrite title, meta, intro, CTA, and internal links"
235,https://shaffercon.com/service-areas/glendale/commercial-landscape-outdoor-lighting/,/service-areas/glendale/commercial-landscape-outdoor-lighting/,0,13,0.0,18.46,5,7.307,"Rewrite title, meta, intro, CTA, and internal links"
236,https://shaffercon.com/service-areas/santa-monica/commercial-backup-generator-installation,/service-areas/santa-monica/commercial-backup-generator-installation/,0,13,0.0,19.62,5,7.307,"Rewrite title, meta, intro, CTA, and internal links"
237,https://shaffercon.com/service-areas/santa-monica/residential-lighting-installation-retrofitting/,/service-areas/santa-monica/residential-lighting-installation-retrofitting/,0,25,0.0,13.48,4,7.216,Monitor or improve after higher value pages
238,https://shaffercon.com/service-areas/echo-park/,/service-areas/echo-park/,0,243,0.0,7.48,2,7.162,Monitor or improve after higher value pages
239,https://shaffercon.com/service-areas/altadena/commercial-electrical-panel-upgrades/,/service-areas/altadena/commercial-electrical-panel-upgrades/,0,8,0.0,3.5,5,7.157,"Rewrite title, meta, intro, CTA, and internal links"
240,https://shaffercon.com/service-areas/santa-monica/commercial-data-network-av-wiring/,/service-areas/santa-monica/commercial-data-network-av-wiring/,0,8,0.0,4.62,5,7.157,"Rewrite title, meta, intro, CTA, and internal links"
241,https://shaffercon.com/service-areas/glendale/commercial-ceiling-fan-fixture-installation/,/service-areas/glendale/commercial-ceiling-fan-fixture-installation/,0,8,0.0,6.25,5,7.157,"Rewrite title, meta, intro, CTA, and internal links"
242,https://shaffercon.com/service-areas/beverly-hills/residential-ev-charger-installation,/service-areas/beverly-hills/residential-ev-charger-installation/,0,8,0.0,6.38,5,7.157,"Rewrite title, meta, intro, CTA, and internal links"
243,https://shaffercon.com/industry-insights/navigating-californias-ev-charger-surge-trends-technologies-and-community-impact/,/industry-insights/navigating-californias-ev-charger-surge-trends-technologies-and-community-impact/,0,8,0.0,7.38,5,7.157,"Rewrite title, meta, intro, CTA, and internal links"
244,https://shaffercon.com/service-areas/long-beach/commercial-data-network-av-wiring,/service-areas/long-beach/commercial-data-network-av-wiring/,0,8,0.0,7.38,5,7.157,"Rewrite title, meta, intro, CTA, and internal links"
245,https://shaffercon.com/industry-insights/public-ev-charging-what-property-owners-and-developers-in-los-angeles-need-to-know/,/industry-insights/public-ev-charging-what-property-owners-and-developers-in-los-angeles-need-to-know/,0,8,0.0,7.5,5,7.157,"Rewrite title, meta, intro, CTA, and internal links"
246,https://shaffercon.com/service-areas/burbank/commercial-backup-generator-installation,/service-areas/burbank/commercial-backup-generator-installation/,0,8,0.0,8.12,5,7.157,"Rewrite title, meta, intro, CTA, and internal links"
247,https://shaffercon.com/service-areas/atwater-village/commercial-landscape-outdoor-lighting/,/service-areas/atwater-village/commercial-landscape-outdoor-lighting/,0,8,0.0,8.25,5,7.157,"Rewrite title, meta, intro, CTA, and internal links"
248,https://shaffercon.com/service-areas/culver-city/residential-ev-charger-installation,/service-areas/culver-city/residential-ev-charger-installation/,0,8,0.0,9.62,5,7.157,"Rewrite title, meta, intro, CTA, and internal links"
249,https://shaffercon.com/service-areas/glendale/commercial-whole-building-surge-protection/,/service-areas/glendale/commercial-whole-building-surge-protection/,0,8,0.0,10.0,5,7.157,"Rewrite title, meta, intro, CTA, and internal links"
250,https://shaffercon.com/service-areas/santa-monica/residential-data-network-av-wiring/,/service-areas/santa-monica/residential-data-network-av-wiring/,0,233,0.0,7.4,2,7.108,Monitor or improve after higher value pages
251,https://shaffercon.com/industry-insights/how-california-and-nationwide-funding-changes-make-now-the-time-to-install-ev-chargers-a-practical-guide-for-los-angeles-property-owners,/industry-insights/how-california-and-nationwide-funding-changes-make-now-the-time-to-install-ev-chargers-a-practical-guide-for-los-angeles-property-owners/,0,12,0.0,10.58,5,7.101,"Rewrite title, meta, intro, CTA, and internal links"
252,https://shaffercon.com/service-areas/burbank/commercial-lighting-installation-retrofitting,/service-areas/burbank/commercial-lighting-installation-retrofitting/,0,12,0.0,13.25,5,7.101,"Rewrite title, meta, intro, CTA, and internal links"
253,https://shaffercon.com/service-areas/echo-park/commercial-electrical-code-compliance-corrections/,/service-areas/echo-park/commercial-electrical-code-compliance-corrections/,0,12,0.0,14.83,5,7.101,"Rewrite title, meta, intro, CTA, and internal links"
254,https://shaffercon.com/industry-insights/office-electrical-upgrades-modern-workplaces/,/industry-insights/office-electrical-upgrades-modern-workplaces/,1,284,0.0034999999999999996,6.7,2,7.021,Monitor or improve after higher value pages
255,https://shaffercon.com/industry-insights/ceiling-fan-installation-benefits-aesthetics,/industry-insights/ceiling-fan-installation-benefits-aesthetics/,1,635,0.0016,10.04,2,6.996,Monitor or improve after higher value pages
256,https://shaffercon.com/service-areas/torrance/residential-ev-charger-installation/,/service-areas/torrance/residential-ev-charger-installation/,0,457,0.0,23.14,5,6.985,Expand content and add links from stronger pages
257,https://shaffercon.com/service-areas/culver-city/commercial-whole-building-surge-protection/,/service-areas/culver-city/commercial-whole-building-surge-protection/,0,11,0.0,10.91,5,6.88,"Rewrite title, meta, intro, CTA, and internal links"
258,https://shaffercon.com/industry-insights/the-future-of-ev-charging-infrastructure-trends-challenges-and-solutions-for-reliable-electric-vehicle-power,/industry-insights/the-future-of-ev-charging-infrastructure-trends-challenges-and-solutions-for-reliable-electric-vehicle-power/,0,11,0.0,11.64,5,6.88,"Rewrite title, meta, intro, CTA, and internal links"
259,https://shaffercon.com/service-areas/santa-clarita/commercial-security-motion-lighting/,/service-areas/santa-clarita/commercial-security-motion-lighting/,0,11,0.0,13.45,5,6.88,"Rewrite title, meta, intro, CTA, and internal links"
260,https://shaffercon.com/service-areas/venice/commercial-pool-hot-tub-spa-electrical,/service-areas/venice/commercial-pool-hot-tub-spa-electrical/,0,11,0.0,14.09,5,6.88,"Rewrite title, meta, intro, CTA, and internal links"
261,https://shaffercon.com/service-areas/west-hollywood/commercial-landscape-outdoor-lighting/,/service-areas/west-hollywood/commercial-landscape-outdoor-lighting/,0,11,0.0,16.55,5,6.88,"Rewrite title, meta, intro, CTA, and internal links"
262,https://shaffercon.com/service-areas/santa-clarita/commercial-ev-charger-installation,/service-areas/santa-clarita/commercial-ev-charger-installation/,0,7,0.0,3.29,5,6.773,"Rewrite title, meta, intro, CTA, and internal links"
263,https://shaffercon.com/service-areas/santa-clarita/commercial-whole-building-surge-protection,/service-areas/santa-clarita/commercial-whole-building-surge-protection/,0,7,0.0,5.43,5,6.773,"Rewrite title, meta, intro, CTA, and internal links"
264,https://shaffercon.com/service-areas/santa-monica/commercial-pool-hot-tub-spa-electrical,/service-areas/santa-monica/commercial-pool-hot-tub-spa-electrical/,0,7,0.0,5.43,5,6.773,"Rewrite title, meta, intro, CTA, and internal links"
265,https://shaffercon.com/service-areas/echo-park/residential-ev-charger-installation/,/service-areas/echo-park/residential-ev-charger-installation/,0,7,0.0,7.0,5,6.773,"Rewrite title, meta, intro, CTA, and internal links"
266,https://shaffercon.com/service-areas/venice/commercial-energy-efficiency-upgrades,/service-areas/venice/commercial-energy-efficiency-upgrades/,0,7,0.0,7.0,5,6.773,"Rewrite title, meta, intro, CTA, and internal links"
267,https://shaffercon.com/service-areas/long-beach/commercial-whole-building-surge-protection/,/service-areas/long-beach/commercial-whole-building-surge-protection/,0,7,0.0,7.43,5,6.773,"Rewrite title, meta, intro, CTA, and internal links"
268,https://shaffercon.com/service-areas/beverly-hills/residential-pool-hot-tub-spa-electrical/,/service-areas/beverly-hills/residential-pool-hot-tub-spa-electrical/,0,7,0.0,7.86,5,6.773,"Rewrite title, meta, intro, CTA, and internal links"
269,https://shaffercon.com/industry-insights/the-essential-guide-to-installing-ev-chargers-benefits-considerations-and-technologies,/industry-insights/the-essential-guide-to-installing-ev-chargers-benefits-considerations-and-technologies/,0,7,0.0,8.0,5,6.773,"Rewrite title, meta, intro, CTA, and internal links"
270,https://shaffercon.com/service-areas/hollywood/commercial-landscape-outdoor-lighting/,/service-areas/hollywood/commercial-landscape-outdoor-lighting/,0,7,0.0,8.0,5,6.773,"Rewrite title, meta, intro, CTA, and internal links"
271,https://shaffercon.com/service-areas/pasadena/residential-ev-charger-installation/,/service-areas/pasadena/residential-ev-charger-installation/,0,7,0.0,8.0,5,6.773,"Rewrite title, meta, intro, CTA, and internal links"
272,https://shaffercon.com/service-areas/pasadena/commercial-data-network-av-wiring,/service-areas/pasadena/commercial-data-network-av-wiring/,0,7,0.0,8.14,5,6.773,"Rewrite title, meta, intro, CTA, and internal links"
273,https://shaffercon.com/industry-insights/expanding-electric-vehicle-charging-infrastructure-a-look-at-california-and-beyond/,/industry-insights/expanding-electric-vehicle-charging-infrastructure-a-look-at-california-and-beyond/,0,375,0.0,38.82,5,6.76,Expand content and add links from stronger pages
274,https://shaffercon.com/service-areas/beverly-hills/,/service-areas/beverly-hills/,0,371,0.0,26.26,5,6.748,Expand content and add links from stronger pages
275,https://shaffercon.com/service-areas/highland-park/residential-landscape-outdoor-lighting/,/service-areas/highland-park/residential-landscape-outdoor-lighting/,0,20,0.0,16.0,4,6.743,Monitor or improve after higher value pages
276,https://shaffercon.com/service-areas/glendale/commercial-electrical-panel-upgrades/,/service-areas/glendale/commercial-electrical-panel-upgrades/,1,436,0.0023,27.58,5,6.719,Expand content and add links from stronger pages
277,https://shaffercon.com/industry-insights/landscape-lighting-design-installation-los-angeles,/industry-insights/landscape-lighting-design-installation-los-angeles/,1,42,0.023799999999999998,8.95,4,6.691,Monitor or improve after higher value pages
278,https://shaffercon.com/service-areas/culver-city/residential-landscape-outdoor-lighting/,/service-areas/culver-city/residential-landscape-outdoor-lighting/,0,12,0.0,6.92,4,6.684,Improve snippet and add stronger hiring intent
279,https://shaffercon.com/service-areas/burbank/residential-landscape-outdoor-lighting,/service-areas/burbank/residential-landscape-outdoor-lighting/,0,12,0.0,7.58,4,6.684,Improve snippet and add stronger hiring intent
280,https://shaffercon.com/service-areas/santa-monica/residential-landscape-outdoor-lighting/,/service-areas/santa-monica/residential-landscape-outdoor-lighting/,0,12,0.0,8.0,4,6.684,Improve snippet and add stronger hiring intent
281,https://shaffercon.com/service-areas/torrance/,/service-areas/torrance/,0,411,0.0,15.28,2,6.668,Monitor or improve after higher value pages
282,https://shaffercon.com/industry-insights/gfi-safety-and-maintenance-essential-tips-for-homeowners/,/industry-insights/gfi-safety-and-maintenance-essential-tips-for-homeowners/,0,404,0.0,16.9,2,6.649,Monitor or improve after higher value pages
283,https://shaffercon.com/service-areas/burbank/commercial-landscape-outdoor-lighting/,/service-areas/burbank/commercial-landscape-outdoor-lighting/,0,10,0.0,10.7,5,6.639,"Rewrite title, meta, intro, CTA, and internal links"
284,https://shaffercon.com/service-areas/west-hollywood/commercial-security-motion-lighting/,/service-areas/west-hollywood/commercial-security-motion-lighting/,0,10,0.0,11.4,5,6.639,"Rewrite title, meta, intro, CTA, and internal links"
285,https://shaffercon.com/service-areas/west-hollywood/commercial-backup-generator-installation/,/service-areas/west-hollywood/commercial-backup-generator-installation/,0,10,0.0,12.4,5,6.639,"Rewrite title, meta, intro, CTA, and internal links"
286,https://shaffercon.com/service-areas/santa-monica/commercial-ceiling-fan-fixture-installation/,/service-areas/santa-monica/commercial-ceiling-fan-fixture-installation/,0,10,0.0,14.8,5,6.639,"Rewrite title, meta, intro, CTA, and internal links"
287,https://shaffercon.com/service-areas/pacific-palisades/residential-electrical-panel-upgrades/,/service-areas/pacific-palisades/residential-electrical-panel-upgrades/,0,10,0.0,15.8,5,6.639,"Rewrite title, meta, intro, CTA, and internal links"
288,https://shaffercon.com/service-areas/santa-monica/commercial-security-motion-lighting/,/service-areas/santa-monica/commercial-security-motion-lighting/,0,10,0.0,15.8,5,6.639,"Rewrite title, meta, intro, CTA, and internal links"
289,https://shaffercon.com/service-areas/pasadena/residential-smart-automation-systems,/service-areas/pasadena/residential-smart-automation-systems/,0,158,0.0,7.54,2,6.604,Monitor or improve after higher value pages
290,https://shaffercon.com/industry-insights/cloth-wiring-safety-upgrade,/industry-insights/cloth-wiring-safety-upgrade/,0,156,0.0,8.32,2,6.588,Monitor or improve after higher value pages
291,https://shaffercon.com/industry-insights/top-electric-vehicles-for-2024-a-comprehensive-guide/,/industry-insights/top-electric-vehicles-for-2024-a-comprehensive-guide/,0,156,0.0,9.29,2,6.588,Monitor or improve after higher value pages
292,https://shaffercon.com/service-areas/boyle-heights/,/service-areas/boyle-heights/,0,144,0.0,8.38,2,6.484,Monitor or improve after higher value pages
293,https://shaffercon.com/service-areas/hollywood/residential-electrical-safety-inspections,/service-areas/hollywood/residential-electrical-safety-inspections/,0,11,0.0,5.0,4,6.475,Improve snippet and add stronger hiring intent
294,https://shaffercon.com/service-areas/santa-clarita/residential-lighting-installation-retrofitting,/service-areas/santa-clarita/residential-lighting-installation-retrofitting/,0,11,0.0,5.73,4,6.475,Improve snippet and add stronger hiring intent
295,https://shaffercon.com/service-areas/inglewood/,/service-areas/inglewood/,0,342,0.0,15.04,2,6.465,Monitor or improve after higher value pages
296,https://shaffercon.com/service-areas/atwater-village/residential-electrical-panel-upgrades/,/service-areas/atwater-village/residential-electrical-panel-upgrades/,0,9,0.0,11.11,5,6.375,"Rewrite title, meta, intro, CTA, and internal links"
297,https://shaffercon.com/service-areas/torrance/commercial-ceiling-fan-fixture-installation,/service-areas/torrance/commercial-ceiling-fan-fixture-installation/,0,9,0.0,13.44,5,6.375,"Rewrite title, meta, intro, CTA, and internal links"
298,https://shaffercon.com/service-areas/santa-monica/commercial-ceiling-fan-fixture-installation,/service-areas/santa-monica/commercial-ceiling-fan-fixture-installation/,0,9,0.0,15.89,5,6.375,"Rewrite title, meta, intro, CTA, and internal links"
299,https://shaffercon.com/service-areas/burbank/commercial-pool-hot-tub-spa-electrical/,/service-areas/burbank/commercial-pool-hot-tub-spa-electrical/,0,9,0.0,17.0,5,6.375,"Rewrite title, meta, intro, CTA, and internal links"
300,https://shaffercon.com/service-areas/west-hollywood/commercial-ev-charger-installation,/service-areas/west-hollywood/commercial-ev-charger-installation/,0,9,0.0,18.89,5,6.375,"Rewrite title, meta, intro, CTA, and internal links"
301,https://shaffercon.com/service-areas/highland-park/residential-ev-charger-installation/,/service-areas/highland-park/residential-ev-charger-installation/,0,9,0.0,19.22,5,6.375,"Rewrite title, meta, intro, CTA, and internal links"
302,https://shaffercon.com/service-areas/,/service-areas/,0,132,0.0,9.55,2,6.372,Monitor or improve after higher value pages
303,https://shaffercon.com/industry-insights/pool-hot-tub-electrical-requirements-los-angeles/,/industry-insights/pool-hot-tub-electrical-requirements-los-angeles/,0,130,0.0,6.88,2,6.352,Monitor or improve after higher value pages
304,https://shaffercon.com/service-areas/beverly-hills/residential-pool-hot-tub-spa-electrical,/service-areas/beverly-hills/residential-pool-hot-tub-spa-electrical/,0,6,0.0,4.33,5,6.338,"Rewrite title, meta, intro, CTA, and internal links"
305,https://shaffercon.com/service-areas/venice/commercial-security-motion-lighting,/service-areas/venice/commercial-security-motion-lighting/,0,6,0.0,4.5,5,6.338,"Rewrite title, meta, intro, CTA, and internal links"
306,https://shaffercon.com/service-areas/silver-lake/commercial-exhaust-fan-ventilation-wiring/,/service-areas/silver-lake/commercial-exhaust-fan-ventilation-wiring/,0,6,0.0,5.17,5,6.338,"Rewrite title, meta, intro, CTA, and internal links"
307,https://shaffercon.com/service-areas/beverly-hills/residential-electrical-code-compliance-corrections,/service-areas/beverly-hills/residential-electrical-code-compliance-corrections/,0,6,0.0,5.5,5,6.338,"Rewrite title, meta, intro, CTA, and internal links"
308,https://shaffercon.com/service-areas/santa-monica/commercial-pool-hot-tub-spa-electrical/,/service-areas/santa-monica/commercial-pool-hot-tub-spa-electrical/,0,6,0.0,6.33,5,6.338,"Rewrite title, meta, intro, CTA, and internal links"
309,https://shaffercon.com/service-areas/silver-lake/residential-electrical-panel-upgrades/,/service-areas/silver-lake/residential-electrical-panel-upgrades/,0,6,0.0,6.5,5,6.338,"Rewrite title, meta, intro, CTA, and internal links"
310,https://shaffercon.com/service-areas/echo-park/commercial-breaker-panel-service-maintenance/,/service-areas/echo-park/commercial-breaker-panel-service-maintenance/,0,6,0.0,8.17,5,6.338,"Rewrite title, meta, intro, CTA, and internal links"
311,https://shaffercon.com/industry-insights/boost-your-business-with-ev-charging-stations-a-guide,/industry-insights/boost-your-business-with-ev-charging-stations-a-guide/,0,6,0.0,8.33,5,6.338,"Rewrite title, meta, intro, CTA, and internal links"
312,https://shaffercon.com/service-areas/long-beach/commercial-complete-electrical-rewiring,/service-areas/long-beach/commercial-complete-electrical-rewiring/,0,6,0.0,8.5,5,6.338,"Rewrite title, meta, intro, CTA, and internal links"
313,https://shaffercon.com/service-areas/santa-clarita/commercial-pool-hot-tub-spa-electrical/,/service-areas/santa-clarita/commercial-pool-hot-tub-spa-electrical/,0,6,0.0,8.5,5,6.338,"Rewrite title, meta, intro, CTA, and internal links"
314,https://shaffercon.com/service-areas/torrance/commercial-ev-charger-installation/,/service-areas/torrance/commercial-ev-charger-installation/,0,6,0.0,9.83,5,6.338,"Rewrite title, meta, intro, CTA, and internal links"
315,https://shaffercon.com/industry-insights/electrician-pasadena-ev-chargers,/industry-insights/electrician-pasadena-ev-chargers/,0,6,0.0,10.0,5,6.338,"Rewrite title, meta, intro, CTA, and internal links"
316,https://shaffercon.com/led-retrofit-services/,/led-retrofit-services/,5,1398,0.0036,20.73,4,6.289,Expand content and add links from stronger pages
317,https://shaffercon.com/service-areas/torrance/residential-landscape-outdoor-lighting/,/service-areas/torrance/residential-landscape-outdoor-lighting/,0,16,0.0,17.88,4,6.275,Monitor or improve after higher value pages
318,https://shaffercon.com/service-areas/pasadena/residential-backup-generator-installation/,/service-areas/pasadena/residential-backup-generator-installation/,0,286,0.0,15.93,2,6.268,Monitor or improve after higher value pages
319,https://shaffercon.com/service-areas/culver-city/residential-landscape-outdoor-lighting,/service-areas/culver-city/residential-landscape-outdoor-lighting/,0,10,0.0,4.8,4,6.248,Improve snippet and add stronger hiring intent
320,https://shaffercon.com/service-areas/glendale/residential-security-motion-lighting,/service-areas/glendale/residential-security-motion-lighting/,0,10,0.0,5.4,4,6.248,Improve snippet and add stronger hiring intent
321,https://shaffercon.com/service-areas/west-hollywood/residential-security-motion-lighting/,/service-areas/west-hollywood/residential-security-motion-lighting/,0,10,0.0,5.6,4,6.248,Improve snippet and add stronger hiring intent
322,https://shaffercon.com/service-areas/long-beach/residential-lighting-installation-retrofitting/,/service-areas/long-beach/residential-lighting-installation-retrofitting/,0,10,0.0,7.7,4,6.248,Improve snippet and add stronger hiring intent
323,https://shaffercon.com/service-areas/venice/residential-electrical-code-compliance-corrections,/service-areas/venice/residential-electrical-code-compliance-corrections/,0,10,0.0,7.8,4,6.248,Improve snippet and add stronger hiring intent
324,https://shaffercon.com/service-areas/sherman-oaks/residential-landscape-outdoor-lighting,/service-areas/sherman-oaks/residential-landscape-outdoor-lighting/,0,10,0.0,9.2,4,6.248,Improve snippet and add stronger hiring intent
325,https://shaffercon.com/industry-insights/common-electrical-problems-older-los-angeles-homes,/industry-insights/common-electrical-problems-older-los-angeles-homes/,0,115,0.0,5.53,2,6.193,Monitor or improve after higher value pages
326,https://shaffercon.com/industry-insights/office-electrical-upgrades-modern-workplaces,/industry-insights/office-electrical-upgrades-modern-workplaces/,0,112,0.0,5.66,2,6.159,Monitor or improve after higher value pages
327,https://shaffercon.com/industry-insights/the-future-of-ev-charging-government-initiatives-innovations-and-challenges-in-2024/,/industry-insights/the-future-of-ev-charging-government-initiatives-innovations-and-challenges-in-2024/,0,219,0.0,37.58,5,6.149,Expand content and add links from stronger pages
328,https://shaffercon.com/service-areas/altadena/residential-electrical-code-compliance-corrections/,/service-areas/altadena/residential-electrical-code-compliance-corrections/,0,15,0.0,17.53,4,6.141,Monitor or improve after higher value pages
329,https://shaffercon.com/industry-insights/dedicated-circuits-when-why-home-appliances-need-them,/industry-insights/dedicated-circuits-when-why-home-appliances-need-them/,0,22,0.0,9.77,3,6.128,Monitor or improve after higher value pages
330,https://shaffercon.com/service-areas/atwater-village/,/service-areas/atwater-village/,0,251,0.0,16.33,2,6.124,Monitor or improve after higher value pages
331,https://shaffercon.com/industry-insights/california-2026-building-code-ev-charging-requirements-home-real-estate-trend-32-new-models/,/industry-insights/california-2026-building-code-ev-charging-requirements-home-real-estate-trend-32-new-models/,69,18574,0.0037,5.61,1,6.087,Deprioritize unless it supports a money page
332,https://shaffercon.com/industry-insights/ev-charging-infrastructure-trends-2024-innovations-accessibility-and-business-benefits-for-california-and-beyond,/industry-insights/ev-charging-infrastructure-trends-2024-innovations-accessibility-and-business-benefits-for-california-and-beyond/,0,8,0.0,10.38,5,6.083,"Rewrite title, meta, intro, CTA, and internal links"
333,https://shaffercon.com/service-areas/burbank/commercial-lighting-installation-retrofitting/,/service-areas/burbank/commercial-lighting-installation-retrofitting/,0,8,0.0,10.38,5,6.083,"Rewrite title, meta, intro, CTA, and internal links"
334,https://shaffercon.com/service-areas/beverly-hills/residential-backup-generator-installation/,/service-areas/beverly-hills/residential-backup-generator-installation/,0,8,0.0,11.0,5,6.083,"Rewrite title, meta, intro, CTA, and internal links"
335,https://shaffercon.com/service-areas/culver-city/commercial-ev-charger-installation/,/service-areas/culver-city/commercial-ev-charger-installation/,0,8,0.0,11.38,5,6.083,"Rewrite title, meta, intro, CTA, and internal links"
336,https://shaffercon.com/service-areas/torrance/commercial-outlet-switch-dimmer-services/,/service-areas/torrance/commercial-outlet-switch-dimmer-services/,0,8,0.0,12.75,5,6.083,"Rewrite title, meta, intro, CTA, and internal links"
337,https://shaffercon.com/industry-insights/ev-charging-in-california-types-installation-challenges-and-future-proof-solutions-for-homes-and-businesses/,/industry-insights/ev-charging-in-california-types-installation-challenges-and-future-proof-solutions-for-homes-and-businesses/,0,8,0.0,14.75,5,6.083,"Rewrite title, meta, intro, CTA, and internal links"
338,https://shaffercon.com/service-areas/pasadena/commercial-electrical-panel-upgrades,/service-areas/pasadena/commercial-electrical-panel-upgrades/,0,8,0.0,15.0,5,6.083,"Rewrite title, meta, intro, CTA, and internal links"
339,https://shaffercon.com/service-areas/west-hollywood/commercial-electrical-safety-inspections/,/service-areas/west-hollywood/commercial-electrical-safety-inspections/,0,8,0.0,15.75,5,6.083,"Rewrite title, meta, intro, CTA, and internal links"
340,https://shaffercon.com/service-areas/beverly-hills/residential-outlet-switch-dimmer-services/,/service-areas/beverly-hills/residential-outlet-switch-dimmer-services/,0,8,0.0,16.0,5,6.083,"Rewrite title, meta, intro, CTA, and internal links"
341,https://shaffercon.com/service-areas/burbank/commercial-landscape-outdoor-lighting,/service-areas/burbank/commercial-landscape-outdoor-lighting/,0,8,0.0,16.25,5,6.083,"Rewrite title, meta, intro, CTA, and internal links"
342,https://shaffercon.com/industry-insights/ev-charger-installation-in-los-angeles-the-2024-guide-to-home-public-and-commercial-solutions/,/industry-insights/ev-charger-installation-in-los-angeles-the-2024-guide-to-home-public-and-commercial-solutions/,0,8,0.0,17.38,5,6.083,"Rewrite title, meta, intro, CTA, and internal links"
343,https://shaffercon.com/service-areas/inglewood/commercial-smart-automation-systems/,/service-areas/inglewood/commercial-smart-automation-systems/,0,8,0.0,17.88,5,6.083,"Rewrite title, meta, intro, CTA, and internal links"
344,https://shaffercon.com/industry-insights/afci-installation-electrical-safety,/industry-insights/afci-installation-electrical-safety/,0,21,0.0,9.86,3,6.041,Monitor or improve after higher value pages
345,https://shaffercon.com/industry-insights/federal-pacific-zinsco-panels-replacement-los-angeles,/industry-insights/federal-pacific-zinsco-panels-replacement-los-angeles/,1,15,0.0667,7.8,5,6.021,Monitor or improve after higher value pages
346,https://shaffercon.com/industry-insights/power-outage-preparation-guide-los-angeles/,/industry-insights/power-outage-preparation-guide-los-angeles/,0,100,0.0,7.47,2,6.013,Monitor or improve after higher value pages
347,https://shaffercon.com/industry-insights/christmas-light-safety-maintenance-tips/,/industry-insights/christmas-light-safety-maintenance-tips/,0,225,0.0,14.19,2,6.003,Monitor or improve after higher value pages
348,https://shaffercon.com/service-areas/santa-monica/residential-security-motion-lighting/,/service-areas/santa-monica/residential-security-motion-lighting/,0,9,0.0,3.56,4,6.0,Improve snippet and add stronger hiring intent
349,https://shaffercon.com/electrical-load-studies/,/electrical-load-studies/,8,438,0.0183,5.39,2,5.993,Monitor or improve after higher value pages
350,https://shaffercon.com/service-areas/pasadena/residential-backup-generator-installation,/service-areas/pasadena/residential-backup-generator-installation/,0,223,0.0,17.31,2,5.993,Monitor or improve after higher value pages
351,https://shaffercon.com/industry-insights/aluminum-wiring-replacement-key-considerations-and-safety-tips,/industry-insights/aluminum-wiring-replacement-key-considerations-and-safety-tips/,0,93,0.0,8.45,2,5.919,Monitor or improve after higher value pages
352,https://shaffercon.com/service-areas/torrance/commercial-landscape-outdoor-lighting/,/service-areas/torrance/commercial-landscape-outdoor-lighting/,1,23,0.0435,15.52,5,5.866,Monitor or improve after higher value pages
353,https://shaffercon.com/industry-insights/electric-water-heater-installation-requirements-costs/,/industry-insights/electric-water-heater-installation-requirements-costs/,0,89,0.0,8.07,2,5.863,Monitor or improve after higher value pages
354,https://shaffercon.com/industry-insights/electrical-safety-inspection-checklist-los-angeles/,/industry-insights/electrical-safety-inspection-checklist-los-angeles/,3,846,0.0034999999999999996,29.17,4,5.862,Expand content and add links from stronger pages
355,https://shaffercon.com/industry-insights/emergency-electrical-repairs-when-to-call-electrician/,/industry-insights/emergency-electrical-repairs-when-to-call-electrician/,1,141,0.0070999999999999995,7.58,2,5.846,Monitor or improve after higher value pages
356,https://shaffercon.com/service-areas/culver-city/residential-electrical-code-compliance-corrections/,/service-areas/culver-city/residential-electrical-code-compliance-corrections/,0,13,0.0,12.77,4,5.845,Monitor or improve after higher value pages
357,https://shaffercon.com/industry-insights/overcoming-barriers-the-future-of-ev-charger-infrastructure-in-los-angeles/,/industry-insights/overcoming-barriers-the-future-of-ev-charger-infrastructure-in-los-angeles/,0,5,0.0,4.6,5,5.836,"Rewrite title, meta, intro, CTA, and internal links"
358,https://shaffercon.com/service-areas/west-hollywood/residential-electrical-panel-upgrades/,/service-areas/west-hollywood/residential-electrical-panel-upgrades/,0,5,0.0,4.6,5,5.836,"Rewrite title, meta, intro, CTA, and internal links"
359,https://shaffercon.com/industry-insights/the-future-of-ev-charging-in-los-angeles-trends-incentives-and-essential-upgrades-for-property-owners/,/industry-insights/the-future-of-ev-charging-in-los-angeles-trends-incentives-and-essential-upgrades-for-property-owners/,0,5,0.0,5.2,5,5.836,"Rewrite title, meta, intro, CTA, and internal links"
360,https://shaffercon.com/service-areas/west-hollywood/residential-electrical-panel-upgrades,/service-areas/west-hollywood/residential-electrical-panel-upgrades/,0,5,0.0,5.2,5,5.836,"Rewrite title, meta, intro, CTA, and internal links"
361,https://shaffercon.com/industry-insights/accelerating-ev-adoption-the-latest-trends-in-los-angeles-charging-infrastructure-and-what-they-mean-for-your-property,/industry-insights/accelerating-ev-adoption-the-latest-trends-in-los-angeles-charging-infrastructure-and-what-they-mean-for-your-property/,0,5,0.0,5.4,5,5.836,"Rewrite title, meta, intro, CTA, and internal links"
362,https://shaffercon.com/service-areas/echo-park/commercial-exhaust-fan-ventilation-wiring/,/service-areas/echo-park/commercial-exhaust-fan-ventilation-wiring/,0,5,0.0,5.6,5,5.836,"Rewrite title, meta, intro, CTA, and internal links"
363,https://shaffercon.com/service-areas/pasadena/commercial-electrical-troubleshooting-repairs/,/service-areas/pasadena/commercial-electrical-troubleshooting-repairs/,0,5,0.0,5.6,5,5.836,"Rewrite title, meta, intro, CTA, and internal links"
364,https://shaffercon.com/service-areas/hollywood/commercial-electrical-code-compliance-corrections/,/service-areas/hollywood/commercial-electrical-code-compliance-corrections/,0,5,0.0,6.6,5,5.836,"Rewrite title, meta, intro, CTA, and internal links"
365,https://shaffercon.com/service-areas/glendale/commercial-ceiling-fan-fixture-installation,/service-areas/glendale/commercial-ceiling-fan-fixture-installation/,0,5,0.0,7.4,5,5.836,"Rewrite title, meta, intro, CTA, and internal links"
366,https://shaffercon.com/service-areas/pasadena/residential-ev-charger-installation,/service-areas/pasadena/residential-ev-charger-installation/,0,5,0.0,7.6,5,5.836,"Rewrite title, meta, intro, CTA, and internal links"
367,https://shaffercon.com/service-areas/culver-city/commercial-exhaust-fan-ventilation-wiring,/service-areas/culver-city/commercial-exhaust-fan-ventilation-wiring/,0,5,0.0,7.8,5,5.836,"Rewrite title, meta, intro, CTA, and internal links"
368,https://shaffercon.com/service-areas/hollywood/commercial-security-motion-lighting/,/service-areas/hollywood/commercial-security-motion-lighting/,0,5,0.0,8.0,5,5.836,"Rewrite title, meta, intro, CTA, and internal links"
369,https://shaffercon.com/service-areas/glendale/commercial-pool-hot-tub-spa-electrical/,/service-areas/glendale/commercial-pool-hot-tub-spa-electrical/,0,5,0.0,8.2,5,5.836,"Rewrite title, meta, intro, CTA, and internal links"
370,https://shaffercon.com/service-areas/inglewood/commercial-ev-charger-installation/,/service-areas/inglewood/commercial-ev-charger-installation/,0,5,0.0,8.2,5,5.836,"Rewrite title, meta, intro, CTA, and internal links"
371,https://shaffercon.com/service-areas/sherman-oaks/commercial-pool-hot-tub-spa-electrical/,/service-areas/sherman-oaks/commercial-pool-hot-tub-spa-electrical/,0,5,0.0,8.2,5,5.836,"Rewrite title, meta, intro, CTA, and internal links"
372,https://shaffercon.com/service-areas/west-hollywood/commercial-dedicated-equipment-circuits/,/service-areas/west-hollywood/commercial-dedicated-equipment-circuits/,0,5,0.0,8.6,5,5.836,"Rewrite title, meta, intro, CTA, and internal links"
373,https://shaffercon.com/service-areas/west-hollywood/commercial-exhaust-fan-ventilation-wiring/,/service-areas/west-hollywood/commercial-exhaust-fan-ventilation-wiring/,0,5,0.0,8.6,5,5.836,"Rewrite title, meta, intro, CTA, and internal links"
374,https://shaffercon.com/service-areas/inglewood/commercial-complete-electrical-rewiring/,/service-areas/inglewood/commercial-complete-electrical-rewiring/,0,5,0.0,9.0,5,5.836,"Rewrite title, meta, intro, CTA, and internal links"
375,https://shaffercon.com/service-areas/echo-park/commercial-whole-building-surge-protection/,/service-areas/echo-park/commercial-whole-building-surge-protection/,0,5,0.0,9.2,5,5.836,"Rewrite title, meta, intro, CTA, and internal links"
376,https://shaffercon.com/service-areas/santa-monica/,/service-areas/santa-monica/,0,193,0.0,19.36,2,5.834,Monitor or improve after higher value pages
377,https://shaffercon.com/service-areas/silver-lake/,/service-areas/silver-lake/,0,188,0.0,10.53,2,5.805,Monitor or improve after higher value pages
378,https://shaffercon.com/industry-insights/under-cabinet-lighting-installation-guide,/industry-insights/under-cabinet-lighting-installation-guide/,1,27,0.037000000000000005,7.78,4,5.789,Monitor or improve after higher value pages
379,https://shaffercon.com/industry-insights/reliable-facilities-maintenance-electrician-services-by-shaffer-construction-inc,/industry-insights/reliable-facilities-maintenance-electrician-services-by-shaffer-construction-inc/,0,7,0.0,12.43,5,5.757,"Rewrite title, meta, intro, CTA, and internal links"
380,https://shaffercon.com/service-areas/atwater-village/commercial-backup-generator-installation,/service-areas/atwater-village/commercial-backup-generator-installation/,0,7,0.0,14.14,5,5.757,"Rewrite title, meta, intro, CTA, and internal links"
381,https://shaffercon.com/service-areas/hollywood/commercial-whole-building-surge-protection/,/service-areas/hollywood/commercial-whole-building-surge-protection/,0,7,0.0,17.29,5,5.757,"Rewrite title, meta, intro, CTA, and internal links"
382,https://shaffercon.com/service-areas/highland-park/commercial-complete-electrical-rewiring/,/service-areas/highland-park/commercial-complete-electrical-rewiring/,0,7,0.0,18.43,5,5.757,"Rewrite title, meta, intro, CTA, and internal links"
383,https://shaffercon.com/industry-insights/understanding-your-los-angeles-electrical-bill,/industry-insights/understanding-your-los-angeles-electrical-bill/,2,7030,0.0003,5.16,1,5.747,Deprioritize unless it supports a money page
384,https://shaffercon.com/industry-insights/electrician-lawndale-ca-trusted-local-electrical-services/,/industry-insights/electrician-lawndale-ca-trusted-local-electrical-services/,0,81,0.0,8.65,2,5.741,Monitor or improve after higher value pages
385,https://shaffercon.com/service-areas/west-hollywood/residential-security-motion-lighting,/service-areas/west-hollywood/residential-security-motion-lighting/,0,8,0.0,6.25,4,5.725,Improve snippet and add stronger hiring intent
386,https://shaffercon.com/about-us/,/about-us/,1,233,0.0043,10.55,2,5.695,Monitor or improve after higher value pages
387,https://shaffercon.com/service-areas/pacific-palisades/residential-smart-automation-systems/,/service-areas/pacific-palisades/residential-smart-automation-systems/,0,165,0.0,12.85,2,5.661,Monitor or improve after higher value pages
388,https://shaffercon.com/industry-insights/patio-deck-electrical-planning-guide-los-angeles,/industry-insights/patio-deck-electrical-planning-guide-los-angeles/,0,73,0.0,6.58,2,5.608,Monitor or improve after higher value pages
389,https://shaffercon.com/industry-insights/tesla-supercharger-business-program-us-dc-fast-charging-record-gas-stations-ev-chargers-california-leads-adoption/,/industry-insights/tesla-supercharger-business-program-us-dc-fast-charging-record-gas-stations-ev-chargers-california-leads-adoption/,1,5307,0.0002,9.29,1,5.572,Deprioritize unless it supports a money page
390,https://shaffercon.com/service-areas/torrance/residential-electrical-panel-upgrades,/service-areas/torrance/residential-electrical-panel-upgrades/,1,12,0.0833,5.42,5,5.57,Monitor or improve after higher value pages
391,https://shaffercon.com/industry-insights/understanding-voltage-drop-causes-and-solutions-for-your-home/,/industry-insights/understanding-voltage-drop-causes-and-solutions-for-your-home/,0,70,0.0,6.73,2,5.554,Monitor or improve after higher value pages
392,https://shaffercon.com/industry-insights/nec-2026-qualified-installer-requirement-charging-reliability-86-percent-commercial-roi-3-5-year-payback/,/industry-insights/nec-2026-qualified-installer-requirement-charging-reliability-86-percent-commercial-roi-3-5-year-payback/,9,5693,0.0016,5.94,1,5.513,Deprioritize unless it supports a money page
393,https://shaffercon.com/service-areas/highland-park/residential-lighting-installation-retrofitting/,/service-areas/highland-park/residential-lighting-installation-retrofitting/,0,11,0.0,19.36,4,5.504,Monitor or improve after higher value pages
394,https://shaffercon.com/industry-insights/the-essential-guide-to-ev-charging-infrastructure-benefits-strategies-and-future-trends,/industry-insights/the-essential-guide-to-ev-charging-infrastructure-benefits-strategies-and-future-trends/,0,122,0.0,37.14,5,5.486,Expand content and add links from stronger pages
395,https://shaffercon.com/service-areas/santa-monica/residential-complete-electrical-rewiring/,/service-areas/santa-monica/residential-complete-electrical-rewiring/,0,66,0.0,4.09,2,5.478,Monitor or improve after higher value pages
396,https://shaffercon.com/,/,47,1640,0.0287,11.45,2,5.466,Monitor or improve after higher value pages
397,https://shaffercon.com/industry-insights/understanding-the-value-of-licensed-electrical-contractors/,/industry-insights/understanding-the-value-of-licensed-electrical-contractors/,0,64,0.0,7.5,2,5.439,Monitor or improve after higher value pages
398,https://shaffercon.com/service-areas/santa-monica/residential-smart-automation-systems/,/service-areas/santa-monica/residential-smart-automation-systems/,0,63,0.0,9.03,2,5.419,Monitor or improve after higher value pages
399,https://shaffercon.com/service-areas/santa-monica/residential-electrical-safety-inspections,/service-areas/santa-monica/residential-electrical-safety-inspections/,0,7,0.0,4.71,4,5.419,Improve snippet and add stronger hiring intent
400,https://shaffercon.com/service-areas/santa-clarita/residential-security-motion-lighting/,/service-areas/santa-clarita/residential-security-motion-lighting/,0,7,0.0,5.57,4,5.419,Improve snippet and add stronger hiring intent
401,https://shaffercon.com/service-areas/santa-clarita/residential-electrical-safety-inspections,/service-areas/santa-clarita/residential-electrical-safety-inspections/,0,7,0.0,5.71,4,5.419,Improve snippet and add stronger hiring intent
402,https://shaffercon.com/service-areas/altadena/residential-landscape-outdoor-lighting/,/service-areas/altadena/residential-landscape-outdoor-lighting/,0,7,0.0,6.0,4,5.419,Improve snippet and add stronger hiring intent
403,https://shaffercon.com/service-areas/burbank/residential-electrical-code-compliance-corrections/,/service-areas/burbank/residential-electrical-code-compliance-corrections/,0,7,0.0,6.43,4,5.419,Improve snippet and add stronger hiring intent
404,https://shaffercon.com/service-areas/long-beach/residential-lighting-installation-retrofitting,/service-areas/long-beach/residential-lighting-installation-retrofitting/,0,7,0.0,7.0,4,5.419,Improve snippet and add stronger hiring intent
405,https://shaffercon.com/industry-insights/patio-deck-electrical-planning-guide-los-angeles/,/industry-insights/patio-deck-electrical-planning-guide-los-angeles/,0,62,0.0,6.89,2,5.398,Monitor or improve after higher value pages
406,https://shaffercon.com/service-areas/glendale/residential-exhaust-fan-ventilation-wiring,/service-areas/glendale/residential-exhaust-fan-ventilation-wiring/,0,62,0.0,8.48,2,5.398,Monitor or improve after higher value pages
407,https://shaffercon.com/service-areas/atwater-village/commercial-exhaust-fan-ventilation-wiring/,/service-areas/atwater-village/commercial-exhaust-fan-ventilation-wiring/,0,6,0.0,10.33,5,5.388,"Rewrite title, meta, intro, CTA, and internal links"
408,https://shaffercon.com/service-areas/venice/commercial-lighting-installation-retrofitting/,/service-areas/venice/commercial-lighting-installation-retrofitting/,0,6,0.0,11.17,5,5.388,"Rewrite title, meta, intro, CTA, and internal links"
409,https://shaffercon.com/service-areas/west-hollywood/commercial-electrical-code-compliance-corrections/,/service-areas/west-hollywood/commercial-electrical-code-compliance-corrections/,0,6,0.0,12.17,5,5.388,"Rewrite title, meta, intro, CTA, and internal links"
410,https://shaffercon.com/service-areas/beverly-hills/commercial-landscape-outdoor-lighting,/service-areas/beverly-hills/commercial-landscape-outdoor-lighting/,0,6,0.0,13.83,5,5.388,"Rewrite title, meta, intro, CTA, and internal links"
411,https://shaffercon.com/service-areas/santa-clarita/commercial-ceiling-fan-fixture-installation/,/service-areas/santa-clarita/commercial-ceiling-fan-fixture-installation/,0,6,0.0,15.33,5,5.388,"Rewrite title, meta, intro, CTA, and internal links"
412,https://shaffercon.com/service-areas/culver-city/commercial-smart-automation-systems,/service-areas/culver-city/commercial-smart-automation-systems/,0,6,0.0,15.5,5,5.388,"Rewrite title, meta, intro, CTA, and internal links"
413,https://shaffercon.com/service-areas/pasadena/commercial-electrical-troubleshooting-repairs,/service-areas/pasadena/commercial-electrical-troubleshooting-repairs/,0,6,0.0,19.67,5,5.388,"Rewrite title, meta, intro, CTA, and internal links"
414,https://shaffercon.com/industry-insights/house-rewire-tips-safety-reliability/,/industry-insights/house-rewire-tips-safety-reliability/,0,61,0.0,7.54,2,5.377,Monitor or improve after higher value pages
415,https://shaffercon.com/service-areas/torrance/residential-backup-generator-installation/,/service-areas/torrance/residential-backup-generator-installation/,0,59,0.0,4.41,2,5.334,Monitor or improve after higher value pages
416,https://shaffercon.com/service-areas/hollywood/,/service-areas/hollywood/,0,121,0.0,12.28,2,5.32,Monitor or improve after higher value pages
417,https://shaffercon.com/service-areas/los-feliz/,/service-areas/los-feliz/,1,178,0.005600000000000001,14.77,2,5.316,Monitor or improve after higher value pages
418,https://shaffercon.com/industry-insights/electric-water-heater-installation-requirements-costs,/industry-insights/electric-water-heater-installation-requirements-costs/,0,58,0.0,8.24,2,5.313,Monitor or improve after higher value pages
419,https://shaffercon.com/industry-insights/whole-house-generator-installation-guide-los-angeles/,/industry-insights/whole-house-generator-installation-guide-los-angeles/,2,145,0.0138,6.5,2,5.298,Monitor or improve after higher value pages
420,https://shaffercon.com/industry-insights/electrical-troubleshooting-basics-homeowners/,/industry-insights/electrical-troubleshooting-basics-homeowners/,0,55,0.0,7.44,2,5.245,Monitor or improve after higher value pages
421,https://shaffercon.com/industry-insights/the-future-of-electric-vehicle-charging-economic-benefits-technological-innovations-and-government-initiatives/,/industry-insights/the-future-of-electric-vehicle-charging-economic-benefits-technological-innovations-and-government-initiatives/,0,4,0.0,3.25,5,5.242,"Rewrite title, meta, intro, CTA, and internal links"
422,https://shaffercon.com/service-areas/altadena/commercial-lighting-installation-retrofitting,/service-areas/altadena/commercial-lighting-installation-retrofitting/,0,4,0.0,3.5,5,5.242,"Rewrite title, meta, intro, CTA, and internal links"
423,https://shaffercon.com/service-areas/echo-park/commercial-whole-building-surge-protection,/service-areas/echo-park/commercial-whole-building-surge-protection/,0,4,0.0,3.5,5,5.242,"Rewrite title, meta, intro, CTA, and internal links"
424,https://shaffercon.com/service-areas/beverly-hills/commercial-complete-electrical-rewiring/,/service-areas/beverly-hills/commercial-complete-electrical-rewiring/,0,4,0.0,4.25,5,5.242,"Rewrite title, meta, intro, CTA, and internal links"
425,https://shaffercon.com/industry-insights/home-panel-upgrade-guide/,/industry-insights/home-panel-upgrade-guide/,0,4,0.0,4.75,5,5.242,"Rewrite title, meta, intro, CTA, and internal links"
426,https://shaffercon.com/service-areas/echo-park/commercial-breaker-panel-service-maintenance,/service-areas/echo-park/commercial-breaker-panel-service-maintenance/,0,4,0.0,5.0,5,5.242,"Rewrite title, meta, intro, CTA, and internal links"
427,https://shaffercon.com/service-areas/venice/commercial-security-motion-lighting/,/service-areas/venice/commercial-security-motion-lighting/,0,4,0.0,5.25,5,5.242,"Rewrite title, meta, intro, CTA, and internal links"
428,https://shaffercon.com/service-areas/santa-monica/commercial-electrical-code-compliance-corrections/,/service-areas/santa-monica/commercial-electrical-code-compliance-corrections/,0,4,0.0,5.5,5,5.242,"Rewrite title, meta, intro, CTA, and internal links"
429,https://shaffercon.com/service-areas/los-feliz/commercial-lighting-installation-retrofitting/,/service-areas/los-feliz/commercial-lighting-installation-retrofitting/,0,4,0.0,5.75,5,5.242,"Rewrite title, meta, intro, CTA, and internal links"
430,https://shaffercon.com/service-areas/santa-clarita/commercial-ev-charger-installation/,/service-areas/santa-clarita/commercial-ev-charger-installation/,0,4,0.0,5.75,5,5.242,"Rewrite title, meta, intro, CTA, and internal links"
431,https://shaffercon.com/service-areas/santa-clarita/commercial-lighting-installation-retrofitting,/service-areas/santa-clarita/commercial-lighting-installation-retrofitting/,0,4,0.0,5.75,5,5.242,"Rewrite title, meta, intro, CTA, and internal links"
432,https://shaffercon.com/service-areas/pacific-palisades/commercial-whole-building-surge-protection/,/service-areas/pacific-palisades/commercial-whole-building-surge-protection/,0,4,0.0,6.0,5,5.242,"Rewrite title, meta, intro, CTA, and internal links"
433,https://shaffercon.com/service-areas/altadena/commercial-electrical-safety-inspections/,/service-areas/altadena/commercial-electrical-safety-inspections/,0,4,0.0,6.5,5,5.242,"Rewrite title, meta, intro, CTA, and internal links"
434,https://shaffercon.com/service-areas/long-beach/residential-electrical-panel-upgrades/,/service-areas/long-beach/residential-electrical-panel-upgrades/,0,4,0.0,6.5,5,5.242,"Rewrite title, meta, intro, CTA, and internal links"
435,https://shaffercon.com/industry-insights/winter-electrical-tips-safeguarding-your-ev-chargers-more/,/industry-insights/winter-electrical-tips-safeguarding-your-ev-chargers-more/,0,4,0.0,7.0,5,5.242,"Rewrite title, meta, intro, CTA, and internal links"
436,https://shaffercon.com/service-areas/atwater-village/commercial-electrical-code-compliance-corrections,/service-areas/atwater-village/commercial-electrical-code-compliance-corrections/,0,4,0.0,7.0,5,5.242,"Rewrite title, meta, intro, CTA, and internal links"
437,https://shaffercon.com/service-areas/santa-monica/commercial-complete-electrical-rewiring,/service-areas/santa-monica/commercial-complete-electrical-rewiring/,0,4,0.0,7.25,5,5.242,"Rewrite title, meta, intro, CTA, and internal links"
438,https://shaffercon.com/service-areas/altadena/commercial-ev-charger-installation/,/service-areas/altadena/commercial-ev-charger-installation/,0,4,0.0,7.5,5,5.242,"Rewrite title, meta, intro, CTA, and internal links"
439,https://shaffercon.com/service-areas/burbank/commercial-electrical-troubleshooting-repairs,/service-areas/burbank/commercial-electrical-troubleshooting-repairs/,0,4,0.0,7.5,5,5.242,"Rewrite title, meta, intro, CTA, and internal links"
440,https://shaffercon.com/service-areas/beverly-hills/commercial-backup-generator-installation/,/service-areas/beverly-hills/commercial-backup-generator-installation/,0,4,0.0,7.75,5,5.242,"Rewrite title, meta, intro, CTA, and internal links"
441,https://shaffercon.com/service-areas/santa-clarita/residential-breaker-panel-service-maintenance,/service-areas/santa-clarita/residential-breaker-panel-service-maintenance/,0,4,0.0,7.75,5,5.242,"Rewrite title, meta, intro, CTA, and internal links"
442,https://shaffercon.com/service-areas/sherman-oaks/commercial-complete-electrical-rewiring,/service-areas/sherman-oaks/commercial-complete-electrical-rewiring/,0,4,0.0,7.75,5,5.242,"Rewrite title, meta, intro, CTA, and internal links"
443,https://shaffercon.com/service-areas/venice/commercial-energy-efficiency-upgrades/,/service-areas/venice/commercial-energy-efficiency-upgrades/,0,4,0.0,8.0,5,5.242,"Rewrite title, meta, intro, CTA, and internal links"
444,https://shaffercon.com/service-areas/echo-park/residential-ev-charger-installation,/service-areas/echo-park/residential-ev-charger-installation/,0,4,0.0,8.5,5,5.242,"Rewrite title, meta, intro, CTA, and internal links"
445,https://shaffercon.com/industry-insights/the-future-of-electric-vehicle-charging-economic-benefits-technological-innovations-and-government-initiatives,/industry-insights/the-future-of-electric-vehicle-charging-economic-benefits-technological-innovations-and-government-initiatives/,0,4,0.0,9.25,5,5.242,"Rewrite title, meta, intro, CTA, and internal links"
446,https://shaffercon.com/service-areas/culver-city/commercial-backup-generator-installation,/service-areas/culver-city/commercial-backup-generator-installation/,0,4,0.0,9.75,5,5.242,"Rewrite title, meta, intro, CTA, and internal links"
447,https://shaffercon.com/service-areas/silver-lake/commercial-outlet-switch-dimmer-services/,/service-areas/silver-lake/commercial-outlet-switch-dimmer-services/,0,4,0.0,9.75,5,5.242,"Rewrite title, meta, intro, CTA, and internal links"
448,https://shaffercon.com/industry-insights/smart-ev-charging-solutions/,/industry-insights/smart-ev-charging-solutions/,0,4,0.0,10.0,5,5.242,"Rewrite title, meta, intro, CTA, and internal links"
449,https://shaffercon.com/industry-insights/ev-charger-installation-infrastructure-how-to-decide-pay-for-and-plan-your-project/,/industry-insights/ev-charger-installation-infrastructure-how-to-decide-pay-for-and-plan-your-project/,0,98,0.0,24.45,5,5.239,Expand content and add links from stronger pages
450,https://shaffercon.com/service-areas/long-beach/residential-ceiling-fan-fixture-installation/,/service-areas/long-beach/residential-ceiling-fan-fixture-installation/,0,54,0.0,6.69,2,5.221,Monitor or improve after higher value pages
451,https://shaffercon.com/industry-insights/residential-electrical-services-what-every-homeowner-should-know-about-hiring-a-contractor,/industry-insights/residential-electrical-services-what-every-homeowner-should-know-about-hiring-a-contractor/,1,10,0.1,4.3,5,5.207,Monitor or improve after higher value pages
452,https://shaffercon.com/service-areas/burbank/residential-smart-automation-systems/,/service-areas/burbank/residential-smart-automation-systems/,0,53,0.0,7.58,2,5.197,Monitor or improve after higher value pages
453,https://shaffercon.com/industry-insights/tesla-worlds-largest-supercharger-los-angeles-curbside-charging-expansion-volkswagen-network-access-dynamic-pricing-long-beach-ev-infrastructure/,/industry-insights/tesla-worlds-largest-supercharger-los-angeles-curbside-charging-expansion-volkswagen-network-access-dynamic-pricing-long-beach-ev-infrastructure/,5,3303,0.0015,8.59,1,5.173,Deprioritize unless it supports a money page
454,https://shaffercon.com/service-areas/torrance/residential-ceiling-fan-fixture-installation/,/service-areas/torrance/residential-ceiling-fan-fixture-installation/,0,52,0.0,6.58,2,5.173,Monitor or improve after higher value pages
455,https://shaffercon.com/service-areas/burbank/residential-data-network-av-wiring/,/service-areas/burbank/residential-data-network-av-wiring/,0,52,0.0,9.75,2,5.173,Monitor or improve after higher value pages
456,https://shaffercon.com/industry-insights/ceiling-fan-installation-benefits-aesthetics/,/industry-insights/ceiling-fan-installation-benefits-aesthetics/,0,51,0.0,6.51,2,5.148,Monitor or improve after higher value pages
457,https://shaffercon.com/industry-insights/electrical-tips-new-construction/,/industry-insights/electrical-tips-new-construction/,0,50,0.0,8.52,2,5.123,Monitor or improve after higher value pages
458,https://shaffercon.com/service-areas/santa-clarita/residential-landscape-outdoor-lighting/,/service-areas/santa-clarita/residential-landscape-outdoor-lighting/,0,9,0.0,10.56,4,5.1,Improve snippet and add stronger hiring intent
459,https://shaffercon.com/service-areas/pasadena/residential-whole-building-surge-protection,/service-areas/pasadena/residential-whole-building-surge-protection/,0,48,0.0,3.88,2,5.071,Monitor or improve after higher value pages
460,https://shaffercon.com/service-areas/sherman-oaks/residential-security-motion-lighting,/service-areas/sherman-oaks/residential-security-motion-lighting/,0,6,0.0,3.67,4,5.071,Improve snippet and add stronger hiring intent
461,https://shaffercon.com/service-areas/santa-clarita/residential-security-motion-lighting,/service-areas/santa-clarita/residential-security-motion-lighting/,0,6,0.0,6.67,4,5.071,Improve snippet and add stronger hiring intent
462,https://shaffercon.com/service-areas/torrance/residential-security-motion-lighting/,/service-areas/torrance/residential-security-motion-lighting/,0,6,0.0,7.83,4,5.071,Improve snippet and add stronger hiring intent
463,https://shaffercon.com/service-areas/pasadena/residential-ceiling-fan-fixture-installation/,/service-areas/pasadena/residential-ceiling-fan-fixture-installation/,0,46,0.0,5.8,2,5.016,Monitor or improve after higher value pages
464,https://shaffercon.com/service-areas/long-beach/commercial-ev-charger-installation,/service-areas/long-beach/commercial-ev-charger-installation/,1,9,0.11109999999999999,6.33,5,5.0,Monitor or improve after higher value pages
465,https://shaffercon.com/industry-insights/ev-charging-infrastructure-in-california-latest-trends-challenges-and-solutions-for-homeowners-and-businesses,/industry-insights/ev-charging-infrastructure-in-california-latest-trends-challenges-and-solutions-for-homeowners-and-businesses/,0,79,0.0,24.14,5,4.996,Expand content and add links from stronger pages
466,https://shaffercon.com/service-areas/altadena/commercial-data-network-av-wiring/,/service-areas/altadena/commercial-data-network-av-wiring/,0,5,0.0,10.8,5,4.961,"Rewrite title, meta, intro, CTA, and internal links"
467,https://shaffercon.com/service-areas/burbank/commercial-whole-building-surge-protection/,/service-areas/burbank/commercial-whole-building-surge-protection/,0,5,0.0,11.0,5,4.961,"Rewrite title, meta, intro, CTA, and internal links"
468,https://shaffercon.com/service-areas/pacific-palisades/commercial-landscape-outdoor-lighting/,/service-areas/pacific-palisades/commercial-landscape-outdoor-lighting/,0,5,0.0,11.6,5,4.961,"Rewrite title, meta, intro, CTA, and internal links"
469,https://shaffercon.com/service-areas/sherman-oaks/commercial-ev-charger-installation/,/service-areas/sherman-oaks/commercial-ev-charger-installation/,0,5,0.0,12.2,5,4.961,"Rewrite title, meta, intro, CTA, and internal links"
470,https://shaffercon.com/industry-insights/ev-charger-installation-guide,/industry-insights/ev-charger-installation-guide/,0,5,0.0,13.2,5,4.961,"Rewrite title, meta, intro, CTA, and internal links"
471,https://shaffercon.com/service-areas/inglewood/commercial-security-motion-lighting/,/service-areas/inglewood/commercial-security-motion-lighting/,0,5,0.0,14.0,5,4.961,"Rewrite title, meta, intro, CTA, and internal links"
472,https://shaffercon.com/service-areas/burbank/commercial-electrical-code-compliance-corrections/,/service-areas/burbank/commercial-electrical-code-compliance-corrections/,0,5,0.0,15.6,5,4.961,"Rewrite title, meta, intro, CTA, and internal links"
473,https://shaffercon.com/service-areas/glendale/commercial-electrical-troubleshooting-repairs,/service-areas/glendale/commercial-electrical-troubleshooting-repairs/,0,5,0.0,19.4,5,4.961,"Rewrite title, meta, intro, CTA, and internal links"
474,https://shaffercon.com/service-areas/long-beach/commercial-landscape-outdoor-lighting/,/service-areas/long-beach/commercial-landscape-outdoor-lighting/,0,76,0.0,32.37,5,4.952,Expand content and add links from stronger pages
475,https://shaffercon.com/industry-insights/tesla-supercharger-record-polestar-4-price-cut-ann-arbor-ev-expansion-florida-wireless-charging-byd-megawatt/,/industry-insights/tesla-supercharger-record-polestar-4-price-cut-ann-arbor-ev-expansion-florida-wireless-charging-byd-megawatt/,0,1916,0.0,7.67,1,4.924,Deprioritize unless it supports a money page
476,https://shaffercon.com/service-areas/glendale/residential-lighting-installation-retrofitting/,/service-areas/glendale/residential-lighting-installation-retrofitting/,0,8,0.0,12.0,4,4.867,Improve snippet and add stronger hiring intent
477,https://shaffercon.com/service-areas/inglewood/residential-electrical-panel-upgrades/,/service-areas/inglewood/residential-electrical-panel-upgrades/,1,8,0.125,4.62,5,4.771,Monitor or improve after higher value pages
478,https://shaffercon.com/service-areas/glendale/residential-data-network-av-wiring/,/service-areas/glendale/residential-data-network-av-wiring/,0,71,0.0,16.06,2,4.736,Monitor or improve after higher value pages
479,https://shaffercon.com/service-areas/highland-park/,/service-areas/highland-park/,1,120,0.0083,19.02,2,4.723,Monitor or improve after higher value pages
480,https://shaffercon.com/service-areas/long-beach/commercial-ceiling-fan-fixture-installation/,/service-areas/long-beach/commercial-ceiling-fan-fixture-installation/,0,62,0.0,22.02,5,4.723,Expand content and add links from stronger pages
481,https://shaffercon.com/service-areas/santa-clarita/residential-lighting-installation-retrofitting/,/service-areas/santa-clarita/residential-lighting-installation-retrofitting/,0,5,0.0,5.0,4,4.669,Improve snippet and add stronger hiring intent
482,https://shaffercon.com/service-areas/santa-monica/residential-security-motion-lighting,/service-areas/santa-monica/residential-security-motion-lighting/,0,5,0.0,7.2,4,4.669,Improve snippet and add stronger hiring intent
483,https://shaffercon.com/service-areas/silver-lake/residential-electrical-code-compliance-corrections/,/service-areas/silver-lake/residential-electrical-code-compliance-corrections/,0,5,0.0,7.2,4,4.669,Improve snippet and add stronger hiring intent
484,https://shaffercon.com/service-areas/echo-park/residential-landscape-outdoor-lighting/,/service-areas/echo-park/residential-landscape-outdoor-lighting/,0,5,0.0,8.0,4,4.669,Improve snippet and add stronger hiring intent
485,https://shaffercon.com/service-areas/hollywood/residential-security-motion-lighting,/service-areas/hollywood/residential-security-motion-lighting/,0,5,0.0,8.2,4,4.669,Improve snippet and add stronger hiring intent
486,https://shaffercon.com/service-areas/long-beach/residential-ceiling-fan-fixture-installation,/service-areas/long-beach/residential-ceiling-fan-fixture-installation/,0,34,0.0,6.44,2,4.632,Monitor or improve after higher value pages
487,https://shaffercon.com/service-areas/burbank/residential-energy-efficiency-upgrades/,/service-areas/burbank/residential-energy-efficiency-upgrades/,0,33,0.0,8.18,2,4.594,Monitor or improve after higher value pages
488,https://shaffercon.com/industry-insights/power-tips-for-your-refrigerator-ensuring-efficient-operation/,/industry-insights/power-tips-for-your-refrigerator-ensuring-efficient-operation/,0,33,0.0,8.33,2,4.594,Monitor or improve after higher value pages
489,https://shaffercon.com/service-areas/sherman-oaks/residential-complete-electrical-rewiring/,/service-areas/sherman-oaks/residential-complete-electrical-rewiring/,0,32,0.0,3.91,2,4.556,Monitor or improve after higher value pages
490,https://shaffercon.com/industry-insights/exploring-the-benefits-of-solar-power-integration-in-electrical-systems/,/industry-insights/exploring-the-benefits-of-solar-power-integration-in-electrical-systems/,0,32,0.0,9.94,2,4.556,Monitor or improve after higher value pages
491,https://shaffercon.com/industry-insights/tesla-940k-supercharger-business-configurator-walmart-50-percent-expansion-yermo-400-stall-toronto-480v-fast-track-coachella-charging-congestion/,/industry-insights/tesla-940k-supercharger-business-configurator-walmart-50-percent-expansion-yermo-400-stall-toronto-480v-fast-track-coachella-charging-congestion/,1,1145,0.0009,6.73,1,4.534,Deprioritize unless it supports a money page
492,https://shaffercon.com/service-areas/santa-clarita/commercial-backup-generator-installation/,/service-areas/santa-clarita/commercial-backup-generator-installation/,1,7,0.1429,6.71,5,4.515,Monitor or improve after higher value pages
493,https://shaffercon.com/service-areas/sherman-oaks/commercial-electrical-troubleshooting-repairs,/service-areas/sherman-oaks/commercial-electrical-troubleshooting-repairs/,1,7,0.1429,8.71,5,4.515,Monitor or improve after higher value pages
494,https://shaffercon.com/service-areas/santa-monica/residential-ceiling-fan-fixture-installation/,/service-areas/santa-monica/residential-ceiling-fan-fixture-installation/,0,31,0.0,4.26,2,4.515,Monitor or improve after higher value pages
495,https://shaffercon.com/industry-insights/overcoming-barriers-the-future-of-ev-charger-infrastructure-in-los-angeles,/industry-insights/overcoming-barriers-the-future-of-ev-charger-infrastructure-in-los-angeles/,0,3,0.0,4.0,5,4.515,"Rewrite title, meta, intro, CTA, and internal links"
496,https://shaffercon.com/service-areas/burbank/commercial-complete-electrical-rewiring/,/service-areas/burbank/commercial-complete-electrical-rewiring/,0,3,0.0,4.0,5,4.515,"Rewrite title, meta, intro, CTA, and internal links"
497,https://shaffercon.com/industry-insights/expanding-ev-charging-infrastructure-current-trends-challenges-and-future-investment/,/industry-insights/expanding-ev-charging-infrastructure-current-trends-challenges-and-future-investment/,0,3,0.0,4.33,5,4.515,"Rewrite title, meta, intro, CTA, and internal links"
498,https://shaffercon.com/service-areas/culver-city/commercial-data-network-av-wiring/,/service-areas/culver-city/commercial-data-network-av-wiring/,0,3,0.0,4.33,5,4.515,"Rewrite title, meta, intro, CTA, and internal links"
499,https://shaffercon.com/service-areas/torrance/commercial-smart-automation-systems/,/service-areas/torrance/commercial-smart-automation-systems/,0,3,0.0,4.33,5,4.515,"Rewrite title, meta, intro, CTA, and internal links"
500,https://shaffercon.com/industry-insights/ev-charging-in-2024-essential-trends-and-installation-tips-for-homeowners-businesses-in-los-angeles/,/industry-insights/ev-charging-in-2024-essential-trends-and-installation-tips-for-homeowners-businesses-in-los-angeles/,0,3,0.0,4.67,5,4.515,"Rewrite title, meta, intro, CTA, and internal links"
501,https://shaffercon.com/service-areas/atwater-village/commercial-breaker-panel-service-maintenance,/service-areas/atwater-village/commercial-breaker-panel-service-maintenance/,0,3,0.0,4.67,5,4.515,"Rewrite title, meta, intro, CTA, and internal links"
502,https://shaffercon.com/service-areas/torrance/commercial-pool-hot-tub-spa-electrical/,/service-areas/torrance/commercial-pool-hot-tub-spa-electrical/,0,3,0.0,4.67,5,4.515,"Rewrite title, meta, intro, CTA, and internal links"
503,https://shaffercon.com/service-areas/atwater-village/commercial-energy-efficiency-upgrades/,/service-areas/atwater-village/commercial-energy-efficiency-upgrades/,0,3,0.0,5.33,5,4.515,"Rewrite title, meta, intro, CTA, and internal links"
504,https://shaffercon.com/service-areas/atwater-village/residential-electrical-panel-upgrades,/service-areas/atwater-village/residential-electrical-panel-upgrades/,0,3,0.0,5.33,5,4.515,"Rewrite title, meta, intro, CTA, and internal links"
505,https://shaffercon.com/service-areas/hollywood/commercial-pool-hot-tub-spa-electrical/,/service-areas/hollywood/commercial-pool-hot-tub-spa-electrical/,0,3,0.0,5.33,5,4.515,"Rewrite title, meta, intro, CTA, and internal links"
506,https://shaffercon.com/service-areas/inglewood/commercial-dedicated-equipment-circuits/,/service-areas/inglewood/commercial-dedicated-equipment-circuits/,0,3,0.0,5.33,5,4.515,"Rewrite title, meta, intro, CTA, and internal links"
507,https://shaffercon.com/service-areas/beverly-hills/commercial-dedicated-equipment-circuits/,/service-areas/beverly-hills/commercial-dedicated-equipment-circuits/,0,3,0.0,5.67,5,4.515,"Rewrite title, meta, intro, CTA, and internal links"
508,https://shaffercon.com/service-areas/boyle-heights/residential-electrical-panel-upgrades/,/service-areas/boyle-heights/residential-electrical-panel-upgrades/,0,3,0.0,5.67,5,4.515,"Rewrite title, meta, intro, CTA, and internal links"
509,https://shaffercon.com/service-areas/santa-monica/residential-electrical-panel-upgrades,/service-areas/santa-monica/residential-electrical-panel-upgrades/,0,3,0.0,6.33,5,4.515,"Rewrite title, meta, intro, CTA, and internal links"
510,https://shaffercon.com/industry-insights/expanding-ev-charging-infrastructure-current-trends-challenges-and-future-investment,/industry-insights/expanding-ev-charging-infrastructure-current-trends-challenges-and-future-investment/,0,3,0.0,7.33,5,4.515,"Rewrite title, meta, intro, CTA, and internal links"
511,https://shaffercon.com/industry-insights/knowing-when-to-upgrade-your-commercial-electrical-systems,/industry-insights/knowing-when-to-upgrade-your-commercial-electrical-systems/,0,3,0.0,7.33,5,4.515,"Rewrite title, meta, intro, CTA, and internal links"
512,https://shaffercon.com/service-areas/echo-park/commercial-dedicated-equipment-circuits/,/service-areas/echo-park/commercial-dedicated-equipment-circuits/,0,3,0.0,7.33,5,4.515,"Rewrite title, meta, intro, CTA, and internal links"
513,https://shaffercon.com/industry-insights/the-critical-importance-of-investing-in-ev-charging-infrastructure-for-a-sustainable-future,/industry-insights/the-critical-importance-of-investing-in-ev-charging-infrastructure-for-a-sustainable-future/,0,3,0.0,7.67,5,4.515,"Rewrite title, meta, intro, CTA, and internal links"
514,https://shaffercon.com/service-areas/echo-park/commercial-ev-charger-installation/,/service-areas/echo-park/commercial-ev-charger-installation/,0,3,0.0,7.67,5,4.515,"Rewrite title, meta, intro, CTA, and internal links"
515,https://shaffercon.com/service-areas/inglewood/commercial-electrical-code-compliance-corrections/,/service-areas/inglewood/commercial-electrical-code-compliance-corrections/,0,3,0.0,7.67,5,4.515,"Rewrite title, meta, intro, CTA, and internal links"
516,https://shaffercon.com/service-areas/santa-monica/commercial-electrical-safety-inspections,/service-areas/santa-monica/commercial-electrical-safety-inspections/,0,3,0.0,7.67,5,4.515,"Rewrite title, meta, intro, CTA, and internal links"
517,https://shaffercon.com/service-areas/hollywood/residential-ev-charger-installation,/service-areas/hollywood/residential-ev-charger-installation/,0,3,0.0,8.0,5,4.515,"Rewrite title, meta, intro, CTA, and internal links"
518,https://shaffercon.com/service-areas/inglewood/commercial-ev-charger-installation,/service-areas/inglewood/commercial-ev-charger-installation/,0,3,0.0,8.0,5,4.515,"Rewrite title, meta, intro, CTA, and internal links"
519,https://shaffercon.com/service-areas/highland-park/commercial-lighting-installation-retrofitting,/service-areas/highland-park/commercial-lighting-installation-retrofitting/,0,50,0.0,26.24,5,4.482,Expand content and add links from stronger pages
520,https://shaffercon.com/service-areas/highland-park/commercial-lighting-installation-retrofitting/,/service-areas/highland-park/commercial-lighting-installation-retrofitting/,0,49,0.0,25.18,5,4.46,Expand content and add links from stronger pages
521,https://shaffercon.com/service-areas/burbank/commercial-electrical-panel-upgrades,/service-areas/burbank/commercial-electrical-panel-upgrades/,0,4,0.0,10.5,5,4.456,"Rewrite title, meta, intro, CTA, and internal links"
522,https://shaffercon.com/service-areas/burbank/commercial-data-network-av-wiring/,/service-areas/burbank/commercial-data-network-av-wiring/,0,4,0.0,11.0,5,4.456,"Rewrite title, meta, intro, CTA, and internal links"
523,https://shaffercon.com/service-areas/beverly-hills/residential-security-motion-lighting/,/service-areas/beverly-hills/residential-security-motion-lighting/,0,4,0.0,11.25,5,4.456,"Rewrite title, meta, intro, CTA, and internal links"
524,https://shaffercon.com/service-areas/burbank/commercial-ev-charger-installation/,/service-areas/burbank/commercial-ev-charger-installation/,0,4,0.0,11.75,5,4.456,"Rewrite title, meta, intro, CTA, and internal links"
525,https://shaffercon.com/service-areas/commercial-pool-hot-tub-spa-electrical/,/service-areas/commercial-pool-hot-tub-spa-electrical/,0,4,0.0,12.5,5,4.456,"Rewrite title, meta, intro, CTA, and internal links"
526,https://shaffercon.com/service-areas/sherman-oaks/commercial-outlet-switch-dimmer-services/,/service-areas/sherman-oaks/commercial-outlet-switch-dimmer-services/,0,4,0.0,12.75,5,4.456,"Rewrite title, meta, intro, CTA, and internal links"
527,https://shaffercon.com/service-areas/highland-park/commercial-electrical-code-compliance-corrections/,/service-areas/highland-park/commercial-electrical-code-compliance-corrections/,0,4,0.0,14.75,5,4.456,"Rewrite title, meta, intro, CTA, and internal links"
528,https://shaffercon.com/service-areas/sherman-oaks/commercial-security-motion-lighting/,/service-areas/sherman-oaks/commercial-security-motion-lighting/,0,4,0.0,17.75,5,4.456,"Rewrite title, meta, intro, CTA, and internal links"
529,https://shaffercon.com/service-areas/west-hollywood/commercial-energy-efficiency-upgrades/,/service-areas/west-hollywood/commercial-energy-efficiency-upgrades/,0,4,0.0,18.0,5,4.456,"Rewrite title, meta, intro, CTA, and internal links"
530,https://shaffercon.com/service-areas/santa-clarita/residential-backup-generator-installation/,/service-areas/santa-clarita/residential-backup-generator-installation/,1,68,0.0147,8.37,2,4.435,Monitor or improve after higher value pages
531,https://shaffercon.com/industry-insights/the-future-of-electric-vehicles-impact-on-home-electrical-systems/,/industry-insights/the-future-of-electric-vehicles-impact-on-home-electrical-systems/,0,29,0.0,5.9,2,4.431,Monitor or improve after higher value pages
532,https://shaffercon.com/industry-insights/october-2025-ev-charging-milestone-record-u-s-infrastructure-expansion-california-reliability-standards-and-innovative-streetlight-solutions-transform-los-angeles-landscape/,/industry-insights/october-2025-ev-charging-milestone-record-u-s-infrastructure-expansion-california-reliability-standards-and-innovative-streetlight-solutions-transform-los-angeles-landscape/,0,870,0.0,6.62,1,4.41,Deprioritize unless it supports a money page
533,https://shaffercon.com/industry-insights/understanding-the-latest-trends-in-residential-electrical-design/,/industry-insights/understanding-the-latest-trends-in-residential-electrical-design/,0,28,0.0,8.68,2,4.387,Monitor or improve after higher value pages
534,https://shaffercon.com/service-areas/pasadena/commercial-backup-generator-installation/,/service-areas/pasadena/commercial-backup-generator-installation/,0,45,0.0,25.07,5,4.365,Expand content and add links from stronger pages
535,https://shaffercon.com/industry-insights/garbage-disposal-maintenance-safety-tips/,/industry-insights/garbage-disposal-maintenance-safety-tips/,1,95,0.0105,10.25,2,4.347,Monitor or improve after higher value pages
536,https://shaffercon.com/industry-insights/byd-home-charger-sharing-pennsylvania-turnpike-nevi-eu-2035-goals-watered-down-snowbird-ski-resort-holiday-charging/,/industry-insights/byd-home-charger-sharing-pennsylvania-turnpike-nevi-eu-2035-goals-watered-down-snowbird-ski-resort-holiday-charging/,0,777,0.0,6.85,1,4.336,Deprioritize unless it supports a money page
537,https://shaffercon.com/industry-insights/china-mandatory-ev-efficiency-rules-genesis-gv60-nacs-pennsylvania-nevi-slate-truck-discontinued-evs/,/industry-insights/china-mandatory-ev-efficiency-rules-genesis-gv60-nacs-pennsylvania-nevi-slate-truck-discontinued-evs/,0,753,0.0,5.67,1,4.316,Deprioritize unless it supports a money page
538,https://shaffercon.com/service-areas/atwater-village/residential-ev-charger-installation/,/service-areas/atwater-village/residential-ev-charger-installation/,0,43,0.0,26.14,5,4.314,Expand content and add links from stronger pages
539,https://shaffercon.com/service-areas/atwater-village/residential-electrical-code-compliance-corrections,/service-areas/atwater-village/residential-electrical-code-compliance-corrections/,0,6,0.0,13.17,4,4.31,Monitor or improve after higher value pages
540,https://shaffercon.com/residential-security-motion-lighting/,/residential-security-motion-lighting/,0,6,0.0,13.83,4,4.31,Monitor or improve after higher value pages
541,https://shaffercon.com/service-areas/echo-park/residential-electrical-safety-inspections/,/service-areas/echo-park/residential-electrical-safety-inspections/,0,6,0.0,18.5,4,4.31,Monitor or improve after higher value pages
542,https://shaffercon.com/service-areas/venice/commercial-data-network-av-wiring/,/service-areas/venice/commercial-data-network-av-wiring/,1,9,0.11109999999999999,11.44,5,4.25,Monitor or improve after higher value pages
543,https://shaffercon.com/service-areas/sherman-oaks/residential-whole-building-surge-protection/,/service-areas/sherman-oaks/residential-whole-building-surge-protection/,0,25,0.0,5.0,2,4.245,Monitor or improve after higher value pages
544,https://shaffercon.com/industry-insights/generator-installations-power-security-for-your-home-or-business/,/industry-insights/generator-installations-power-security-for-your-home-or-business/,0,25,0.0,7.64,2,4.245,Monitor or improve after higher value pages
545,https://shaffercon.com/industry-insights/electrician-monterey-park-services-installation,/industry-insights/electrician-monterey-park-services-installation/,0,25,0.0,8.92,2,4.245,Monitor or improve after higher value pages
546,https://shaffercon.com/service-areas/burbank/residential-complete-electrical-rewiring/,/service-areas/burbank/residential-complete-electrical-rewiring/,0,24,0.0,5.96,2,4.194,Monitor or improve after higher value pages
547,https://shaffercon.com/industry-insights/electrician-irwindale-ca-skilled-electrical-assistance-for-your-projects/,/industry-insights/electrician-irwindale-ca-skilled-electrical-assistance-for-your-projects/,0,4,0.0,5.25,4,4.194,Improve snippet and add stronger hiring intent
548,https://shaffercon.com/service-areas/culver-city/residential-lighting-installation-retrofitting/,/service-areas/culver-city/residential-lighting-installation-retrofitting/,0,4,0.0,6.5,4,4.194,Improve snippet and add stronger hiring intent
549,https://shaffercon.com/service-areas/pasadena/residential-electrical-safety-inspections/,/service-areas/pasadena/residential-electrical-safety-inspections/,0,4,0.0,6.5,4,4.194,Improve snippet and add stronger hiring intent
550,https://shaffercon.com/industry-insights/led-landscape-lighting-upgrade,/industry-insights/led-landscape-lighting-upgrade/,0,4,0.0,7.25,4,4.194,Improve snippet and add stronger hiring intent
551,https://shaffercon.com/service-areas/santa-clarita/residential-electrical-code-compliance-corrections/,/service-areas/santa-clarita/residential-electrical-code-compliance-corrections/,0,4,0.0,7.25,4,4.194,Improve snippet and add stronger hiring intent
552,https://shaffercon.com/service-areas/glendale/residential-electrical-code-compliance-corrections/,/service-areas/glendale/residential-electrical-code-compliance-corrections/,0,4,0.0,7.5,4,4.194,Improve snippet and add stronger hiring intent
553,https://shaffercon.com/service-areas/west-hollywood/residential-electrical-safety-inspections/,/service-areas/west-hollywood/residential-electrical-safety-inspections/,0,4,0.0,7.75,4,4.194,Improve snippet and add stronger hiring intent
554,https://shaffercon.com/service-areas/santa-clarita/residential-ceiling-fan-fixture-installation/,/service-areas/santa-clarita/residential-ceiling-fan-fixture-installation/,0,43,0.0,12.6,2,4.191,Monitor or improve after higher value pages
555,https://shaffercon.com/industry-insights/ev-charging-infrastructure-network-milestones-65000-us-ports-illinois-funding-tesla-v4-technology-nevi-streamlining-and-google-maps-integration-shape-november-2025-market/,/industry-insights/ev-charging-infrastructure-network-milestones-65000-us-ports-illinois-funding-tesla-v4-technology-nevi-streamlining-and-google-maps-integration-shape-november-2025-market/,0,614,0.0,9.41,1,4.183,Deprioritize unless it supports a money page
556,https://shaffercon.com/industry-insights/the-future-is-electric-the-importance-of-ev-charging-stations-in-commercial-properties/,/industry-insights/the-future-is-electric-the-importance-of-ev-charging-stations-in-commercial-properties/,0,38,0.0,22.66,5,4.177,Expand content and add links from stronger pages
557,https://shaffercon.com/industry-insights/nacs-connector-48-percent-market-share-fleet-megawatt-charging-installation-costs-utility-rebates/,/industry-insights/nacs-connector-48-percent-market-share-fleet-megawatt-charging-installation-costs-utility-rebates/,0,582,0.0,5.3,1,4.149,Deprioritize unless it supports a money page
558,https://shaffercon.com/service-areas/santa-monica/residential-pool-hot-tub-spa-electrical/,/service-areas/santa-monica/residential-pool-hot-tub-spa-electrical/,0,23,0.0,6.78,2,4.141,Monitor or improve after higher value pages
559,https://shaffercon.com/industry-insights/stellantis-supercharger-access-dc-fast-charging-growth-autel-ces-electricfish-gas-stations-gm-writedown/,/industry-insights/stellantis-supercharger-access-dc-fast-charging-growth-autel-ces-electricfish-gas-stations-gm-writedown/,2,722,0.0028000000000000004,6.39,1,4.129,Deprioritize unless it supports a money page
560,https://shaffercon.com/ev-charging-infrastructure-update-nevi-milestones-tesla-record-expansion-and-growing-infrastructure-demands/,/ev-charging-infrastructure-update-nevi-milestones-tesla-record-expansion-and-growing-infrastructure-demands/,0,531,0.0,6.12,1,4.089,Deprioritize unless it supports a money page
561,https://shaffercon.com/industry-insights/autel-nayax-100k-contactless-payments-multifamily-charging-solutions-catl-sodium-ion-ai-grid-integration/,/industry-insights/autel-nayax-100k-contactless-payments-multifamily-charging-solutions-catl-sodium-ion-ai-grid-integration/,2,657,0.003,7.81,1,4.058,Deprioritize unless it supports a money page
562,https://shaffercon.com/service-areas/torrance/commercial-exhaust-fan-ventilation-wiring/,/service-areas/torrance/commercial-exhaust-fan-ventilation-wiring/,0,34,0.0,21.97,5,4.053,Expand content and add links from stronger pages
563,https://shaffercon.com/industry-insights/circuit-breaker-tips-repair-safety/,/industry-insights/circuit-breaker-tips-repair-safety/,0,21,0.0,6.86,2,4.027,Monitor or improve after higher value pages
564,https://shaffercon.com/industry-insights/fall-into-savings-efficient-electricity-use-in-autumn,/industry-insights/fall-into-savings-efficient-electricity-use-in-autumn/,0,21,0.0,7.48,2,4.027,Monitor or improve after higher value pages
565,https://shaffercon.com/service-areas/torrance/residential-smart-automation-systems/,/service-areas/torrance/residential-smart-automation-systems/,0,21,0.0,7.86,2,4.027,Monitor or improve after higher value pages
566,https://shaffercon.com/industry-insights/byd-overtakes-tesla-ev-winter-range-improvements-workplace-charging-growth-pennsylvania-nevi/,/industry-insights/byd-overtakes-tesla-ev-winter-range-improvements-workplace-charging-growth-pennsylvania-nevi/,0,482,0.0,6.78,1,4.026,Deprioritize unless it supports a money page
567,https://shaffercon.com/industry-insights/dodge-charger-nacs-tesla-supercharger-byd-megawatt-technology-year-environmental-groups-lawsuit-electrify-america-dual-cable/,/industry-insights/dodge-charger-nacs-tesla-supercharger-byd-megawatt-technology-year-environmental-groups-lawsuit-electrify-america-dual-cable/,0,469,0.0,6.52,1,4.008,Deprioritize unless it supports a money page
568,https://shaffercon.com/service-areas/torrance/residential-outlet-switch-dimmer-services/,/service-areas/torrance/residential-outlet-switch-dimmer-services/,0,10,0.0,10.6,3,3.983,Monitor or improve after higher value pages
569,https://shaffercon.com/service-areas/santa-monica/residential-electrical-safety-inspections/,/service-areas/santa-monica/residential-electrical-safety-inspections/,0,77,0.0,28.43,4,3.973,Expand content and add links from stronger pages
570,https://shaffercon.com/service-areas/long-beach/residential-smart-automation-systems,/service-areas/long-beach/residential-smart-automation-systems/,1,55,0.0182,6.62,2,3.972,Monitor or improve after higher value pages
571,https://shaffercon.com/service-areas/glendale/residential-exhaust-fan-ventilation-wiring/,/service-areas/glendale/residential-exhaust-fan-ventilation-wiring/,0,35,0.0,10.43,2,3.969,Monitor or improve after higher value pages
572,https://shaffercon.com/service-areas/pasadena/residential-lighting-installation-retrofitting,/service-areas/pasadena/residential-lighting-installation-retrofitting/,0,5,0.0,10.8,4,3.969,Improve snippet and add stronger hiring intent
573,https://shaffercon.com/service-areas/santa-clarita/residential-smart-automation-systems/,/service-areas/santa-clarita/residential-smart-automation-systems/,0,20,0.0,6.25,2,3.967,Monitor or improve after higher value pages
574,https://shaffercon.com/industry-insights/el-segundo-electrician-services-contractor/,/industry-insights/el-segundo-electrician-services-contractor/,0,20,0.0,6.75,2,3.967,Monitor or improve after higher value pages
575,https://shaffercon.com/service-areas/pasadena/residential-smart-automation-systems/,/service-areas/pasadena/residential-smart-automation-systems/,0,20,0.0,6.9,2,3.967,Monitor or improve after higher value pages
576,https://shaffercon.com/service-areas/west-hollywood/residential-dedicated-equipment-circuits/,/service-areas/west-hollywood/residential-dedicated-equipment-circuits/,0,20,0.0,7.8,2,3.967,Monitor or improve after higher value pages
577,https://shaffercon.com/industry-insights/smart-home-electrical-wiring-future-proofing-los-angeles/,/industry-insights/smart-home-electrical-wiring-future-proofing-los-angeles/,0,20,0.0,9.4,2,3.967,Monitor or improve after higher value pages
578,https://shaffercon.com/service-areas/highland-park/commercial-ev-charger-installation/,/service-areas/highland-park/commercial-ev-charger-installation/,0,30,0.0,27.17,5,3.915,Expand content and add links from stronger pages
579,https://shaffercon.com/industry-insights/ev-charging-70000-ports-nevi-reboots-california-79m-grants-v2g-mainstream/,/industry-insights/ev-charging-70000-ports-nevi-reboots-california-79m-grants-v2g-mainstream/,1,480,0.0021,5.43,1,3.911,Deprioritize unless it supports a money page
580,https://shaffercon.com/industry-insights/understanding-the-value-of-licensed-electrical-contractors,/industry-insights/understanding-the-value-of-licensed-electrical-contractors/,0,19,0.0,8.74,2,3.903,Monitor or improve after higher value pages
581,https://shaffercon.com/industry-insights/electrician-san-marino-ca-services/,/industry-insights/electrician-san-marino-ca-services/,0,19,0.0,9.53,2,3.903,Monitor or improve after higher value pages
582,https://shaffercon.com/industry-insights/the-ultimate-guide-to-christmas-lights-illuminate-your-holidays-with-shaffer-construction/,/industry-insights/the-ultimate-guide-to-christmas-lights-illuminate-your-holidays-with-shaffer-construction/,0,32,0.0,10.03,2,3.872,Monitor or improve after higher value pages
583,https://shaffercon.com/service-areas/pacific-palisades/residential-data-network-av-wiring/,/service-areas/pacific-palisades/residential-data-network-av-wiring/,0,32,0.0,10.75,2,3.872,Monitor or improve after higher value pages
584,https://shaffercon.com/service-areas/long-beach/commercial-data-network-av-wiring/,/service-areas/long-beach/commercial-data-network-av-wiring/,0,28,0.0,33.93,5,3.839,Expand content and add links from stronger pages
585,https://shaffercon.com/industry-insights/fuse-box-upgrade-guide/,/industry-insights/fuse-box-upgrade-guide/,0,31,0.0,11.03,2,3.838,Monitor or improve after higher value pages
586,https://shaffercon.com/industry-insights/gfci-safety-installation-guide,/industry-insights/gfci-safety-installation-guide/,1,18,0.0556,8.56,3,3.836,Monitor or improve after higher value pages
587,https://shaffercon.com/industry-insights/electric-services-brentwood-ca-experts/,/industry-insights/electric-services-brentwood-ca-experts/,0,18,0.0,5.22,2,3.836,Monitor or improve after higher value pages
588,https://shaffercon.com/service-areas/hollywood/residential-ceiling-fan-fixture-installation/,/service-areas/hollywood/residential-ceiling-fan-fixture-installation/,0,18,0.0,8.72,2,3.836,Monitor or improve after higher value pages
589,https://shaffercon.com/industry-insights/ac-charging-network-ev-tax-credits-ford-30k-pickup-tesla-fsd-market-forecast/,/industry-insights/ac-charging-network-ev-tax-credits-ford-30k-pickup-tesla-fsd-market-forecast/,1,418,0.0024,8.41,1,3.807,Deprioritize unless it supports a money page
590,https://shaffercon.com/service-areas/atwater-village/residential-pool-hot-tub-spa-electrical/,/service-areas/atwater-village/residential-pool-hot-tub-spa-electrical/,0,29,0.0,19.97,2,3.767,Monitor or improve after higher value pages
591,https://shaffercon.com/service-areas/glendale/residential-energy-efficiency-upgrades/,/service-areas/glendale/residential-energy-efficiency-upgrades/,0,17,0.0,7.94,2,3.766,Monitor or improve after higher value pages
592,https://shaffercon.com/service-areas/burbank/residential-exhaust-fan-ventilation-wiring/,/service-areas/burbank/residential-exhaust-fan-ventilation-wiring/,0,17,0.0,8.59,2,3.766,Monitor or improve after higher value pages
593,https://shaffercon.com/industry-insights/pool-hot-tub-electrical-requirements-los-angeles,/industry-insights/pool-hot-tub-electrical-requirements-los-angeles/,0,17,0.0,9.24,2,3.766,Monitor or improve after higher value pages
594,https://shaffercon.com/industry-insights/tesla-3d-supercharger-maps-porsche-closes-china-network-ford-ionna-plug-charge-holiday-travel-charging/,/industry-insights/tesla-3d-supercharger-maps-porsche-closes-china-network-ford-ionna-plug-charge-holiday-travel-charging/,0,318,0.0,7.8,1,3.756,Deprioritize unless it supports a money page
595,https://shaffercon.com/service-areas/glendale/commercial-electrical-troubleshooting-repairs/,/service-areas/glendale/commercial-electrical-troubleshooting-repairs/,0,25,0.0,22.52,5,3.714,Expand content and add links from stronger pages
596,https://shaffercon.com/industry-insights/us-dc-fast-charging-65000-stalls-byd-overtakes-tesla-2025-rivian-r2-affordable-evs-bolt-leaf/,/industry-insights/us-dc-fast-charging-65000-stalls-byd-overtakes-tesla-2025-rivian-r2-affordable-evs-bolt-leaf/,0,295,0.0,7.75,1,3.707,Deprioritize unless it supports a money page
597,https://shaffercon.com/service-areas/long-beach/residential-backup-generator-installation,/service-areas/long-beach/residential-backup-generator-installation/,0,26,0.0,11.08,2,3.65,Monitor or improve after higher value pages
598,https://shaffercon.com/service-areas/santa-monica/residential-backup-generator-installation,/service-areas/santa-monica/residential-backup-generator-installation/,0,26,0.0,11.19,2,3.65,Monitor or improve after higher value pages
599,https://shaffercon.com/industry-insights/states-sue-ev-charging-funds-65000-dc-fast-chargers-oslo-model-ws-development-electrify-america-2026-predictions/,/industry-insights/states-sue-ev-charging-funds-65000-dc-fast-chargers-oslo-model-ws-development-electrify-america-2026-predictions/,0,267,0.0,8.42,1,3.642,Deprioritize unless it supports a money page
600,https://shaffercon.com/industry-insights/gfci-safety-installation-guide/,/industry-insights/gfci-safety-installation-guide/,0,202,0.0,39.75,3,3.634,Monitor or improve after higher value pages
601,https://shaffercon.com/service-areas/santa-clarita/residential-pool-hot-tub-spa-electrical,/service-areas/santa-clarita/residential-pool-hot-tub-spa-electrical/,0,15,0.0,4.13,2,3.612,Monitor or improve after higher value pages
602,https://shaffercon.com/service-areas/glendale/residential-pool-hot-tub-spa-electrical/,/service-areas/glendale/residential-pool-hot-tub-spa-electrical/,0,15,0.0,5.27,2,3.612,Monitor or improve after higher value pages
603,https://shaffercon.com/service-areas/torrance/residential-data-network-av-wiring/,/service-areas/torrance/residential-data-network-av-wiring/,0,15,0.0,9.4,2,3.612,Monitor or improve after higher value pages
604,https://shaffercon.com/service-areas/long-beach/residential-electrical-safety-inspections/,/service-areas/long-beach/residential-electrical-safety-inspections/,0,3,0.0,4.67,4,3.612,Improve snippet and add stronger hiring intent
605,https://shaffercon.com/service-areas/sherman-oaks/residential-electrical-code-compliance-corrections/,/service-areas/sherman-oaks/residential-electrical-code-compliance-corrections/,0,3,0.0,6.0,4,3.612,Improve snippet and add stronger hiring intent
606,https://shaffercon.com/service-areas/burbank/residential-security-motion-lighting,/service-areas/burbank/residential-security-motion-lighting/,0,3,0.0,6.33,4,3.612,Improve snippet and add stronger hiring intent
607,https://shaffercon.com/service-areas/los-feliz/residential-security-motion-lighting/,/service-areas/los-feliz/residential-security-motion-lighting/,0,3,0.0,6.33,4,3.612,Improve snippet and add stronger hiring intent
608,https://shaffercon.com/service-areas/venice/residential-lighting-installation-retrofitting/,/service-areas/venice/residential-lighting-installation-retrofitting/,0,3,0.0,7.33,4,3.612,Improve snippet and add stronger hiring intent
609,https://shaffercon.com/service-areas/west-hollywood/residential-landscape-outdoor-lighting,/service-areas/west-hollywood/residential-landscape-outdoor-lighting/,0,3,0.0,7.33,4,3.612,Improve snippet and add stronger hiring intent
610,https://shaffercon.com/service-areas/torrance/residential-electrical-code-compliance-corrections/,/service-areas/torrance/residential-electrical-code-compliance-corrections/,0,3,0.0,8.0,4,3.612,Improve snippet and add stronger hiring intent
611,https://shaffercon.com/service-areas/inglewood/commercial-lighting-installation-retrofitting/,/service-areas/inglewood/commercial-lighting-installation-retrofitting/,0,22,0.0,29.64,5,3.575,Expand content and add links from stronger pages
612,https://shaffercon.com/service-areas/boyle-heights/residential-ev-charger-installation/,/service-areas/boyle-heights/residential-ev-charger-installation/,0,22,0.0,34.91,5,3.575,Expand content and add links from stronger pages
613,https://shaffercon.com/service-areas/pacific-palisades/residential-security-motion-lighting/,/service-areas/pacific-palisades/residential-security-motion-lighting/,0,4,0.0,12.25,4,3.565,Monitor or improve after higher value pages
614,https://shaffercon.com/industry-insights/critical-ev-charging-infrastructure-developments-600kw-ultra-fast-charging-launch-reliability-crisis-exposed-california-surpasses-200000-chargers-federal-heavy-duty-investment-and-municipal-gran/,/industry-insights/critical-ev-charging-infrastructure-developments-600kw-ultra-fast-charging-launch-reliability-crisis-exposed-california-surpasses-200000-chargers-federal-heavy-duty-investment-and-municipal-gran/,0,231,0.0,6.46,1,3.548,Deprioritize unless it supports a money page
615,https://shaffercon.com/industry-insights/tesla-superchargers-80000-stalls-kia-ev3-35k-debut-ev-realty-truck-hub-tariffs-charging-costs-v2g-mainstream/,/industry-insights/tesla-superchargers-80000-stalls-kia-ev3-35k-debut-ev-realty-truck-hub-tariffs-charging-costs-v2g-mainstream/,0,231,0.0,6.72,1,3.548,Deprioritize unless it supports a money page
616,https://shaffercon.com/service-areas/pasadena/residential-complete-electrical-rewiring/,/service-areas/pasadena/residential-complete-electrical-rewiring/,0,14,0.0,5.36,2,3.528,Monitor or improve after higher value pages
617,https://shaffercon.com/industry-insights/fuses-101-essential-tips-for-handling-and-replacement/,/industry-insights/fuses-101-essential-tips-for-handling-and-replacement/,0,14,0.0,6.21,2,3.528,Monitor or improve after higher value pages
618,https://shaffercon.com/industry-insights,/industry-insights/,0,14,0.0,7.14,2,3.528,Monitor or improve after higher value pages
619,https://shaffercon.com/games/,/games/,0,23,0.0,18.09,2,3.52,Monitor or improve after higher value pages
620,https://shaffercon.com/industry-insights/ev-charging-infrastructure-transformation-colorado-nevi-funding-tesla-ai-platform-record-supercharger-expansion-pennsylvania-certification-and-wireless-charging-growth/,/industry-insights/ev-charging-infrastructure-transformation-colorado-nevi-funding-tesla-ai-platform-record-supercharger-expansion-pennsylvania-certification-and-wireless-charging-growth/,0,218,0.0,9.11,1,3.511,Deprioritize unless it supports a money page
621,https://shaffercon.com/service-areas/pasadena/residential-outlet-switch-dimmer-services/,/service-areas/pasadena/residential-outlet-switch-dimmer-services/,0,5,0.0,9.0,3,3.502,Monitor or improve after higher value pages
622,https://shaffercon.com/industry-insights/ev-charging-infrastructure-update-record-u-s-expansion-pennsylvania-nevi-leadership-global-growth-and-innovative-streetlight-solutions,/industry-insights/ev-charging-infrastructure-update-record-u-s-expansion-pennsylvania-nevi-leadership-global-growth-and-innovative-streetlight-solutions/,0,208,0.0,6.38,1,3.48,Deprioritize unless it supports a money page
623,https://shaffercon.com/industry-insights/2025-ev-sales-decline-2026-outlook-new-models-china-price-war-charger-tax-credit-deadline/,/industry-insights/2025-ev-sales-decline-2026-outlook-new-models-china-price-war-charger-tax-credit-deadline/,0,207,0.0,7.47,1,3.477,Deprioritize unless it supports a money page
624,https://shaffercon.com/service-areas/venice/residential-energy-efficiency-upgrades,/service-areas/venice/residential-energy-efficiency-upgrades/,0,22,0.0,16.55,2,3.472,Monitor or improve after higher value pages
625,https://shaffercon.com/service-areas/los-feliz/commercial-complete-electrical-rewiring,/service-areas/los-feliz/commercial-complete-electrical-rewiring/,0,20,0.0,27.95,5,3.471,Expand content and add links from stronger pages
626,https://shaffercon.com/industry-insights/ev-charging-70000-ports-nevi-reboots-california-79m-grants-v2g-mainstream,/industry-insights/ev-charging-70000-ports-nevi-reboots-california-79m-grants-v2g-mainstream/,0,204,0.0,4.98,1,3.468,Deprioritize unless it supports a money page
627,https://shaffercon.com/industry-insights/lucid-best-luxury-ev-brand-renault-efficiency-record-hyundai-biggest-ev-2025-year-review-global-sales/,/industry-insights/lucid-best-luxury-ev-brand-renault-efficiency-record-hyundai-biggest-ev-2025-year-review-global-sales/,0,204,0.0,7.21,1,3.468,Deprioritize unless it supports a money page
628,https://shaffercon.com/service-areas/santa-clarita/residential-data-network-av-wiring,/service-areas/santa-clarita/residential-data-network-av-wiring/,0,13,0.0,3.15,2,3.438,Monitor or improve after higher value pages
629,https://shaffercon.com/service-areas/venice/residential-pool-hot-tub-spa-electrical/,/service-areas/venice/residential-pool-hot-tub-spa-electrical/,0,13,0.0,5.62,2,3.438,Monitor or improve after higher value pages
630,https://shaffercon.com/service-areas/venice/residential-pool-hot-tub-spa-electrical,/service-areas/venice/residential-pool-hot-tub-spa-electrical/,0,13,0.0,6.77,2,3.438,Monitor or improve after higher value pages
631,https://shaffercon.com/service-areas/pasadena/residential-lighting-installation-retrofitting/,/service-areas/pasadena/residential-lighting-installation-retrofitting/,0,41,0.0,28.46,4,3.409,Expand content and add links from stronger pages
632,https://shaffercon.com/industry-insights/december-2025-ev-charging-infrastructure-georgia-nevi-funding-stellantis-supercharger-access-ultra-fast-charging-breakthroughs/,/industry-insights/december-2025-ev-charging-infrastructure-georgia-nevi-funding-stellantis-supercharger-access-ultra-fast-charging-breakthroughs/,0,184,0.0,6.15,1,3.401,Deprioritize unless it supports a money page
633,https://shaffercon.com/industry-insights/the-future-of-home-and-public-ev-charging-trends-economics-and-practical-innovations-for-los-angeles-in-2025/,/industry-insights/the-future-of-home-and-public-ev-charging-trends-economics-and-practical-innovations-for-los-angeles-in-2025/,0,184,0.0,7.53,1,3.401,Deprioritize unless it supports a money page
634,https://shaffercon.com/industry-insights/sparkling-holiday-lights-illuminating-your-festive-season-with-shaffer-construction/,/industry-insights/sparkling-holiday-lights-illuminating-your-festive-season-with-shaffer-construction/,0,20,0.0,10.3,2,3.372,Monitor or improve after higher value pages
635,https://shaffercon.com/industry-insights/the-future-of-ev-charger-installation-trends-incentives-and-innovations-you-need-to-know,/industry-insights/the-future-of-ev-charger-installation-trends-incentives-and-innovations-you-need-to-know/,0,18,0.0,25.22,5,3.357,Expand content and add links from stronger pages
636,https://shaffercon.com/service-areas/santa-monica/commercial-electrical-panel-upgrades/,/service-areas/santa-monica/commercial-electrical-panel-upgrades/,0,18,0.0,35.44,5,3.357,Expand content and add links from stronger pages
637,https://shaffercon.com/industry-insights/home-electrical-safety-best-practices/,/industry-insights/home-electrical-safety-best-practices/,0,12,0.0,7.25,2,3.342,Monitor or improve after higher value pages
638,https://shaffercon.com/industry-insights/ev-charging-in-2025-latest-trends-challenges-and-solutions-for-homeowners-and-businesses-in-los-angeles,/industry-insights/ev-charging-in-2025-latest-trends-challenges-and-solutions-for-homeowners-and-businesses-in-los-angeles/,0,162,0.0,6.22,1,3.318,Deprioritize unless it supports a money page
639,https://shaffercon.com/service-areas/west-hollywood/residential-smart-automation-systems/,/service-areas/west-hollywood/residential-smart-automation-systems/,0,19,0.0,11.68,2,3.318,Monitor or improve after higher value pages
640,https://shaffercon.com/service-areas/culver-city/residential-backup-generator-installation/,/service-areas/culver-city/residential-backup-generator-installation/,0,19,0.0,15.16,2,3.318,Monitor or improve after higher value pages
641,https://shaffercon.com/service-areas/highland-park/commercial-landscape-outdoor-lighting/,/service-areas/highland-park/commercial-landscape-outdoor-lighting/,0,17,0.0,26.65,5,3.295,Expand content and add links from stronger pages
642,https://shaffercon.com/service-areas/torrance/residential-energy-efficiency-upgrades/,/service-areas/torrance/residential-energy-efficiency-upgrades/,0,18,0.0,15.17,2,3.261,Monitor or improve after higher value pages
643,https://shaffercon.com/industry-insights/tesla-model-y-juniper-wisconsin-ev-grants-georgia-rivian-hyundai-new-evs-cybertruck-long-range/,/industry-insights/tesla-model-y-juniper-wisconsin-ev-grants-georgia-rivian-hyundai-new-evs-cybertruck-long-range/,0,147,0.0,8.79,1,3.255,Deprioritize unless it supports a money page
644,https://shaffercon.com/service-areas/beverly-hills/residential-data-network-av-wiring/,/service-areas/beverly-hills/residential-data-network-av-wiring/,0,11,0.0,1.45,5,3.238,"Rewrite title, meta, intro, CTA, and internal links"
645,https://shaffercon.com/industry-insights/electrical-services-rancho-palos-verdes/,/industry-insights/electrical-services-rancho-palos-verdes/,0,11,0.0,6.0,2,3.238,Monitor or improve after higher value pages
646,https://shaffercon.com/service-areas/santa-clarita/residential-dedicated-equipment-circuits,/service-areas/santa-clarita/residential-dedicated-equipment-circuits/,0,11,0.0,7.09,2,3.238,Monitor or improve after higher value pages
647,https://shaffercon.com/industry-insights/electrician-moorpark-ca-dedicated-electrical-expertise-for-your-needs/,/industry-insights/electrician-moorpark-ca-dedicated-electrical-expertise-for-your-needs/,0,11,0.0,7.64,2,3.238,Monitor or improve after higher value pages
648,https://shaffercon.com/service-areas/venice/residential-exhaust-fan-ventilation-wiring/,/service-areas/venice/residential-exhaust-fan-ventilation-wiring/,0,11,0.0,8.0,2,3.238,Monitor or improve after higher value pages
649,https://shaffercon.com/service-areas/los-feliz/residential-pool-hot-tub-spa-electrical/,/service-areas/los-feliz/residential-pool-hot-tub-spa-electrical/,0,11,0.0,8.09,2,3.238,Monitor or improve after higher value pages
650,https://shaffercon.com/service-areas/glendale/residential-complete-electrical-rewiring,/service-areas/glendale/residential-complete-electrical-rewiring/,0,11,0.0,8.18,2,3.238,Monitor or improve after higher value pages
651,https://shaffercon.com/service-areas/torrance/residential-backup-generator-installation,/service-areas/torrance/residential-backup-generator-installation/,0,11,0.0,8.45,2,3.238,Monitor or improve after higher value pages
652,https://shaffercon.com/industry-insights/electrician-altadena-ca-your-local-electrical-service-experts,/industry-insights/electrician-altadena-ca-your-local-electrical-service-experts/,0,11,0.0,8.55,2,3.238,Monitor or improve after higher value pages
653,https://shaffercon.com/service-areas/torrance/residential-electrical-troubleshooting-repairs/,/service-areas/torrance/residential-electrical-troubleshooting-repairs/,0,11,0.0,9.73,2,3.238,Monitor or improve after higher value pages
654,https://shaffercon.com/service-areas/santa-monica/commercial-complete-electrical-rewiring/,/service-areas/santa-monica/commercial-complete-electrical-rewiring/,0,16,0.0,26.0,5,3.23,Expand content and add links from stronger pages
655,https://shaffercon.com/industry-insights/the-future-of-ev-charging-infrastructure-key-trends-innovations-and-opportunities-for-los-angeles-businesses-and-homeowners/,/industry-insights/the-future-of-ev-charging-infrastructure-key-trends-innovations-and-opportunities-for-los-angeles-businesses-and-homeowners/,0,16,0.0,27.19,5,3.23,Expand content and add links from stronger pages
656,https://shaffercon.com/industry-insights/october-2025-ev-infrastructure-acceleration-record-charging-expansion-nevi-program-growth-tesla-v4-milestone-wireless-technology-breakthrough-and-california-leadership-transform-market-dynamics/,/industry-insights/october-2025-ev-infrastructure-acceleration-record-charging-expansion-nevi-program-growth-tesla-v4-milestone-wireless-technology-breakthrough-and-california-leadership-transform-market-dynamics/,0,141,0.0,7.55,1,3.228,Deprioritize unless it supports a money page
657,https://shaffercon.com/service-areas/long-beach/residential-data-network-av-wiring,/service-areas/long-beach/residential-data-network-av-wiring/,0,17,0.0,11.94,2,3.201,Monitor or improve after higher value pages
658,https://shaffercon.com/industry-insights/expert-christmas-light-installation-services-in-los-angeles,/industry-insights/expert-christmas-light-installation-services-in-los-angeles/,0,17,0.0,12.41,2,3.201,Monitor or improve after higher value pages
659,https://shaffercon.com/industry-insights/smoke-detector-installation-guide/,/industry-insights/smoke-detector-installation-guide/,0,17,0.0,12.76,2,3.201,Monitor or improve after higher value pages
660,https://shaffercon.com/industry-insights/electric-services-brentwood-ca-experts,/industry-insights/electric-services-brentwood-ca-experts/,0,17,0.0,15.71,2,3.201,Monitor or improve after higher value pages
661,https://shaffercon.com/industry-insights/evgo-record-growth-electrify-america-road-trip-charging-reliability-improves-california-incentives/,/industry-insights/evgo-record-growth-electrify-america-road-trip-charging-reliability-improves-california-incentives/,0,135,0.0,7.8,1,3.2,Deprioritize unless it supports a money page
662,https://shaffercon.com/service-areas/burbank/,/service-areas/burbank/,3,1357,0.0022,21.01,2,3.193,Monitor or improve after higher value pages
663,https://shaffercon.com/industry-insights/ces-2026-mercedes-electric-glc-chargepoint-600kw-used-ev-deals-afeela-tesla-robotaxi/,/industry-insights/ces-2026-mercedes-electric-glc-chargepoint-600kw-used-ev-deals-afeela-tesla-robotaxi/,2,243,0.008199999999999999,8.04,1,3.19,Deprioritize unless it supports a money page
664,https://shaffercon.com/service-areas/venice/commercial-whole-building-surge-protection,/service-areas/venice/commercial-whole-building-surge-protection/,0,15,0.0,33.0,5,3.161,Expand content and add links from stronger pages
665,https://shaffercon.com/industry-insights/off-lease-evs-flood-market-toyota-billion-investment-vw-recall-ev-cancellations-chargepoint-consolidation/,/industry-insights/off-lease-evs-flood-market-toyota-billion-investment-vw-recall-ev-cancellations-chargepoint-consolidation/,0,124,0.0,7.27,1,3.145,Deprioritize unless it supports a money page
666,https://shaffercon.com/service-areas/santa-monica/residential-outlet-switch-dimmer-services/,/service-areas/santa-monica/residential-outlet-switch-dimmer-services/,0,4,0.0,4.75,3,3.145,Monitor or improve after higher value pages
667,https://shaffercon.com/service-areas/torrance/residential-pool-hot-tub-spa-electrical,/service-areas/torrance/residential-pool-hot-tub-spa-electrical/,0,10,0.0,3.7,2,3.124,Monitor or improve after higher value pages
668,https://shaffercon.com/service-areas/burbank/residential-energy-efficiency-upgrades,/service-areas/burbank/residential-energy-efficiency-upgrades/,0,10,0.0,4.8,2,3.124,Monitor or improve after higher value pages
669,https://shaffercon.com/service-areas/west-hollywood/residential-pool-hot-tub-spa-electrical/,/service-areas/west-hollywood/residential-pool-hot-tub-spa-electrical/,0,10,0.0,5.1,2,3.124,Monitor or improve after higher value pages
670,https://shaffercon.com/service-areas/santa-clarita/residential-complete-electrical-rewiring,/service-areas/santa-clarita/residential-complete-electrical-rewiring/,0,10,0.0,6.7,2,3.124,Monitor or improve after higher value pages
671,https://shaffercon.com/service-areas/burbank/residential-smart-automation-systems,/service-areas/burbank/residential-smart-automation-systems/,0,10,0.0,6.9,2,3.124,Monitor or improve after higher value pages
672,https://shaffercon.com/service-areas/santa-clarita/residential-data-network-av-wiring/,/service-areas/santa-clarita/residential-data-network-av-wiring/,0,10,0.0,7.2,2,3.124,Monitor or improve after higher value pages
673,https://shaffercon.com/service-areas/glendale/commercial-landscape-outdoor-lighting,/service-areas/glendale/commercial-landscape-outdoor-lighting/,0,14,0.0,26.79,5,3.087,Expand content and add links from stronger pages
674,https://shaffercon.com/service-areas/santa-clarita/residential-exhaust-fan-ventilation-wiring,/service-areas/santa-clarita/residential-exhaust-fan-ventilation-wiring/,0,15,0.0,10.6,2,3.071,Monitor or improve after higher value pages
675,https://shaffercon.com/service-areas/burbank/residential-ceiling-fan-fixture-installation/,/service-areas/burbank/residential-ceiling-fan-fixture-installation/,0,15,0.0,10.87,2,3.071,Monitor or improve after higher value pages
676,https://shaffercon.com/industry-insights/evgo-record-growth-electrify-america-road-trip-charging-reliability-improves-california-incentives,/industry-insights/evgo-record-growth-electrify-america-road-trip-charging-reliability-improves-california-incentives/,0,107,0.0,6.47,1,3.05,Deprioritize unless it supports a money page
677,https://shaffercon.com/service-areas/torrance/residential-landscape-outdoor-lighting,/service-areas/torrance/residential-landscape-outdoor-lighting/,0,27,0.0,35.44,4,3.039,Expand content and add links from stronger pages
678,https://shaffercon.com/industry-insights/xcharge-brooklyn-depot-donut-lab-solid-state-battery-prologium-california-nevi-grant-honda-afeela/,/industry-insights/xcharge-brooklyn-depot-donut-lab-solid-state-battery-prologium-california-nevi-grant-honda-afeela/,0,101,0.0,9.56,1,3.013,Deprioritize unless it supports a money page
679,https://shaffercon.com/service-areas/culver-city/commercial-landscape-outdoor-lighting,/service-areas/culver-city/commercial-landscape-outdoor-lighting/,0,13,0.0,20.54,5,3.009,Expand content and add links from stronger pages
680,https://shaffercon.com/service-areas/burbank/commercial-data-network-av-wiring,/service-areas/burbank/commercial-data-network-av-wiring/,0,13,0.0,22.46,5,3.009,Expand content and add links from stronger pages
681,https://shaffercon.com/industry-insights/the-rise-of-electric-vehicle-charging-stations-a-new-era-of-sustainable-transportation-in-the-u-s/,/industry-insights/the-rise-of-electric-vehicle-charging-stations-a-new-era-of-sustainable-transportation-in-the-u-s/,0,13,0.0,24.38,5,3.009,Expand content and add links from stronger pages
682,https://shaffercon.com/service-areas/glendale/commercial-ev-charger-installation/,/service-areas/glendale/commercial-ev-charger-installation/,0,13,0.0,29.62,5,3.009,Expand content and add links from stronger pages
683,https://shaffercon.com/service-areas/sherman-oaks/,/service-areas/sherman-oaks/,0,730,0.0,31.25,2,3.007,Monitor or improve after higher value pages
684,https://shaffercon.com/service-areas/culver-city/residential-data-network-av-wiring/,/service-areas/culver-city/residential-data-network-av-wiring/,0,9,0.0,5.78,2,3.0,Monitor or improve after higher value pages
685,https://shaffercon.com/service-areas/glendale/residential-whole-building-surge-protection/,/service-areas/glendale/residential-whole-building-surge-protection/,0,9,0.0,7.44,2,3.0,Monitor or improve after higher value pages
686,https://shaffercon.com/service-areas/glendale/residential-ceiling-fan-fixture-installation,/service-areas/glendale/residential-ceiling-fan-fixture-installation/,0,9,0.0,8.56,2,3.0,Monitor or improve after higher value pages
687,https://shaffercon.com/industry-insights/evgo-autocharge-5-million-sessions-rivian-network-expansion-california-2025-ev-charging-mandates-multifamily-requirements/,/industry-insights/evgo-autocharge-5-million-sessions-rivian-network-expansion-california-2025-ev-charging-mandates-multifamily-requirements/,0,97,0.0,7.68,1,2.987,Deprioritize unless it supports a money page
688,https://shaffercon.com/service-areas/west-hollywood/,/service-areas/west-hollywood/,0,693,0.0,24.66,2,2.983,Monitor or improve after higher value pages
689,https://shaffercon.com/service-areas/silver-lake/commercial-ev-charger-installation/,/service-areas/silver-lake/commercial-ev-charger-installation/,1,4,0.25,10.25,5,2.971,Monitor or improve after higher value pages
690,https://shaffercon.com/industry-insights/ev-charging-infrastructure-update-record-u-s-expansion-pennsylvania-nevi-leadership-global-growth-and-innovative-streetlight-solutions/,/industry-insights/ev-charging-infrastructure-update-record-u-s-expansion-pennsylvania-nevi-leadership-global-growth-and-innovative-streetlight-solutions/,0,94,0.0,6.63,1,2.967,Deprioritize unless it supports a money page
691,https://shaffercon.com/industry-insights/trump-ev-policy-reversals-charger-reliability-donut-lab-production-byd-megawatt-charging-nevi-update/,/industry-insights/trump-ev-policy-reversals-charger-reliability-donut-lab-production-byd-megawatt-charging-nevi-update/,2,194,0.0103,7.11,1,2.963,Deprioritize unless it supports a money page
692,https://shaffercon.com/service-areas/burbank/residential-landscape-outdoor-lighting/,/service-areas/burbank/residential-landscape-outdoor-lighting/,1,6,0.16670000000000001,17.83,4,2.873,Monitor or improve after higher value pages
693,https://shaffercon.com/industry-insights/rivian-r2-production-vw-billion-milestone-sk-signet-400kw-charger-nevi-876-million-cuts-byd-profit-decline/,/industry-insights/rivian-r2-production-vw-billion-milestone-sk-signet-400kw-charger-nevi-876-million-cuts-byd-profit-decline/,0,80,0.0,6.26,1,2.863,Deprioritize unless it supports a money page
694,https://shaffercon.com/service-areas/santa-clarita/residential-whole-building-surge-protection,/service-areas/santa-clarita/residential-whole-building-surge-protection/,0,8,0.0,4.0,2,2.863,Monitor or improve after higher value pages
695,https://shaffercon.com/service-areas/inglewood/residential-whole-building-surge-protection/,/service-areas/inglewood/residential-whole-building-surge-protection/,0,8,0.0,5.12,2,2.863,Monitor or improve after higher value pages
696,https://shaffercon.com/industry-insights/case-study-how-our-electrical-services-boosted-a-local-la-business/,/industry-insights/case-study-how-our-electrical-services-boosted-a-local-la-business/,0,8,0.0,5.25,2,2.863,Monitor or improve after higher value pages
697,https://shaffercon.com/industry-insights/electrician-el-monte-expert-services/,/industry-insights/electrician-el-monte-expert-services/,0,8,0.0,5.75,2,2.863,Monitor or improve after higher value pages
698,https://shaffercon.com/industry-insights/understanding-dimmers-tips-for-optimal-use-and-installation/,/industry-insights/understanding-dimmers-tips-for-optimal-use-and-installation/,0,8,0.0,7.25,2,2.863,Monitor or improve after higher value pages
699,https://shaffercon.com/service-areas/echo-park/residential-backup-generator-installation/,/service-areas/echo-park/residential-backup-generator-installation/,0,8,0.0,7.62,2,2.863,Monitor or improve after higher value pages
700,https://shaffercon.com/service-areas/pacific-palisades/residential-backup-generator-installation/,/service-areas/pacific-palisades/residential-backup-generator-installation/,0,8,0.0,7.75,2,2.863,Monitor or improve after higher value pages
701,https://shaffercon.com/service-areas/pacific-palisades/residential-pool-hot-tub-spa-electrical/,/service-areas/pacific-palisades/residential-pool-hot-tub-spa-electrical/,0,8,0.0,7.75,2,2.863,Monitor or improve after higher value pages
702,https://shaffercon.com/industry-insights/house-surge-protectors-tips-for-selection-and-installation/,/industry-insights/house-surge-protectors-tips-for-selection-and-installation/,0,8,0.0,7.88,2,2.863,Monitor or improve after higher value pages
703,https://shaffercon.com/industry-insights/electrician-monrovia-ca-comprehensive-electrical-solutions-for-you/,/industry-insights/electrician-monrovia-ca-comprehensive-electrical-solutions-for-you/,0,8,0.0,8.38,2,2.863,Monitor or improve after higher value pages
704,https://shaffercon.com/industry-insights/electrician-monrovia-ca-comprehensive-electrical-solutions-for-you,/industry-insights/electrician-monrovia-ca-comprehensive-electrical-solutions-for-you/,0,8,0.0,9.0,2,2.863,Monitor or improve after higher value pages
705,https://shaffercon.com/service-areas/pasadena/residential-whole-building-surge-protection/,/service-areas/pasadena/residential-whole-building-surge-protection/,0,8,0.0,9.25,2,2.863,Monitor or improve after higher value pages
706,https://shaffercon.com/industry-insights/fuse-box-upgrade-guide,/industry-insights/fuse-box-upgrade-guide/,0,8,0.0,9.62,2,2.863,Monitor or improve after higher value pages
707,https://shaffercon.com/service-areas/santa-clarita/residential-energy-efficiency-upgrades/,/service-areas/santa-clarita/residential-energy-efficiency-upgrades/,0,12,0.0,10.5,2,2.841,Monitor or improve after higher value pages
708,https://shaffercon.com/service-areas/altadena/residential-data-network-av-wiring/,/service-areas/altadena/residential-data-network-av-wiring/,0,12,0.0,11.08,2,2.841,Monitor or improve after higher value pages
709,https://shaffercon.com/service-areas/highland-park/residential-backup-generator-installation,/service-areas/highland-park/residential-backup-generator-installation/,0,12,0.0,12.67,2,2.841,Monitor or improve after higher value pages
710,https://shaffercon.com/service-areas/west-hollywood/residential-smart-automation-systems,/service-areas/west-hollywood/residential-smart-automation-systems/,0,12,0.0,16.08,2,2.841,Monitor or improve after higher value pages
711,https://shaffercon.com/industry-insights/indiana-wireless-highway-charging-bmw-supercharger-access-walmart-network-stellantis-nacs-tesla-3d-maps/,/industry-insights/indiana-wireless-highway-charging-bmw-supercharger-access-walmart-network-stellantis-nacs-tesla-3d-maps/,0,77,0.0,7.22,1,2.838,Deprioritize unless it supports a money page
712,https://shaffercon.com/service-areas/burbank/commercial-ceiling-fan-fixture-installation/,/service-areas/burbank/commercial-ceiling-fan-fixture-installation/,0,11,0.0,20.64,5,2.833,Expand content and add links from stronger pages
713,https://shaffercon.com/service-areas/hollywood/commercial-energy-efficiency-upgrades,/service-areas/hollywood/commercial-energy-efficiency-upgrades/,0,11,0.0,25.73,5,2.833,Expand content and add links from stronger pages
714,https://shaffercon.com/industry-insights/planning-ev-charger-infrastructure-installation-in-los-angeles-costs-options-and-what-to-expect/,/industry-insights/planning-ev-charger-infrastructure-installation-in-los-angeles-costs-options-and-what-to-expect/,0,11,0.0,30.91,5,2.833,Expand content and add links from stronger pages
715,https://shaffercon.com/service-areas/highland-park/commercial-electrical-troubleshooting-repairs,/service-areas/highland-park/commercial-electrical-troubleshooting-repairs/,0,11,0.0,36.73,5,2.833,Expand content and add links from stronger pages
716,https://shaffercon.com/industry-insights/ev-technology-breakthroughs-solid-state-batteries-v2g-charging-and-nacs-standardization-transform-los-angeles-infrastructure,/industry-insights/ev-technology-breakthroughs-solid-state-batteries-v2g-charging-and-nacs-standardization-transform-los-angeles-infrastructure/,1,126,0.0079,6.63,1,2.823,Deprioritize unless it supports a money page
717,https://shaffercon.com/industry-insights/ev-infrastructure-evolution-accelerates-tesla-multipass-european-expansion-federal-incentive-expiration-impact-california-leadership-milestone-france-wireless-highway-charging-breakthrough-and-co/,/industry-insights/ev-infrastructure-evolution-accelerates-tesla-multipass-european-expansion-federal-incentive-expiration-impact-california-leadership-milestone-france-wireless-highway-charging-breakthrough-and-co/,0,162,0.0,10.96,1,2.821,Deprioritize unless it supports a money page
718,https://shaffercon.com/industry-insights/california-200000-ev-chargers-oregon-fleet-rebate-germany-truck-charging-electrify-america-simon-tesla-2025-deliveries/,/industry-insights/california-200000-ev-chargers-oregon-fleet-rebate-germany-truck-charging-electrify-america-simon-tesla-2025-deliveries/,0,74,0.0,8.23,1,2.813,Deprioritize unless it supports a money page
719,https://shaffercon.com/service-areas/culver-city/,/service-areas/culver-city/,0,454,0.0,27.25,2,2.791,Monitor or improve after higher value pages
720,https://shaffercon.com/service-areas/long-beach/,/service-areas/long-beach/,1,512,0.002,24.77,2,2.77,Monitor or improve after higher value pages
721,https://shaffercon.com/service-areas/santa-clarita/,/service-areas/santa-clarita/,1,500,0.002,20.58,2,2.759,Monitor or improve after higher value pages
722,https://shaffercon.com/service-areas/santa-monica/residential-data-network-av-wiring,/service-areas/santa-monica/residential-data-network-av-wiring/,0,11,0.0,11.18,2,2.752,Monitor or improve after higher value pages
723,https://shaffercon.com/service-areas/west-hollywood/residential-electrical-troubleshooting-repairs/,/service-areas/west-hollywood/residential-electrical-troubleshooting-repairs/,0,11,0.0,11.27,2,2.752,Monitor or improve after higher value pages
724,https://shaffercon.com/service-areas/torrance/commercial-electrical-code-compliance-corrections,/service-areas/torrance/commercial-electrical-code-compliance-corrections/,0,10,0.0,20.1,5,2.734,Expand content and add links from stronger pages
725,https://shaffercon.com/service-areas/hollywood/commercial-ceiling-fan-fixture-installation/,/service-areas/hollywood/commercial-ceiling-fan-fixture-installation/,0,10,0.0,22.5,5,2.734,Expand content and add links from stronger pages
726,https://shaffercon.com/service-areas/santa-monica/commercial-smart-automation-systems/,/service-areas/santa-monica/commercial-smart-automation-systems/,0,10,0.0,23.8,5,2.734,Expand content and add links from stronger pages
727,https://shaffercon.com/service-areas/pasadena/commercial-electrical-panel-upgrades/,/service-areas/pasadena/commercial-electrical-panel-upgrades/,0,10,0.0,30.5,5,2.734,Expand content and add links from stronger pages
728,https://shaffercon.com/industry-insights/colliers-envirospark-chargepoint-express-grid-wyoming-ev-marketplace-tesla-lost-hills-2025-technology-breakthroughs,/industry-insights/colliers-envirospark-chargepoint-express-grid-wyoming-ev-marketplace-tesla-lost-hills-2025-technology-breakthroughs/,0,63,0.0,7.27,1,2.709,Deprioritize unless it supports a money page
729,https://shaffercon.com/service-areas/silver-lake/commercial-pool-hot-tub-spa-electrical,/service-areas/silver-lake/commercial-pool-hot-tub-spa-electrical/,0,7,0.0,2.57,5,2.709,"Rewrite title, meta, intro, CTA, and internal links"
730,https://shaffercon.com/service-areas/inglewood/residential-electrical-troubleshooting-repairs/,/service-areas/inglewood/residential-electrical-troubleshooting-repairs/,0,7,0.0,4.57,2,2.709,Monitor or improve after higher value pages
731,https://shaffercon.com/industry-insights/home-electrical-safety-best-practices,/industry-insights/home-electrical-safety-best-practices/,0,7,0.0,4.71,2,2.709,Monitor or improve after higher value pages
732,https://shaffercon.com/service-areas/atwater-village/residential-backup-generator-installation,/service-areas/atwater-village/residential-backup-generator-installation/,0,7,0.0,7.57,2,2.709,Monitor or improve after higher value pages
733,https://shaffercon.com/service-areas/west-hollywood/residential-data-network-av-wiring/,/service-areas/west-hollywood/residential-data-network-av-wiring/,0,7,0.0,9.0,2,2.709,Monitor or improve after higher value pages
734,https://shaffercon.com/industry-insights/electrify-america-simon-500-chargers-chevy-equinox-ev-sales-record-workplace-charging-benefits-omni-port/,/industry-insights/electrify-america-simon-500-chargers-chevy-equinox-ev-sales-record-workplace-charging-benefits-omni-port/,0,60,0.0,8.38,1,2.678,Deprioritize unless it supports a money page
735,https://shaffercon.com/industry-insights/aluminum-wiring-replacement-key-considerations-and-safety-tips/,/industry-insights/aluminum-wiring-replacement-key-considerations-and-safety-tips/,0,348,0.0,28.35,2,2.67,Monitor or improve after higher value pages
736,https://shaffercon.com/industry-insights/dodge-charger-nacs-tesla-supercharger-byd-megawatt-technology-year-environmental-groups-lawsuit-electrify-america-dual-cable,/industry-insights/dodge-charger-nacs-tesla-supercharger-byd-megawatt-technology-year-environmental-groups-lawsuit-electrify-america-dual-cable/,0,59,0.0,6.66,1,2.667,Deprioritize unless it supports a money page
737,https://shaffercon.com/industry-insights/byd-overtakes-tesla-kia-ev3-usa-nevi-funding-battle-hoboken-jolt-leapmotor-europe/,/industry-insights/byd-overtakes-tesla-kia-ev3-usa-nevi-funding-battle-hoboken-jolt-leapmotor-europe/,0,122,0.0,12.31,1,2.665,Deprioritize unless it supports a money page
738,https://shaffercon.com/industry-insights/ford-19-billion-ev-writedown-lightning-canceled-byd-overtakes-tesla-factorial-solid-state-battery-electrify-america-charge-limit/,/industry-insights/ford-19-billion-ev-writedown-lightning-canceled-byd-overtakes-tesla-factorial-solid-state-battery-electrify-america-charge-limit/,1,106,0.009399999999999999,8.39,1,2.663,Deprioritize unless it supports a money page
739,https://shaffercon.com/service-areas/pasadena/residential-exhaust-fan-ventilation-wiring/,/service-areas/pasadena/residential-exhaust-fan-ventilation-wiring/,0,10,0.0,13.3,2,2.656,Monitor or improve after higher value pages
740,https://shaffercon.com/service-areas/highland-park/residential-smart-automation-systems/,/service-areas/highland-park/residential-smart-automation-systems/,0,10,0.0,16.1,2,2.656,Monitor or improve after higher value pages
741,https://shaffercon.com/industry-insights/top-trends-challenges-and-innovations-in-ev-charging-infrastructure-for-2025/,/industry-insights/top-trends-challenges-and-innovations-in-ev-charging-infrastructure-for-2025/,0,118,0.0,15.87,1,2.646,Deprioritize unless it supports a money page
742,https://shaffercon.com/industry-insights/laz-parking-50000-ev-chargers-ford-19-billion-writedown-hydrohertz-68-percent-faster-charging-bmw-supercharger,/industry-insights/laz-parking-50000-ev-chargers-ford-19-billion-writedown-hydrohertz-68-percent-faster-charging-bmw-supercharger/,0,56,0.0,8.61,1,2.634,Deprioritize unless it supports a money page
743,https://shaffercon.com/service-areas/torrance/commercial-security-motion-lighting/,/service-areas/torrance/commercial-security-motion-lighting/,0,9,0.0,22.11,5,2.625,Expand content and add links from stronger pages
744,https://shaffercon.com/service-areas/highland-park/residential-electrical-panel-upgrades,/service-areas/highland-park/residential-electrical-panel-upgrades/,0,9,0.0,24.56,5,2.625,Expand content and add links from stronger pages
745,https://shaffercon.com/service-areas/burbank/commercial-dedicated-equipment-circuits/,/service-areas/burbank/commercial-dedicated-equipment-circuits/,0,9,0.0,26.56,5,2.625,Expand content and add links from stronger pages
746,https://shaffercon.com/service-areas/highland-park/commercial-backup-generator-installation/,/service-areas/highland-park/commercial-backup-generator-installation/,0,9,0.0,28.11,5,2.625,Expand content and add links from stronger pages
747,https://shaffercon.com/industry-insights/colliers-envirospark-chargepoint-express-grid-wyoming-ev-marketplace-tesla-lost-hills-2025-technology-breakthroughs/,/industry-insights/colliers-envirospark-chargepoint-express-grid-wyoming-ev-marketplace-tesla-lost-hills-2025-technology-breakthroughs/,0,52,0.0,7.54,1,2.586,Deprioritize unless it supports a money page
748,https://shaffercon.com/industry-insights/ev-charging-infrastructure-roundup-ionna-250m-california-investment-wireless-highway-charging-tesla-supercharger-growth,/industry-insights/ev-charging-infrastructure-roundup-ionna-250m-california-investment-wireless-highway-charging-tesla-supercharger-growth/,0,51,0.0,6.14,1,2.574,Deprioritize unless it supports a money page
749,https://shaffercon.com/industry-insights/byd-home-charger-sharing-pennsylvania-turnpike-nevi-eu-2035-goals-watered-down-snowbird-ski-resort-holiday-charging,/industry-insights/byd-home-charger-sharing-pennsylvania-turnpike-nevi-eu-2035-goals-watered-down-snowbird-ski-resort-holiday-charging/,0,50,0.0,4.56,1,2.561,Deprioritize unless it supports a money page
750,https://shaffercon.com/industry-insights/evgo-prefabricated-stations-ford-f150-lightning-ends-erev-tesla-fairbanks-megawatt-charging-trucks/,/industry-insights/evgo-prefabricated-stations-ford-f150-lightning-ends-erev-tesla-fairbanks-megawatt-charging-trucks/,0,50,0.0,9.8,1,2.561,Deprioritize unless it supports a money page
751,https://shaffercon.com/industry-insights/christmas-light-safety-maintenance-tips,/industry-insights/christmas-light-safety-maintenance-tips/,0,9,0.0,11.33,2,2.55,Monitor or improve after higher value pages
752,https://shaffercon.com/service-areas/santa-monica/residential-pool-hot-tub-spa-electrical,/service-areas/santa-monica/residential-pool-hot-tub-spa-electrical/,0,9,0.0,16.56,2,2.55,Monitor or improve after higher value pages
753,https://shaffercon.com/industry-insights/laz-parking-50000-ev-chargers-ford-19-billion-writedown-hydrohertz-68-percent-faster-charging-bmw-supercharger/,/industry-insights/laz-parking-50000-ev-chargers-ford-19-billion-writedown-hydrohertz-68-percent-faster-charging-bmw-supercharger/,0,48,0.0,7.21,1,2.535,Deprioritize unless it supports a money page
754,https://shaffercon.com/service-areas/echo-park/residential-exhaust-fan-ventilation-wiring,/service-areas/echo-park/residential-exhaust-fan-ventilation-wiring/,0,6,0.0,4.5,2,2.535,Monitor or improve after higher value pages
755,https://shaffercon.com/service-areas/burbank/residential-pool-hot-tub-spa-electrical/,/service-areas/burbank/residential-pool-hot-tub-spa-electrical/,0,6,0.0,4.83,2,2.535,Monitor or improve after higher value pages
756,https://shaffercon.com/service-areas/venice/residential-smart-automation-systems/,/service-areas/venice/residential-smart-automation-systems/,0,6,0.0,5.17,2,2.535,Monitor or improve after higher value pages
757,https://shaffercon.com/industry-insights/electrical-tips-new-construction,/industry-insights/electrical-tips-new-construction/,0,6,0.0,5.33,2,2.535,Monitor or improve after higher value pages
758,https://shaffercon.com/industry-insights/circuit-breaker-tips-repair-safety,/industry-insights/circuit-breaker-tips-repair-safety/,0,6,0.0,5.5,2,2.535,Monitor or improve after higher value pages
759,https://shaffercon.com/service-areas/long-beach/residential-whole-building-surge-protection/,/service-areas/long-beach/residential-whole-building-surge-protection/,0,6,0.0,5.5,2,2.535,Monitor or improve after higher value pages
760,https://shaffercon.com/realtors/,/realtors/,0,6,0.0,6.5,2,2.535,Monitor or improve after higher value pages
761,https://shaffercon.com/industry-insights/electrician-altadena-ca-your-local-electrical-service-experts/,/industry-insights/electrician-altadena-ca-your-local-electrical-service-experts/,0,6,0.0,6.67,2,2.535,Monitor or improve after higher value pages
762,https://shaffercon.com/industry-insights/home-electrical-tips-safety/,/industry-insights/home-electrical-tips-safety/,0,6,0.0,7.33,2,2.535,Monitor or improve after higher value pages
763,https://shaffercon.com/service-areas/echo-park/residential-energy-efficiency-upgrades,/service-areas/echo-park/residential-energy-efficiency-upgrades/,0,6,0.0,8.17,2,2.535,Monitor or improve after higher value pages
764,https://shaffercon.com/industry-insights/electrician-services-laguna-niguel-ca/,/industry-insights/electrician-services-laguna-niguel-ca/,0,6,0.0,8.5,2,2.535,Monitor or improve after higher value pages
765,https://shaffercon.com/service-areas/atwater-village/residential-dedicated-equipment-circuits,/service-areas/atwater-village/residential-dedicated-equipment-circuits/,0,6,0.0,8.83,2,2.535,Monitor or improve after higher value pages
766,https://shaffercon.com/contact-us/,/contact-us/,28,1524,0.0184,24.54,2,2.522,Monitor or improve after higher value pages
767,https://shaffercon.com/service-areas/santa-clarita/residential-pool-hot-tub-spa-electrical/,/service-areas/santa-clarita/residential-pool-hot-tub-spa-electrical/,1,17,0.0588,4.12,2,2.511,Monitor or improve after higher value pages
768,https://shaffercon.com/industry-insights/winter-electrical-tips-safeguarding-your-ev-chargers-more,/industry-insights/winter-electrical-tips-safeguarding-your-ev-chargers-more/,0,8,0.0,23.0,5,2.505,Expand content and add links from stronger pages
769,https://shaffercon.com/service-areas/venice/commercial-ev-charger-installation/,/service-areas/venice/commercial-ev-charger-installation/,0,8,0.0,23.5,5,2.505,Expand content and add links from stronger pages
770,https://shaffercon.com/service-areas/glendale/commercial-ev-charger-installation,/service-areas/glendale/commercial-ev-charger-installation/,0,8,0.0,25.75,5,2.505,Expand content and add links from stronger pages
771,https://shaffercon.com/industry-insights/the-future-of-ev-charger-installation-trends-incentives-and-innovations-you-need-to-know/,/industry-insights/the-future-of-ev-charger-installation-trends-incentives-and-innovations-you-need-to-know/,0,8,0.0,27.88,5,2.505,Expand content and add links from stronger pages
772,https://shaffercon.com/service-areas/santa-monica/commercial-smart-automation-systems,/service-areas/santa-monica/commercial-smart-automation-systems/,0,8,0.0,40.0,5,2.505,Expand content and add links from stronger pages
773,https://shaffercon.com/industry-insights/tesla-q1-results-beat-chargepoint-600kw-express-solo-rivian-r2-production-launch-nyserda-45m-nevi-ford-ev-sales-collapse-rivian-overtakes/,/industry-insights/tesla-q1-results-beat-chargepoint-600kw-express-solo-rivian-r2-production-launch-nyserda-45m-nevi-ford-ev-sales-collapse-rivian-overtakes/,0,45,0.0,5.16,1,2.494,Deprioritize unless it supports a money page
774,https://shaffercon.com/service-areas/santa-clarita/residential-electrical-code-compliance-corrections,/service-areas/santa-clarita/residential-electrical-code-compliance-corrections/,0,14,0.0,20.43,4,2.47,Expand content and add links from stronger pages
775,https://shaffercon.com/industry-insights/renewable-energy-systems-transforming-electrical-infrastructures/,/industry-insights/renewable-energy-systems-transforming-electrical-infrastructures/,0,8,0.0,11.25,2,2.433,Monitor or improve after higher value pages
776,https://shaffercon.com/service-areas/pacific-palisades/residential-dedicated-equipment-circuits/,/service-areas/pacific-palisades/residential-dedicated-equipment-circuits/,0,8,0.0,12.38,2,2.433,Monitor or improve after higher value pages
777,https://shaffercon.com/industry-insights/ev-charging-in-2025-latest-trends-challenges-and-solutions-for-homeowners-and-businesses-in-los-angeles/,/industry-insights/ev-charging-in-2025-latest-trends-challenges-and-solutions-for-homeowners-and-businesses-in-los-angeles/,0,40,0.0,9.62,1,2.419,Deprioritize unless it supports a money page
778,https://shaffercon.com/service-areas/altadena/,/service-areas/altadena/,0,191,0.0,22.39,2,2.397,Monitor or improve after higher value pages
779,https://shaffercon.com/service-areas/atwater-village/commercial-complete-electrical-rewiring/,/service-areas/atwater-village/commercial-complete-electrical-rewiring/,0,7,0.0,21.0,5,2.371,Expand content and add links from stronger pages
780,https://shaffercon.com/service-areas/highland-park/commercial-ceiling-fan-fixture-installation/,/service-areas/highland-park/commercial-ceiling-fan-fixture-installation/,0,7,0.0,23.71,5,2.371,Expand content and add links from stronger pages
781,https://shaffercon.com/service-areas/highland-park/commercial-outlet-switch-dimmer-services/,/service-areas/highland-park/commercial-outlet-switch-dimmer-services/,0,7,0.0,23.86,5,2.371,Expand content and add links from stronger pages
782,https://shaffercon.com/service-areas/culver-city/commercial-pool-hot-tub-spa-electrical/,/service-areas/culver-city/commercial-pool-hot-tub-spa-electrical/,0,7,0.0,28.0,5,2.371,Expand content and add links from stronger pages
783,https://shaffercon.com/service-areas/beverly-hills/commercial-pool-hot-tub-spa-electrical/,/service-areas/beverly-hills/commercial-pool-hot-tub-spa-electrical/,0,7,0.0,36.71,5,2.371,Expand content and add links from stronger pages
784,https://shaffercon.com/service-areas/glendale/commercial-security-motion-lighting/,/service-areas/glendale/commercial-security-motion-lighting/,0,7,0.0,37.86,5,2.371,Expand content and add links from stronger pages
785,https://shaffercon.com/industry-insights/how-funding-freezes-and-ultra-fast-chargers-are-reshaping-las-ev-infrastructure-in-2025/,/industry-insights/how-funding-freezes-and-ultra-fast-chargers-are-reshaping-las-ev-infrastructure-in-2025/,0,37,0.0,7.7,1,2.37,Deprioritize unless it supports a money page
786,https://shaffercon.com/service-areas/glendale/,/service-areas/glendale/,3,343,0.0087,20.41,2,2.354,Monitor or improve after higher value pages
787,https://shaffercon.com/industry-insights/advancing-electric-vehicle-infrastructure-in-los-angeles-the-role-of-shaffer-construction-inc/,/industry-insights/advancing-electric-vehicle-infrastructure-in-los-angeles-the-role-of-shaffer-construction-inc/,1,23,0.0435,18.87,2,2.346,Monitor or improve after higher value pages
788,https://shaffercon.com/service-areas/silver-lake/residential-energy-efficiency-upgrades,/service-areas/silver-lake/residential-energy-efficiency-upgrades/,0,5,0.0,3.4,2,2.334,Monitor or improve after higher value pages
789,https://shaffercon.com/service-areas/santa-clarita/residential-dedicated-equipment-circuits/,/service-areas/santa-clarita/residential-dedicated-equipment-circuits/,0,5,0.0,4.2,2,2.334,Monitor or improve after higher value pages
790,https://shaffercon.com/service-areas/sherman-oaks/residential-smart-automation-systems/,/service-areas/sherman-oaks/residential-smart-automation-systems/,0,5,0.0,4.8,2,2.334,Monitor or improve after higher value pages
791,https://shaffercon.com/service-areas/culver-city/residential-exhaust-fan-ventilation-wiring,/service-areas/culver-city/residential-exhaust-fan-ventilation-wiring/,0,5,0.0,5.4,2,2.334,Monitor or improve after higher value pages
792,https://shaffercon.com/service-areas/burbank/residential-ceiling-fan-fixture-installation,/service-areas/burbank/residential-ceiling-fan-fixture-installation/,0,5,0.0,5.6,2,2.334,Monitor or improve after higher value pages
793,https://shaffercon.com/service-areas/long-beach/residential-pool-hot-tub-spa-electrical/,/service-areas/long-beach/residential-pool-hot-tub-spa-electrical/,0,5,0.0,6.2,2,2.334,Monitor or improve after higher value pages
794,https://shaffercon.com/service-areas/santa-clarita/residential-complete-electrical-rewiring/,/service-areas/santa-clarita/residential-complete-electrical-rewiring/,0,5,0.0,6.2,2,2.334,Monitor or improve after higher value pages
795,https://shaffercon.com/service-areas/hollywood/residential-ceiling-fan-fixture-installation,/service-areas/hollywood/residential-ceiling-fan-fixture-installation/,0,5,0.0,6.4,2,2.334,Monitor or improve after higher value pages
796,https://shaffercon.com/service-areas/burbank/residential-electrical-troubleshooting-repairs/,/service-areas/burbank/residential-electrical-troubleshooting-repairs/,0,5,0.0,6.6,2,2.334,Monitor or improve after higher value pages
797,https://shaffercon.com/industry-insights/expert-christmas-light-installation-services-in-los-angeles/,/industry-insights/expert-christmas-light-installation-services-in-los-angeles/,0,5,0.0,7.4,2,2.334,Monitor or improve after higher value pages
798,https://shaffercon.com/service-areas/los-feliz/residential-pool-hot-tub-spa-electrical,/service-areas/los-feliz/residential-pool-hot-tub-spa-electrical/,0,5,0.0,7.4,2,2.334,Monitor or improve after higher value pages
799,https://shaffercon.com/service-areas/culver-city/residential-dedicated-equipment-circuits,/service-areas/culver-city/residential-dedicated-equipment-circuits/,0,5,0.0,7.6,2,2.334,Monitor or improve after higher value pages
800,https://shaffercon.com/service-areas/pasadena/residential-complete-electrical-rewiring,/service-areas/pasadena/residential-complete-electrical-rewiring/,0,5,0.0,7.6,2,2.334,Monitor or improve after higher value pages
801,https://shaffercon.com/service-areas/santa-monica/residential-exhaust-fan-ventilation-wiring/,/service-areas/santa-monica/residential-exhaust-fan-ventilation-wiring/,0,5,0.0,7.6,2,2.334,Monitor or improve after higher value pages
802,https://shaffercon.com/service-areas/burbank/residential-data-network-av-wiring,/service-areas/burbank/residential-data-network-av-wiring/,0,5,0.0,7.8,2,2.334,Monitor or improve after higher value pages
803,https://shaffercon.com/industry-insights/electrician-el-monte-expert-services,/industry-insights/electrician-el-monte-expert-services/,0,5,0.0,8.0,2,2.334,Monitor or improve after higher value pages
804,https://shaffercon.com/industry-insights/mastering-circuit-breakers-tips-for-effective-resetting/,/industry-insights/mastering-circuit-breakers-tips-for-effective-resetting/,0,5,0.0,9.4,2,2.334,Monitor or improve after higher value pages
805,https://shaffercon.com/service-areas/highland-park/residential-pool-hot-tub-spa-electrical/,/service-areas/highland-park/residential-pool-hot-tub-spa-electrical/,0,5,0.0,9.6,2,2.334,Monitor or improve after higher value pages
806,https://shaffercon.com/service-areas/torrance/residential-whole-building-surge-protection/,/service-areas/torrance/residential-whole-building-surge-protection/,0,5,0.0,10.0,2,2.334,Monitor or improve after higher value pages
807,https://shaffercon.com/industry-insights/china-1500kw-charging-gap-ev-consideration-11-percent-toyota-lexus-q1-record-ev-prices-record-low-gap-tesla-supercharger-market-share/,/industry-insights/china-1500kw-charging-gap-ev-consideration-11-percent-toyota-lexus-q1-record-ev-prices-record-low-gap-tesla-supercharger-market-share/,0,34,0.0,5.53,1,2.316,Deprioritize unless it supports a money page
808,https://shaffercon.com/industry-insights/telephone-power-essentials-tips-for-reliable-operation/,/industry-insights/telephone-power-essentials-tips-for-reliable-operation/,0,7,0.0,11.71,2,2.303,Monitor or improve after higher value pages
809,https://shaffercon.com/service-areas/atwater-village/residential-electrical-troubleshooting-repairs/,/service-areas/atwater-village/residential-electrical-troubleshooting-repairs/,0,7,0.0,12.0,2,2.303,Monitor or improve after higher value pages
810,https://shaffercon.com/service-areas/glendale/residential-backup-generator-installation/,/service-areas/glendale/residential-backup-generator-installation/,0,7,0.0,15.86,2,2.303,Monitor or improve after higher value pages
811,https://shaffercon.com/industry-insights/the-future-of-home-and-public-ev-charging-trends-economics-and-practical-innovations-for-los-angeles-in-2025,/industry-insights/the-future-of-home-and-public-ev-charging-trends-economics-and-practical-innovations-for-los-angeles-in-2025/,0,33,0.0,5.3,1,2.297,Deprioritize unless it supports a money page
812,https://shaffercon.com/industry-insights/the-rise-of-ev-charging-infrastructure-trends-challenges-and-solutions-for-the-future/,/industry-insights/the-rise-of-ev-charging-infrastructure-trends-challenges-and-solutions-for-the-future/,0,1033,0.0,52.62,5,2.261,Expand content and add links from stronger pages
813,https://shaffercon.com/commercial-electric-vehicle-chargers/,/commercial-electric-vehicle-chargers/,0,1031,0.0,55.35,5,2.26,Expand content and add links from stronger pages
814,https://shaffercon.com/industry-insights/the-essential-guide-to-ev-charging-infrastructure-benefits-strategies-and-future-trends/,/industry-insights/the-essential-guide-to-ev-charging-infrastructure-benefits-strategies-and-future-trends/,0,947,0.0,72.32,5,2.233,Expand content and add links from stronger pages
815,https://shaffercon.com/service-areas/pacific-palisades/,/service-areas/pacific-palisades/,0,131,0.0,31.15,2,2.227,Monitor or improve after higher value pages
816,https://shaffercon.com/service-areas/los-feliz/commercial-complete-electrical-rewiring/,/service-areas/los-feliz/commercial-complete-electrical-rewiring/,0,6,0.0,25.5,5,2.218,Expand content and add links from stronger pages
817,https://shaffercon.com/service-areas/pasadena/commercial-energy-efficiency-upgrades/,/service-areas/pasadena/commercial-energy-efficiency-upgrades/,0,6,0.0,29.83,5,2.218,Expand content and add links from stronger pages
818,https://shaffercon.com/service-areas/venice/commercial-backup-generator-installation,/service-areas/venice/commercial-backup-generator-installation/,0,6,0.0,38.83,5,2.218,Expand content and add links from stronger pages
819,https://shaffercon.com/industry-insights/ev-technology-breakthroughs-solid-state-batteries-v2g-charging-and-nacs-standardization-transform-los-angeles-infrastructure/,/industry-insights/ev-technology-breakthroughs-solid-state-batteries-v2g-charging-and-nacs-standardization-transform-los-angeles-infrastructure/,0,53,0.0,12.64,1,2.209,Deprioritize unless it supports a money page
820,https://shaffercon.com/residential-landscape-outdoor-lighting/,/residential-landscape-outdoor-lighting/,0,10,0.0,35.4,4,2.187,Expand content and add links from stronger pages
821,https://shaffercon.com/service-areas/echo-park/residential-data-network-av-wiring/,/service-areas/echo-park/residential-data-network-av-wiring/,0,6,0.0,10.83,2,2.155,Monitor or improve after higher value pages
822,https://shaffercon.com/service-areas/culver-city/residential-whole-building-surge-protection/,/service-areas/culver-city/residential-whole-building-surge-protection/,0,6,0.0,11.67,2,2.155,Monitor or improve after higher value pages
823,https://shaffercon.com/industry-insights/electrical-upgrade-benefits-signs/,/industry-insights/electrical-upgrade-benefits-signs/,0,6,0.0,12.5,2,2.155,Monitor or improve after higher value pages
824,https://shaffercon.com/industry-insights/winter-electrical-safety-tips,/industry-insights/winter-electrical-safety-tips/,0,6,0.0,12.5,2,2.155,Monitor or improve after higher value pages
825,https://shaffercon.com/service-areas/inglewood/residential-smart-automation-systems/,/service-areas/inglewood/residential-smart-automation-systems/,0,6,0.0,15.67,2,2.155,Monitor or improve after higher value pages
826,https://shaffercon.com/service-areas/culver-city/residential-exhaust-fan-ventilation-wiring/,/service-areas/culver-city/residential-exhaust-fan-ventilation-wiring/,0,6,0.0,19.67,2,2.155,Monitor or improve after higher value pages
827,https://shaffercon.com/industry-insights/ev-charging-in-2025-what-homeowners-property-managers-and-businesses-need-to-know/,/industry-insights/ev-charging-in-2025-what-homeowners-property-managers-and-businesses-need-to-know/,0,26,0.0,5.88,1,2.147,Deprioritize unless it supports a money page
828,https://shaffercon.com/service-areas/los-feliz/residential-electrical-code-compliance-corrections/,/service-areas/los-feliz/residential-electrical-code-compliance-corrections/,0,9,0.0,30.0,4,2.1,Expand content and add links from stronger pages
829,https://shaffercon.com/service-areas/pasadena/,/service-areas/pasadena/,1,153,0.006500000000000001,22.01,2,2.098,Monitor or improve after higher value pages
830,https://shaffercon.com/service-areas/santa-monica/commercial-whole-building-surge-protection,/service-areas/santa-monica/commercial-whole-building-surge-protection/,0,4,0.0,2.25,5,2.097,"Rewrite title, meta, intro, CTA, and internal links"
831,https://shaffercon.com/service-areas/sherman-oaks/residential-backup-generator-installation/,/service-areas/sherman-oaks/residential-backup-generator-installation/,0,4,0.0,4.25,2,2.097,Monitor or improve after higher value pages
832,https://shaffercon.com/games/classic-hopscotch.html,/games/classic-hopscotch.html/,0,4,0.0,5.5,2,2.097,Monitor or improve after higher value pages
833,https://shaffercon.com/industry-insights/electrician-monterey-park-services-installation/,/industry-insights/electrician-monterey-park-services-installation/,0,4,0.0,5.5,2,2.097,Monitor or improve after higher value pages
834,https://shaffercon.com/service-areas/sherman-oaks/residential-complete-electrical-rewiring,/service-areas/sherman-oaks/residential-complete-electrical-rewiring/,0,4,0.0,5.75,2,2.097,Monitor or improve after higher value pages
835,https://shaffercon.com/service-areas/backup-generator-installation__trashed/residential-backup-generator-installation/,/service-areas/backup-generator-installation__trashed/residential-backup-generator-installation/,0,4,0.0,6.25,2,2.097,Monitor or improve after higher value pages
836,https://shaffercon.com/service-areas/glendale/residential-dedicated-equipment-circuits/,/service-areas/glendale/residential-dedicated-equipment-circuits/,0,4,0.0,6.25,2,2.097,Monitor or improve after higher value pages
837,https://shaffercon.com/service-areas/glendale/residential-whole-building-surge-protection,/service-areas/glendale/residential-whole-building-surge-protection/,0,4,0.0,6.25,2,2.097,Monitor or improve after higher value pages
838,https://shaffercon.com/service-areas/venice/residential-electrical-troubleshooting-repairs/,/service-areas/venice/residential-electrical-troubleshooting-repairs/,0,4,0.0,7.25,2,2.097,Monitor or improve after higher value pages
839,https://shaffercon.com/service-areas/sherman-oaks/residential-ceiling-fan-fixture-installation,/service-areas/sherman-oaks/residential-ceiling-fan-fixture-installation/,0,4,0.0,7.5,2,2.097,Monitor or improve after higher value pages
840,https://shaffercon.com/service-areas/sherman-oaks/residential-exhaust-fan-ventilation-wiring,/service-areas/sherman-oaks/residential-exhaust-fan-ventilation-wiring/,0,4,0.0,7.75,2,2.097,Monitor or improve after higher value pages
841,https://shaffercon.com/industry-insights/advancing-electric-vehicle-infrastructure-in-los-angeles-the-role-of-shaffer-construction-inc,/industry-insights/advancing-electric-vehicle-infrastructure-in-los-angeles-the-role-of-shaffer-construction-inc/,0,4,0.0,8.0,2,2.097,Monitor or improve after higher value pages
842,https://shaffercon.com/industry-insights/telephone-power-essentials-tips-for-reliable-operation,/industry-insights/telephone-power-essentials-tips-for-reliable-operation/,0,4,0.0,8.0,2,2.097,Monitor or improve after higher value pages
843,https://shaffercon.com/service-areas/torrance/residential-complete-electrical-rewiring/,/service-areas/torrance/residential-complete-electrical-rewiring/,0,4,0.0,9.25,2,2.097,Monitor or improve after higher value pages
844,https://shaffercon.com/industry-insights/electrician-inglewood-services-expert/,/industry-insights/electrician-inglewood-services-expert/,0,4,0.0,9.75,2,2.097,Monitor or improve after higher value pages
845,https://shaffercon.com/service-areas/west-hollywood/residential-electrical-troubleshooting-repairs,/service-areas/west-hollywood/residential-electrical-troubleshooting-repairs/,0,4,0.0,10.0,2,2.097,Monitor or improve after higher value pages
846,https://shaffercon.com/industry-insights/ev-policy-transformation-federal-tax-credit-expiration-california-hov-access-ends-record-29-market-share-600kw-charging-coming-and-nevi-program-expansion/,/industry-insights/ev-policy-transformation-federal-tax-credit-expiration-california-hov-access-ends-record-29-market-share-600kw-charging-coming-and-nevi-program-expansion/,0,23,0.0,7.87,1,2.07,Deprioritize unless it supports a money page
847,https://shaffercon.com/industry-insights/ev-policy-transformation-federal-tax-credit-expiration-california-hov-access-ends-record-29-market-share-600kw-charging-coming-and-nevi-program-expansion,/industry-insights/ev-policy-transformation-federal-tax-credit-expiration-california-hov-access-ends-record-29-market-share-600kw-charging-coming-and-nevi-program-expansion/,0,23,0.0,8.74,1,2.07,Deprioritize unless it supports a money page
848,https://shaffercon.com/service-areas/west-hollywood/residential-backup-generator-installation/,/service-areas/west-hollywood/residential-backup-generator-installation/,0,88,0.0,39.26,2,2.047,Monitor or improve after higher value pages
849,https://shaffercon.com/service-areas/beverly-hills/commercial-ev-charger-installation/,/service-areas/beverly-hills/commercial-ev-charger-installation/,0,5,0.0,24.0,5,2.043,Expand content and add links from stronger pages
850,https://shaffercon.com/service-areas/venice/residential-electrical-panel-upgrades/,/service-areas/venice/residential-electrical-panel-upgrades/,0,5,0.0,25.8,5,2.043,Expand content and add links from stronger pages
851,https://shaffercon.com/service-areas/torrance/commercial-electrical-panel-upgrades/,/service-areas/torrance/commercial-electrical-panel-upgrades/,0,5,0.0,28.8,5,2.043,Expand content and add links from stronger pages
852,https://shaffercon.com/service-areas/altadena/commercial-electrical-code-compliance-corrections/,/service-areas/altadena/commercial-electrical-code-compliance-corrections/,0,5,0.0,29.2,5,2.043,Expand content and add links from stronger pages
853,https://shaffercon.com/service-areas/pasadena/commercial-whole-building-surge-protection/,/service-areas/pasadena/commercial-whole-building-surge-protection/,0,5,0.0,35.6,5,2.043,Expand content and add links from stronger pages
854,https://shaffercon.com/industry-insights/the-essential-role-of-ev-charging-infrastructure-in-driving-sustainable-transportation/,/industry-insights/the-essential-role-of-ev-charging-infrastructure-in-driving-sustainable-transportation/,0,5,0.0,36.8,5,2.043,Expand content and add links from stronger pages
855,https://shaffercon.com/service-areas/beverly-hills/commercial-complete-electrical-rewiring,/service-areas/beverly-hills/commercial-complete-electrical-rewiring/,0,5,0.0,39.2,5,2.043,Expand content and add links from stronger pages
856,https://shaffercon.com/industry-insights/ev-charging-infrastructure-accelerates-america-achieves-record-20-growth-nacs-universal-adoption-maryland-5-million-funding-270kw-wireless-breakthrough-and-california-incentive-evolution/,/industry-insights/ev-charging-infrastructure-accelerates-america-achieves-record-20-growth-nacs-universal-adoption-maryland-5-million-funding-270kw-wireless-breakthrough-and-california-incentive-evolution/,0,36,0.0,10.83,1,1.999,Deprioritize unless it supports a money page
857,https://shaffercon.com/industry-insights/exploring-the-benefits-of-solar-power-integration-in-electrical-systems,/industry-insights/exploring-the-benefits-of-solar-power-integration-in-electrical-systems/,0,5,0.0,10.4,2,1.984,Monitor or improve after higher value pages
858,https://shaffercon.com/industry-insights/electrical-services-rancho-palos-verdes,/industry-insights/electrical-services-rancho-palos-verdes/,0,5,0.0,10.8,2,1.984,Monitor or improve after higher value pages
859,https://shaffercon.com/service-areas/boyle-heights/residential-complete-electrical-rewiring/,/service-areas/boyle-heights/residential-complete-electrical-rewiring/,0,5,0.0,13.4,2,1.984,Monitor or improve after higher value pages
860,https://shaffercon.com/industry-insights/energy-saving-tips-home-efficiency/,/industry-insights/energy-saving-tips-home-efficiency/,0,5,0.0,18.0,2,1.984,Monitor or improve after higher value pages
861,https://shaffercon.com/service-areas/highland-park/residential-backup-generator-installation/,/service-areas/highland-park/residential-backup-generator-installation/,0,5,0.0,19.2,2,1.984,Monitor or improve after higher value pages
862,https://shaffercon.com/industry-insights/major-ev-charging-developments-volkswagen-supercharger-access-google-maps-integration-nacs-standardization-65000-us-ports-and-sonoma-county-expansion-shape-november-2025-infrastructure-landscape/,/industry-insights/major-ev-charging-developments-volkswagen-supercharger-access-google-maps-integration-nacs-standardization-65000-us-ports-and-sonoma-county-expansion-shape-november-2025-infrastructure-landscape/,0,20,0.0,6.5,1,1.983,Deprioritize unless it supports a money page
863,https://shaffercon.com/industry-insights/ionna-circle-k-350-site-partnership-ohio-51m-nevi-64-sites-byd-1500kw-flash-charging-cox-auto-q1-ev-reset-mercedes-eqs-926km-800v/,/industry-insights/ionna-circle-k-350-site-partnership-ohio-51m-nevi-64-sites-byd-1500kw-flash-charging-cox-auto-q1-ev-reset-mercedes-eqs-926km-800v/,0,34,0.0,10.06,1,1.969,Deprioritize unless it supports a money page
864,https://shaffercon.com/industry-insights/ford-19-billion-ev-writedown-lightning-canceled-byd-overtakes-tesla-factorial-solid-state-battery-electrify-america-charge-limit,/industry-insights/ford-19-billion-ev-writedown-lightning-canceled-byd-overtakes-tesla-factorial-solid-state-battery-electrify-america-charge-limit/,0,19,0.0,7.26,1,1.952,Deprioritize unless it supports a money page
865,https://shaffercon.com/service-areas/venice/,/service-areas/venice/,0,69,0.0,26.71,2,1.937,Monitor or improve after higher value pages
866,https://shaffercon.com/service-areas/boyle-heights/residential-electrical-code-compliance-corrections/,/service-areas/boyle-heights/residential-electrical-code-compliance-corrections/,0,7,0.0,23.43,4,1.896,Expand content and add links from stronger pages
867,https://shaffercon.com/service-areas/santa-monica/residential-energy-efficiency-upgrades/,/service-areas/santa-monica/residential-energy-efficiency-upgrades/,1,12,0.0833,16.0,2,1.894,Monitor or improve after higher value pages
868,https://shaffercon.com/industry-insights/q1-2026-fast-charging-report-evgo-nacs-expansion-catl-60gwh-sodium-ion-toyota-ev-sales-139-percent-kia-ev6-ev9-price-cuts/,/industry-insights/q1-2026-fast-charging-report-evgo-nacs-expansion-catl-60gwh-sodium-ion-toyota-ev-sales-139-percent-kia-ev6-ev9-price-cuts/,0,17,0.0,6.47,1,1.883,Deprioritize unless it supports a money page
869,https://shaffercon.com/industry-insights/solving-lighting-problems-practical-tips-for-homeowners/,/industry-insights/solving-lighting-problems-practical-tips-for-homeowners/,0,5,0.0,2.8,4,1.868,Improve snippet and add stronger hiring intent
870,https://shaffercon.com/industry-insights/powerstation-off-grid-solar-chargers-california-zev-mandate-35-percent-loves-texas-ev-stations-tariff-costs-35-billion-site-size-growing/,/industry-insights/powerstation-off-grid-solar-chargers-california-zev-mandate-35-percent-loves-texas-ev-stations-tariff-costs-35-billion-site-size-growing/,0,16,0.0,5.75,1,1.846,Deprioritize unless it supports a money page
871,https://shaffercon.com/industry-insights/tesla-3d-supercharger-maps-porsche-closes-china-network-ford-ionna-plug-charge-holiday-travel-charging,/industry-insights/tesla-3d-supercharger-maps-porsche-closes-china-network-ford-ionna-plug-charge-holiday-travel-charging/,0,16,0.0,6.44,1,1.846,Deprioritize unless it supports a money page
872,https://shaffercon.com/service-areas/glendale/commercial-backup-generator-installation/,/service-areas/glendale/commercial-backup-generator-installation/,0,280,0.0,48.65,5,1.837,Expand content and add links from stronger pages
873,https://shaffercon.com/service-areas/echo-park/commercial-electrical-panel-upgrades/,/service-areas/echo-park/commercial-electrical-panel-upgrades/,0,4,0.0,21.0,5,1.835,Expand content and add links from stronger pages
874,https://shaffercon.com/industry-insights/powering-the-ev-revolution-latest-advances-and-infrastructure-solutions-for-u-s-charging-networks/,/industry-insights/powering-the-ev-revolution-latest-advances-and-infrastructure-solutions-for-u-s-charging-networks/,0,4,0.0,22.75,5,1.835,Expand content and add links from stronger pages
875,https://shaffercon.com/service-areas/long-beach/commercial-whole-building-surge-protection,/service-areas/long-beach/commercial-whole-building-surge-protection/,0,4,0.0,23.0,5,1.835,Expand content and add links from stronger pages
876,https://shaffercon.com/service-areas/sherman-oaks/commercial-electrical-panel-upgrades/,/service-areas/sherman-oaks/commercial-electrical-panel-upgrades/,0,4,0.0,27.25,5,1.835,Expand content and add links from stronger pages
877,https://shaffercon.com/industry-insights/the-future-of-ev-charger-installation-transforming-transportation-in-los-angeles/,/industry-insights/the-future-of-ev-charger-installation-transforming-transportation-in-los-angeles/,0,4,0.0,28.0,5,1.835,Expand content and add links from stronger pages
878,https://shaffercon.com/service-areas/echo-park/commercial-outlet-switch-dimmer-services/,/service-areas/echo-park/commercial-outlet-switch-dimmer-services/,0,4,0.0,28.5,5,1.835,Expand content and add links from stronger pages
879,https://shaffercon.com/service-areas/altadena/residential-electrical-panel-upgrades/,/service-areas/altadena/residential-electrical-panel-upgrades/,0,4,0.0,29.25,5,1.835,Expand content and add links from stronger pages
880,https://shaffercon.com/service-areas/sherman-oaks/commercial-data-network-av-wiring,/service-areas/sherman-oaks/commercial-data-network-av-wiring/,0,4,0.0,29.25,5,1.835,Expand content and add links from stronger pages
881,https://shaffercon.com/service-areas/beverly-hills/commercial-ev-charger-installation,/service-areas/beverly-hills/commercial-ev-charger-installation/,0,4,0.0,29.75,5,1.835,Expand content and add links from stronger pages
882,https://shaffercon.com/service-areas/venice/commercial-backup-generator-installation/,/service-areas/venice/commercial-backup-generator-installation/,0,4,0.0,31.75,5,1.835,Expand content and add links from stronger pages
883,https://shaffercon.com/service-areas/highland-park/commercial-whole-building-surge-protection,/service-areas/highland-park/commercial-whole-building-surge-protection/,0,4,0.0,35.75,5,1.835,Expand content and add links from stronger pages
884,https://shaffercon.com/service-areas/santa-monica/commercial-security-motion-lighting,/service-areas/santa-monica/commercial-security-motion-lighting/,0,4,0.0,35.75,5,1.835,Expand content and add links from stronger pages
885,https://shaffercon.com/industry-insights/the-future-of-electric-vehicle-charging-why-infrastructure-matters-for-sustainable-growth/,/industry-insights/the-future-of-electric-vehicle-charging-why-infrastructure-matters-for-sustainable-growth/,0,259,0.0,67.9,5,1.811,Expand content and add links from stronger pages
886,https://shaffercon.com/service-areas/west-hollywood/commercial-electrical-panel-upgrades/,/service-areas/west-hollywood/commercial-electrical-panel-upgrades/,0,3,0.0,2.0,5,1.806,"Rewrite title, meta, intro, CTA, and internal links"
887,https://shaffercon.com/service-areas/beverly-hills/commercial-data-network-av-wiring/,/service-areas/beverly-hills/commercial-data-network-av-wiring/,0,3,0.0,2.67,5,1.806,"Rewrite title, meta, intro, CTA, and internal links"
888,https://shaffercon.com/service-areas/culver-city/residential-backup-generator-installation,/service-areas/culver-city/residential-backup-generator-installation/,0,3,0.0,3.33,2,1.806,Monitor or improve after higher value pages
889,https://shaffercon.com/service-areas/inglewood/residential-backup-generator-installation/,/service-areas/inglewood/residential-backup-generator-installation/,0,3,0.0,4.0,2,1.806,Monitor or improve after higher value pages
890,https://shaffercon.com/industry-insights/from-design-to-maintenance-the-life-cycle-of-electric-vehicle-installations/,/industry-insights/from-design-to-maintenance-the-life-cycle-of-electric-vehicle-installations/,0,3,0.0,4.33,2,1.806,Monitor or improve after higher value pages
891,https://shaffercon.com/service-areas/culver-city/residential-ceiling-fan-fixture-installation/,/service-areas/culver-city/residential-ceiling-fan-fixture-installation/,0,3,0.0,4.33,2,1.806,Monitor or improve after higher value pages
892,https://shaffercon.com/service-areas/burbank/residential-backup-generator-installation,/service-areas/burbank/residential-backup-generator-installation/,0,3,0.0,4.67,2,1.806,Monitor or improve after higher value pages
893,https://shaffercon.com/service-areas/glendale/residential-complete-electrical-rewiring/,/service-areas/glendale/residential-complete-electrical-rewiring/,0,3,0.0,4.67,2,1.806,Monitor or improve after higher value pages
894,https://shaffercon.com/service-areas/silver-lake/residential-complete-electrical-rewiring,/service-areas/silver-lake/residential-complete-electrical-rewiring/,0,3,0.0,5.0,2,1.806,Monitor or improve after higher value pages
895,https://shaffercon.com/industry-insights/electrical-safety-tips-home/,/industry-insights/electrical-safety-tips-home/,0,3,0.0,5.67,2,1.806,Monitor or improve after higher value pages
896,https://shaffercon.com/industry-insights/power-tips-for-your-refrigerator-ensuring-efficient-operation,/industry-insights/power-tips-for-your-refrigerator-ensuring-efficient-operation/,0,3,0.0,6.33,2,1.806,Monitor or improve after higher value pages
897,https://shaffercon.com/service-areas/long-beach/residential-pool-hot-tub-spa-electrical,/service-areas/long-beach/residential-pool-hot-tub-spa-electrical/,0,3,0.0,6.33,2,1.806,Monitor or improve after higher value pages
898,https://shaffercon.com/service-areas/sherman-oaks/residential-exhaust-fan-ventilation-wiring/,/service-areas/sherman-oaks/residential-exhaust-fan-ventilation-wiring/,0,3,0.0,6.33,2,1.806,Monitor or improve after higher value pages
899,https://shaffercon.com/service-areas/sherman-oaks/residential-smart-automation-systems,/service-areas/sherman-oaks/residential-smart-automation-systems/,0,3,0.0,6.33,2,1.806,Monitor or improve after higher value pages
900,https://shaffercon.com/service-areas/inglewood/residential-complete-electrical-rewiring/,/service-areas/inglewood/residential-complete-electrical-rewiring/,0,3,0.0,7.0,2,1.806,Monitor or improve after higher value pages
901,https://shaffercon.com/industry-insights/smoke-detector-installation-guide,/industry-insights/smoke-detector-installation-guide/,0,3,0.0,7.33,2,1.806,Monitor or improve after higher value pages
902,https://shaffercon.com/service-areas/echo-park/residential-dedicated-equipment-circuits/,/service-areas/echo-park/residential-dedicated-equipment-circuits/,0,3,0.0,7.33,2,1.806,Monitor or improve after higher value pages
903,https://shaffercon.com/service-areas/venice/residential-dedicated-equipment-circuits/,/service-areas/venice/residential-dedicated-equipment-circuits/,0,3,0.0,7.67,2,1.806,Monitor or improve after higher value pages
904,https://shaffercon.com/service-areas/altadena/residential-energy-efficiency-upgrades,/service-areas/altadena/residential-energy-efficiency-upgrades/,0,4,0.0,11.5,2,1.782,Monitor or improve after higher value pages
905,https://shaffercon.com/service-areas/silver-lake/residential-ceiling-fan-fixture-installation,/service-areas/silver-lake/residential-ceiling-fan-fixture-installation/,0,4,0.0,14.25,2,1.782,Monitor or improve after higher value pages
906,https://shaffercon.com/service-areas/glendale/residential-electrical-troubleshooting-repairs,/service-areas/glendale/residential-electrical-troubleshooting-repairs/,0,4,0.0,15.0,2,1.782,Monitor or improve after higher value pages
907,https://shaffercon.com/service-areas/culver-city/residential-pool-hot-tub-spa-electrical/,/service-areas/culver-city/residential-pool-hot-tub-spa-electrical/,0,4,0.0,15.5,2,1.782,Monitor or improve after higher value pages
908,https://shaffercon.com/service-areas/sherman-oaks/residential-backup-generator-installation,/service-areas/sherman-oaks/residential-backup-generator-installation/,0,4,0.0,15.75,2,1.782,Monitor or improve after higher value pages
909,https://shaffercon.com/industry-insights/ev-charging-in-los-angeles-costs-grid-programs-v2g-and-how-to-avoid-common-installation-regrets/,/industry-insights/ev-charging-in-los-angeles-costs-grid-programs-v2g-and-how-to-avoid-common-installation-regrets/,0,14,0.0,8.21,1,1.764,Deprioritize unless it supports a money page
910,https://shaffercon.com/industry-insights/electricitys-impact-on-sustainable-construction-practices/,/industry-insights/electricitys-impact-on-sustainable-construction-practices/,0,46,0.0,28.17,2,1.756,Monitor or improve after higher value pages
911,https://shaffercon.com/industry-insights/major-ev-charging-developments-volkswagen-supercharger-access-google-maps-integration-nacs-standardization-65000-us-ports-and-sonoma-county-expansion-shape-november-2025-infrastructure-landscape,/industry-insights/major-ev-charging-developments-volkswagen-supercharger-access-google-maps-integration-nacs-standardization-65000-us-ports-and-sonoma-county-expansion-shape-november-2025-infrastructure-landscape/,0,22,0.0,11.23,1,1.736,Deprioritize unless it supports a money page
912,https://shaffercon.com/industry-insights/the-future-of-ev-charging-federal-grants-technological-advancements-and-infrastructure-expansion/,/industry-insights/the-future-of-ev-charging-federal-grants-technological-advancements-and-infrastructure-expansion/,0,13,0.0,5.15,1,1.719,Deprioritize unless it supports a money page
913,https://shaffercon.com/industry-insights/what-the-rebooted-nevi-program-means-for-ev-charger-projects-in-los-angeles,/industry-insights/what-the-rebooted-nevi-program-means-for-ev-charger-projects-in-los-angeles/,0,13,0.0,6.23,1,1.719,Deprioritize unless it supports a money page
914,https://shaffercon.com/industry-insights/used-ev-sales-surge-12-percent-ford-free-charger-power-promise-utilities-managed-charging-175k-level-2-ports-denza-500-mile-range/,/industry-insights/used-ev-sales-surge-12-percent-ford-free-charger-power-promise-utilities-managed-charging-175k-level-2-ports-denza-500-mile-range/,0,13,0.0,7.15,1,1.719,Deprioritize unless it supports a money page
915,https://shaffercon.com/industry-insights/california-200000-ev-chargers-oregon-fleet-rebate-germany-truck-charging-electrify-america-simon-tesla-2025-deliveries,/industry-insights/california-200000-ev-chargers-oregon-fleet-rebate-germany-truck-charging-electrify-america-simon-tesla-2025-deliveries/,0,13,0.0,7.85,1,1.719,Deprioritize unless it supports a money page
916,https://shaffercon.com/service-areas/pacific-palisades/residential-lighting-installation-retrofitting/,/service-areas/pacific-palisades/residential-lighting-installation-retrofitting/,0,4,0.0,2.25,4,1.678,Improve snippet and add stronger hiring intent
917,https://shaffercon.com/service-areas/glendale/residential-lighting-installation-retrofitting,/service-areas/glendale/residential-lighting-installation-retrofitting/,0,4,0.0,3.0,4,1.678,Improve snippet and add stronger hiring intent
918,https://shaffercon.com/service-areas/los-feliz/residential-lighting-installation-retrofitting/,/service-areas/los-feliz/residential-lighting-installation-retrofitting/,0,5,0.0,38.4,4,1.634,Expand content and add links from stronger pages
919,https://shaffercon.com/industry-insights/exploring-the-rapid-growth-and-key-trends-in-ev-charging-infrastructure-in-2023,/industry-insights/exploring-the-rapid-growth-and-key-trends-in-ev-charging-infrastructure-in-2023/,0,18,0.0,15.72,1,1.63,Deprioritize unless it supports a money page
920,https://shaffercon.com/industry-insights/ev-charging-infrastructure-roundup-ionna-250m-california-investment-wireless-highway-charging-tesla-supercharger-growth/,/industry-insights/ev-charging-infrastructure-roundup-ionna-250m-california-investment-wireless-highway-charging-tesla-supercharger-growth/,0,11,0.0,5.27,1,1.619,Deprioritize unless it supports a money page
921,https://shaffercon.com/industry-insights/ev-charging-acceleration-november-2025-chargepoint-sourcewell-illinois-funding-global-technology-showcase-workplace-charging-growth-and-california-fast-charge-initiatives/,/industry-insights/ev-charging-acceleration-november-2025-chargepoint-sourcewell-illinois-funding-global-technology-showcase-workplace-charging-growth-and-california-fast-charge-initiatives/,0,11,0.0,7.09,1,1.619,Deprioritize unless it supports a money page
922,https://shaffercon.com/service-areas/highland-park/residential-ceiling-fan-fixture-installation/,/service-areas/highland-park/residential-ceiling-fan-fixture-installation/,0,31,0.0,24.32,2,1.58,Monitor or improve after higher value pages
923,https://shaffercon.com/service-areas/pasadena/residential-electrical-troubleshooting-repairs,/service-areas/pasadena/residential-electrical-troubleshooting-repairs/,0,27,0.0,24.93,2,1.52,Monitor or improve after higher value pages
924,https://shaffercon.com/industry-insights/ev-charging-infrastructure-trends-2024-innovations-accessibility-and-business-benefits-for-california-and-beyond/,/industry-insights/ev-charging-infrastructure-trends-2024-innovations-accessibility-and-business-benefits-for-california-and-beyond/,0,98,0.0,50.58,5,1.497,Expand content and add links from stronger pages
925,https://shaffercon.com/service-areas/west-hollywood/residential-ceiling-fan-fixture-installation/,/service-areas/west-hollywood/residential-ceiling-fan-fixture-installation/,0,24,0.0,25.88,2,1.468,Monitor or improve after higher value pages
926,https://shaffercon.com/industry-insights/tesla-q1-2026-earnings-catl-next-gen-ecosystem-mercedes-c-class-473-miles-europe-51-percent-ev-share-30c-june-30-deadline/,/industry-insights/tesla-q1-2026-earnings-catl-next-gen-ecosystem-mercedes-c-class-473-miles-europe-51-percent-ev-share-30c-june-30-deadline/,0,8,0.0,7.5,1,1.431,Deprioritize unless it supports a money page
927,https://shaffercon.com/industry-insights/ev-charging-summit-execution-era-grid-delays-87-billion-stellantis-supercharger-evgo-growth/,/industry-insights/ev-charging-summit-execution-era-grid-delays-87-billion-stellantis-supercharger-evgo-growth/,0,8,0.0,9.88,1,1.431,Deprioritize unless it supports a money page
928,https://shaffercon.com/service-areas/highland-park/residential-electrical-troubleshooting-repairs/,/service-areas/highland-park/residential-electrical-troubleshooting-repairs/,0,22,0.0,33.59,2,1.43,Monitor or improve after higher value pages
929,https://shaffercon.com/industry-insights/revolutionary-ev-charging-developments-transform-infrastructure-landscape-ultra-fast-1mw-technology-streetlight-integration-300-billion-global-investment-forecast-pennsylvania-community-expansion/,/industry-insights/revolutionary-ev-charging-developments-transform-infrastructure-landscape-ultra-fast-1mw-technology-streetlight-integration-300-billion-global-investment-forecast-pennsylvania-community-expansion/,0,12,0.0,18.0,1,1.42,Deprioritize unless it supports a money page
930,https://shaffercon.com/industry-insights/ev-charging-infrastructure-in-2025-what-property-owners-in-los-angeles-need-to-know/,/industry-insights/ev-charging-infrastructure-in-2025-what-property-owners-in-los-angeles-need-to-know/,1,25,0.04,5.12,1,1.415,Deprioritize unless it supports a money page
931,https://shaffercon.com/service-areas/glendale/residential-backup-generator-installation,/service-areas/glendale/residential-backup-generator-installation/,0,21,0.0,26.43,2,1.41,Monitor or improve after higher value pages
932,https://shaffercon.com/industry-insights/ev-charging-infrastructure-breakthrough-developments-france-pioneers-300kw-dynamic-wireless-highway-charging-tesla-v4-achieves-500kw-operational-deployment-china-accelerates-toward-28-million-facil/,/industry-insights/ev-charging-infrastructure-breakthrough-developments-france-pioneers-300kw-dynamic-wireless-highway-charging-tesla-v4-achieves-500kw-operational-deployment-china-accelerates-toward-28-million-facil/,0,11,0.0,10.55,1,1.376,Deprioritize unless it supports a money page
933,https://shaffercon.com/service-areas/burbank/residential-whole-building-surge-protection/,/service-areas/burbank/residential-whole-building-surge-protection/,0,13,0.0,2.23,2,1.375,Monitor or improve after higher value pages
934,https://shaffercon.com/service-areas/west-hollywood/residential-pool-hot-tub-spa-electrical,/service-areas/west-hollywood/residential-pool-hot-tub-spa-electrical/,0,12,0.0,2.08,2,1.337,Monitor or improve after higher value pages
935,https://shaffercon.com/service-areas/culver-city/residential-electrical-troubleshooting-repairs/,/service-areas/culver-city/residential-electrical-troubleshooting-repairs/,0,16,0.0,20.75,2,1.292,Monitor or improve after higher value pages
936,https://shaffercon.com/service-areas/santa-monica/residential-electrical-troubleshooting-repairs/,/service-areas/santa-monica/residential-electrical-troubleshooting-repairs/,0,16,0.0,34.56,2,1.292,Monitor or improve after higher value pages
937,https://shaffercon.com/industry-insights/the-critical-importance-of-investing-in-ev-charging-infrastructure-for-a-sustainable-future/,/industry-insights/the-critical-importance-of-investing-in-ev-charging-infrastructure-for-a-sustainable-future/,0,51,0.0,43.2,5,1.287,Expand content and add links from stronger pages
938,https://shaffercon.com/industry-insights/the-future-of-ev-charging-infrastructure-innovations-policy-updates-and-smart-solutions-for-california-property-owners/,/industry-insights/the-future-of-ev-charging-infrastructure-innovations-policy-updates-and-smart-solutions-for-california-property-owners/,0,9,0.0,14.33,1,1.275,Deprioritize unless it supports a money page
939,https://shaffercon.com/industry-insights/solar-canopy-ev-charging-german-automakers-supercharger-access-ionna-network-expansion-billing-architecture,/industry-insights/solar-canopy-ev-charging-german-automakers-supercharger-access-ionna-network-expansion-billing-architecture/,0,9,0.0,15.89,1,1.275,Deprioritize unless it supports a money page
940,https://shaffercon.com/industry-insights/the-growing-demand-for-ev-charging-infrastructure-how-maintenance-and-innovation-shape-the-future/,/industry-insights/the-growing-demand-for-ev-charging-infrastructure-how-maintenance-and-innovation-shape-the-future/,0,49,0.0,68.84,5,1.274,Expand content and add links from stronger pages
941,https://shaffercon.com/industry-insights/the-growing-landscape-of-ev-charging-infrastructure-trends-innovations-and-future-prospects/,/industry-insights/the-growing-landscape-of-ev-charging-infrastructure-trends-innovations-and-future-prospects/,0,45,0.0,62.04,5,1.247,Expand content and add links from stronger pages
942,https://shaffercon.com/service-areas/sherman-oaks/residential-data-network-av-wiring,/service-areas/sherman-oaks/residential-data-network-av-wiring/,1,3,0.3333,6.33,2,1.204,Monitor or improve after higher value pages
943,https://shaffercon.com/service-areas/highland-park/residential-smart-automation-systems,/service-areas/highland-park/residential-smart-automation-systems/,0,13,0.0,23.85,2,1.203,Monitor or improve after higher value pages
944,https://shaffercon.com/industry-insights/building-a-sustainable-future-the-role-of-shaffer-construction-in-los-angeles-ev-charging-infrastructure-expansion/,/industry-insights/building-a-sustainable-future-the-role-of-shaffer-construction-in-los-angeles-ev-charging-infrastructure-expansion/,0,5,0.0,8.8,1,1.167,Deprioritize unless it supports a money page
945,https://shaffercon.com/industry-insights/how-the-return-of-nevi-funding-and-new-partnerships-are-accelerating-ev-charging-in-los-angeles/,/industry-insights/how-the-return-of-nevi-funding-and-new-partnerships-are-accelerating-ev-charging-in-los-angeles/,0,7,0.0,13.14,1,1.151,Deprioritize unless it supports a money page
946,https://shaffercon.com/industry-insights/navigating-california-ev-incentives-in-2025-maximize-your-savings-with-shaffer-construction/,/industry-insights/navigating-california-ev-incentives-in-2025-maximize-your-savings-with-shaffer-construction/,0,7,0.0,17.0,1,1.151,Deprioritize unless it supports a money page
947,https://shaffercon.com/service-areas/highland-park/residential-outlet-switch-dimmer-services/,/service-areas/highland-park/residential-outlet-switch-dimmer-services/,0,4,0.0,28.0,3,1.101,Monitor or improve after higher value pages
948,https://shaffercon.com/service-areas/hollywood/residential-smart-automation-systems/,/service-areas/hollywood/residential-smart-automation-systems/,0,10,0.0,25.5,2,1.093,Monitor or improve after higher value pages
949,https://shaffercon.com/industry-insights/ev-charging-infrastructure-in-2025-growth-innovation-and-the-road-ahead/,/industry-insights/ev-charging-infrastructure-in-2025-growth-innovation-and-the-road-ahead/,0,118,0.0,27.92,1,1.09,Deprioritize unless it supports a money page
950,https://shaffercon.com/industry-insights/advancements-in-ev-charger-installations-building-the-future-of-electric-vehicle-infrastructure/,/industry-insights/advancements-in-ev-charger-installations-building-the-future-of-electric-vehicle-infrastructure/,0,27,0.0,45.33,5,1.085,Expand content and add links from stronger pages
951,https://shaffercon.com/industry-insights/the-rapid-expansion-of-ev-charging-infrastructure-key-insights-policy-updates-and-practical-tips-for-home-and-business-owners/,/industry-insights/the-rapid-expansion-of-ev-charging-infrastructure-key-insights-policy-updates-and-practical-tips-for-home-and-business-owners/,0,101,0.0,33.99,1,1.055,Deprioritize unless it supports a money page
952,https://shaffercon.com/service-areas/west-hollywood/residential-ceiling-fan-fixture-installation,/service-areas/west-hollywood/residential-ceiling-fan-fixture-installation/,0,9,0.0,35.78,2,1.05,Monitor or improve after higher value pages
953,https://shaffercon.com/industry-insights/solar-canopy-ev-charging-german-automakers-supercharger-access-ionna-network-expansion-billing-architecture/,/industry-insights/solar-canopy-ev-charging-german-automakers-supercharger-access-ionna-network-expansion-billing-architecture/,0,4,0.0,9.25,1,1.048,Deprioritize unless it supports a money page
954,https://shaffercon.com/service-areas/silver-lake/residential-pool-hot-tub-spa-electrical/,/service-areas/silver-lake/residential-pool-hot-tub-spa-electrical/,0,8,0.0,25.62,2,1.002,Monitor or improve after higher value pages
955,https://shaffercon.com/industry-insights/powering-the-ev-revolution-latest-advances-and-infrastructure-solutions-for-u-s-charging-networks,/industry-insights/powering-the-ev-revolution-latest-advances-and-infrastructure-solutions-for-u-s-charging-networks/,0,19,0.0,51.16,5,0.976,Expand content and add links from stronger pages
956,https://shaffercon.com/service-areas/long-beach/residential-exhaust-fan-ventilation-wiring/,/service-areas/long-beach/residential-exhaust-fan-ventilation-wiring/,1,2,0.5,8.0,2,0.954,Monitor or improve after higher value pages
957,https://shaffercon.com/service-areas/highland-park/residential-complete-electrical-rewiring/,/service-areas/highland-park/residential-complete-electrical-rewiring/,0,7,0.0,32.29,2,0.948,Monitor or improve after higher value pages
958,https://shaffercon.com/industry-insights/top-trends-challenges-and-innovations-in-ev-charging-infrastructure-for-2025,/industry-insights/top-trends-challenges-and-innovations-in-ev-charging-infrastructure-for-2025/,0,3,0.0,7.33,1,0.903,Deprioritize unless it supports a money page
959,https://shaffercon.com/service-areas/highland-park/residential-data-network-av-wiring/,/service-areas/highland-park/residential-data-network-av-wiring/,0,6,0.0,24.83,2,0.887,Monitor or improve after higher value pages
960,https://shaffercon.com/service-areas/burbank/residential-whole-building-surge-protection,/service-areas/burbank/residential-whole-building-surge-protection/,0,6,0.0,26.17,2,0.887,Monitor or improve after higher value pages
961,https://shaffercon.com/service-areas/highland-park/residential-energy-efficiency-upgrades,/service-areas/highland-park/residential-energy-efficiency-upgrades/,0,6,0.0,28.17,2,0.887,Monitor or improve after higher value pages
962,https://shaffercon.com/industry-insights/maximizing-energy-efficiency-advanced-electrical-technologies-for-homes/,/industry-insights/maximizing-energy-efficiency-advanced-electrical-technologies-for-homes/,0,6,0.0,30.83,2,0.887,Monitor or improve after higher value pages
963,https://shaffercon.com/service-areas/santa-monica/residential-energy-efficiency-upgrades,/service-areas/santa-monica/residential-energy-efficiency-upgrades/,0,6,0.0,32.0,2,0.887,Monitor or improve after higher value pages
964,https://shaffercon.com/service-areas/sherman-oaks/residential-energy-efficiency-upgrades,/service-areas/sherman-oaks/residential-energy-efficiency-upgrades/,0,6,0.0,37.17,2,0.887,Monitor or improve after higher value pages
965,https://shaffercon.com/service-areas/sherman-oaks/commercial-data-network-av-wiring/,/service-areas/sherman-oaks/commercial-data-network-av-wiring/,0,14,0.0,41.14,5,0.882,Expand content and add links from stronger pages
966,https://shaffercon.com/service-areas/inglewood/residential-ev-charger-installation/,/service-areas/inglewood/residential-ev-charger-installation/,0,14,0.0,44.36,5,0.882,Expand content and add links from stronger pages
967,https://shaffercon.com/industry-insights/how-to-know-home-needs-electrical-panel-upgrade/,/industry-insights/how-to-know-home-needs-electrical-panel-upgrade/,0,13,0.0,47.69,5,0.86,Expand content and add links from stronger pages
968,https://shaffercon.com/industry-insights/the-importance-of-ev-charger-infrastructure-for-a-sustainable-los-angeles/,/industry-insights/the-importance-of-ev-charger-infrastructure-for-a-sustainable-los-angeles/,0,12,0.0,43.0,5,0.835,Expand content and add links from stronger pages
969,https://shaffercon.com/service-areas/culver-city/commercial-pool-hot-tub-spa-electrical,/service-areas/culver-city/commercial-pool-hot-tub-spa-electrical/,0,12,0.0,44.67,5,0.835,Expand content and add links from stronger pages
970,https://shaffercon.com/service-areas/venice/residential-ceiling-fan-fixture-installation,/service-areas/venice/residential-ceiling-fan-fixture-installation/,0,5,0.0,24.2,2,0.817,Monitor or improve after higher value pages
971,https://shaffercon.com/service-areas/highland-park/residential-energy-efficiency-upgrades/,/service-areas/highland-park/residential-energy-efficiency-upgrades/,0,5,0.0,30.0,2,0.817,Monitor or improve after higher value pages
972,https://shaffercon.com/service-areas/pasadena/residential-electrical-troubleshooting-repairs/,/service-areas/pasadena/residential-electrical-troubleshooting-repairs/,0,5,0.0,31.0,2,0.817,Monitor or improve after higher value pages
973,https://shaffercon.com/service-areas/highland-park/commercial-electrical-panel-upgrades/,/service-areas/highland-park/commercial-electrical-panel-upgrades/,0,11,0.0,41.45,5,0.809,Expand content and add links from stronger pages
974,https://shaffercon.com/industry-insights/transforming-mobility-the-rise-of-ev-charging-infrastructure-across-america/,/industry-insights/transforming-mobility-the-rise-of-ev-charging-infrastructure-across-america/,0,10,0.0,42.2,5,0.781,Expand content and add links from stronger pages
975,https://shaffercon.com/industry-insights/the-future-of-ev-charging-how-smart-infrastructure-bidirectional-tech-and-community-collaboration-are-shaping-los-angeles/,/industry-insights/the-future-of-ev-charging-how-smart-infrastructure-bidirectional-tech-and-community-collaboration-are-shaping-los-angeles/,0,10,0.0,45.7,5,0.781,Expand content and add links from stronger pages
976,https://shaffercon.com/industry-insights/the-future-of-ev-charging-infrastructure-trends-challenges-and-solutions-for-reliable-electric-vehicle-power/,/industry-insights/the-future-of-ev-charging-infrastructure-trends-challenges-and-solutions-for-reliable-electric-vehicle-power/,0,10,0.0,60.3,5,0.781,Expand content and add links from stronger pages
977,https://shaffercon.com/service-areas/silver-lake/commercial-electrical-safety-inspections,/service-areas/silver-lake/commercial-electrical-safety-inspections/,0,10,0.0,77.0,5,0.781,Expand content and add links from stronger pages
978,https://shaffercon.com/service-areas/silver-lake/residential-pool-hot-tub-spa-electrical,/service-areas/silver-lake/residential-pool-hot-tub-spa-electrical/,0,4,0.0,23.75,2,0.734,Monitor or improve after higher value pages
979,https://shaffercon.com/service-areas/west-hollywood/residential-energy-efficiency-upgrades/,/service-areas/west-hollywood/residential-energy-efficiency-upgrades/,0,4,0.0,26.5,2,0.734,Monitor or improve after higher value pages
980,https://shaffercon.com/industry-insights/electrician-services-laguna-niguel-ca,/industry-insights/electrician-services-laguna-niguel-ca/,0,3,0.0,3.0,2,0.722,Monitor or improve after higher value pages
981,https://shaffercon.com/service-areas/torrance/residential-pool-hot-tub-spa-electrical/,/service-areas/torrance/residential-pool-hot-tub-spa-electrical/,0,3,0.0,3.0,2,0.722,Monitor or improve after higher value pages
982,https://shaffercon.com/service-areas/long-beach/commercial-exhaust-fan-ventilation-wiring/,/service-areas/long-beach/commercial-exhaust-fan-ventilation-wiring/,0,8,0.0,41.75,5,0.716,Expand content and add links from stronger pages
983,https://shaffercon.com/service-areas/west-hollywood/commercial-ceiling-fan-fixture-installation/,/service-areas/west-hollywood/commercial-ceiling-fan-fixture-installation/,0,6,0.0,42.33,5,0.634,Expand content and add links from stronger pages
984,https://shaffercon.com/service-areas/highland-park/commercial-electrical-troubleshooting-repairs/,/service-areas/highland-park/commercial-electrical-troubleshooting-repairs/,0,6,0.0,74.17,5,0.634,Expand content and add links from stronger pages
985,https://shaffercon.com/industry-insights/the-future-of-ev-charging-in-los-angeles-policy-updates-security-innovations-and-expanding-access-for-all-residents/,/industry-insights/the-future-of-ev-charging-in-los-angeles-policy-updates-security-innovations-and-expanding-access-for-all-residents/,0,12,0.0,23.42,1,0.585,Deprioritize unless it supports a money page
986,https://shaffercon.com/service-areas/burbank/residential-outlet-switch-dimmer-services,/service-areas/burbank/residential-outlet-switch-dimmer-services/,0,15,0.0,46.4,3,0.542,Monitor or improve after higher value pages
987,https://shaffercon.com/service-areas/venice/commercial-ceiling-fan-fixture-installation,/service-areas/venice/commercial-ceiling-fan-fixture-installation/,0,4,0.0,42.0,5,0.524,Expand content and add links from stronger pages
988,https://shaffercon.com/service-areas/silver-lake/commercial-ceiling-fan-fixture-installation,/service-areas/silver-lake/commercial-ceiling-fan-fixture-installation/,0,4,0.0,50.75,5,0.524,Expand content and add links from stronger pages
989,https://shaffercon.com/commercial-landscape-outdoor-lighting/,/commercial-landscape-outdoor-lighting/,0,4,0.0,61.0,5,0.524,Expand content and add links from stronger pages
990,https://shaffercon.com/industry-insights/exploring-the-rapid-growth-and-key-trends-in-ev-charging-infrastructure-in-2023/,/industry-insights/exploring-the-rapid-growth-and-key-trends-in-ev-charging-infrastructure-in-2023/,2,1932,0.001,53.2,1,0.486,Deprioritize unless it supports a money page
991,https://shaffercon.com/service-areas/pacific-palisades/residential-energy-efficiency-upgrades/,/service-areas/pacific-palisades/residential-energy-efficiency-upgrades/,0,32,0.0,57.69,2,0.456,Monitor or improve after higher value pages
992,https://shaffercon.com/service-areas/sherman-oaks/residential-whole-building-surge-protection,/service-areas/sherman-oaks/residential-whole-building-surge-protection/,0,26,0.0,43.5,2,0.429,Monitor or improve after higher value pages
993,https://shaffercon.com/industry-insights/expanding-electric-vehicle-charging-infrastructure-key-developments-and-community-efforts/,/industry-insights/expanding-electric-vehicle-charging-infrastructure-key-developments-and-community-efforts/,0,273,0.0,49.13,1,0.366,Deprioritize unless it supports a money page
994,https://shaffercon.com/industry-insights/expanding-electric-vehicle-charging-infrastructure-key-developments-and-community-efforts,/industry-insights/expanding-electric-vehicle-charging-infrastructure-key-developments-and-community-efforts/,0,154,0.0,47.27,1,0.329,Deprioritize unless it supports a money page
995,https://shaffercon.com/service-areas/boyle-heights/residential-backup-generator-installation/,/service-areas/boyle-heights/residential-backup-generator-installation/,0,8,0.0,41.0,2,0.286,Monitor or improve after higher value pages
996,https://shaffercon.com/industry-insights/the-future-of-electric-vehicles-key-trends-for-electricians-and-clients,/industry-insights/the-future-of-electric-vehicles-key-trends-for-electricians-and-clients/,0,8,0.0,53.5,2,0.286,Monitor or improve after higher value pages
997,https://shaffercon.com/service-areas/santa-monica/residential-dedicated-equipment-circuits/,/service-areas/santa-monica/residential-dedicated-equipment-circuits/,1,1,1.0,1.0,2,0.241,Monitor or improve after higher value pages
998,https://shaffercon.com/service-areas/culver-city/residential-pool-hot-tub-spa-electrical,/service-areas/culver-city/residential-pool-hot-tub-spa-electrical/,0,4,0.0,67.25,2,0.21,Monitor or improve after higher value pages
999,https://shaffercon.com/service-areas/highland-park/residential-ceiling-fan-fixture-installation,/service-areas/highland-park/residential-ceiling-fan-fixture-installation/,0,4,0.0,72.5,2,0.21,Monitor or improve after higher value pages
1000,https://shaffercon.com/industry-insights/the-future-of-ev-charging-innovations-expansions-and-key-partnerships-shaping-the-industry/,/industry-insights/the-future-of-ev-charging-innovations-expansions-and-key-partnerships-shaping-the-industry/,0,4,0.0,77.75,1,0.105,Deprioritize unless it supports a money page
