rank,url,path,route_type,clicks,impressions,ctr,expected_ctr,missed_clicks,position,business_value,score,need,top_queries,action
1,https://shaffercon.com/industry-insights/ladbs-electrical-permit-process-step-by-step-guide/,/industry-insights/ladbs-electrical-permit-process-step-by-step-guide/,blog,72,19853,0.003626655921019493,0.025,424.3,7.28,5,112.673,ctr,ladbs permit; ladbs plan check process timeline; ladbs electrical permit application; electrical panel upgrade permit los angeles; ladbs permit application,"CTR fix, rewrite title and meta around proven queries"
2,https://shaffercon.com/industry-insights/kitchen-electrical-requirements-outlet-placement-guide/,/industry-insights/kitchen-electrical-requirements-outlet-placement-guide/,blog,61,26066,0.0023402133046880992,0.025,590.7,6.63,4,105.986,ctr,what nec® article covers the rules necessary for the installation of appliances?; kitchen electrical installation; kitchen wiring; kitchen electrical; the typical minimum circuit for a kitchen range (stove) is ________.,"CTR fix, rewrite title and meta around proven queries"
3,https://shaffercon.com/industry-insights/california-title-24-electrical-requirements-renovations/,/industry-insights/california-title-24-electrical-requirements-renovations/,blog,59,10946,0.005390096839027955,0.025,214.7,9.11,4,50.839,ctr,california residential electrical circuit requirements; what electrical work can homeowner do legally california; 24 electrical; california electrical code; what happens if you do electrical work without permit california,"CTR fix, rewrite title and meta around proven queries"
4,https://shaffercon.com/industry-insights/passing-electrical-inspection-common-failures-fixes/,/industry-insights/passing-electrical-inspection-common-failures-fixes/,blog,31,5849,0.005300051290818944,0.025,115.2,5.91,5,40.539,ctr,what happens if electrical inspection reveals code violations; electrical inspection failed code violations consequences process; what will fail an electrical inspection; final electrical inspection; home fails electrical inspection,"CTR fix, rewrite title and meta around proven queries"
5,https://shaffercon.com/industry-insights/recessed-lighting-installation-guide/,/industry-insights/recessed-lighting-installation-guide/,blog,28,5011,0.0055877070445020955,0.025,97.3,5.89,4,29.197,ctr,recessed lighting installation los angeles; recessed lighting los angeles; recessed lighting installation los angeles; fixture meets cm standards; what are the rules for installing recessed lighting,"CTR fix, rewrite title and meta around proven queries"
6,https://shaffercon.com/industry-insights/subpanel-installation-guide-when-why-you-need-one/,/industry-insights/subpanel-installation-guide-when-why-you-need-one/,blog,12,3088,0.0038860103626943004,0.025,65.2,9.1,5,28.826,ctr,"how are bus bars connected? in los angeles, california; how are bus bars connected? in los angeles, california near me; commercial electrical subpanel installation; electrical subpanel electrician; what is a subpanel","CTR fix, rewrite title and meta around proven queries"
7,https://shaffercon.com/industry-insights/complete-guide-electrical-panel-upgrades-los-angeles/,/industry-insights/complete-guide-electrical-panel-upgrades-los-angeles/,blog,63,10175,0.006191646191646191,0.012,59.1,13.98,5,27.098,links,upgrade electrical panel; electrical service upgrade; electrical panel upgrade; panel upgrade; electrical panel upgrade los angeles,"Ranking lift, add internal links and local proof"
8,https://shaffercon.com/industry-insights/california-2026-building-code-ev-charging-requirements-home-real-estate-trend-32-new-models/,/industry-insights/california-2026-building-code-ev-charging-requirements-home-real-estate-trend-32-new-models/,blog,69,18825,0.0036653386454183266,0.025,401.6,5.6,1,21.443,ctr,california public ev chargers 2026; california ev charging station business market 2025 2026; ev charger requirement new home altadena; ev charger requirement new home los angeles; ev charger requirement new home pacific palisades,Deprioritize unless it supports a money page
9,https://shaffercon.com/industry-insights/dedicated-circuits-when-why-home-appliances-need-them/,/industry-insights/dedicated-circuits-when-why-home-appliances-need-them/,blog,14,3937,0.003556007112014224,0.025,84.4,9.79,3,19.892,ctr,dedicated circuits; dedicated circuit installation; california house circuit requirements; california house circuit safety regulations; which household appliances require dedicated electrical circuits,"CTR fix, rewrite title and meta around proven queries"
10,https://shaffercon.com/industry-insights/panel-upgrades-the-essentials-of-zinsco-panel-upgrade-or-replacement/,/industry-insights/panel-upgrades-the-essentials-of-zinsco-panel-upgrade-or-replacement/,blog,6,1128,0.005319148936170213,0.025,22.2,7.63,5,18.652,ctr,zinsco panel replacement; zinsco electrical panel replacement; replacing zinsco panel; zinsco panel upgrade; zinsco panel replacement denver co,"CTR fix, rewrite title and meta around proven queries"
11,https://shaffercon.com/industry-insights/bathroom-electrical-safety-gfci-requirements/,/industry-insights/bathroom-electrical-safety-gfci-requirements/,blog,5,3106,0.0016097875080489374,0.025,72.7,6.96,3,18.089,ctr,gfci outlet height bathroom; nec gfci requirements bathroom; nec gfci requirements bathrooms; nec bathroom gfci requirements; electrical safety standards for bathrooms,"CTR fix, rewrite title and meta around proven queries"
12,https://shaffercon.com/industry-insights/retail-store-electrical-planning-design-guide/,/industry-insights/retail-store-electrical-planning-design-guide/,blog,1,863,0.0011587485515643105,0.025,20.6,6.49,5,17.704,ctr,retail store electrical setup; retail store electrical setups; retail buildout electrical; retail store electrical setup; retail store electrical setups,"CTR fix, rewrite title and meta around proven queries"
13,https://shaffercon.com/service-areas/long-beach/commercial-backup-generator-installation/,/service-areas/long-beach/commercial-backup-generator-installation/,service_detail,0,819,0.0,0.025,20.5,9.64,5,17.552,ctr,backup generator sales long beach ca; backup generator sales long beach ca; generator installation long beach; generator installation long beach; commercial generator installation in pembroke,"CTR fix, rewrite title and meta around proven queries"
14,https://shaffercon.com/industry-insights/federal-pacific-zinsco-panels-replacement-los-angeles/,/industry-insights/federal-pacific-zinsco-panels-replacement-los-angeles/,blog,4,896,0.004464285714285714,0.025,18.4,7.02,5,17.481,ctr,zinsco panel replacement cost; cost to replace federal pacific electrical panel; cost to replace federal pacific panel; in ca; upgrade circuit breaker panel los angeles ca,"CTR fix, rewrite title and meta around proven queries"
15,https://shaffercon.com/industry-insights/ultimate-guide-home-ev-charger-installation-los-angeles/,/industry-insights/ultimate-guide-home-ev-charger-installation-los-angeles/,blog,1,603,0.001658374792703151,0.025,14.1,7.69,5,15.862,ctr,ev charger requirement new home los angeles; ev charger requirement new home altadena; ev charger requirement new home los angeles; permits required for home ev charger installation; permitting requirements for home ev chargers,"CTR fix, rewrite title and meta around proven queries"
16,https://shaffercon.com/industry-insights/electrical-load-studies-what-they-are-los-angeles/,/industry-insights/electrical-load-studies-what-they-are-los-angeles/,blog,0,404,0.0,0.025,10.1,6.89,5,14.354,ctr,electrical load study; who can evaluate electrical capacity and infrastructure for building upgrades or new tenant loads?; who evaluates electrical capacity and infrastructure for building upgrades or new tenant loads; load study; load studies,"CTR fix, rewrite title and meta around proven queries"
17,https://shaffercon.com/,/,home,59,2218,0.02660054102795311,0.012,0.0,12.14,5,14.221,links,shaffer construction; shaffer construction; shaffer electric; schaffer construction; schaeffer construction,Monitor after higher value pages
18,https://shaffercon.com/industry-insights/electric-vehicles-mitsubishi-chargers/,/industry-insights/electric-vehicles-mitsubishi-chargers/,blog,0,360,0.0,0.025,9.0,6.93,5,13.938,ctr,"evaluate the automotive company mitsubishi on ev charging; mitsubishi charger installation; install charger for mitsubishi; mitsubishi electric, city infrastructure; mitsubishi charger installation","CTR fix, rewrite title and meta around proven queries"
19,https://shaffercon.com/electrical-load-studies/,/electrical-load-studies/,landing,8,445,0.017977528089887642,0.025,3.1,5.41,5,13.661,links,"who provides electrical system analysis for commercial buildings load capacity safety; who provides electrical system analysis for commercial buildings (load, capacity, safety)?; electrical load compliance consultant; electrical load analysis services for commercial buildings; electrical load studies","Ranking lift, add internal links and local proof"
20,https://shaffercon.com/industry-insights/ceiling-fan-installation-benefits-aesthetics/,/industry-insights/ceiling-fan-installation-benefits-aesthetics/,blog,1,700,0.0014285714285714286,0.025,16.5,9.81,4,13.261,ctr,ceiling fan installation los angeles; residential ceiling fan installation in los angeles; residential ceiling fan installation in southern ca; la ceiling fan installation; los angeles ceiling fan installation,"CTR fix, rewrite title and meta around proven queries"
21,https://shaffercon.com/industry-insights/commercial-electrician-ev-charging-safety/,/industry-insights/commercial-electrician-ev-charging-safety/,blog,0,634,0.0,0.012,7.6,19.82,5,12.818,links,ev charger electrical safety standards; commercial ev charger requirements; nec 625 electric vehicle supply equipment continuous load 125 percent; national electrical code article 625; nec 625,"Ranking lift, add internal links and local proof"
22,https://shaffercon.com/service-areas/glendale/commercial-exhaust-fan-ventilation-wiring/,/service-areas/glendale/commercial-exhaust-fan-ventilation-wiring/,service_detail,0,633,0.0,0.012,7.6,14.23,5,12.813,links,install garage ventilation fan glendale; commercial exhaust fan installation glendale; glendale garage exhaust fan; glendale garage exhaust vent; garage exhaust vent glendale,"Ranking lift, add internal links and local proof"
23,https://shaffercon.com/service-areas/santa-monica/residential-data-network-av-wiring/,/service-areas/santa-monica/residential-data-network-av-wiring/,service_detail,0,244,0.0,0.025,6.1,7.57,5,12.675,ctr,residential structured wiring near me in santa monica ca; structure wiring installation services in santa monica ca; structured wiring installation in santa monica ca; structured wiring panel installation in santa monica ca; structured wiring repair services in santa monica ca,"CTR fix, rewrite title and meta around proven queries"
24,https://shaffercon.com/industry-insights/complete-home-led-lighting-upgrade-guide/,/industry-insights/complete-home-led-lighting-upgrade-guide/,blog,0,487,0.0,0.025,12.2,8.31,4,12.063,ctr,lutron caseta energy savings payback period or annual savings; lutron caseta energy savings payback period or roi; lutron caseta energy savings payback period or cost savings; lutron caseta energy savings payback period; lutron caseta energy savings payback period or annual savings,"CTR fix, rewrite title and meta around proven queries"
25,https://shaffercon.com/service-areas/long-beach/residential-ev-charger-installation/,/service-areas/long-beach/residential-ev-charger-installation/,service_detail,0,194,0.0,0.025,4.9,9.13,5,12.006,ctr,electric car charger installation long beach; electric car charger for home long beach; ev charger installation in long beach ca; electric car charger installation long beach; home ev chargers long beach ny,"CTR fix, rewrite title and meta around proven queries"
26,https://shaffercon.com/service-areas/santa-monica/residential-ev-charger-installation/,/service-areas/santa-monica/residential-ev-charger-installation/,service_detail,1,196,0.00510204081632653,0.025,3.9,7.58,5,11.92,ctr,ev charger installation santa monica; electric car charger installation santa monica; electric car charger installation santa monica; ev charger installation santa monica; ev charger installation near me,"CTR fix, rewrite title and meta around proven queries"
27,https://shaffercon.com/service-areas/glendale/residential-electrical-panel-upgrades/,/service-areas/glendale/residential-electrical-panel-upgrades/,service_detail,6,561,0.0106951871657754,0.012,0.7,15.06,5,11.772,links,electrical panel upgrades hillside; electrical panel repair glendale; electrical panel upgrade glendale; electric panel glendale; glendale az low voltage design and installation packages,"Ranking lift, add internal links and local proof"
28,https://shaffercon.com/service-areas/torrance/,/service-areas/torrance/,location,0,415,0.0,0.012,5.0,15.2,5,11.685,links,torrance ca electrical safety; torrance electrical safety; electrical contractors torrance; electrical safety torrance ca; whole-home backup generator installation 90275,Monitor after higher value pages
29,https://shaffercon.com/industry-insights/top-electric-vehicles-for-2024-a-comprehensive-guide/,/industry-insights/top-electric-vehicles-for-2024-a-comprehensive-guide/,blog,0,159,0.0,0.025,4.0,9.21,5,11.459,ctr,ev charger installation design ideas 2024; best ev brands with charging infrastructure 2024; best ev brands for charging infrastructure 2024; ev brands with best charging infrastructure 2024; quali auto elettriche sono adatte se non si dispone di una wallbox domestica?,"CTR fix, rewrite title and meta around proven queries"
30,https://shaffercon.com/service-areas/inglewood/,/service-areas/inglewood/,location,0,363,0.0,0.012,4.4,15.01,5,11.359,links,electrician inglewood; electrical services inglewood; home rewiring inglewood; electrical installation inglewood; electrical panel upgrade inglewood ca,Monitor after higher value pages
31,https://shaffercon.com/industry-insights/electrical-service-upgrade-100-to-200-amp-guide/,/industry-insights/electrical-service-upgrade-100-to-200-amp-guide/,blog,0,150,0.0,0.025,3.8,7.89,5,11.303,ctr,,"CTR fix, rewrite title and meta around proven queries"
32,https://shaffercon.com/service-areas/boyle-heights/,/service-areas/boyle-heights/,location,0,145,0.0,0.025,3.6,8.36,5,11.214,ctr,shaffer construction; boyle heights; electrical installation service in beverly hills ca; shaffer construction co,"CTR fix, rewrite title and meta around proven queries"
33,https://shaffercon.com/industry-insights/exploring-shaffer-constructions-load-study-services-in-la/,/industry-insights/exploring-shaffer-constructions-load-study-services-in-la/,blog,1,144,0.006944444444444444,0.025,2.6,8.44,5,11.088,ctr,"who provides electrical system analysis for commercial buildings (load, capacity, safety)?; who provides electrical system analysis for commercial buildings load capacity safety; electrical assets site analysis services; who evaluates electrical capacity and infrastructure for building upgrades or new tenant loads; who provides electrical system analysis for commercial buildings load capacity safety","CTR fix, rewrite title and meta around proven queries"
34,https://shaffercon.com/industry-insights/ev-charging-reliability-improvements-condo-hoa-installation-guide-ladwp-sce-rebates-post-tax-credit-market/,/industry-insights/ev-charging-reliability-improvements-condo-hoa-installation-guide-ladwp-sce-rebates-post-tax-credit-market/,blog,0,118,0.0,0.025,3.0,8.38,5,10.684,ctr,,"CTR fix, rewrite title and meta around proven queries"
35,https://shaffercon.com/service-areas/burbank/residential-ev-charger-installation/,/service-areas/burbank/residential-ev-charger-installation/,service_detail,1,121,0.008264462809917356,0.025,2.0,7.32,5,10.643,ctr,ev charger installation burbank; ev charging station installation burbank,"CTR fix, rewrite title and meta around proven queries"
36,https://shaffercon.com/industry-insights/colliers-envirospark-chargepoint-express-grid-wyoming-ev-marketplace-tesla-lost-hills-2025-technology-breakthroughs/,/industry-insights/colliers-envirospark-chargepoint-express-grid-wyoming-ev-marketplace-tesla-lost-hills-2025-technology-breakthroughs/,blog,0,115,0.0,0.025,2.9,7.39,5,10.619,ctr,"""the point hotel & suites"" envirospark charging","CTR fix, rewrite title and meta around proven queries"
37,https://shaffercon.com/industry-insights/understanding-your-los-angeles-electrical-bill/,/industry-insights/understanding-your-los-angeles-electrical-bill/,blog,2,7094,0.000281928390188892,0.025,175.4,5.18,1,10.604,ctr,ladwp residential bill line items explained; ladwp residential bill line items breakdown explained; los angeles department of water and power residential bill line items explained; los angeles department of water and power bill breakdown for homeowners; los angeles department of water and power bill line items explained,Deprioritize unless it supports a money page
38,https://shaffercon.com/service-areas/beverly-hills/residential-smart-automation-systems/,/service-areas/beverly-hills/residential-smart-automation-systems/,service_detail,0,259,0.0,0.012,3.1,16.41,5,10.583,links,smart home automation beverly hills; smart home automation in beverly hills; whole-home smart home automation beverly park; home automation beverly hills; smart lighting control beverly hills,"Ranking lift, add internal links and local proof"
39,https://shaffercon.com/industry-insights/led-retrofit-guide-los-angeles-businesses/,/industry-insights/led-retrofit-guide-los-angeles-businesses/,blog,0,290,0.0,0.025,7.2,7.99,4,10.57,ctr,industrial led upgrade,"CTR fix, rewrite title and meta around proven queries"
40,https://shaffercon.com/industry-insights/navigating-the-future-essential-trends-and-tips-for-ev-charging-infrastructure/,/industry-insights/navigating-the-future-essential-trends-and-tips-for-ev-charging-infrastructure/,blog,0,112,0.0,0.025,2.8,7.35,5,10.553,ctr,"""ev charging"" ""trends.google.com/trends/explore""","CTR fix, rewrite title and meta around proven queries"
41,https://shaffercon.com/service-areas/atwater-village/,/service-areas/atwater-village/,location,0,255,0.0,0.012,3.1,16.99,5,10.548,links,atwater electrical contractor; shaffer construction; electrical service in atwater ca; generator installation griffith; atwater construction,Monitor after higher value pages
42,https://shaffercon.com/service-areas/burbank/residential-electrical-panel-upgrades/,/service-areas/burbank/residential-electrical-panel-upgrades/,service_detail,1,259,0.003861003861003861,0.012,2.1,10.51,5,10.48,ctr,electrical panel upgrades burbank; electrical panel upgrades burbank; electrical code updates burbank; electric panel burbank; panel upgrades westbank,"CTR fix, rewrite title and meta around proven queries"
43,https://shaffercon.com/industry-insights/a-closer-look-at-our-load-study-services-and-why-your-ev-business-needs-them/,/industry-insights/a-closer-look-at-our-load-study-services-and-why-your-ev-business-needs-them/,blog,0,107,0.0,0.025,2.7,7.43,5,10.439,ctr,,"CTR fix, rewrite title and meta around proven queries"
44,https://shaffercon.com/industry-insights/pushmatic-panel-upgrade-guide/,/industry-insights/pushmatic-panel-upgrade-guide/,blog,0,103,0.0,0.025,2.6,6.35,5,10.345,ctr,pushmatic electrical panel replacement; are pushmatic panels safe; pushmatic breaker; pushmatic breakers,"CTR fix, rewrite title and meta around proven queries"
45,https://shaffercon.com/industry-insights/installing-ev-chargers-in-los-angeles-your-guide-to-a-greener-future/,/industry-insights/installing-ev-chargers-in-los-angeles-your-guide-to-a-greener-future/,blog,0,226,0.0,0.012,2.7,13.24,5,10.285,links,ev charger installation permit; ev charger requirement new home los angeles; level 3 ev charging for retail properties; safe and efficient ev installation; commercial ev chargers in los angeles,"Ranking lift, add internal links and local proof"
46,https://shaffercon.com/industry-insights/gfi-electrical-outlets-ensuring-safety-in-your-electrical-setup/,/industry-insights/gfi-electrical-outlets-ensuring-safety-in-your-electrical-setup/,blog,1,635,0.0015748031496062992,0.012,6.6,14.3,4,10.163,links,gfi protection; gfci outlet requirements; gfi protected; gfi electrical; gfci requirements,"Ranking lift, add internal links and local proof"
47,https://shaffercon.com/statewide-facilities-maintenance/,/statewide-facilities-maintenance/,landing,0,203,0.0,0.012,2.4,13.09,5,10.055,links,retail electrical maintenance; statewide facility maintenance services; 24 hour emergency electrical service near me in beverly hills ca; heavy equipment operator school; heavy equipment school near me,"Ranking lift, add internal links and local proof"
48,https://shaffercon.com/industry-insights/ev-charger-installation-guide-for-los-angeles-plan-permit-install-and-futureproof/,/industry-insights/ev-charger-installation-guide-for-los-angeles-plan-permit-install-and-futureproof/,blog,0,91,0.0,0.025,2.3,8.57,5,10.042,ctr,,"CTR fix, rewrite title and meta around proven queries"
49,https://shaffercon.com/service-areas/santa-monica/,/service-areas/santa-monica/,location,0,197,0.0,0.012,2.4,19.17,5,9.992,links,generator repair services in santa monica; electrical contractor santa monica; santa monica electrical contractor; electrical contractors santa monica; commercial electrician santa monica,Monitor after higher value pages
50,https://shaffercon.com/industry-insights/the-future-of-ev-charging-in-los-angeles-trends-challenges-and-opportunities-for-sustainable-growth/,/industry-insights/the-future-of-ev-charging-in-los-angeles-trends-challenges-and-opportunities-for-sustainable-growth/,blog,0,89,0.0,0.025,2.2,6.07,5,9.989,ctr,,"CTR fix, rewrite title and meta around proven queries"
51,https://shaffercon.com/industry-insights/how-to-choose-right-ev-charger-los-angeles/,/industry-insights/how-to-choose-right-ev-charger-los-angeles/,blog,0,88,0.0,0.025,2.2,9.07,5,9.961,ctr,"""tesla wall connector"" ""nema 3r""","CTR fix, rewrite title and meta around proven queries"
52,https://shaffercon.com/industry-insights/electrician-pasadena-ev-chargers/,/industry-insights/electrician-pasadena-ev-chargers/,blog,1,90,0.011111111111111112,0.025,1.2,8.66,5,9.918,ctr,ev charger installation pasadena; ev charger requirement new home altadena; home ev charging station installers pasadena,"CTR fix, rewrite title and meta around proven queries"
53,https://shaffercon.com/industry-insights/ev-charging-in-los-angeles-key-trends-incentives-and-installation-tips-for-property-owners/,/industry-insights/ev-charging-in-los-angeles-key-trends-incentives-and-installation-tips-for-property-owners/,blog,0,85,0.0,0.025,2.1,9.57,5,9.878,ctr,,"CTR fix, rewrite title and meta around proven queries"
54,https://shaffercon.com/industry-insights/emerging-trends-in-ev-charging-infrastructure-innovations-and-challenges-ahead/,/industry-insights/emerging-trends-in-ev-charging-infrastructure-innovations-and-challenges-ahead/,blog,0,172,0.0,0.012,2.1,17.02,5,9.708,links,challenges deploying nacs j3400 and mcs concurrently ev charging infrastructure; ev charging network migration; challenges deploying sae j3400 and mcs concurrently ev infrastructure; challenges deploying nacs j3400 and mcs chargers concurrently infrastructure; ev charger installation design ideas 2025,"Ranking lift, add internal links and local proof"
55,https://shaffercon.com/industry-insights/commercial-ev-charging-stations-roi-guide-los-angeles/,/industry-insights/commercial-ev-charging-stations-roi-guide-los-angeles/,blog,0,168,0.0,0.012,2.0,10.61,5,9.659,ctr,ira ev charging incentives commercial,"CTR fix, rewrite title and meta around proven queries"
56,https://shaffercon.com/service-areas/pacific-palisades/residential-smart-automation-systems/,/service-areas/pacific-palisades/residential-smart-automation-systems/,service_detail,0,165,0.0,0.012,2.0,12.85,5,9.622,links,home automation systems pacific palisades; smart home experts pacific palisades; home security installation pacific palisades; home automation in pacific palisades; smart home automation in pacific palisades,"Ranking lift, add internal links and local proof"
57,https://shaffercon.com/industry-insights/californias-ev-charging-buildout-what-los-angeles-building-owners-renters-and-fleets-should-know/,/industry-insights/californias-ev-charging-buildout-what-los-angeles-building-owners-renters-and-fleets-should-know/,blog,0,74,0.0,0.025,1.9,8.01,5,9.549,ctr,,"CTR fix, rewrite title and meta around proven queries"
58,https://shaffercon.com/service-areas/beverly-hills/residential-landscape-outdoor-lighting/,/service-areas/beverly-hills/residential-landscape-outdoor-lighting/,service_detail,0,74,0.0,0.025,1.9,7.99,5,9.549,ctr,outdoor landscape lighting beverly hills ca; outdoor landscape lighting beverly hills ca,"CTR fix, rewrite title and meta around proven queries"
59,https://shaffercon.com/industry-insights/navigating-the-challenges-and-solutions-in-expanding-the-ev-charging-network-in-los-angeles/,/industry-insights/navigating-the-challenges-and-solutions-in-expanding-the-ev-charging-network-in-los-angeles/,blog,0,72,0.0,0.025,1.8,6.01,5,9.484,ctr,,"CTR fix, rewrite title and meta around proven queries"
60,https://shaffercon.com/service-areas/pasadena/residential-smart-automation-systems/,/service-areas/pasadena/residential-smart-automation-systems/,service_detail,0,178,0.0,0.025,4.5,7.47,4,9.412,ctr,"home automation systems pasadena, ca; smart home company pasadena ca; smart lighting control pasadena; smart lighting control pasadena, ca; home automation contractor pasadena, ca","CTR fix, rewrite title and meta around proven queries"
61,https://shaffercon.com/industry-insights/outdoor-lighting-installation-guide-los-angeles/,/industry-insights/outdoor-lighting-installation-guide-los-angeles/,blog,1,447,0.0022371364653243847,0.012,4.4,10.07,4,9.408,ctr,outdoor lighting fixture design in los angeles; outdoor lighting installation los angeles; lighting installers los angeles; los angeles landscape lighting; outdoor lighting installers los angeles,"CTR fix, rewrite title and meta around proven queries"
62,https://shaffercon.com/service-areas/burbank/residential-smart-automation-systems/,/service-areas/burbank/residential-smart-automation-systems/,service_detail,0,66,0.0,0.025,1.7,7.67,5,9.281,ctr,smart home automation burbank; smart devices burbank; smart devices burbank,"CTR fix, rewrite title and meta around proven queries"
63,https://shaffercon.com/industry-insights/afci-vs-gfci-circuit-protection-los-angeles/,/industry-insights/afci-vs-gfci-circuit-protection-los-angeles/,blog,9,1743,0.0051635111876075735,0.012,11.9,11.88,3,9.251,ctr,cafci vs afci; gfci and afci protection check; gfci & afci protection check; afci vs cafci; afci breaker vs regular breaker,"CTR fix, rewrite title and meta around proven queries"
64,https://shaffercon.com/industry-insights/the-future-of-electric-vehicle-charging-infrastructure-trends-innovations-and-insights/,/industry-insights/the-future-of-electric-vehicle-charging-infrastructure-trends-innovations-and-insights/,blog,0,65,0.0,0.025,1.6,7.82,5,9.246,ctr,,"CTR fix, rewrite title and meta around proven queries"
65,https://shaffercon.com/service-areas/pasadena/commercial-lighting-installation-retrofitting/,/service-areas/pasadena/commercial-lighting-installation-retrofitting/,service_detail,0,59,0.0,0.05,3.0,4.04,5,9.153,ctr,commercial lighting solutions pasadena; commercial lighting installation pasadena ca; commercial storefront,"CTR fix, rewrite title and meta around proven queries"
66,https://shaffercon.com/industry-insights/electric-water-heater-installation-requirements-costs/,/industry-insights/electric-water-heater-installation-requirements-costs/,blog,0,152,0.0,0.025,3.8,8.16,4,9.071,ctr,ladbs express permits water heater replacement; water heater installation permit cost us; cost of water heater installation permits us; permits cost for water heater installation us; water heater installation permits cost us,"CTR fix, rewrite title and meta around proven queries"
67,https://shaffercon.com/service-areas/west-hollywood/commercial-smart-automation-systems/,/service-areas/west-hollywood/commercial-smart-automation-systems/,service_detail,0,58,0.0,0.025,1.5,8.43,5,8.983,ctr,commercial automation los angeles ca; commercial automation solutions los angeles; commercial automation services los angeles,"CTR fix, rewrite title and meta around proven queries"
68,https://shaffercon.com/industry-insights/electrician-services-agoura-hills-ev/,/industry-insights/electrician-services-agoura-hills-ev/,blog,0,116,0.0,0.012,1.4,12.28,5,8.912,links,electrician agoura hills; residential electrician agoura hills ca; electrician agoura hills ca; professional electrician agoura hills ca; agoura hills solar electricity,"Ranking lift, add internal links and local proof"
69,https://shaffercon.com/service-areas/highland-park/,/service-areas/highland-park/,location,1,121,0.008264462809917356,0.012,0.5,19.05,5,8.907,links,circuit breaker installation highland park; generator installation highland park; ev home charger installation highland park; ev charger installation highland park; electrical service upgrades highland park,Monitor after higher value pages
70,https://shaffercon.com/service-areas/beverly-hills/residential-ev-charger-installation/,/service-areas/beverly-hills/residential-ev-charger-installation/,service_detail,0,55,0.0,0.025,1.4,5.29,5,8.861,ctr,,"CTR fix, rewrite title and meta around proven queries"
71,https://shaffercon.com/industry-insights/nec-2026-qualified-installer-requirement-charging-reliability-86-percent-commercial-roi-3-5-year-payback/,/industry-insights/nec-2026-qualified-installer-requirement-charging-reliability-86-percent-commercial-roi-3-5-year-payback/,blog,9,5779,0.0015573628655476727,0.025,135.5,5.93,1,8.858,ctr,nec clearchat official model; yes; nec clearchat model official; 2023 nec ev charger requirements; 2026 power claim system,Deprioritize unless it supports a money page
72,https://shaffercon.com/industry-insights/whole-house-generator-installation-guide-los-angeles/,/industry-insights/whole-house-generator-installation-guide-los-angeles/,blog,2,148,0.013513513513513514,0.025,1.7,6.6,4,8.841,links,home installed electrical power generators; standby generator installation permit requirements,"Ranking lift, add internal links and local proof"
73,https://shaffercon.com/industry-insights/panel-upgrades-navigating-federal-pacific-panel-upgrade-or-replacement/,/industry-insights/panel-upgrades-navigating-federal-pacific-panel-upgrade-or-replacement/,blog,2,119,0.01680672268907563,0.012,0.0,11.78,5,8.837,links,"federal pacific electrical panel upgrades tacoma, wa; pacific retrofit; federal pacific electric (fpe) panels; what is a federal pacific electrical panel sf","Ranking lift, add internal links and local proof"
74,https://shaffercon.com/industry-insights/tesla-supercharger-business-program-us-dc-fast-charging-record-gas-stations-ev-chargers-california-leads-adoption/,/industry-insights/tesla-supercharger-business-program-us-dc-fast-charging-record-gas-stations-ev-chargers-california-leads-adoption/,blog,1,5316,0.00018811136192626034,0.025,131.9,9.28,1,8.64,ctr,tesla supercharger for business cost per stall 2026; supercharger for business features; tesla supercharger for business program cost per stall 2026; us automotive supercharger market; tesla supercharger for business,Deprioritize unless it supports a money page
75,https://shaffercon.com/industry-insights/the-future-of-ev-charger-installations-how-government-initiatives-and-business-benefits-are-shaping-the-industry/,/industry-insights/the-future-of-ev-charger-installations-how-government-initiatives-and-business-benefits-are-shaping-the-industry/,blog,0,101,0.0,0.012,1.2,16.97,5,8.64,links,ev charging station incentive commercial business 2025; ev supply equipment for government facilities; ev charging evse rebate commercial 2025 utility,"Ranking lift, add internal links and local proof"
76,https://shaffercon.com/industry-insights/pushmatic-panel-upgrade-guide-2/,/industry-insights/pushmatic-panel-upgrade-guide-2/,blog,0,49,0.0,0.025,1.2,6.84,5,8.599,ctr,,"CTR fix, rewrite title and meta around proven queries"
77,https://shaffercon.com/industry-insights/the-latest-trends-in-ev-charger-installation-a-2024-guide-for-los-angeles-homes-businesses-and-multifamily-properties/,/industry-insights/the-latest-trends-in-ev-charger-installation-a-2024-guide-for-los-angeles-homes-businesses-and-multifamily-properties/,blog,0,95,0.0,0.012,1.1,12.16,5,8.521,links,multi unit ev charger installation; ev charger requirement new home pacific palisades; ev charger installation los angeles; ev charger installation los angeles ca; ev charger requirement new home altadena,"Ranking lift, add internal links and local proof"
78,https://shaffercon.com/industry-insights/voltpost-lamppost-charging-porsche-wireless-florida-highway-rivian-r2-chevy-bolt-return/,/industry-insights/voltpost-lamppost-charging-porsche-wireless-florida-highway-rivian-r2-chevy-bolt-return/,blog,1,48,0.020833333333333332,0.025,0.2,7.54,5,8.468,links,,"Ranking lift, add internal links and local proof"
79,https://shaffercon.com/industry-insights/the-future-of-ev-charging-in-los-angeles-trends-challenges-and-how-property-owners-can-prepare/,/industry-insights/the-future-of-ev-charging-in-los-angeles-trends-challenges-and-how-property-owners-can-prepare/,blog,0,46,0.0,0.025,1.2,5.22,5,8.457,ctr,,"CTR fix, rewrite title and meta around proven queries"
80,https://shaffercon.com/industry-insights/ev-charger-installation-in-los-angeles-what-property-owners-need-to-know/,/industry-insights/ev-charger-installation-in-los-angeles-what-property-owners-need-to-know/,blog,0,45,0.0,0.025,1.1,7.76,5,8.407,ctr,,"CTR fix, rewrite title and meta around proven queries"
81,https://shaffercon.com/industry-insights/tesla-q1-results-beat-chargepoint-600kw-express-solo-rivian-r2-production-launch-nyserda-45m-nevi-ford-ev-sales-collapse-rivian-overtakes/,/industry-insights/tesla-q1-results-beat-chargepoint-600kw-express-solo-rivian-r2-production-launch-nyserda-45m-nevi-ford-ev-sales-collapse-rivian-overtakes/,blog,0,45,0.0,0.025,1.1,5.16,5,8.407,ctr,chargepoint 600 kw charger; chargepoint express solo 600 kw charger,"CTR fix, rewrite title and meta around proven queries"
82,https://shaffercon.com/service-areas/santa-clarita/residential-ev-charger-installation/,/service-areas/santa-clarita/residential-ev-charger-installation/,service_detail,0,44,0.0,0.025,1.1,7.41,5,8.357,ctr,,"CTR fix, rewrite title and meta around proven queries"
83,https://shaffercon.com/industry-insights/ev-charging-in-2024-essential-trends-and-installation-tips-for-homeowners-businesses-in-los-angeles/,/industry-insights/ev-charging-in-2024-essential-trends-and-installation-tips-for-homeowners-businesses-in-los-angeles/,blog,0,43,0.0,0.025,1.1,7.07,5,8.306,ctr,,"CTR fix, rewrite title and meta around proven queries"
84,https://shaffercon.com/service-areas/pasadena/commercial-smart-automation-systems/,/service-areas/pasadena/commercial-smart-automation-systems/,service_detail,0,85,0.0,0.012,1.0,17.25,5,8.305,links,smart lighting control pasadena; commercial automation los angeles ca; commercial automation solutions los angeles; commercial automation solutions los angeles ca; commercial automation services los angeles,"Ranking lift, add internal links and local proof"
85,https://shaffercon.com/industry-insights/commercial-electrical-code-compliance-los-angeles/,/industry-insights/commercial-electrical-code-compliance-los-angeles/,blog,0,42,0.0,0.025,1.1,9.81,5,8.253,ctr,electrical compliance electrician,"CTR fix, rewrite title and meta around proven queries"
86,https://shaffercon.com/service-areas/pasadena/commercial-security-motion-lighting/,/service-areas/pasadena/commercial-security-motion-lighting/,service_detail,0,42,0.0,0.025,1.1,7.38,5,8.253,ctr,commercial lighting solutions pasadena,"CTR fix, rewrite title and meta around proven queries"
87,https://shaffercon.com/service-areas/long-beach/commercial-smart-automation-systems/,/service-areas/long-beach/commercial-smart-automation-systems/,service_detail,0,40,0.0,0.05,2.0,4.58,5,8.225,ctr,industrial automation installation long beach ca; industrial automation system installation long beach ca,"CTR fix, rewrite title and meta around proven queries"
88,https://shaffercon.com/industry-insights/why-upgrading-your-electrical-panel-is-crucial-for-los-angeles-homes/,/industry-insights/why-upgrading-your-electrical-panel-is-crucial-for-los-angeles-homes/,blog,0,41,0.0,0.025,1.0,5.49,5,8.199,ctr,,"CTR fix, rewrite title and meta around proven queries"
89,https://shaffercon.com/service-areas/culver-city/residential-ev-charger-installation/,/service-areas/culver-city/residential-ev-charger-installation/,service_detail,0,40,0.0,0.025,1.0,8.8,5,8.145,ctr,60amp ev charger continuous load vs charging only load calculation; home ev charging station culver city ca,"CTR fix, rewrite title and meta around proven queries"
90,https://shaffercon.com/industry-insights/the-state-of-ev-charging-the-reality-innovations-and-whats-next-for-electric-vehicle-owners/,/industry-insights/the-state-of-ev-charging-the-reality-innovations-and-whats-next-for-electric-vehicle-owners/,blog,0,77,0.0,0.012,0.9,12.72,5,8.116,links,"""enphase iq ev charger 2"" torque terminals; what's ahead for ultrafast ev charging; ev charging industry; state of charge ev","Ranking lift, add internal links and local proof"
91,https://shaffercon.com/industry-insights/electrician-redondo-beach-ev-charger/,/industry-insights/electrician-redondo-beach-ev-charger/,blog,0,39,0.0,0.025,1.0,9.82,5,8.088,ctr,home ev charging station installers redondo beach; electrical panel upgrades redondo beach,"CTR fix, rewrite title and meta around proven queries"
92,https://shaffercon.com/service-areas/glendale/residential-ev-charger-installation/,/service-areas/glendale/residential-ev-charger-installation/,service_detail,0,39,0.0,0.025,1.0,8.82,5,8.088,ctr,ev charger installation glendale; ev charger installation glendale; home ev charging station installation glendale,"CTR fix, rewrite title and meta around proven queries"
93,https://shaffercon.com/service-areas/glendale/residential-landscape-outdoor-lighting/,/service-areas/glendale/residential-landscape-outdoor-lighting/,service_detail,0,203,0.0,0.012,2.4,14.31,4,8.044,links,landscape lighting glendale; low voltage landscape lighting glendale; outdoor lighting glendale; landscape lighting glendale; outdoor lighting glendale,"Ranking lift, add internal links and local proof"
94,https://shaffercon.com/industry-insights/ultimate-guide-to-ev-charger-installation-incentives-in-los-angeles-funding-tax-credits-and-future-proof-solutions-for-2024/,/industry-insights/ultimate-guide-to-ev-charger-installation-incentives-in-los-angeles-funding-tax-credits-and-future-proof-solutions-for-2024/,blog,0,71,0.0,0.012,0.9,11.18,5,7.961,ctr,,"CTR fix, rewrite title and meta around proven queries"
95,https://shaffercon.com/industry-insights/holiday-lighting-installation-safety-best-practices/,/industry-insights/holiday-lighting-installation-safety-best-practices/,blog,0,86,0.0,0.025,2.1,7.34,4,7.925,ctr,holiday lighting installation los angeles,"CTR fix, rewrite title and meta around proven queries"
96,https://shaffercon.com/industry-insights/the-green-revolution-how-ev-solutions-reduce-energy-waste-and-save-money/,/industry-insights/the-green-revolution-how-ev-solutions-reduce-energy-waste-and-save-money/,blog,0,36,0.0,0.025,0.9,7.8,5,7.912,ctr,,"CTR fix, rewrite title and meta around proven queries"
97,https://shaffercon.com/service-areas/beverly-hills/commercial-electrical-code-compliance-corrections/,/service-areas/beverly-hills/commercial-electrical-code-compliance-corrections/,service_detail,0,36,0.0,0.025,0.9,8.78,5,7.912,ctr,commercial electrical code compliance in los angeles; commercial electrical code compliance contractor near me,"CTR fix, rewrite title and meta around proven queries"
98,https://shaffercon.com/industry-insights/the-future-is-electric-the-importance-of-ev-charging-stations-in-commercial-properties/,/industry-insights/the-future-is-electric-the-importance-of-ev-charging-stations-in-commercial-properties/,blog,0,68,0.0,0.012,0.8,18.76,5,7.879,links,level 3 ev charging for retail properties; ev charging for commercial properties; ev charging for commercial property; level 3 ev charging for retail properties,"Ranking lift, add internal links and local proof"
99,https://shaffercon.com/service-areas/torrance/commercial-electrical-safety-inspections/,/service-areas/torrance/commercial-electrical-safety-inspections/,service_detail,0,66,0.0,0.012,0.8,19.05,5,7.822,links,torrance electrical safety; commercial property inspection torrance,"Ranking lift, add internal links and local proof"
100,https://shaffercon.com/industry-insights/boosting-local-economy-and-sustainability-the-impact-of-expanding-ev-charging-stations-in-los-angeles/,/industry-insights/boosting-local-economy-and-sustainability-the-impact-of-expanding-ev-charging-stations-in-los-angeles/,blog,0,34,0.0,0.025,0.9,6.74,5,7.786,ctr,,"CTR fix, rewrite title and meta around proven queries"
101,https://shaffercon.com/industry-insights/the-future-of-sustainable-transportation-exploring-the-rise-of-ev-charging-stations/,/industry-insights/the-future-of-sustainable-transportation-exploring-the-rise-of-ev-charging-stations/,blog,0,34,0.0,0.025,0.9,6.24,5,7.786,ctr,,"CTR fix, rewrite title and meta around proven queries"
102,https://shaffercon.com/service-areas/hollywood/commercial-backup-generator-installation/,/service-areas/hollywood/commercial-backup-generator-installation/,service_detail,0,34,0.0,0.025,0.9,9.12,5,7.786,ctr,commercial generator hollywood,"CTR fix, rewrite title and meta around proven queries"
103,https://shaffercon.com/service-areas/pasadena/residential-electrical-panel-upgrades/,/service-areas/pasadena/residential-electrical-panel-upgrades/,service_detail,0,34,0.0,0.025,0.9,9.38,5,7.786,ctr,panel upgrade pasadena; electrical panel upgrades pasadena; panel upgrade pasadena,"CTR fix, rewrite title and meta around proven queries"
104,https://shaffercon.com/service-areas/burbank/commercial-electrical-panel-upgrades/,/service-areas/burbank/commercial-electrical-panel-upgrades/,service_detail,0,63,0.0,0.012,0.8,16.47,5,7.734,links,electrical panel upgrades burbank; electrical panel upgrades burbank; commercial electrician services burbank; commercial insulation burbank,"Ranking lift, add internal links and local proof"
105,https://shaffercon.com/service-areas/silver-lake/commercial-landscape-outdoor-lighting/,/service-areas/silver-lake/commercial-landscape-outdoor-lighting/,service_detail,0,61,0.0,0.012,0.7,12.18,5,7.673,links,commercial hardscape in silver lake; commercial hardscape in silver lake,"Ranking lift, add internal links and local proof"
106,https://shaffercon.com/industry-insights/the-complete-guide-to-ev-charging-infrastructure-in-los-angeles-trends-technologies-and-installation-tips-for-property-owners/,/industry-insights/the-complete-guide-to-ev-charging-infrastructure-in-los-angeles-trends-technologies-and-installation-tips-for-property-owners/,blog,0,32,0.0,0.025,0.8,9.5,5,7.653,ctr,ev infrastructure development,"CTR fix, rewrite title and meta around proven queries"
107,https://shaffercon.com/service-areas/santa-clarita/commercial-data-network-av-wiring/,/service-areas/santa-clarita/commercial-data-network-av-wiring/,service_detail,1,62,0.016129032258064516,0.012,0.0,10.07,5,7.647,links,,"Ranking lift, add internal links and local proof"
108,https://shaffercon.com/service-areas/pacific-palisades/residential-landscape-outdoor-lighting/,/service-areas/pacific-palisades/residential-landscape-outdoor-lighting/,service_detail,0,74,0.0,0.025,1.9,7.58,4,7.639,ctr,"landscape lighting design pacific palisades; landscape lighting design pacific palisades, ca","CTR fix, rewrite title and meta around proven queries"
109,https://shaffercon.com/industry-insights/electric-vehicle-charging-in-los-angeles-key-insights-and-future-trends/,/industry-insights/electric-vehicle-charging-in-los-angeles-key-insights-and-future-trends/,blog,0,31,0.0,0.025,0.8,9.35,5,7.584,ctr,,"CTR fix, rewrite title and meta around proven queries"
110,https://shaffercon.com/service-areas/burbank/commercial-smart-automation-systems/,/service-areas/burbank/commercial-smart-automation-systems/,service_detail,0,31,0.0,0.025,0.8,5.35,5,7.584,ctr,smart controls burbank; smart controls burbank,"CTR fix, rewrite title and meta around proven queries"
111,https://shaffercon.com/service-areas/torrance/commercial-pool-hot-tub-spa-electrical/,/service-areas/torrance/commercial-pool-hot-tub-spa-electrical/,service_detail,0,30,0.0,0.05,1.5,4.73,5,7.569,ctr,,"CTR fix, rewrite title and meta around proven queries"
112,https://shaffercon.com/industry-insights/el-segundo-electrician-services-contractor/,/industry-insights/el-segundo-electrician-services-contractor/,blog,0,30,0.0,0.025,0.8,7.07,5,7.513,ctr,commercial electrician el segundo ca; home electrical services el segundo ca; panel upgrade electrician el segundo ca; residential electrician el segundo ca; ceiling fan electrician el segundo ca,"CTR fix, rewrite title and meta around proven queries"
113,https://shaffercon.com/service-areas/beverly-hills/commercial-electrical-troubleshooting-repairs/,/service-areas/beverly-hills/commercial-electrical-troubleshooting-repairs/,service_detail,0,30,0.0,0.025,0.8,6.67,5,7.513,ctr,commercial electrical repair beverly hills; electrical repair beverly hills,"CTR fix, rewrite title and meta around proven queries"
114,https://shaffercon.com/service-areas/santa-monica/residential-electrical-panel-upgrades/,/service-areas/santa-monica/residential-electrical-panel-upgrades/,service_detail,0,30,0.0,0.025,0.8,5.76,5,7.513,ctr,,"CTR fix, rewrite title and meta around proven queries"
115,https://shaffercon.com/service-areas/sherman-oaks/residential-ev-charger-installation/,/service-areas/sherman-oaks/residential-ev-charger-installation/,service_detail,0,30,0.0,0.025,0.8,5.13,5,7.513,ctr,power zone,"CTR fix, rewrite title and meta around proven queries"
116,https://shaffercon.com/industry-insights/knowing-when-to-upgrade-your-commercial-electrical-systems/,/industry-insights/knowing-when-to-upgrade-your-commercial-electrical-systems/,blog,0,29,0.0,0.025,0.7,8.1,5,7.439,ctr,who evaluates electrical capacity and infrastructure for building upgrades or new tenant loads,"CTR fix, rewrite title and meta around proven queries"
117,https://shaffercon.com/service-areas/beverly-hills/residential-complete-electrical-rewiring/,/service-areas/beverly-hills/residential-complete-electrical-rewiring/,service_detail,0,28,0.0,0.05,1.4,4.11,5,7.414,ctr,beverly hills house rewire; beverly hills house rewire,"CTR fix, rewrite title and meta around proven queries"
118,https://shaffercon.com/service-areas/pasadena/residential-backup-generator-installation/,/service-areas/pasadena/residential-backup-generator-installation/,service_detail,0,515,0.0,0.012,6.2,16.55,3,7.345,links,generator installation pasadena; generator installation pasadena; residential generator services pasadena; generator install expert pasadena; generator install pasadena,"Ranking lift, add internal links and local proof"
119,https://shaffercon.com/service-areas/santa-monica/residential-smart-automation-systems/,/service-areas/santa-monica/residential-smart-automation-systems/,service_detail,0,63,0.0,0.025,1.6,9.03,4,7.339,ctr,smart lighting santa monica; smart home automation in santa monica; home automation in santa monica; smart home automation santa monica; residential security camera system santa monica,"CTR fix, rewrite title and meta around proven queries"
120,https://shaffercon.com/industry-insights/do-i-need-panel-upgrade-install-ev-charger/,/industry-insights/do-i-need-panel-upgrade-install-ev-charger/,blog,0,50,0.0,0.012,0.6,15.18,5,7.301,links,200amp electrical panel capacity 60amp ev charger continuous load; ev charger electrical panel upgrade requirements,"Ranking lift, add internal links and local proof"
121,https://shaffercon.com/industry-insights/under-cabinet-lighting-installation-guide/,/industry-insights/under-cabinet-lighting-installation-guide/,blog,1,64,0.015625,0.025,0.6,8.58,4,7.295,links,,"Ranking lift, add internal links and local proof"
122,https://shaffercon.com/service-areas/santa-clarita/commercial-landscape-outdoor-lighting/,/service-areas/santa-clarita/commercial-landscape-outdoor-lighting/,service_detail,0,48,0.0,0.012,0.6,13.35,5,7.225,links,landscape lighting installation valencia,"Ranking lift, add internal links and local proof"
123,https://shaffercon.com/industry-insights/the-ultimate-guide-to-ev-charger-installation-and-infrastructure-in-los-angeles/,/industry-insights/the-ultimate-guide-to-ev-charger-installation-and-infrastructure-in-los-angeles/,blog,4,4276,0.0009354536950420954,0.004,13.1,31.55,5,7.187,content,ev charging station installation; commercial ev charging station installation; electrical requirements for ev charging; commercial ev charging installation; ev charger installation requirements,"Content lift, expand page and add links from stronger pages"
124,https://shaffercon.com/service-areas/highland-park/residential-ev-charger-installation/,/service-areas/highland-park/residential-ev-charger-installation/,service_detail,0,46,0.0,0.012,0.6,11.69,5,7.146,ctr,ev charger installation highland park; electric car charger home installation highland park; electric car charger installations highland park; ev charger installation in highland park; ev charger installation highland village,"CTR fix, rewrite title and meta around proven queries"
125,https://shaffercon.com/service-areas/los-feliz/commercial-electrical-code-compliance-corrections/,/service-areas/los-feliz/commercial-electrical-code-compliance-corrections/,service_detail,0,25,0.0,0.025,0.6,6.4,5,7.119,ctr,commercial electrical code compliance in los angeles; commercial electrical code compliance in southern ca,"CTR fix, rewrite title and meta around proven queries"
126,https://shaffercon.com/service-areas/torrance/residential-electrical-panel-upgrades/,/service-areas/torrance/residential-electrical-panel-upgrades/,service_detail,1,25,0.04,0.025,0.0,5.8,5,7.075,links,,"Ranking lift, add internal links and local proof"
127,https://shaffercon.com/service-areas/torrance/residential-electrical-safety-inspections/,/service-areas/torrance/residential-electrical-safety-inspections/,service_detail,0,54,0.0,0.025,1.4,5.98,4,7.055,ctr,torrance electrical safety,"CTR fix, rewrite title and meta around proven queries"
128,https://shaffercon.com/service-areas/burbank/residential-complete-electrical-rewiring/,/service-areas/burbank/residential-complete-electrical-rewiring/,service_detail,0,24,0.0,0.025,0.6,5.96,5,7.032,ctr,burbank house rewire; beverly hills house rewire,"CTR fix, rewrite title and meta around proven queries"
129,https://shaffercon.com/service-areas/venice/commercial-landscape-outdoor-lighting/,/service-areas/venice/commercial-landscape-outdoor-lighting/,service_detail,0,43,0.0,0.012,0.5,13.86,5,7.021,links,outdoor lighting service venice; outdoor lighting installation venice; led landscape lighting services venice,"Ranking lift, add internal links and local proof"
130,https://shaffercon.com/industry-insights/gfi-safety-and-maintenance-essential-tips-for-homeowners/,/industry-insights/gfi-safety-and-maintenance-essential-tips-for-homeowners/,blog,0,406,0.0,0.012,4.9,16.83,3,6.979,links,gfi protection; a hazard can exist if the electronics within a gfci fail because the circuit remains _____ without gfci protection.; are they safe to use?; gfci safety; house gfi,"Ranking lift, add internal links and local proof"
131,https://shaffercon.com/industry-insights/preparing-your-property-for-the-next-wave-of-ev-charging-a-practical-guide-for-los-angeles-owners/,/industry-insights/preparing-your-property-for-the-next-wave-of-ev-charging-a-practical-guide-for-los-angeles-owners/,blog,0,23,0.0,0.025,0.6,7.57,5,6.941,ctr,,"CTR fix, rewrite title and meta around proven queries"
132,https://shaffercon.com/service-areas/beverly-hills/residential-backup-generator-installation/,/service-areas/beverly-hills/residential-backup-generator-installation/,service_detail,0,23,0.0,0.025,0.6,9.0,5,6.941,ctr,,"CTR fix, rewrite title and meta around proven queries"
133,https://shaffercon.com/industry-insights/afci-installation-electrical-safety/,/industry-insights/afci-installation-electrical-safety/,blog,0,163,0.0,0.025,4.1,6.33,3,6.915,ctr,2025 california electrical code cec 210.12 afci requirements dwelling units,"CTR fix, rewrite title and meta around proven queries"
134,https://shaffercon.com/industry-insights/china-mandatory-ev-efficiency-rules-genesis-gv60-nacs-pennsylvania-nevi-slate-truck-discontinued-evs/,/industry-insights/china-mandatory-ev-efficiency-rules-genesis-gv60-nacs-pennsylvania-nevi-slate-truck-discontinued-evs/,blog,0,758,0.0,0.025,18.9,5.68,2,6.852,ctr,"""blue mountain service plaza"" ""ccs""; ""blue mountain"" ""ccs"" ""turnpike""","CTR fix, rewrite title and meta around proven queries"
135,https://shaffercon.com/service-areas/santa-monica/commercial-ev-charger-installation/,/service-areas/santa-monica/commercial-ev-charger-installation/,service_detail,0,39,0.0,0.012,0.5,17.72,5,6.841,links,ev charger installation santa monica; ev charger installation santa monica,"Ranking lift, add internal links and local proof"
136,https://shaffercon.com/service-areas/santa-monica/residential-landscape-outdoor-lighting/,/service-areas/santa-monica/residential-landscape-outdoor-lighting/,service_detail,0,47,0.0,0.025,1.2,7.23,4,6.804,ctr,low voltage landscape lighting santa monica ca; low voltage landscape lighting santa monica ca; smart lighting santa monica,"CTR fix, rewrite title and meta around proven queries"
137,https://shaffercon.com/industry-insights/electricians-baldwin-park-ev-installation/,/industry-insights/electricians-baldwin-park-ev-installation/,blog,0,38,0.0,0.012,0.5,12.42,5,6.793,links,ev charger installation baldwin park; ev charger installation baldwin,"Ranking lift, add internal links and local proof"
138,https://shaffercon.com/industry-insights/the-future-of-electric-vehicle-charging-infrastructure-trends-opportunities-and-innovations/,/industry-insights/the-future-of-electric-vehicle-charging-infrastructure-trends-opportunities-and-innovations/,blog,0,21,0.0,0.025,0.5,8.66,5,6.747,ctr,,"CTR fix, rewrite title and meta around proven queries"
139,https://shaffercon.com/service-areas/culver-city/commercial-ev-charger-installation/,/service-areas/culver-city/commercial-ev-charger-installation/,service_detail,0,21,0.0,0.025,0.5,8.67,5,6.747,ctr,,"CTR fix, rewrite title and meta around proven queries"
140,https://shaffercon.com/service-areas/hollywood/commercial-smart-automation-systems/,/service-areas/hollywood/commercial-smart-automation-systems/,service_detail,0,36,0.0,0.012,0.4,13.67,5,6.694,links,commercial automation los angeles ca; commercial automation los angeles,"Ranking lift, add internal links and local proof"
141,https://shaffercon.com/service-areas/west-hollywood/residential-landscape-outdoor-lighting/,/service-areas/west-hollywood/residential-landscape-outdoor-lighting/,service_detail,0,36,0.0,0.012,0.4,14.66,5,6.694,links,lighting control west hollywood ca; west hollywood light pole protection; outdoor landscape lighting beverly hills ca; outdoor lighting control los angeles ca,"Ranking lift, add internal links and local proof"
142,https://shaffercon.com/industry-insights/the-future-of-ev-charging-speed-security-and-reliability-for-drivers-and-businesses/,/industry-insights/the-future-of-ev-charging-speed-security-and-reliability-for-drivers-and-businesses/,blog,0,20,0.0,0.025,0.5,6.4,5,6.644,ctr,,"CTR fix, rewrite title and meta around proven queries"
143,https://shaffercon.com/industry-insights/the-rise-of-ev-charging-infrastructure-in-the-u-s-challenges-opportunities-and-future-prospects/,/industry-insights/the-rise-of-ev-charging-infrastructure-in-the-u-s-challenges-opportunities-and-future-prospects/,blog,0,35,0.0,0.012,0.4,15.11,5,6.642,links,ev infrastructure for new construction; electric vehicle charging infrastructure buildout progress 2025,"Ranking lift, add internal links and local proof"
144,https://shaffercon.com/service-areas/atwater-village/commercial-backup-generator-installation/,/service-areas/atwater-village/commercial-backup-generator-installation/,service_detail,0,35,0.0,0.012,0.4,12.06,5,6.642,links,"generatore diesel near=san fernando -wiki -youtube -tiktok -amazon -""made-in-china"" -alibaba; generador diesel near=san fernando -wiki -youtube -tiktok -amazon -""made-in-china"" -alibaba; generatore diesel near=san fernando -wiki -youtube -tiktok -amazon -""made-in-china"" -alibaba; generador diesel near=san fernando -wiki -youtube -tiktok -amazon -""made-in-china"" -alibaba","Ranking lift, add internal links and local proof"
145,https://shaffercon.com/service-areas/silver-lake/commercial-pool-hot-tub-spa-electrical/,/service-areas/silver-lake/commercial-pool-hot-tub-spa-electrical/,service_detail,0,19,0.0,0.05,1.0,3.58,5,6.567,ctr,,"CTR fix, rewrite title and meta around proven queries"
146,https://shaffercon.com/industry-insights/landscape-lighting-design-installation-los-angeles/,/industry-insights/landscape-lighting-design-installation-los-angeles/,blog,1,42,0.023809523809523808,0.025,0.1,8.95,4,6.537,links,landscape lighting installation los angeles; outdoor lighting design in los angeles; landscape lighting installation in los angeles,"Ranking lift, add internal links and local proof"
147,https://shaffercon.com/industry-insights/the-future-of-ev-charging-trends-challenges-and-innovations-in-charging-infrastructure/,/industry-insights/the-future-of-ev-charging-trends-challenges-and-innovations-in-charging-infrastructure/,blog,0,19,0.0,0.025,0.5,8.11,5,6.536,ctr,future of ev charging infrastructure challenges,"CTR fix, rewrite title and meta around proven queries"
148,https://shaffercon.com/service-areas/culver-city/commercial-outlet-switch-dimmer-services/,/service-areas/culver-city/commercial-outlet-switch-dimmer-services/,service_detail,0,19,0.0,0.025,0.5,8.84,5,6.536,ctr,,"CTR fix, rewrite title and meta around proven queries"
149,https://shaffercon.com/service-areas/sherman-oaks/residential-electrical-panel-upgrades/,/service-areas/sherman-oaks/residential-electrical-panel-upgrades/,service_detail,0,19,0.0,0.025,0.5,9.31,5,6.536,ctr,,"CTR fix, rewrite title and meta around proven queries"
150,https://shaffercon.com/industry-insights/commercial-electrical-systems-navigating-the-complexities/,/industry-insights/commercial-electrical-systems-navigating-the-complexities/,blog,0,33,0.0,0.012,0.4,12.28,5,6.535,links,"what defines power requirements for residential and commercial infrastructure; who provides electrical system analysis for commercial buildings (load, capacity, safety)?","Ranking lift, add internal links and local proof"
151,https://shaffercon.com/service-areas/highland-park/commercial-smart-automation-systems/,/service-areas/highland-park/commercial-smart-automation-systems/,service_detail,0,33,0.0,0.012,0.4,14.15,5,6.535,links,commercial automation system costa mesa,"Ranking lift, add internal links and local proof"
152,https://shaffercon.com/service-areas/pasadena/commercial-whole-building-surge-protection/,/service-areas/pasadena/commercial-whole-building-surge-protection/,service_detail,0,33,0.0,0.012,0.4,16.97,5,6.535,links,surge protection services la; surge protection services los angeles,"Ranking lift, add internal links and local proof"
153,https://shaffercon.com/service-areas/long-beach/residential-landscape-outdoor-lighting/,/service-areas/long-beach/residential-landscape-outdoor-lighting/,service_detail,0,79,0.0,0.012,0.9,11.11,4,6.532,ctr,outdoor lighting installation in long beach; outdoor lighting long beach; outdoor lighting installation in long beach; outdoor lighting long beach,"CTR fix, rewrite title and meta around proven queries"
154,https://shaffercon.com/industry-insights/unleashing-the-benefits-why-installing-ev-chargers-is-a-smart-investment-for-your-property/,/industry-insights/unleashing-the-benefits-why-installing-ev-chargers-is-a-smart-investment-for-your-property/,blog,0,32,0.0,0.012,0.4,11.03,5,6.478,ctr,,"CTR fix, rewrite title and meta around proven queries"
155,https://shaffercon.com/service-areas/west-hollywood/residential-smart-automation-systems/,/service-areas/west-hollywood/residential-smart-automation-systems/,service_detail,0,32,0.0,0.012,0.4,13.28,5,6.478,links,smart intercoms west hollywood; smart devices west hollywood; smart devices west hollywood; smart intercoms west hollywood,"Ranking lift, add internal links and local proof"
156,https://shaffercon.com/industry-insights/how-california-and-nationwide-funding-changes-make-now-the-time-to-install-ev-chargers-a-practical-guide-for-los-angeles-property-owners/,/industry-insights/how-california-and-nationwide-funding-changes-make-now-the-time-to-install-ev-chargers-a-practical-guide-for-los-angeles-property-owners/,blog,0,31,0.0,0.012,0.4,14.8,5,6.421,links,,"Ranking lift, add internal links and local proof"
157,https://shaffercon.com/industry-insights/emerging-trends-and-challenges-in-ev-charging-infrastructure-what-you-need-to-know/,/industry-insights/emerging-trends-and-challenges-in-ev-charging-infrastructure-what-you-need-to-know/,blog,0,30,0.0,0.012,0.4,14.63,5,6.361,links,ev charging challenges; ev charger installation renovation ideas,"Ranking lift, add internal links and local proof"
158,https://shaffercon.com/service-areas/pasadena/commercial-ceiling-fan-fixture-installation/,/service-areas/pasadena/commercial-ceiling-fan-fixture-installation/,service_detail,0,30,0.0,0.012,0.4,17.27,5,6.361,links,ceiling fan installation pasadena; ceiling fan installation service pasadena,"Ranking lift, add internal links and local proof"
159,https://shaffercon.com/service-areas/silver-lake/commercial-electrical-code-compliance-corrections/,/service-areas/silver-lake/commercial-electrical-code-compliance-corrections/,service_detail,0,29,0.0,0.012,0.3,16.1,5,6.3,links,commercial electrical code compliance in southern ca; commercial electrical code compliance in fullerton; commercial electrical code compliance in los angeles; commercial electrical code compliance contractor near me; commercial electrical code compliance in southern ca,"Ranking lift, add internal links and local proof"
160,https://shaffercon.com/industry-insights/tesla-worlds-largest-supercharger-los-angeles-curbside-charging-expansion-volkswagen-network-access-dynamic-pricing-long-beach-ev-infrastructure/,/industry-insights/tesla-worlds-largest-supercharger-los-angeles-curbside-charging-expansion-volkswagen-network-access-dynamic-pricing-long-beach-ev-infrastructure/,blog,5,3339,0.001497454327643007,0.025,78.5,8.56,1,6.289,ctr,future tesla superchargers; upcoming tesla superchargers; tesla supercharger expansion; tesla supercharger under construction; number of tesla superchargers in california 2026,Deprioritize unless it supports a money page
161,https://shaffercon.com/service-areas/torrance/commercial-ceiling-fan-fixture-installation/,/service-areas/torrance/commercial-ceiling-fan-fixture-installation/,service_detail,0,28,0.0,0.012,0.3,16.5,5,6.236,links,ceiling fan installation torrance ca,"Ranking lift, add internal links and local proof"
162,https://shaffercon.com/service-areas/burbank/residential-lighting-installation-retrofitting/,/service-areas/burbank/residential-lighting-installation-retrofitting/,service_detail,0,34,0.0,0.025,0.9,8.91,4,6.229,ctr,lighting installation burbank,"CTR fix, rewrite title and meta around proven queries"
163,https://shaffercon.com/industry-insights/californias-ev-charging-boom-how-los-angeles-is-leading-the-electric-vehicle-infrastructure-revolution/,/industry-insights/californias-ev-charging-boom-how-los-angeles-is-leading-the-electric-vehicle-infrastructure-revolution/,blog,0,16,0.0,0.025,0.4,8.69,5,6.177,ctr,,"CTR fix, rewrite title and meta around proven queries"
164,https://shaffercon.com/industry-insights/how-los-angeles-property-owners-can-install-ev-chargers-funding-financing-and-practical-steps/,/industry-insights/how-los-angeles-property-owners-can-install-ev-chargers-funding-financing-and-practical-steps/,blog,0,16,0.0,0.025,0.4,8.31,5,6.177,ctr,,"CTR fix, rewrite title and meta around proven queries"
165,https://shaffercon.com/industry-insights/the-future-of-ev-charging-in-los-angeles-new-technologies-solar-integration-and-incentives-for-property-owners/,/industry-insights/the-future-of-ev-charging-in-los-angeles-new-technologies-solar-integration-and-incentives-for-property-owners/,blog,0,16,0.0,0.025,0.4,5.12,5,6.177,ctr,,"CTR fix, rewrite title and meta around proven queries"
166,https://shaffercon.com/service-areas/culver-city/residential-electrical-panel-upgrades/,/service-areas/culver-city/residential-electrical-panel-upgrades/,service_detail,0,16,0.0,0.025,0.4,8.94,5,6.177,ctr,residential electrical upgrades in southern ca,"CTR fix, rewrite title and meta around proven queries"
167,https://shaffercon.com/industry-insights/advancing-electric-vehicle-infrastructure-in-los-angeles-the-role-of-shaffer-construction-inc/,/industry-insights/advancing-electric-vehicle-infrastructure-in-los-angeles-the-role-of-shaffer-construction-inc/,blog,1,27,0.037037037037037035,0.012,0.0,17.26,5,6.15,links,charger construction; ev charging station construction companies,"Ranking lift, add internal links and local proof"
168,https://shaffercon.com/industry-insights/should-you-install-an-ev-charger-at-home-a-practical-guide-for-los-angeles-homeowners/,/industry-insights/should-you-install-an-ev-charger-at-home-a-practical-guide-for-los-angeles-homeowners/,blog,0,26,0.0,0.012,0.3,10.65,5,6.102,ctr,ev charger requirement new home altadena; ev charger requirement new home los angeles,"CTR fix, rewrite title and meta around proven queries"
169,https://shaffercon.com/service-areas/silver-lake/,/service-areas/silver-lake/,location,0,207,0.0,0.012,2.5,11.75,3,6.058,ctr,silver lake; silverlake; electrician silver lake; home repair silver lake ca; electrician silver lake ca,"CTR fix, rewrite title and meta around proven queries"
170,https://shaffercon.com/industry-insights/advancements-in-electric-vehicle-charging-trends-innovations-and-their-impact-on-urban-development/,/industry-insights/advancements-in-electric-vehicle-charging-trends-innovations-and-their-impact-on-urban-development/,blog,0,15,0.0,0.025,0.4,8.33,5,6.043,ctr,,"CTR fix, rewrite title and meta around proven queries"
171,https://shaffercon.com/industry-insights/electrician-san-gabriel-vehicle-charging/,/industry-insights/electrician-san-gabriel-vehicle-charging/,blog,0,15,0.0,0.025,0.4,8.06,5,6.043,ctr,,"CTR fix, rewrite title and meta around proven queries"
172,https://shaffercon.com/service-areas/glendale/commercial-lighting-installation-retrofitting/,/service-areas/glendale/commercial-lighting-installation-retrofitting/,service_detail,0,15,0.0,0.025,0.4,9.93,5,6.043,ctr,commercial lighting retrofit services in bow,"CTR fix, rewrite title and meta around proven queries"
173,https://shaffercon.com/service-areas/west-hollywood/commercial-ev-charger-installation/,/service-areas/west-hollywood/commercial-ev-charger-installation/,service_detail,0,25,0.0,0.012,0.3,15.96,5,6.032,links,ev charger installation west hollywood; ev charger installation west hollywood,"Ranking lift, add internal links and local proof"
174,https://shaffercon.com/service-areas/glendale/commercial-data-network-av-wiring/,/service-areas/glendale/commercial-data-network-av-wiring/,service_detail,0,24,0.0,0.012,0.3,15.12,5,5.958,links,wiring for security cameras glendale; glendale network cabling; professional data wiring los angeles,"Ranking lift, add internal links and local proof"
175,https://shaffercon.com/service-areas/santa-clarita/commercial-pool-hot-tub-spa-electrical/,/service-areas/santa-clarita/commercial-pool-hot-tub-spa-electrical/,service_detail,0,24,0.0,0.012,0.3,10.29,5,5.958,ctr,,"CTR fix, rewrite title and meta around proven queries"
176,https://shaffercon.com/industry-insights/cloth-wiring-safety-upgrade/,/industry-insights/cloth-wiring-safety-upgrade/,blog,0,461,0.0,0.025,11.5,8.72,2,5.943,ctr,electrical for fabric structures; electrical for fabric structures,"CTR fix, rewrite title and meta around proven queries"
177,https://shaffercon.com/service-areas/santa-clarita/residential-electrical-panel-upgrades/,/service-areas/santa-clarita/residential-electrical-panel-upgrades/,service_detail,0,14,0.0,0.025,0.4,9.14,5,5.901,ctr,,"CTR fix, rewrite title and meta around proven queries"
178,https://shaffercon.com/service-areas/beverly-hills/commercial-smart-automation-systems/,/service-areas/beverly-hills/commercial-smart-automation-systems/,service_detail,0,23,0.0,0.012,0.3,15.26,5,5.882,links,advanced shading solutions beverly hills; commercial automation services los angeles; commercial automation solutions los angeles; automated shading system beverly hills; automated shading system beverly hills,"Ranking lift, add internal links and local proof"
179,https://shaffercon.com/service-areas/burbank/commercial-backup-generator-installation/,/service-areas/burbank/commercial-backup-generator-installation/,service_detail,0,23,0.0,0.012,0.3,10.65,5,5.882,ctr,generator installation burbank; generac generator installation burbank; generator installation burbank; generac generator installation burbank,"CTR fix, rewrite title and meta around proven queries"
180,https://shaffercon.com/service-areas/torrance/commercial-landscape-outdoor-lighting/,/service-areas/torrance/commercial-landscape-outdoor-lighting/,service_detail,1,23,0.043478260869565216,0.012,0.0,15.52,5,5.866,links,,"Ranking lift, add internal links and local proof"
181,https://shaffercon.com/industry-insights/the-electric-vehicle-charging-revolution-key-trends-and-future-prospects/,/industry-insights/the-electric-vehicle-charging-revolution-key-trends-and-future-prospects/,blog,0,22,0.0,0.012,0.3,12.55,5,5.803,links,,"Ranking lift, add internal links and local proof"
182,https://shaffercon.com/service-areas/burbank/commercial-lighting-installation-retrofitting/,/service-areas/burbank/commercial-lighting-installation-retrofitting/,service_detail,0,22,0.0,0.012,0.3,12.05,5,5.803,links,lighting installation burbank; lighting installation burbank,"Ranking lift, add internal links and local proof"
183,https://shaffercon.com/service-areas/venice/residential-energy-efficiency-upgrades/,/service-areas/venice/residential-energy-efficiency-upgrades/,service_detail,0,22,0.0,0.012,0.3,16.55,5,5.803,links,energy load calculations venice; commercial energy load calculations venice,"Ranking lift, add internal links and local proof"
184,https://shaffercon.com/service-areas/sherman-oaks/residential-security-motion-lighting/,/service-areas/sherman-oaks/residential-security-motion-lighting/,service_detail,0,26,0.0,0.025,0.7,6.96,4,5.763,ctr,professional solar security sherman oaks; professional solar security sherman oaks,"CTR fix, rewrite title and meta around proven queries"
185,https://shaffercon.com/industry-insights/preparing-los-angeles-buildings-for-the-ev-charging-boom-what-owners-developers-and-businesses-need-to-know/,/industry-insights/preparing-los-angeles-buildings-for-the-ev-charging-boom-what-owners-developers-and-businesses-need-to-know/,blog,0,13,0.0,0.025,0.3,7.54,5,5.749,ctr,,"CTR fix, rewrite title and meta around proven queries"
186,https://shaffercon.com/service-areas/beverly-hills/residential-pool-hot-tub-spa-electrical/,/service-areas/beverly-hills/residential-pool-hot-tub-spa-electrical/,service_detail,0,13,0.0,0.025,0.3,6.23,5,5.749,ctr,,"CTR fix, rewrite title and meta around proven queries"
187,https://shaffercon.com/service-areas/glendale/commercial-ceiling-fan-fixture-installation/,/service-areas/glendale/commercial-ceiling-fan-fixture-installation/,service_detail,0,13,0.0,0.025,0.3,6.69,5,5.749,ctr,ceiling fan installation glendale; ceiling fan installation service glendale,"CTR fix, rewrite title and meta around proven queries"
188,https://shaffercon.com/service-areas/los-feliz/commercial-landscape-outdoor-lighting/,/service-areas/los-feliz/commercial-landscape-outdoor-lighting/,service_detail,0,13,0.0,0.025,0.3,9.08,5,5.749,ctr,,"CTR fix, rewrite title and meta around proven queries"
189,https://shaffercon.com/service-areas/santa-monica/commercial-pool-hot-tub-spa-electrical/,/service-areas/santa-monica/commercial-pool-hot-tub-spa-electrical/,service_detail,0,13,0.0,0.025,0.3,5.85,5,5.749,ctr,,"CTR fix, rewrite title and meta around proven queries"
190,https://shaffercon.com/service-areas/sherman-oaks/commercial-smart-automation-systems/,/service-areas/sherman-oaks/commercial-smart-automation-systems/,service_detail,0,13,0.0,0.025,0.3,5.38,5,5.749,ctr,commercial automation los angeles; commercial automation los angeles ca; commercial automation solutions los angeles; commercial automation services los angeles,"CTR fix, rewrite title and meta around proven queries"
191,https://shaffercon.com/service-areas/venice/commercial-electrical-code-compliance-corrections/,/service-areas/venice/commercial-electrical-code-compliance-corrections/,service_detail,0,13,0.0,0.025,0.3,5.08,5,5.749,ctr,,"CTR fix, rewrite title and meta around proven queries"
192,https://shaffercon.com/industry-insights/office-electrical-upgrades-modern-workplaces/,/industry-insights/office-electrical-upgrades-modern-workplaces/,blog,1,413,0.002421307506053269,0.025,9.3,6.46,2,5.722,ctr,office electrical upgrades,"CTR fix, rewrite title and meta around proven queries"
193,https://shaffercon.com/service-areas/hollywood/residential-security-motion-lighting/,/service-areas/hollywood/residential-security-motion-lighting/,service_detail,0,25,0.0,0.025,0.6,7.8,4,5.695,ctr,,"CTR fix, rewrite title and meta around proven queries"
194,https://shaffercon.com/service-areas/torrance/residential-backup-generator-installation/,/service-areas/torrance/residential-backup-generator-installation/,service_detail,0,70,0.0,0.025,1.8,5.04,3,5.651,ctr,whole-home backup generator installation 90275; whole-home backup generator installation 90275,"CTR fix, rewrite title and meta around proven queries"
195,https://shaffercon.com/industry-insights/the-vital-role-of-ev-charging-infrastructure-in-accelerating-electric-vehicle-adoption/,/industry-insights/the-vital-role-of-ev-charging-infrastructure-in-accelerating-electric-vehicle-adoption/,blog,0,20,0.0,0.012,0.2,14.1,5,5.633,links,,"Ranking lift, add internal links and local proof"
196,https://shaffercon.com/service-areas/burbank/commercial-ev-charger-installation/,/service-areas/burbank/commercial-ev-charger-installation/,service_detail,0,20,0.0,0.012,0.2,13.5,5,5.633,links,ev charger installation burbank; ev charger installation burbank,"Ranking lift, add internal links and local proof"
197,https://shaffercon.com/service-areas/burbank/,/service-areas/burbank/,location,3,1375,0.002181818181818182,0.004,2.5,21.26,5,5.63,content,electrician burbank; electrical contractor burbank; electrical panel upgrades burbank; lighting installation burbank; burbank electrical contractors,"Content lift, expand page and add links from stronger pages"
198,https://shaffercon.com/industry-insights/new-california-solar-battery-project-rule-why-licensed-electricians-are-essential/,/industry-insights/new-california-solar-battery-project-rule-why-licensed-electricians-are-essential/,blog,1,382,0.002617801047120419,0.025,8.6,7.95,2,5.608,ctr,safety-focused solar contractor; solar battery installation los angeles,"CTR fix, rewrite title and meta around proven queries"
199,https://shaffercon.com/industry-insights/latest-innovations-in-ev-charging-how-shaffer-construction-is-leading-the-way-in-los-angeles/,/industry-insights/latest-innovations-in-ev-charging-how-shaffer-construction-is-leading-the-way-in-los-angeles/,blog,0,12,0.0,0.025,0.3,5.58,5,5.586,ctr,,"CTR fix, rewrite title and meta around proven queries"
200,https://shaffercon.com/service-areas/atwater-village/residential-electrical-panel-upgrades/,/service-areas/atwater-village/residential-electrical-panel-upgrades/,service_detail,0,12,0.0,0.025,0.3,9.66,5,5.586,ctr,electrical panel upgrade pasadena,"CTR fix, rewrite title and meta around proven queries"
201,https://shaffercon.com/service-areas/long-beach/commercial-lighting-installation-retrofitting/,/service-areas/long-beach/commercial-lighting-installation-retrofitting/,service_detail,0,12,0.0,0.025,0.3,6.25,5,5.586,ctr,,"CTR fix, rewrite title and meta around proven queries"
202,https://shaffercon.com/service-areas/pasadena/residential-ev-charger-installation/,/service-areas/pasadena/residential-ev-charger-installation/,service_detail,0,12,0.0,0.025,0.3,7.83,5,5.586,ctr,ev charging station installation pasadena; ev charging station installation pasadena; home ev charging station installers pasadena,"CTR fix, rewrite title and meta around proven queries"
203,https://shaffercon.com/industry-insights/residential-electrical-services-what-every-homeowner-should-know-about-hiring-a-contractor/,/industry-insights/residential-electrical-services-what-every-homeowner-should-know-about-hiring-a-contractor/,blog,1,12,0.08333333333333333,0.025,0.0,5.83,5,5.57,links,,"Ranking lift, add internal links and local proof"
204,https://shaffercon.com/service-areas/santa-clarita/residential-backup-generator-installation/,/service-areas/santa-clarita/residential-backup-generator-installation/,service_detail,1,68,0.014705882352941176,0.025,0.7,8.37,3,5.555,links,generator installation santa clarita; generator service santa clarita,"Ranking lift, add internal links and local proof"
205,https://shaffercon.com/service-areas/santa-monica/commercial-ceiling-fan-fixture-installation/,/service-areas/santa-monica/commercial-ceiling-fan-fixture-installation/,service_detail,0,19,0.0,0.012,0.2,15.32,5,5.542,links,,"Ranking lift, add internal links and local proof"
206,https://shaffercon.com/service-areas/culver-city/residential-landscape-outdoor-lighting/,/service-areas/culver-city/residential-landscape-outdoor-lighting/,service_detail,0,22,0.0,0.025,0.6,5.96,4,5.477,ctr,construction lights culver city; construction lights culver city,"CTR fix, rewrite title and meta around proven queries"
207,https://shaffercon.com/service-areas/venice/residential-landscape-outdoor-lighting/,/service-areas/venice/residential-landscape-outdoor-lighting/,service_detail,0,39,0.0,0.012,0.5,14.21,4,5.472,links,outdoor lighting installation venice; outdoor lighting service venice; outdoor lighting repair venice; led landscape lighting services venice,"Ranking lift, add internal links and local proof"
208,https://shaffercon.com/industry-insights/building-a-sustainable-future-the-importance-of-expanding-ev-charging-infrastructure-in-los-angeles/,/industry-insights/building-a-sustainable-future-the-importance-of-expanding-ev-charging-infrastructure-in-los-angeles/,blog,0,18,0.0,0.012,0.2,13.72,5,5.446,links,,"Ranking lift, add internal links and local proof"
209,https://shaffercon.com/service-areas/burbank/commercial-electrical-code-compliance-corrections/,/service-areas/burbank/commercial-electrical-code-compliance-corrections/,service_detail,0,18,0.0,0.012,0.2,16.45,5,5.446,links,electrical code updates burbank; commercial electrician services burbank,"Ranking lift, add internal links and local proof"
210,https://shaffercon.com/service-areas/burbank/commercial-landscape-outdoor-lighting/,/service-areas/burbank/commercial-landscape-outdoor-lighting/,service_detail,0,18,0.0,0.012,0.2,13.17,5,5.446,links,lighting installation burbank; lighting installation burbank,"Ranking lift, add internal links and local proof"
211,https://shaffercon.com/service-areas/glendale/commercial-outlet-switch-dimmer-services/,/service-areas/glendale/commercial-outlet-switch-dimmer-services/,service_detail,0,18,0.0,0.012,0.2,18.22,5,5.446,links,industrial exhaust fan installation near me glendale,"Ranking lift, add internal links and local proof"
212,https://shaffercon.com/service-areas/santa-clarita/commercial-ev-charger-installation/,/service-areas/santa-clarita/commercial-ev-charger-installation/,service_detail,0,11,0.0,0.05,0.6,4.18,5,5.426,ctr,,"CTR fix, rewrite title and meta around proven queries"
213,https://shaffercon.com/industry-insights/why-permitting-policy-and-smart-design-matter-for-faster-ev-charger-deployment-in-los-angeles/,/industry-insights/why-permitting-policy-and-smart-design-matter-for-faster-ev-charger-deployment-in-los-angeles/,blog,0,11,0.0,0.025,0.3,8.09,5,5.411,ctr,,"CTR fix, rewrite title and meta around proven queries"
214,https://shaffercon.com/service-areas/atwater-village/commercial-electrical-panel-upgrades/,/service-areas/atwater-village/commercial-electrical-panel-upgrades/,service_detail,0,11,0.0,0.025,0.3,9.18,5,5.411,ctr,,"CTR fix, rewrite title and meta around proven queries"
215,https://shaffercon.com/service-areas/echo-park/residential-ev-charger-installation/,/service-areas/echo-park/residential-ev-charger-installation/,service_detail,0,11,0.0,0.025,0.3,7.55,5,5.411,ctr,,"CTR fix, rewrite title and meta around proven queries"
216,https://shaffercon.com/service-areas/santa-monica/commercial-data-network-av-wiring/,/service-areas/santa-monica/commercial-data-network-av-wiring/,service_detail,0,11,0.0,0.025,0.3,5.45,5,5.411,ctr,,"CTR fix, rewrite title and meta around proven queries"
217,https://shaffercon.com/service-areas/sherman-oaks/commercial-backup-generator-installation/,/service-areas/sherman-oaks/commercial-backup-generator-installation/,service_detail,0,11,0.0,0.025,0.3,8.45,5,5.411,ctr,,"CTR fix, rewrite title and meta around proven queries"
218,https://shaffercon.com/service-areas/torrance/commercial-backup-generator-installation/,/service-areas/torrance/commercial-backup-generator-installation/,service_detail,0,11,0.0,0.025,0.3,7.09,5,5.411,ctr,,"CTR fix, rewrite title and meta around proven queries"
219,https://shaffercon.com/service-areas/venice/commercial-energy-efficiency-upgrades/,/service-areas/venice/commercial-energy-efficiency-upgrades/,service_detail,0,11,0.0,0.025,0.3,7.36,5,5.411,ctr,commercial energy load calculations venice,"CTR fix, rewrite title and meta around proven queries"
220,https://shaffercon.com/service-areas/burbank/residential-electrical-safety-inspections/,/service-areas/burbank/residential-electrical-safety-inspections/,service_detail,0,37,0.0,0.012,0.4,11.38,4,5.395,ctr,nfpa 25 inspection burbank,"CTR fix, rewrite title and meta around proven queries"
221,https://shaffercon.com/industry-insights/ev-charging-infrastructure-update-record-u-s-expansion-pennsylvania-nevi-leadership-global-growth-and-innovative-streetlight-solutions/,/industry-insights/ev-charging-infrastructure-update-record-u-s-expansion-pennsylvania-nevi-leadership-global-growth-and-innovative-streetlight-solutions/,blog,0,310,0.0,0.025,7.8,6.39,2,5.372,ctr,,"CTR fix, rewrite title and meta around proven queries"
222,https://shaffercon.com/industry-insights/,/industry-insights/,landing,0,764,0.0,0.012,9.2,10.43,2,5.352,ctr,"""home ev charger"" google trends state interest; tesla solar panel installers milestone sk; the retrofit companies; ""home ev charger"" google trends state; charger construction","CTR fix, rewrite title and meta around proven queries"
223,https://shaffercon.com/industry-insights/ev-charger-installation-guide/,/industry-insights/ev-charger-installation-guide/,blog,0,17,0.0,0.012,0.2,11.65,5,5.346,ctr,,"CTR fix, rewrite title and meta around proven queries"
224,https://shaffercon.com/industry-insights/the-future-of-electric-vehicles-why-investing-in-ev-charger-infrastructure-is-essential/,/industry-insights/the-future-of-electric-vehicles-why-investing-in-ev-charger-infrastructure-is-essential/,blog,0,17,0.0,0.012,0.2,15.94,5,5.346,links,,"Ranking lift, add internal links and local proof"
225,https://shaffercon.com/service-areas/burbank/commercial-data-network-av-wiring/,/service-areas/burbank/commercial-data-network-av-wiring/,service_detail,0,17,0.0,0.012,0.2,19.76,5,5.346,links,"structured cabling burbank; wiring for security cameras burbank; structured cabling burbank, ca","Ranking lift, add internal links and local proof"
226,https://shaffercon.com/service-areas/santa-clarita/commercial-electrical-troubleshooting-repairs/,/service-areas/santa-clarita/commercial-electrical-troubleshooting-repairs/,service_detail,0,17,0.0,0.012,0.2,10.35,5,5.346,ctr,santa clarita commercial electrical contractors; electrical troubleshooting santa clarita ca; electrical troubleshooting santa clarita ca; santa clarita commercial electrical contractors,"CTR fix, rewrite title and meta around proven queries"
227,https://shaffercon.com/industry-insights/us-dc-fast-charging-65000-stalls-byd-overtakes-tesla-2025-rivian-r2-affordable-evs-bolt-leaf/,/industry-insights/us-dc-fast-charging-65000-stalls-byd-overtakes-tesla-2025-rivian-r2-affordable-evs-bolt-leaf/,blog,0,298,0.0,0.025,7.5,7.76,2,5.32,ctr,,"CTR fix, rewrite title and meta around proven queries"
228,https://shaffercon.com/industry-insights/electrical-troubleshooting-basics-homeowners/,/industry-insights/electrical-troubleshooting-basics-homeowners/,blog,0,55,0.0,0.025,1.4,7.44,3,5.317,ctr,,"CTR fix, rewrite title and meta around proven queries"
229,https://shaffercon.com/industry-insights/electric-services-brentwood-ca-experts/,/industry-insights/electric-services-brentwood-ca-experts/,blog,0,35,0.0,0.012,0.4,10.32,4,5.314,ctr,home lighting control brentwood ca; lighting automation brentwood ca; lighting automation brentwood ca,"CTR fix, rewrite title and meta around proven queries"
230,https://shaffercon.com/industry-insights/states-sue-ev-charging-funds-65000-dc-fast-chargers-oslo-model-ws-development-electrify-america-2026-predictions/,/industry-insights/states-sue-ev-charging-funds-65000-dc-fast-chargers-oslo-model-ws-development-electrify-america-2026-predictions/,blog,0,287,0.0,0.025,7.2,8.33,2,5.272,ctr,,"CTR fix, rewrite title and meta around proven queries"
231,https://shaffercon.com/industry-insights/the-future-of-ev-charger-installation-transforming-transportation-in-los-angeles/,/industry-insights/the-future-of-ev-charger-installation-transforming-transportation-in-los-angeles/,blog,0,16,0.0,0.012,0.2,14.0,5,5.239,links,ev charging station construction,"Ranking lift, add internal links and local proof"
232,https://shaffercon.com/service-areas/echo-park/commercial-landscape-outdoor-lighting/,/service-areas/echo-park/commercial-landscape-outdoor-lighting/,service_detail,0,16,0.0,0.012,0.2,12.19,5,5.239,links,altadena commercial landscaping,"Ranking lift, add internal links and local proof"
233,https://shaffercon.com/service-areas/inglewood/commercial-electrical-troubleshooting-repairs/,/service-areas/inglewood/commercial-electrical-troubleshooting-repairs/,service_detail,0,16,0.0,0.012,0.2,13.0,5,5.239,links,electrical troubleshooting inglewood; commercial electrician services altadena,"Ranking lift, add internal links and local proof"
234,https://shaffercon.com/service-areas/pacific-palisades/residential-ev-charger-installation/,/service-areas/pacific-palisades/residential-ev-charger-installation/,service_detail,0,16,0.0,0.012,0.2,10.62,5,5.239,ctr,ev charger repair pacific palisades ca; ev charger requirement new home pacific palisades; ev charger for sale pacific palisades ca; ev charger installation pacific beach ca,"CTR fix, rewrite title and meta around proven queries"
235,https://shaffercon.com/service-areas/venice/commercial-security-motion-lighting/,/service-areas/venice/commercial-security-motion-lighting/,service_detail,0,10,0.0,0.05,0.5,4.8,5,5.233,ctr,,"CTR fix, rewrite title and meta around proven queries"
236,https://shaffercon.com/service-areas/west-hollywood/residential-electrical-panel-upgrades/,/service-areas/west-hollywood/residential-electrical-panel-upgrades/,service_detail,0,10,0.0,0.05,0.5,4.9,5,5.233,ctr,,"CTR fix, rewrite title and meta around proven queries"
237,https://shaffercon.com/industry-insights/how-ready-is-your-property-for-ev-chargers-a-practical-guide-for-los-angeles-homeowners-businesses/,/industry-insights/how-ready-is-your-property-for-ev-chargers-a-practical-guide-for-los-angeles-homeowners-businesses/,blog,0,10,0.0,0.025,0.2,8.3,5,5.22,ctr,,"CTR fix, rewrite title and meta around proven queries"
238,https://shaffercon.com/service-areas/beverly-hills/residential-electrical-safety-inspections/,/service-areas/beverly-hills/residential-electrical-safety-inspections/,service_detail,0,10,0.0,0.025,0.2,6.0,5,5.22,ctr,,"CTR fix, rewrite title and meta around proven queries"
239,https://shaffercon.com/service-areas/echo-park/commercial-breaker-panel-service-maintenance/,/service-areas/echo-park/commercial-breaker-panel-service-maintenance/,service_detail,0,10,0.0,0.025,0.2,6.9,5,5.22,ctr,,"CTR fix, rewrite title and meta around proven queries"
240,https://shaffercon.com/service-areas/pasadena/commercial-complete-electrical-rewiring/,/service-areas/pasadena/commercial-complete-electrical-rewiring/,service_detail,0,10,0.0,0.025,0.2,6.2,5,5.22,ctr,,"CTR fix, rewrite title and meta around proven queries"
241,https://shaffercon.com/service-areas/santa-clarita/commercial-electrical-panel-upgrades/,/service-areas/santa-clarita/commercial-electrical-panel-upgrades/,service_detail,0,10,0.0,0.025,0.2,7.1,5,5.22,ctr,,"CTR fix, rewrite title and meta around proven queries"
242,https://shaffercon.com/service-areas/west-hollywood/residential-ev-charger-installation/,/service-areas/west-hollywood/residential-ev-charger-installation/,service_detail,0,10,0.0,0.025,0.2,7.1,5,5.22,ctr,ev charger installation west hollywood,"CTR fix, rewrite title and meta around proven queries"
243,https://shaffercon.com/service-areas/long-beach/commercial-ev-charger-installation/,/service-areas/long-beach/commercial-ev-charger-installation/,service_detail,1,10,0.1,0.025,0.0,5.8,5,5.207,links,,"Ranking lift, add internal links and local proof"
244,https://shaffercon.com/industry-insights/electrical-safety-inspection-checklist-los-angeles/,/industry-insights/electrical-safety-inspection-checklist-los-angeles/,blog,3,904,0.00331858407079646,0.004,0.6,27.89,5,5.206,content,electrical safety inspection; electrical panel inspection; electrical safety inspection checklist; electrical inspection checklist; electrical panel inspection checklist,"Content lift, expand page and add links from stronger pages"
245,https://shaffercon.com/service-areas/sherman-oaks/,/service-areas/sherman-oaks/,location,0,738,0.0,0.004,3.0,31.21,5,5.168,content,electrician sherman oaks; electrical panel installation newman ca; electrical panel upgrade newman ca; electrical service upgrade newman ca; contractors sherman oaks,"Content lift, expand page and add links from stronger pages"
246,https://shaffercon.com/residential-ev-charger/,/residential-ev-charger/,landing,2,816,0.0024509803921568627,0.004,1.3,26.59,5,5.161,content,ev charger installation los angeles; residential ev level 2 car charger installations in los angeles; ev installation los angeles; santa venetia ev charger installation; home ev charger los angeles ca,"Content lift, expand page and add links from stronger pages"
247,https://shaffercon.com/service-areas/west-hollywood/residential-security-motion-lighting/,/service-areas/west-hollywood/residential-security-motion-lighting/,service_detail,0,18,0.0,0.025,0.5,5.89,4,5.138,ctr,licensed solar security west hollywood; licensed solar security west hollywood,"CTR fix, rewrite title and meta around proven queries"
248,https://shaffercon.com/service-areas/torrance/commercial-data-network-av-wiring/,/service-areas/torrance/commercial-data-network-av-wiring/,service_detail,0,15,0.0,0.012,0.2,16.53,5,5.127,links,wiring for security cameras torrance,"Ranking lift, add internal links and local proof"
249,https://shaffercon.com/service-areas/west-hollywood/,/service-areas/west-hollywood/,location,0,696,0.0,0.004,2.8,24.69,5,5.114,content,residential electrician west hollywood; electrician west hollywood; ev charger installation west hollywood; residential electricians and backup generator installation los angeles 90022; contractors west hollywood,"Content lift, expand page and add links from stronger pages"
250,https://shaffercon.com/industry-insights/evgo-record-growth-electrify-america-road-trip-charging-reliability-improves-california-incentives/,/industry-insights/evgo-record-growth-electrify-america-road-trip-charging-reliability-improves-california-incentives/,blog,0,246,0.0,0.025,6.2,7.25,2,5.08,ctr,,"CTR fix, rewrite title and meta around proven queries"
251,https://shaffercon.com/service-areas/echo-park/,/service-areas/echo-park/,location,0,246,0.0,0.025,6.2,7.76,2,5.08,ctr,electrician echo park; electrician echo park ca; shaffer construction; electrical contractor sunset park; highland park electrician,"CTR fix, rewrite title and meta around proven queries"
252,https://shaffercon.com/service-areas/long-beach/residential-lighting-installation-retrofitting/,/service-areas/long-beach/residential-lighting-installation-retrofitting/,service_detail,0,17,0.0,0.025,0.4,7.41,4,5.042,ctr,,"CTR fix, rewrite title and meta around proven queries"
253,https://shaffercon.com/industry-insights/critical-ev-charging-infrastructure-developments-600kw-ultra-fast-charging-launch-reliability-crisis-exposed-california-surpasses-200000-chargers-federal-heavy-duty-investment-and-municipal-gran/,/industry-insights/critical-ev-charging-infrastructure-developments-600kw-ultra-fast-charging-launch-reliability-crisis-exposed-california-surpasses-200000-chargers-federal-heavy-duty-investment-and-municipal-gran/,blog,0,236,0.0,0.025,5.9,6.46,2,5.03,ctr,,"CTR fix, rewrite title and meta around proven queries"
254,https://shaffercon.com/service-areas/beverly-hills/residential-dedicated-equipment-circuits/,/service-areas/beverly-hills/residential-dedicated-equipment-circuits/,service_detail,0,9,0.0,0.05,0.5,3.56,5,5.022,ctr,,"CTR fix, rewrite title and meta around proven queries"
255,https://shaffercon.com/service-areas/culver-city/commercial-energy-efficiency-upgrades/,/service-areas/culver-city/commercial-energy-efficiency-upgrades/,service_detail,0,9,0.0,0.025,0.2,6.44,5,5.011,ctr,,"CTR fix, rewrite title and meta around proven queries"
256,https://shaffercon.com/service-areas/echo-park/commercial-whole-building-surge-protection/,/service-areas/echo-park/commercial-whole-building-surge-protection/,service_detail,0,9,0.0,0.025,0.2,6.67,5,5.011,ctr,,"CTR fix, rewrite title and meta around proven queries"
257,https://shaffercon.com/industry-insights/2024-ev-charger-installations-key-incentives-and-innovations-transforming-the-industry/,/industry-insights/2024-ev-charger-installations-key-incentives-and-innovations-transforming-the-industry/,blog,0,14,0.0,0.012,0.2,13.64,5,5.007,links,ev charging station installation projects,"Ranking lift, add internal links and local proof"
258,https://shaffercon.com/service-areas/santa-monica/commercial-landscape-outdoor-lighting/,/service-areas/santa-monica/commercial-landscape-outdoor-lighting/,service_detail,0,14,0.0,0.012,0.2,14.07,5,5.007,links,,"Ranking lift, add internal links and local proof"
259,https://shaffercon.com/service-areas/santa-monica/commercial-lighting-installation-retrofitting/,/service-areas/santa-monica/commercial-lighting-installation-retrofitting/,service_detail,0,14,0.0,0.012,0.2,10.5,5,5.007,ctr,,"CTR fix, rewrite title and meta around proven queries"
260,https://shaffercon.com/service-areas/venice/residential-electrical-panel-upgrades/,/service-areas/venice/residential-electrical-panel-upgrades/,service_detail,0,14,0.0,0.012,0.2,14.43,5,5.007,links,energy load calculations venice,"Ranking lift, add internal links and local proof"
261,https://shaffercon.com/service-areas/santa-clarita/commercial-backup-generator-installation/,/service-areas/santa-clarita/commercial-backup-generator-installation/,service_detail,1,9,0.1111111111111111,0.025,0.0,8.0,5,5.0,links,,"Ranking lift, add internal links and local proof"
262,https://shaffercon.com/service-areas/santa-monica/residential-lighting-installation-retrofitting/,/service-areas/santa-monica/residential-lighting-installation-retrofitting/,service_detail,0,28,0.0,0.012,0.3,14.86,4,4.989,links,home lighting control systems santa monica ca,"Ranking lift, add internal links and local proof"
263,https://shaffercon.com/industry-insights/ev-charging-infrastructure-transformation-colorado-nevi-funding-tesla-ai-platform-record-supercharger-expansion-pennsylvania-certification-and-wireless-charging-growth/,/industry-insights/ev-charging-infrastructure-transformation-colorado-nevi-funding-tesla-ai-platform-record-supercharger-expansion-pennsylvania-certification-and-wireless-charging-growth/,blog,0,222,0.0,0.025,5.6,9.14,2,4.957,ctr,,"CTR fix, rewrite title and meta around proven queries"
264,https://shaffercon.com/industry-insights/the-future-of-home-and-public-ev-charging-trends-economics-and-practical-innovations-for-los-angeles-in-2025/,/industry-insights/the-future-of-home-and-public-ev-charging-trends-economics-and-practical-innovations-for-los-angeles-in-2025/,blog,0,220,0.0,0.025,5.5,7.22,2,4.947,ctr,,"CTR fix, rewrite title and meta around proven queries"
265,https://shaffercon.com/service-areas/pasadena/residential-security-motion-lighting/,/service-areas/pasadena/residential-security-motion-lighting/,service_detail,0,16,0.0,0.025,0.4,8.5,4,4.941,ctr,"lighting control system south pasadena, ca; security lighting installation pasadena ca","CTR fix, rewrite title and meta around proven queries"
266,https://shaffercon.com/service-areas/santa-clarita/residential-lighting-installation-retrofitting/,/service-areas/santa-clarita/residential-lighting-installation-retrofitting/,service_detail,0,16,0.0,0.025,0.4,5.5,4,4.941,ctr,,"CTR fix, rewrite title and meta around proven queries"
267,https://shaffercon.com/industry-insights/tesla-supercharger-record-polestar-4-price-cut-ann-arbor-ev-expansion-florida-wireless-charging-byd-megawatt/,/industry-insights/tesla-supercharger-record-polestar-4-price-cut-ann-arbor-ev-expansion-florida-wireless-charging-byd-megawatt/,blog,0,1941,0.0,0.025,48.5,7.66,1,4.884,ctr,tesla supercharger max power 2026; tesla supercharger maximum power output 2026; tesla supercharger maximum power 2026; tesla supercharger rates florida 2026; tesla supercharger max kw 2026,Deprioritize unless it supports a money page
268,https://shaffercon.com/service-areas/culver-city/commercial-whole-building-surge-protection/,/service-areas/culver-city/commercial-whole-building-surge-protection/,service_detail,0,13,0.0,0.012,0.2,10.08,5,4.879,ctr,,"CTR fix, rewrite title and meta around proven queries"
269,https://shaffercon.com/service-areas/santa-monica/commercial-backup-generator-installation/,/service-areas/santa-monica/commercial-backup-generator-installation/,service_detail,0,13,0.0,0.012,0.2,19.62,5,4.879,links,,"Ranking lift, add internal links and local proof"
270,https://shaffercon.com/service-areas/torrance/commercial-dedicated-equipment-circuits/,/service-areas/torrance/commercial-dedicated-equipment-circuits/,service_detail,0,13,0.0,0.012,0.2,11.08,5,4.879,ctr,,"CTR fix, rewrite title and meta around proven queries"
271,https://shaffercon.com/service-areas/long-beach/,/service-areas/long-beach/,location,1,517,0.0019342359767891683,0.004,1.1,24.67,5,4.801,content,long beach electrical panel upgrade; ceiling fan installation long beach; licensed electrical contractor in long beach; power generator installation long beach ca; commercial electrical installation long beach ca,"Content lift, expand page and add links from stronger pages"
272,https://shaffercon.com/industry-insights/trump-ev-policy-reversals-charger-reliability-donut-lab-production-byd-megawatt-charging-nevi-update/,/industry-insights/trump-ev-policy-reversals-charger-reliability-donut-lab-production-byd-megawatt-charging-nevi-update/,blog,2,210,0.009523809523809525,0.025,3.2,7.13,2,4.8,ctr,,"CTR fix, rewrite title and meta around proven queries"
273,https://shaffercon.com/service-areas/santa-clarita/,/service-areas/santa-clarita/,location,1,511,0.0019569471624266144,0.004,1.0,20.45,5,4.791,content,electrical contractor santa clarita; battery storage contractor santa clarita; generator installation santa clarita; santa clarita electrical contractor; santa clarita commercial electrical contractors,"Content lift, expand page and add links from stronger pages"
274,https://shaffercon.com/industry-insights/overcoming-barriers-the-future-of-ev-charger-infrastructure-in-los-angeles/,/industry-insights/overcoming-barriers-the-future-of-ev-charger-infrastructure-in-los-angeles/,blog,0,8,0.0,0.05,0.4,4.38,5,4.79,ctr,,"CTR fix, rewrite title and meta around proven queries"
275,https://shaffercon.com/service-areas/altadena/commercial-electrical-panel-upgrades/,/service-areas/altadena/commercial-electrical-panel-upgrades/,service_detail,0,8,0.0,0.05,0.4,3.5,5,4.79,ctr,,"CTR fix, rewrite title and meta around proven queries"
276,https://shaffercon.com/service-areas/santa-clarita/commercial-smart-automation-systems/,/service-areas/santa-clarita/commercial-smart-automation-systems/,service_detail,0,8,0.0,0.05,0.4,3.12,5,4.79,ctr,,"CTR fix, rewrite title and meta around proven queries"
277,https://shaffercon.com/industry-insights/boost-your-business-with-ev-charging-stations-a-guide/,/industry-insights/boost-your-business-with-ev-charging-stations-a-guide/,blog,0,8,0.0,0.025,0.2,9.0,5,4.781,ctr,,"CTR fix, rewrite title and meta around proven queries"
278,https://shaffercon.com/industry-insights/navigating-californias-ev-charger-surge-trends-technologies-and-community-impact/,/industry-insights/navigating-californias-ev-charger-surge-trends-technologies-and-community-impact/,blog,0,8,0.0,0.025,0.2,7.38,5,4.781,ctr,,"CTR fix, rewrite title and meta around proven queries"
279,https://shaffercon.com/industry-insights/public-ev-charging-what-property-owners-and-developers-in-los-angeles-need-to-know/,/industry-insights/public-ev-charging-what-property-owners-and-developers-in-los-angeles-need-to-know/,blog,0,8,0.0,0.025,0.2,7.5,5,4.781,ctr,,"CTR fix, rewrite title and meta around proven queries"
280,https://shaffercon.com/industry-insights/the-future-of-electric-vehicle-charging-economic-benefits-technological-innovations-and-government-initiatives/,/industry-insights/the-future-of-electric-vehicle-charging-economic-benefits-technological-innovations-and-government-initiatives/,blog,0,8,0.0,0.025,0.2,6.25,5,4.781,ctr,,"CTR fix, rewrite title and meta around proven queries"
281,https://shaffercon.com/service-areas/atwater-village/commercial-landscape-outdoor-lighting/,/service-areas/atwater-village/commercial-landscape-outdoor-lighting/,service_detail,0,8,0.0,0.025,0.2,8.25,5,4.781,ctr,,"CTR fix, rewrite title and meta around proven queries"
282,https://shaffercon.com/service-areas/inglewood/commercial-ev-charger-installation/,/service-areas/inglewood/commercial-ev-charger-installation/,service_detail,0,8,0.0,0.025,0.2,8.12,5,4.781,ctr,,"CTR fix, rewrite title and meta around proven queries"
283,https://shaffercon.com/service-areas/pasadena/commercial-data-network-av-wiring/,/service-areas/pasadena/commercial-data-network-av-wiring/,service_detail,0,8,0.0,0.025,0.2,9.87,5,4.781,ctr,,"CTR fix, rewrite title and meta around proven queries"
284,https://shaffercon.com/industry-insights/december-2025-ev-charging-infrastructure-georgia-nevi-funding-stellantis-supercharger-access-ultra-fast-charging-breakthroughs/,/industry-insights/december-2025-ev-charging-infrastructure-georgia-nevi-funding-stellantis-supercharger-access-ultra-fast-charging-breakthroughs/,blog,0,189,0.0,0.025,4.7,6.2,2,4.773,ctr,,"CTR fix, rewrite title and meta around proven queries"
285,https://shaffercon.com/service-areas/inglewood/residential-electrical-panel-upgrades/,/service-areas/inglewood/residential-electrical-panel-upgrades/,service_detail,1,8,0.125,0.05,0.0,4.62,5,4.771,links,breaker panel upgrade inglewood,"Ranking lift, add internal links and local proof"
286,https://shaffercon.com/service-areas/torrance/residential-ev-charger-installation/,/service-areas/torrance/residential-ev-charger-installation/,service_detail,0,461,0.0,0.004,1.8,23.28,5,4.749,content,ev charger installation torrance ca; ev charger installation anderson; ev charger installation in long beach ca; ev charger installation southern village; ev home charger installation venice,"Content lift, expand page and add links from stronger pages"
287,https://shaffercon.com/service-areas/culver-city/,/service-areas/culver-city/,location,0,457,0.0,0.004,1.8,27.16,5,4.742,content,commercial electrician culver city; residential electrician culver city; electrician culver city; electrical contractor culver city; culver city electrician,"Content lift, expand page and add links from stronger pages"
288,https://shaffercon.com/industry-insights/winter-electrical-tips-safeguarding-your-ev-chargers-more/,/industry-insights/winter-electrical-tips-safeguarding-your-ev-chargers-more/,blog,0,12,0.0,0.012,0.1,17.67,5,4.741,links,,"Ranking lift, add internal links and local proof"
289,https://shaffercon.com/service-areas/echo-park/commercial-electrical-code-compliance-corrections/,/service-areas/echo-park/commercial-electrical-code-compliance-corrections/,service_detail,0,12,0.0,0.012,0.1,14.83,5,4.741,links,commercial electrical code compliance in los angeles; commercial electrical code compliance in southern ca,"Ranking lift, add internal links and local proof"
290,https://shaffercon.com/service-areas/west-hollywood/commercial-backup-generator-installation/,/service-areas/west-hollywood/commercial-backup-generator-installation/,service_detail,0,12,0.0,0.012,0.1,14.25,5,4.741,links,hollywood diesel generator; west hollywood concrete equipment pad; west hollywood concrete generator pad,"Ranking lift, add internal links and local proof"
291,https://shaffercon.com/service-areas/santa-monica/residential-security-motion-lighting/,/service-areas/santa-monica/residential-security-motion-lighting/,service_detail,0,14,0.0,0.05,0.7,4.86,4,4.737,ctr,licensed solar security santa monica; licensed solar security santa monica,"CTR fix, rewrite title and meta around proven queries"
292,https://shaffercon.com/industry-insights/ev-technology-breakthroughs-solid-state-batteries-v2g-charging-and-nacs-standardization-transform-los-angeles-infrastructure/,/industry-insights/ev-technology-breakthroughs-solid-state-batteries-v2g-charging-and-nacs-standardization-transform-los-angeles-infrastructure/,blog,1,180,0.005555555555555556,0.025,3.5,8.4,2,4.673,ctr,,"CTR fix, rewrite title and meta around proven queries"
293,https://shaffercon.com/service-areas/glendale/commercial-electrical-panel-upgrades/,/service-areas/glendale/commercial-electrical-panel-upgrades/,service_detail,1,443,0.002257336343115124,0.004,0.8,27.55,5,4.669,content,commercial panel upgrade; commercial electrical panels in los angeles; electrical panel upgrade glendale; commercial electrical panel upgrades; commercial electrical glendale,"Content lift, expand page and add links from stronger pages"
294,https://shaffercon.com/industry-insights/expert-christmas-light-installation-services-in-los-angeles/,/industry-insights/expert-christmas-light-installation-services-in-los-angeles/,blog,0,22,0.0,0.012,0.3,11.27,4,4.642,ctr,holiday lighting installation pacific palisades,"CTR fix, rewrite title and meta around proven queries"
295,https://shaffercon.com/service-areas/culver-city/residential-backup-generator-installation/,/service-areas/culver-city/residential-backup-generator-installation/,service_detail,0,22,0.0,0.012,0.3,13.55,4,4.642,links,tub back up culver city; carb compliance culver city,"Ranking lift, add internal links and local proof"
296,https://shaffercon.com/service-areas/santa-clarita/residential-security-motion-lighting/,/service-areas/santa-clarita/residential-security-motion-lighting/,service_detail,0,13,0.0,0.025,0.3,6.08,4,4.599,ctr,,"CTR fix, rewrite title and meta around proven queries"
297,https://shaffercon.com/service-areas/sherman-oaks/residential-landscape-outdoor-lighting/,/service-areas/sherman-oaks/residential-landscape-outdoor-lighting/,service_detail,0,13,0.0,0.025,0.3,8.54,4,4.599,ctr,,"CTR fix, rewrite title and meta around proven queries"
298,https://shaffercon.com/service-areas/long-beach/commercial-whole-building-surge-protection/,/service-areas/long-beach/commercial-whole-building-surge-protection/,service_detail,0,11,0.0,0.012,0.1,13.09,5,4.593,links,,"Ranking lift, add internal links and local proof"
299,https://shaffercon.com/service-areas/pasadena/commercial-electrical-troubleshooting-repairs/,/service-areas/pasadena/commercial-electrical-troubleshooting-repairs/,service_detail,0,11,0.0,0.012,0.1,13.27,5,4.593,links,commercial electric repair pasadena; commercial electric repair pasadena,"Ranking lift, add internal links and local proof"
300,https://shaffercon.com/service-areas/santa-clarita/commercial-security-motion-lighting/,/service-areas/santa-clarita/commercial-security-motion-lighting/,service_detail,0,11,0.0,0.012,0.1,13.45,5,4.593,links,,"Ranking lift, add internal links and local proof"
301,https://shaffercon.com/service-areas/venice/commercial-pool-hot-tub-spa-electrical/,/service-areas/venice/commercial-pool-hot-tub-spa-electrical/,service_detail,0,11,0.0,0.012,0.1,14.09,5,4.593,links,commercial energy load calculations venice; energy load calculations venice,"Ranking lift, add internal links and local proof"
302,https://shaffercon.com/service-areas/west-hollywood/commercial-landscape-outdoor-lighting/,/service-areas/west-hollywood/commercial-landscape-outdoor-lighting/,service_detail,0,11,0.0,0.012,0.1,16.55,5,4.593,links,,"Ranking lift, add internal links and local proof"
303,https://shaffercon.com/industry-insights/expanding-electric-vehicle-charging-infrastructure-a-look-at-california-and-beyond/,/industry-insights/expanding-electric-vehicle-charging-infrastructure-a-look-at-california-and-beyond/,blog,0,380,0.0,0.004,1.5,38.96,5,4.585,content,electric vehicle charging infrastructure california; ev charging infrastructure provider; california ev charging; california ev charging infrastructure; electric vehicle charging california,"Content lift, expand page and add links from stronger pages"
304,https://shaffercon.com/service-areas/highland-park/residential-landscape-outdoor-lighting/,/service-areas/highland-park/residential-landscape-outdoor-lighting/,service_detail,0,21,0.0,0.012,0.3,15.33,4,4.576,links,led landscape lighting highland park; outdoor lighting highland park; highland park outdoor lighting; outdoor landscape lighting highland park,"Ranking lift, add internal links and local proof"
305,https://shaffercon.com/service-areas/beverly-hills/,/service-areas/beverly-hills/,location,0,372,0.0,0.004,1.5,26.29,5,4.567,content,electrical installation service in beverly hills ca; licensed electrical contractors beverly hills; shaffer construction; electrical contractors beverly hills; structure wiring installation services in beverly hills ca,"Content lift, expand page and add links from stronger pages"
306,https://shaffercon.com/service-areas/echo-park/commercial-exhaust-fan-ventilation-wiring/,/service-areas/echo-park/commercial-exhaust-fan-ventilation-wiring/,service_detail,0,7,0.0,0.05,0.4,4.29,5,4.531,ctr,,"CTR fix, rewrite title and meta around proven queries"
307,https://shaffercon.com/industry-insights/expanding-ev-charging-infrastructure-current-trends-challenges-and-future-investment/,/industry-insights/expanding-ev-charging-infrastructure-current-trends-challenges-and-future-investment/,blog,0,7,0.0,0.025,0.2,7.0,5,4.523,ctr,,"CTR fix, rewrite title and meta around proven queries"
308,https://shaffercon.com/industry-insights/the-essential-guide-to-installing-ev-chargers-benefits-considerations-and-technologies/,/industry-insights/the-essential-guide-to-installing-ev-chargers-benefits-considerations-and-technologies/,blog,0,7,0.0,0.025,0.2,8.0,5,4.523,ctr,what can scoop do for ev charging installations?,"CTR fix, rewrite title and meta around proven queries"
309,https://shaffercon.com/service-areas/burbank/commercial-whole-building-surge-protection/,/service-areas/burbank/commercial-whole-building-surge-protection/,service_detail,0,7,0.0,0.025,0.2,9.28,5,4.523,ctr,,"CTR fix, rewrite title and meta around proven queries"
310,https://shaffercon.com/service-areas/silver-lake/residential-electrical-panel-upgrades/,/service-areas/silver-lake/residential-electrical-panel-upgrades/,service_detail,0,7,0.0,0.025,0.2,6.43,5,4.523,ctr,,"CTR fix, rewrite title and meta around proven queries"
311,https://shaffercon.com/service-areas/sherman-oaks/commercial-electrical-troubleshooting-repairs/,/service-areas/sherman-oaks/commercial-electrical-troubleshooting-repairs/,service_detail,1,7,0.14285714285714285,0.025,0.0,8.71,5,4.515,links,commercial electrician services sherman oaks,"Ranking lift, add internal links and local proof"
312,https://shaffercon.com/industry-insights/pool-hot-tub-electrical-requirements-los-angeles/,/industry-insights/pool-hot-tub-electrical-requirements-los-angeles/,blog,0,149,0.0,0.025,3.7,7.22,2,4.514,ctr,,"CTR fix, rewrite title and meta around proven queries"
313,https://shaffercon.com/industry-insights/tesla-model-y-juniper-wisconsin-ev-grants-georgia-rivian-hyundai-new-evs-cybertruck-long-range/,/industry-insights/tesla-model-y-juniper-wisconsin-ev-grants-georgia-rivian-hyundai-new-evs-cybertruck-long-range/,blog,0,148,0.0,0.025,3.7,8.79,2,4.507,ctr,"""cybertruck"" ""362 miles"" epa","CTR fix, rewrite title and meta around proven queries"
314,https://shaffercon.com/service-areas/glendale/residential-lighting-installation-retrofitting/,/service-areas/glendale/residential-lighting-installation-retrofitting/,service_detail,0,12,0.0,0.025,0.3,9.0,4,4.469,ctr,,"CTR fix, rewrite title and meta around proven queries"
315,https://shaffercon.com/service-areas/hollywood/residential-electrical-safety-inspections/,/service-areas/hollywood/residential-electrical-safety-inspections/,service_detail,0,12,0.0,0.025,0.3,8.33,4,4.469,ctr,professional electrical safety inspections,"CTR fix, rewrite title and meta around proven queries"
316,https://shaffercon.com/service-areas/venice/residential-electrical-code-compliance-corrections/,/service-areas/venice/residential-electrical-code-compliance-corrections/,service_detail,0,12,0.0,0.025,0.3,8.17,4,4.469,ctr,,"CTR fix, rewrite title and meta around proven queries"
317,https://shaffercon.com/industry-insights/october-2025-ev-infrastructure-acceleration-record-charging-expansion-nevi-program-growth-tesla-v4-milestone-wireless-technology-breakthrough-and-california-leadership-transform-market-dynamics/,/industry-insights/october-2025-ev-infrastructure-acceleration-record-charging-expansion-nevi-program-growth-tesla-v4-milestone-wireless-technology-breakthrough-and-california-leadership-transform-market-dynamics/,blog,0,142,0.0,0.025,3.6,7.56,2,4.464,ctr,,"CTR fix, rewrite title and meta around proven queries"
318,https://shaffercon.com/led-retrofit-services/,/led-retrofit-services/,landing,5,1428,0.0035014005602240898,0.004,0.7,20.62,4,4.448,content,led retrofit services; led lighting retrofit contractors; lighting retrofit electrician; led retrofit company; lighting retrofit services,"Content lift, expand page and add links from stronger pages"
319,https://shaffercon.com/service-areas/glendale/,/service-areas/glendale/,location,3,347,0.008645533141210375,0.004,0.0,20.29,5,4.448,content,exhaust fan installer near me glendale; exhaust fan installation service glendale ca; glendale exhaust fan installation service; exhaust fan installers glendale; exhaust fan installers glendale ca,"Content lift, expand page and add links from stronger pages"
320,https://shaffercon.com/service-areas/glendale/commercial-whole-building-surge-protection/,/service-areas/glendale/commercial-whole-building-surge-protection/,service_detail,0,10,0.0,0.012,0.1,10.7,5,4.431,ctr,,"CTR fix, rewrite title and meta around proven queries"
321,https://shaffercon.com/service-areas/pacific-palisades/residential-electrical-panel-upgrades/,/service-areas/pacific-palisades/residential-electrical-panel-upgrades/,service_detail,0,10,0.0,0.012,0.1,15.8,5,4.431,links,ev charger repair pacific palisades ca; electrical contractor pacific palisades ca; santa venetia electrical panel upgrade,"Ranking lift, add internal links and local proof"
322,https://shaffercon.com/service-areas/santa-clarita/commercial-whole-building-surge-protection/,/service-areas/santa-clarita/commercial-whole-building-surge-protection/,service_detail,0,10,0.0,0.012,0.1,10.2,5,4.431,ctr,,"CTR fix, rewrite title and meta around proven queries"
323,https://shaffercon.com/service-areas/west-hollywood/commercial-security-motion-lighting/,/service-areas/west-hollywood/commercial-security-motion-lighting/,service_detail,0,10,0.0,0.012,0.1,11.4,5,4.431,ctr,licensed solar security west hollywood,"CTR fix, rewrite title and meta around proven queries"
324,https://shaffercon.com/service-areas/,/service-areas/,landing,0,137,0.0,0.025,3.4,9.8,2,4.426,ctr,shaffer services; professional electrical services culver city ca; schaefer electric; shaffer construction,"CTR fix, rewrite title and meta around proven queries"
325,https://shaffercon.com/industry-insights/emergency-electrical-repairs-when-to-call-electrician/,/industry-insights/emergency-electrical-repairs-when-to-call-electrician/,blog,1,142,0.007042253521126761,0.025,2.6,7.55,2,4.421,ctr,industrial power failure electrician; how do 24/7 emergency electrical repairs work; electrician services los angeles; 24 hour electrician vs regular electrician for electrical repairs; average response time emergency electrician,"CTR fix, rewrite title and meta around proven queries"
326,https://shaffercon.com/industry-insights/patio-deck-electrical-planning-guide-los-angeles/,/industry-insights/patio-deck-electrical-planning-guide-los-angeles/,blog,0,135,0.0,0.025,3.4,6.72,2,4.411,ctr,,"CTR fix, rewrite title and meta around proven queries"
327,https://shaffercon.com/service-areas/santa-clarita/residential-electrical-code-compliance-corrections/,/service-areas/santa-clarita/residential-electrical-code-compliance-corrections/,service_detail,0,18,0.0,0.012,0.2,17.5,4,4.357,links,compliance solutions santa clarita,"Ranking lift, add internal links and local proof"
328,https://shaffercon.com/service-areas/burbank/residential-landscape-outdoor-lighting/,/service-areas/burbank/residential-landscape-outdoor-lighting/,service_detail,1,18,0.05555555555555555,0.012,0.0,11.0,4,4.348,links,,"Ranking lift, add internal links and local proof"
329,https://shaffercon.com/industry-insights/common-electrical-problems-older-los-angeles-homes/,/industry-insights/common-electrical-problems-older-los-angeles-homes/,blog,0,127,0.0,0.025,3.2,5.2,2,4.348,ctr,,"CTR fix, rewrite title and meta around proven queries"
330,https://shaffercon.com/service-areas/glendale/residential-security-motion-lighting/,/service-areas/glendale/residential-security-motion-lighting/,service_detail,0,11,0.0,0.025,0.3,5.55,4,4.329,ctr,,"CTR fix, rewrite title and meta around proven queries"
331,https://shaffercon.com/industry-insights/off-lease-evs-flood-market-toyota-billion-investment-vw-recall-ev-cancellations-chargepoint-consolidation/,/industry-insights/off-lease-evs-flood-market-toyota-billion-investment-vw-recall-ev-cancellations-chargepoint-consolidation/,blog,0,124,0.0,0.025,3.1,7.27,2,4.324,ctr,used electric cars larchmont; who is the contractor,"CTR fix, rewrite title and meta around proven queries"
332,https://shaffercon.com/industry-insights/ford-19-billion-ev-writedown-lightning-canceled-byd-overtakes-tesla-factorial-solid-state-battery-electrify-america-charge-limit/,/industry-insights/ford-19-billion-ev-writedown-lightning-canceled-byd-overtakes-tesla-factorial-solid-state-battery-electrify-america-charge-limit/,blog,1,126,0.007936507936507936,0.025,2.2,8.23,2,4.298,ctr,,"CTR fix, rewrite title and meta around proven queries"
333,https://shaffercon.com/industry-insights/generator-installations-power-security-for-your-home-or-business/,/industry-insights/generator-installations-power-security-for-your-home-or-business/,blog,0,25,0.0,0.025,0.6,7.64,3,4.271,ctr,,"CTR fix, rewrite title and meta around proven queries"
334,https://shaffercon.com/service-areas/burbank/commercial-pool-hot-tub-spa-electrical/,/service-areas/burbank/commercial-pool-hot-tub-spa-electrical/,service_detail,0,9,0.0,0.012,0.1,17.0,5,4.255,links,,"Ranking lift, add internal links and local proof"
335,https://shaffercon.com/service-areas/west-hollywood/commercial-electrical-safety-inspections/,/service-areas/west-hollywood/commercial-electrical-safety-inspections/,service_detail,0,9,0.0,0.012,0.1,18.89,5,4.255,links,,"Ranking lift, add internal links and local proof"
336,https://shaffercon.com/service-areas/venice/commercial-data-network-av-wiring/,/service-areas/venice/commercial-data-network-av-wiring/,service_detail,1,9,0.1111111111111111,0.012,0.0,11.44,5,4.25,links,commercial av services venice,"Ranking lift, add internal links and local proof"
337,https://shaffercon.com/service-areas/beverly-hills/residential-electrical-code-compliance-corrections/,/service-areas/beverly-hills/residential-electrical-code-compliance-corrections/,service_detail,0,6,0.0,0.025,0.2,5.5,5,4.232,ctr,,"CTR fix, rewrite title and meta around proven queries"
338,https://shaffercon.com/service-areas/beverly-hills/residential-security-motion-lighting/,/service-areas/beverly-hills/residential-security-motion-lighting/,service_detail,0,6,0.0,0.025,0.2,8.33,5,4.232,ctr,lighting control beverly hills,"CTR fix, rewrite title and meta around proven queries"
339,https://shaffercon.com/service-areas/burbank/commercial-electrical-troubleshooting-repairs/,/service-areas/burbank/commercial-electrical-troubleshooting-repairs/,service_detail,0,6,0.0,0.025,0.2,8.0,5,4.232,ctr,,"CTR fix, rewrite title and meta around proven queries"
340,https://shaffercon.com/service-areas/culver-city/commercial-exhaust-fan-ventilation-wiring/,/service-areas/culver-city/commercial-exhaust-fan-ventilation-wiring/,service_detail,0,6,0.0,0.025,0.2,6.83,5,4.232,ctr,,"CTR fix, rewrite title and meta around proven queries"
341,https://shaffercon.com/service-areas/hollywood/commercial-security-motion-lighting/,/service-areas/hollywood/commercial-security-motion-lighting/,service_detail,0,6,0.0,0.025,0.2,8.5,5,4.232,ctr,,"CTR fix, rewrite title and meta around proven queries"
342,https://shaffercon.com/service-areas/inglewood/commercial-complete-electrical-rewiring/,/service-areas/inglewood/commercial-complete-electrical-rewiring/,service_detail,0,6,0.0,0.025,0.2,8.83,5,4.232,ctr,low voltage wiring inglewood,"CTR fix, rewrite title and meta around proven queries"
343,https://shaffercon.com/service-areas/long-beach/commercial-complete-electrical-rewiring/,/service-areas/long-beach/commercial-complete-electrical-rewiring/,service_detail,0,6,0.0,0.025,0.2,8.5,5,4.232,ctr,,"CTR fix, rewrite title and meta around proven queries"
344,https://shaffercon.com/service-areas/los-feliz/commercial-lighting-installation-retrofitting/,/service-areas/los-feliz/commercial-lighting-installation-retrofitting/,service_detail,0,6,0.0,0.025,0.2,6.0,5,4.232,ctr,,"CTR fix, rewrite title and meta around proven queries"
345,https://shaffercon.com/service-areas/santa-clarita/residential-breaker-panel-service-maintenance/,/service-areas/santa-clarita/residential-breaker-panel-service-maintenance/,service_detail,0,6,0.0,0.025,0.2,7.67,5,4.232,ctr,,"CTR fix, rewrite title and meta around proven queries"
346,https://shaffercon.com/service-areas/sherman-oaks/commercial-complete-electrical-rewiring/,/service-areas/sherman-oaks/commercial-complete-electrical-rewiring/,service_detail,0,6,0.0,0.025,0.2,9.33,5,4.232,ctr,,"CTR fix, rewrite title and meta around proven queries"
347,https://shaffercon.com/service-areas/sherman-oaks/commercial-pool-hot-tub-spa-electrical/,/service-areas/sherman-oaks/commercial-pool-hot-tub-spa-electrical/,service_detail,0,6,0.0,0.025,0.2,8.0,5,4.232,ctr,pool heater service sherman oaks,"CTR fix, rewrite title and meta around proven queries"
348,https://shaffercon.com/service-areas/silver-lake/commercial-exhaust-fan-ventilation-wiring/,/service-areas/silver-lake/commercial-exhaust-fan-ventilation-wiring/,service_detail,0,6,0.0,0.025,0.2,5.17,5,4.232,ctr,,"CTR fix, rewrite title and meta around proven queries"
349,https://shaffercon.com/service-areas/torrance/commercial-ev-charger-installation/,/service-areas/torrance/commercial-ev-charger-installation/,service_detail,0,6,0.0,0.025,0.2,9.83,5,4.232,ctr,,"CTR fix, rewrite title and meta around proven queries"
350,https://shaffercon.com/industry-insights/evgo-autocharge-5-million-sessions-rivian-network-expansion-california-2025-ev-charging-mandates-multifamily-requirements/,/industry-insights/evgo-autocharge-5-million-sessions-rivian-network-expansion-california-2025-ev-charging-mandates-multifamily-requirements/,blog,0,108,0.0,0.025,2.7,7.41,2,4.185,ctr,,"CTR fix, rewrite title and meta around proven queries"
351,https://shaffercon.com/industry-insights/the-future-of-ev-charging-government-initiatives-innovations-and-challenges-in-2024/,/industry-insights/the-future-of-ev-charging-government-initiatives-innovations-and-challenges-in-2024/,blog,0,233,0.0,0.004,0.9,36.84,5,4.185,content,ev charging solutions for public sector; ev supply equipment for government facilities; ev charging government contracts; ev charging for the public sector; ev future proofing,"Content lift, expand page and add links from stronger pages"
352,https://shaffercon.com/industry-insights/power-outage-preparation-guide-los-angeles/,/industry-insights/power-outage-preparation-guide-los-angeles/,blog,0,107,0.0,0.025,2.7,7.58,2,4.176,ctr,does homeowners insurance cover food spoilage from psps,"CTR fix, rewrite title and meta around proven queries"
353,https://shaffercon.com/industry-insights/christmas-light-safety-maintenance-tips/,/industry-insights/christmas-light-safety-maintenance-tips/,blog,0,234,0.0,0.012,2.8,14.08,2,4.144,links,christmas light electrical safety,"Ranking lift, add internal links and local proof"
354,https://shaffercon.com/industry-insights/xcharge-brooklyn-depot-donut-lab-solid-state-battery-prologium-california-nevi-grant-honda-afeela/,/industry-insights/xcharge-brooklyn-depot-donut-lab-solid-state-battery-prologium-california-nevi-grant-honda-afeela/,blog,0,103,0.0,0.025,2.6,9.71,2,4.138,ctr,,"CTR fix, rewrite title and meta around proven queries"
355,https://shaffercon.com/about-us/,/about-us/,landing,1,236,0.00423728813559322,0.012,1.8,10.5,2,4.111,ctr,shaffer construction; shafer construction; shaffer electric,"CTR fix, rewrite title and meta around proven queries"
356,https://shaffercon.com/service-areas/altadena/residential-electrical-code-compliance-corrections/,/service-areas/altadena/residential-electrical-code-compliance-corrections/,service_detail,0,15,0.0,0.012,0.2,17.53,4,4.101,links,residential electrician services altadena,"Ranking lift, add internal links and local proof"
357,https://shaffercon.com/service-areas/glendale/residential-exhaust-fan-ventilation-wiring/,/service-areas/glendale/residential-exhaust-fan-ventilation-wiring/,service_detail,0,97,0.0,0.025,2.4,9.18,2,4.079,ctr,install garage ventilation fan glendale; garage exhaust system glendale; garage exhaust fan installation glendale; garage exhaust vent glendale; glendale garage exhaust fan installation,"CTR fix, rewrite title and meta around proven queries"
358,https://shaffercon.com/industry-insights/ev-charger-installation-in-los-angeles-the-2024-guide-to-home-public-and-commercial-solutions/,/industry-insights/ev-charger-installation-in-los-angeles-the-2024-guide-to-home-public-and-commercial-solutions/,blog,0,8,0.0,0.012,0.1,17.38,5,4.059,links,,"Ranking lift, add internal links and local proof"
359,https://shaffercon.com/industry-insights/ev-charging-in-california-types-installation-challenges-and-future-proof-solutions-for-homes-and-businesses/,/industry-insights/ev-charging-in-california-types-installation-challenges-and-future-proof-solutions-for-homes-and-businesses/,blog,0,8,0.0,0.012,0.1,14.75,5,4.059,links,ev charging at residences,"Ranking lift, add internal links and local proof"
360,https://shaffercon.com/service-areas/beverly-hills/commercial-landscape-outdoor-lighting/,/service-areas/beverly-hills/commercial-landscape-outdoor-lighting/,service_detail,0,8,0.0,0.012,0.1,15.37,5,4.059,links,beverly hills commercial landscaping; beverly hills commercial landscaping,"Ranking lift, add internal links and local proof"
361,https://shaffercon.com/service-areas/beverly-hills/residential-outlet-switch-dimmer-services/,/service-areas/beverly-hills/residential-outlet-switch-dimmer-services/,service_detail,0,8,0.0,0.012,0.1,16.0,5,4.059,links,dimmer service,"Ranking lift, add internal links and local proof"
362,https://shaffercon.com/service-areas/highland-park/commercial-complete-electrical-rewiring/,/service-areas/highland-park/commercial-complete-electrical-rewiring/,service_detail,0,8,0.0,0.012,0.1,18.38,5,4.059,links,,"Ranking lift, add internal links and local proof"
363,https://shaffercon.com/service-areas/hollywood/commercial-landscape-outdoor-lighting/,/service-areas/hollywood/commercial-landscape-outdoor-lighting/,service_detail,0,8,0.0,0.012,0.1,10.25,5,4.059,ctr,,"CTR fix, rewrite title and meta around proven queries"
364,https://shaffercon.com/service-areas/inglewood/commercial-smart-automation-systems/,/service-areas/inglewood/commercial-smart-automation-systems/,service_detail,0,8,0.0,0.012,0.1,17.88,5,4.059,links,low voltage wiring inglewood,"Ranking lift, add internal links and local proof"
365,https://shaffercon.com/service-areas/santa-clarita/commercial-ceiling-fan-fixture-installation/,/service-areas/santa-clarita/commercial-ceiling-fan-fixture-installation/,service_detail,0,8,0.0,0.012,0.1,13.25,5,4.059,links,,"Ranking lift, add internal links and local proof"
366,https://shaffercon.com/service-areas/torrance/commercial-outlet-switch-dimmer-services/,/service-areas/torrance/commercial-outlet-switch-dimmer-services/,service_detail,0,8,0.0,0.012,0.1,12.75,5,4.059,links,,"Ranking lift, add internal links and local proof"
367,https://shaffercon.com/service-areas/los-feliz/,/service-areas/los-feliz/,location,1,218,0.0045871559633027525,0.012,1.6,16.85,2,4.043,links,electrician los feliz; electrician los feliz ca; home repair los feliz; pool light installation los feliz,Monitor after higher value pages
368,https://shaffercon.com/service-areas/altadena/,/service-areas/altadena/,location,0,194,0.0,0.004,0.8,22.18,5,4.039,content,shaffer construction; electrician altadena; licensed electrician altadena; altadena general contractors; commercial electrician services altadena,"Content lift, expand page and add links from stronger pages"
369,https://shaffercon.com/service-areas/long-beach/residential-ceiling-fan-fixture-installation/,/service-areas/long-beach/residential-ceiling-fan-fixture-installation/,service_detail,0,91,0.0,0.025,2.3,6.64,2,4.017,ctr,ceiling fan installation long beach; ceiling fan installation long beach; ceiling fan installation near long beach; ceiling fan installation near long beach,"CTR fix, rewrite title and meta around proven queries"
370,https://shaffercon.com/service-areas/santa-clarita/residential-electrical-safety-inspections/,/service-areas/santa-clarita/residential-electrical-safety-inspections/,service_detail,0,9,0.0,0.025,0.2,5.89,4,4.009,ctr,,"CTR fix, rewrite title and meta around proven queries"
371,https://shaffercon.com/industry-insights/understanding-the-value-of-licensed-electrical-contractors/,/industry-insights/understanding-the-value-of-licensed-electrical-contractors/,blog,0,83,0.0,0.025,2.1,7.78,2,3.928,ctr,licensed vs unlicensed electrician california why it matters; licensed vs unlicensed electrician california why it matters,"CTR fix, rewrite title and meta around proven queries"
372,https://shaffercon.com/industry-insights/electrician-lawndale-ca-trusted-local-electrical-services/,/industry-insights/electrician-lawndale-ca-trusted-local-electrical-services/,blog,0,82,0.0,0.025,2.1,8.62,2,3.917,ctr,electricians; safe scope electric,"CTR fix, rewrite title and meta around proven queries"
373,https://shaffercon.com/industry-insights/tesla-940k-supercharger-business-configurator-walmart-50-percent-expansion-yermo-400-stall-toronto-480v-fast-track-coachella-charging-congestion/,/industry-insights/tesla-940k-supercharger-business-configurator-walmart-50-percent-expansion-yermo-400-stall-toronto-480v-fast-track-coachella-charging-congestion/,blog,1,1145,0.0008733624454148472,0.025,27.6,6.73,1,3.904,ctr,"tesla supercharger installation cost per stall or site; tesla supercharger for business installation cost per stall 2026; tesla supercharger installation cost per stall 2026; tesla launched a configurator revealing an average $940,000 cost for a commercial site; tesla supercharger pricing california april 2026",Deprioritize unless it supports a money page
374,https://shaffercon.com/service-areas/culver-city/residential-electrical-code-compliance-corrections/,/service-areas/culver-city/residential-electrical-code-compliance-corrections/,service_detail,0,13,0.0,0.012,0.2,12.77,4,3.903,links,,"Ranking lift, add internal links and local proof"
375,https://shaffercon.com/service-areas/inglewood/commercial-dedicated-equipment-circuits/,/service-areas/inglewood/commercial-dedicated-equipment-circuits/,service_detail,0,5,0.0,0.05,0.2,4.4,5,3.9,ctr,,"CTR fix, rewrite title and meta around proven queries"
376,https://shaffercon.com/industry-insights/accelerating-ev-adoption-the-latest-trends-in-los-angeles-charging-infrastructure-and-what-they-mean-for-your-property/,/industry-insights/accelerating-ev-adoption-the-latest-trends-in-los-angeles-charging-infrastructure-and-what-they-mean-for-your-property/,blog,0,5,0.0,0.025,0.1,5.4,5,3.896,ctr,,"CTR fix, rewrite title and meta around proven queries"
377,https://shaffercon.com/industry-insights/the-future-of-ev-charging-in-los-angeles-trends-incentives-and-essential-upgrades-for-property-owners/,/industry-insights/the-future-of-ev-charging-in-los-angeles-trends-incentives-and-essential-upgrades-for-property-owners/,blog,0,5,0.0,0.025,0.1,5.2,5,3.896,ctr,,"CTR fix, rewrite title and meta around proven queries"
378,https://shaffercon.com/service-areas/glendale/commercial-pool-hot-tub-spa-electrical/,/service-areas/glendale/commercial-pool-hot-tub-spa-electrical/,service_detail,0,5,0.0,0.025,0.1,8.2,5,3.896,ctr,,"CTR fix, rewrite title and meta around proven queries"
379,https://shaffercon.com/service-areas/hollywood/commercial-electrical-code-compliance-corrections/,/service-areas/hollywood/commercial-electrical-code-compliance-corrections/,service_detail,0,5,0.0,0.025,0.1,6.6,5,3.896,ctr,,"CTR fix, rewrite title and meta around proven queries"
380,https://shaffercon.com/service-areas/long-beach/residential-electrical-panel-upgrades/,/service-areas/long-beach/residential-electrical-panel-upgrades/,service_detail,0,5,0.0,0.025,0.1,6.6,5,3.896,ctr,,"CTR fix, rewrite title and meta around proven queries"
381,https://shaffercon.com/service-areas/santa-clarita/commercial-lighting-installation-retrofitting/,/service-areas/santa-clarita/commercial-lighting-installation-retrofitting/,service_detail,0,5,0.0,0.025,0.1,5.6,5,3.896,ctr,,"CTR fix, rewrite title and meta around proven queries"
382,https://shaffercon.com/service-areas/silver-lake/residential-ev-charger-installation/,/service-areas/silver-lake/residential-ev-charger-installation/,service_detail,0,5,0.0,0.025,0.1,9.6,5,3.896,ctr,,"CTR fix, rewrite title and meta around proven queries"
383,https://shaffercon.com/service-areas/west-hollywood/commercial-dedicated-equipment-circuits/,/service-areas/west-hollywood/commercial-dedicated-equipment-circuits/,service_detail,0,5,0.0,0.025,0.1,8.6,5,3.896,ctr,,"CTR fix, rewrite title and meta around proven queries"
384,https://shaffercon.com/service-areas/west-hollywood/commercial-exhaust-fan-ventilation-wiring/,/service-areas/west-hollywood/commercial-exhaust-fan-ventilation-wiring/,service_detail,0,5,0.0,0.025,0.1,8.6,5,3.896,ctr,,"CTR fix, rewrite title and meta around proven queries"
385,https://shaffercon.com/industry-insights/rivian-r2-production-vw-billion-milestone-sk-signet-400kw-charger-nevi-876-million-cuts-byd-profit-decline/,/industry-insights/rivian-r2-production-vw-billion-milestone-sk-signet-400kw-charger-nevi-876-million-cuts-byd-profit-decline/,blog,0,80,0.0,0.025,2.0,6.26,2,3.893,ctr,,"CTR fix, rewrite title and meta around proven queries"
386,https://shaffercon.com/industry-insights/indiana-wireless-highway-charging-bmw-supercharger-access-walmart-network-stellantis-nacs-tesla-3d-maps/,/industry-insights/indiana-wireless-highway-charging-bmw-supercharger-access-walmart-network-stellantis-nacs-tesla-3d-maps/,blog,0,78,0.0,0.025,2.0,7.28,2,3.869,ctr,,"CTR fix, rewrite title and meta around proven queries"
387,https://shaffercon.com/industry-insights/reliable-facilities-maintenance-electrician-services-by-shaffer-construction-inc/,/industry-insights/reliable-facilities-maintenance-electrician-services-by-shaffer-construction-inc/,blog,0,7,0.0,0.012,0.1,12.43,5,3.841,links,electrician services los angeles,"Ranking lift, add internal links and local proof"
388,https://shaffercon.com/service-areas/atwater-village/commercial-exhaust-fan-ventilation-wiring/,/service-areas/atwater-village/commercial-exhaust-fan-ventilation-wiring/,service_detail,0,7,0.0,0.012,0.1,10.43,5,3.841,ctr,,"CTR fix, rewrite title and meta around proven queries"
389,https://shaffercon.com/service-areas/culver-city/commercial-smart-automation-systems/,/service-areas/culver-city/commercial-smart-automation-systems/,service_detail,0,7,0.0,0.012,0.1,14.0,5,3.841,links,,"Ranking lift, add internal links and local proof"
390,https://shaffercon.com/service-areas/hollywood/commercial-whole-building-surge-protection/,/service-areas/hollywood/commercial-whole-building-surge-protection/,service_detail,0,7,0.0,0.012,0.1,17.29,5,3.841,links,surge protection services los angeles,"Ranking lift, add internal links and local proof"
391,https://shaffercon.com/industry-insights/aluminum-wiring-replacement-key-considerations-and-safety-tips/,/industry-insights/aluminum-wiring-replacement-key-considerations-and-safety-tips/,blog,0,485,0.0,0.004,1.9,24.66,4,3.834,content,replacing aluminum wiring; aluminum wire remediation; aluminum wiring replacement; aluminum wiring fix; aluminum wiring repair,"Content lift, expand page and add links from stronger pages"
392,https://shaffercon.com/industry-insights/understanding-voltage-drop-causes-and-solutions-for-your-home/,/industry-insights/understanding-voltage-drop-causes-and-solutions-for-your-home/,blog,0,73,0.0,0.025,1.8,6.9,2,3.807,ctr,,"CTR fix, rewrite title and meta around proven queries"
393,https://shaffercon.com/industry-insights/nacs-connector-48-percent-market-share-fleet-megawatt-charging-installation-costs-utility-rebates/,/industry-insights/nacs-connector-48-percent-market-share-fleet-megawatt-charging-installation-costs-utility-rebates/,blog,0,1036,0.0,0.025,25.9,5.71,1,3.797,ctr,challenges deploying nacs j3400 and mcs concurrently charging infrastructure; challenges deploying nacs j3400 and mcs concurrently ev charging infrastructure,Deprioritize unless it supports a money page
394,https://shaffercon.com/service-areas/santa-monica/residential-complete-electrical-rewiring/,/service-areas/santa-monica/residential-complete-electrical-rewiring/,service_detail,0,66,0.0,0.05,3.3,4.09,2,3.773,ctr,santa monica house rewire; electrical rewiring for historic santa monica homes; low voltage wiring santa monica,"CTR fix, rewrite title and meta around proven queries"
395,https://shaffercon.com/service-areas/pacific-palisades/,/service-areas/pacific-palisades/,location,0,132,0.0,0.004,0.5,30.92,5,3.736,content,smart home experts pacific palisades; residential engineering pacific palisades; roofing pacific palisades; electrical contractor pacific palisades ca; electrician pacific palisades,"Content lift, expand page and add links from stronger pages"
396,https://shaffercon.com/service-areas/highland-park/residential-lighting-installation-retrofitting/,/service-areas/highland-park/residential-lighting-installation-retrofitting/,service_detail,0,11,0.0,0.012,0.1,19.36,4,3.674,links,smart lighting installation highland park,"Ranking lift, add internal links and local proof"
397,https://shaffercon.com/service-areas/long-beach/residential-backup-generator-installation/,/service-areas/long-beach/residential-backup-generator-installation/,service_detail,0,26,0.0,0.012,0.3,11.08,3,3.661,ctr,generator installation long beach; backup generator sales long beach ca,"CTR fix, rewrite title and meta around proven queries"
398,https://shaffercon.com/service-areas/santa-monica/residential-backup-generator-installation/,/service-areas/santa-monica/residential-backup-generator-installation/,service_detail,0,26,0.0,0.012,0.3,11.19,3,3.661,ctr,solar battery installation santa monica; santa monica house rewire,"CTR fix, rewrite title and meta around proven queries"
399,https://shaffercon.com/industry-insights/electrify-america-simon-500-chargers-chevy-equinox-ev-sales-record-workplace-charging-benefits-omni-port/,/industry-insights/electrify-america-simon-500-chargers-chevy-equinox-ev-sales-record-workplace-charging-benefits-omni-port/,blog,0,62,0.0,0.025,1.6,8.47,2,3.654,ctr,,"CTR fix, rewrite title and meta around proven queries"
400,https://shaffercon.com/industry-insights/ev-charging-infrastructure-roundup-ionna-250m-california-investment-wireless-highway-charging-tesla-supercharger-growth/,/industry-insights/ev-charging-infrastructure-roundup-ionna-250m-california-investment-wireless-highway-charging-tesla-supercharger-growth/,blog,0,62,0.0,0.025,1.6,5.99,2,3.654,ctr,,"CTR fix, rewrite title and meta around proven queries"
401,https://shaffercon.com/industry-insights/ev-charging-infrastructure-in-2025-growth-innovation-and-the-road-ahead/,/industry-insights/ev-charging-infrastructure-in-2025-growth-innovation-and-the-road-ahead/,blog,0,118,0.0,0.004,0.5,27.92,5,3.649,content,ev charger infrastructure; ev charging station construction; ev charging infrastructure solutions; ev charging infrastructure development; 550kw ev charger,"Content lift, expand page and add links from stronger pages"
402,https://shaffercon.com/industry-insights/house-rewire-tips-safety-reliability/,/industry-insights/house-rewire-tips-safety-reliability/,blog,0,61,0.0,0.025,1.5,7.54,2,3.639,ctr,,"CTR fix, rewrite title and meta around proven queries"
403,https://shaffercon.com/industry-insights/byd-overtakes-tesla-kia-ev3-usa-nevi-funding-battle-hoboken-jolt-leapmotor-europe/,/industry-insights/byd-overtakes-tesla-kia-ev3-usa-nevi-funding-battle-hoboken-jolt-leapmotor-europe/,blog,0,126,0.0,0.012,1.5,12.01,2,3.631,links,robotaxi hoboken,"Ranking lift, add internal links and local proof"
404,https://shaffercon.com/service-areas/pasadena/residential-whole-building-surge-protection/,/service-areas/pasadena/residential-whole-building-surge-protection/,service_detail,0,57,0.0,0.05,2.9,4.78,2,3.627,ctr,"home power protection pasadena, ca; home power protection pasadena, ca","CTR fix, rewrite title and meta around proven queries"
405,https://shaffercon.com/service-areas/altadena/residential-landscape-outdoor-lighting/,/service-areas/altadena/residential-landscape-outdoor-lighting/,service_detail,0,7,0.0,0.025,0.2,6.0,4,3.619,ctr,,"CTR fix, rewrite title and meta around proven queries"
406,https://shaffercon.com/industry-insights/october-2025-ev-charging-milestone-record-u-s-infrastructure-expansion-california-reliability-standards-and-innovative-streetlight-solutions-transform-los-angeles-landscape/,/industry-insights/october-2025-ev-charging-milestone-record-u-s-infrastructure-expansion-california-reliability-standards-and-innovative-streetlight-solutions-transform-los-angeles-landscape/,blog,0,886,0.0,0.025,22.2,6.58,1,3.601,ctr,"""i-15"" ""alternative fuel corridor"" california ev; ""i-15"" ""alternative fuel corridor"" california; ""i-15"" ""nevi"" california energy commission; alternative fuel corridor i-15 california nevi; ""i-15"" ""nevi"" california corridor group",Deprioritize unless it supports a money page
407,https://shaffercon.com/service-areas/hollywood/,/service-areas/hollywood/,location,0,121,0.0,0.012,1.5,12.28,2,3.598,links,shaffer construction; shaffer building; contractors hollywood hills; general contractor west hollywood; licensed and insured contractor hollywood,Monitor after higher value pages
408,https://shaffercon.com/service-areas/culver-city/commercial-backup-generator-installation/,/service-areas/culver-city/commercial-backup-generator-installation/,service_detail,0,6,0.0,0.012,0.1,13.0,5,3.594,links,,"Ranking lift, add internal links and local proof"
409,https://shaffercon.com/service-areas/sherman-oaks/commercial-ev-charger-installation/,/service-areas/sherman-oaks/commercial-ev-charger-installation/,service_detail,0,6,0.0,0.012,0.1,12.0,5,3.594,ctr,,"CTR fix, rewrite title and meta around proven queries"
410,https://shaffercon.com/service-areas/venice/commercial-lighting-installation-retrofitting/,/service-areas/venice/commercial-lighting-installation-retrofitting/,service_detail,0,6,0.0,0.012,0.1,11.17,5,3.594,ctr,,"CTR fix, rewrite title and meta around proven queries"
411,https://shaffercon.com/service-areas/west-hollywood/commercial-electrical-code-compliance-corrections/,/service-areas/west-hollywood/commercial-electrical-code-compliance-corrections/,service_detail,0,6,0.0,0.012,0.1,12.17,5,3.594,links,commercial electrical code compliance in los angeles,"Ranking lift, add internal links and local proof"
412,https://shaffercon.com/industry-insights/electrical-tips-new-construction/,/industry-insights/electrical-tips-new-construction/,blog,0,58,0.0,0.025,1.5,8.24,2,3.593,ctr,what is the breakdown between electrical services companies that serve new construction to those that serve existing construction?,"CTR fix, rewrite title and meta around proven queries"
413,https://shaffercon.com/service-areas/burbank/residential-data-network-av-wiring/,/service-areas/burbank/residential-data-network-av-wiring/,service_detail,0,57,0.0,0.025,1.4,9.58,2,3.577,ctr,"home network upgrades burbank; structured cabling burbank, ca; structured cabling burbank; professional data wiring los angeles; structured wiring new construction los angeles","CTR fix, rewrite title and meta around proven queries"
414,https://shaffercon.com/service-areas/torrance/residential-ceiling-fan-fixture-installation/,/service-areas/torrance/residential-ceiling-fan-fixture-installation/,service_detail,0,55,0.0,0.025,1.4,6.73,2,3.544,ctr,ceiling fan installation torrance ca,"CTR fix, rewrite title and meta around proven queries"
415,https://shaffercon.com/service-areas/long-beach/residential-smart-automation-systems/,/service-areas/long-beach/residential-smart-automation-systems/,service_detail,1,57,0.017543859649122806,0.025,0.4,6.55,2,3.542,links,industrial automation installation long beach ca,"Ranking lift, add internal links and local proof"
416,https://shaffercon.com/industry-insights/byd-home-charger-sharing-pennsylvania-turnpike-nevi-eu-2035-goals-watered-down-snowbird-ski-resort-holiday-charging/,/industry-insights/byd-home-charger-sharing-pennsylvania-turnpike-nevi-eu-2035-goals-watered-down-snowbird-ski-resort-holiday-charging/,blog,0,828,0.0,0.025,20.7,6.71,1,3.523,ctr,nevieu,Deprioritize unless it supports a money page
417,https://shaffercon.com/industry-insights/ev-charger-installation-infrastructure-how-to-decide-pay-for-and-plan-your-project/,/industry-insights/ev-charger-installation-infrastructure-how-to-decide-pay-for-and-plan-your-project/,blog,0,99,0.0,0.004,0.4,24.34,5,3.514,content,ev charging installation project; ev charging infrastructure for new buildings,"Content lift, expand page and add links from stronger pages"
418,https://shaffercon.com/service-areas/highland-park/commercial-lighting-installation-retrofitting/,/service-areas/highland-park/commercial-lighting-installation-retrofitting/,service_detail,0,99,0.0,0.004,0.4,25.72,5,3.514,content,business lighting services in highland park; business lighting services in highland park; business lighting services in highland village; business lighting services in highland village; smart lighting installation highland park,"Content lift, expand page and add links from stronger pages"
419,https://shaffercon.com/industry-insights/home-panel-upgrade-guide/,/industry-insights/home-panel-upgrade-guide/,blog,0,4,0.0,0.05,0.2,4.75,5,3.502,ctr,,"CTR fix, rewrite title and meta around proven queries"
420,https://shaffercon.com/service-areas/altadena/commercial-lighting-installation-retrofitting/,/service-areas/altadena/commercial-lighting-installation-retrofitting/,service_detail,0,4,0.0,0.05,0.2,3.5,5,3.502,ctr,,"CTR fix, rewrite title and meta around proven queries"
421,https://shaffercon.com/service-areas/beverly-hills/commercial-dedicated-equipment-circuits/,/service-areas/beverly-hills/commercial-dedicated-equipment-circuits/,service_detail,0,4,0.0,0.05,0.2,5.0,5,3.502,ctr,,"CTR fix, rewrite title and meta around proven queries"
422,https://shaffercon.com/service-areas/hollywood/commercial-pool-hot-tub-spa-electrical/,/service-areas/hollywood/commercial-pool-hot-tub-spa-electrical/,service_detail,0,4,0.0,0.05,0.2,4.75,5,3.502,ctr,,"CTR fix, rewrite title and meta around proven queries"
423,https://shaffercon.com/industry-insights/powering-the-future-why-expanding-ev-charging-infrastructure-in-los-angeles-matters-now-more-than-ever/,/industry-insights/powering-the-future-why-expanding-ev-charging-infrastructure-in-los-angeles-matters-now-more-than-ever/,blog,0,4,0.0,0.025,0.1,6.0,5,3.498,ctr,,"CTR fix, rewrite title and meta around proven queries"
424,https://shaffercon.com/industry-insights/smart-ev-charging-solutions/,/industry-insights/smart-ev-charging-solutions/,blog,0,4,0.0,0.025,0.1,10.0,5,3.498,ctr,,"CTR fix, rewrite title and meta around proven queries"
425,https://shaffercon.com/service-areas/altadena/commercial-electrical-safety-inspections/,/service-areas/altadena/commercial-electrical-safety-inspections/,service_detail,0,4,0.0,0.025,0.1,6.5,5,3.498,ctr,,"CTR fix, rewrite title and meta around proven queries"
426,https://shaffercon.com/service-areas/altadena/commercial-ev-charger-installation/,/service-areas/altadena/commercial-ev-charger-installation/,service_detail,0,4,0.0,0.025,0.1,7.5,5,3.498,ctr,,"CTR fix, rewrite title and meta around proven queries"
427,https://shaffercon.com/service-areas/altadena/commercial-whole-building-surge-protection/,/service-areas/altadena/commercial-whole-building-surge-protection/,service_detail,0,4,0.0,0.025,0.1,6.5,5,3.498,ctr,,"CTR fix, rewrite title and meta around proven queries"
428,https://shaffercon.com/service-areas/atwater-village/commercial-electrical-code-compliance-corrections/,/service-areas/atwater-village/commercial-electrical-code-compliance-corrections/,service_detail,0,4,0.0,0.025,0.1,7.0,5,3.498,ctr,,"CTR fix, rewrite title and meta around proven queries"
429,https://shaffercon.com/service-areas/beverly-hills/commercial-backup-generator-installation/,/service-areas/beverly-hills/commercial-backup-generator-installation/,service_detail,0,4,0.0,0.025,0.1,7.75,5,3.498,ctr,,"CTR fix, rewrite title and meta around proven queries"
430,https://shaffercon.com/service-areas/burbank/commercial-electrical-safety-inspections/,/service-areas/burbank/commercial-electrical-safety-inspections/,service_detail,0,4,0.0,0.025,0.1,8.5,5,3.498,ctr,,"CTR fix, rewrite title and meta around proven queries"
431,https://shaffercon.com/service-areas/culver-city/commercial-data-network-av-wiring/,/service-areas/culver-city/commercial-data-network-av-wiring/,service_detail,0,4,0.0,0.025,0.1,5.5,5,3.498,ctr,,"CTR fix, rewrite title and meta around proven queries"
432,https://shaffercon.com/service-areas/echo-park/residential-electrical-panel-upgrades/,/service-areas/echo-park/residential-electrical-panel-upgrades/,service_detail,0,4,0.0,0.025,0.1,5.5,5,3.498,ctr,,"CTR fix, rewrite title and meta around proven queries"
433,https://shaffercon.com/service-areas/pacific-palisades/commercial-whole-building-surge-protection/,/service-areas/pacific-palisades/commercial-whole-building-surge-protection/,service_detail,0,4,0.0,0.025,0.1,6.0,5,3.498,ctr,,"CTR fix, rewrite title and meta around proven queries"
434,https://shaffercon.com/service-areas/santa-clarita/commercial-dedicated-equipment-circuits/,/service-areas/santa-clarita/commercial-dedicated-equipment-circuits/,service_detail,0,4,0.0,0.025,0.1,10.0,5,3.498,ctr,,"CTR fix, rewrite title and meta around proven queries"
435,https://shaffercon.com/service-areas/santa-monica/commercial-electrical-code-compliance-corrections/,/service-areas/santa-monica/commercial-electrical-code-compliance-corrections/,service_detail,0,4,0.0,0.025,0.1,5.5,5,3.498,ctr,,"CTR fix, rewrite title and meta around proven queries"
436,https://shaffercon.com/service-areas/sherman-oaks/commercial-lighting-installation-retrofitting/,/service-areas/sherman-oaks/commercial-lighting-installation-retrofitting/,service_detail,0,4,0.0,0.025,0.1,9.25,5,3.498,ctr,,"CTR fix, rewrite title and meta around proven queries"
437,https://shaffercon.com/service-areas/silver-lake/commercial-outlet-switch-dimmer-services/,/service-areas/silver-lake/commercial-outlet-switch-dimmer-services/,service_detail,0,4,0.0,0.025,0.1,9.75,5,3.498,ctr,,"CTR fix, rewrite title and meta around proven queries"
438,https://shaffercon.com/service-areas/pasadena/commercial-backup-generator-installation/,/service-areas/pasadena/commercial-backup-generator-installation/,service_detail,0,87,0.0,0.004,0.3,20.28,5,3.415,content,commercial generator services pasadena; commercial generator services pasadena; generator installers pasadena; generator install expert pasadena; generator installation pasadena,"Content lift, expand page and add links from stronger pages"
439,https://shaffercon.com/industry-insights/garbage-disposal-maintenance-safety-tips/,/industry-insights/garbage-disposal-maintenance-safety-tips/,blog,1,99,0.010101010101010102,0.012,0.2,10.23,2,3.406,links,safety steps before working on garbage disposal; batch feed garbage disposal; garbage disposal safety,"Ranking lift, add internal links and local proof"
440,https://shaffercon.com/service-areas/santa-clarita/residential-landscape-outdoor-lighting/,/service-areas/santa-clarita/residential-landscape-outdoor-lighting/,service_detail,0,9,0.0,0.012,0.1,10.56,4,3.404,ctr,,"CTR fix, rewrite title and meta around proven queries"
441,https://shaffercon.com/service-areas/pasadena/residential-ceiling-fan-fixture-installation/,/service-areas/pasadena/residential-ceiling-fan-fixture-installation/,service_detail,0,47,0.0,0.025,1.2,5.94,2,3.402,ctr,ceiling fan installation pasadena; ceiling fan installation service pasadena; bedroom ceiling fan installation pasadena ca,"CTR fix, rewrite title and meta around proven queries"
442,https://shaffercon.com/service-areas/echo-park/residential-landscape-outdoor-lighting/,/service-areas/echo-park/residential-landscape-outdoor-lighting/,service_detail,0,6,0.0,0.025,0.2,7.0,4,3.385,ctr,,"CTR fix, rewrite title and meta around proven queries"
443,https://shaffercon.com/service-areas/torrance/residential-security-motion-lighting/,/service-areas/torrance/residential-security-motion-lighting/,service_detail,0,6,0.0,0.025,0.2,7.83,4,3.385,ctr,licensed solar security torrance,"CTR fix, rewrite title and meta around proven queries"
444,https://shaffercon.com/service-areas/west-hollywood/residential-electrical-safety-inspections/,/service-areas/west-hollywood/residential-electrical-safety-inspections/,service_detail,0,6,0.0,0.025,0.2,7.67,4,3.385,ctr,,"CTR fix, rewrite title and meta around proven queries"
445,https://shaffercon.com/industry-insights/ev-policy-transformation-federal-tax-credit-expiration-california-hov-access-ends-record-29-market-share-600kw-charging-coming-and-nevi-program-expansion/,/industry-insights/ev-policy-transformation-federal-tax-credit-expiration-california-hov-access-ends-record-29-market-share-600kw-charging-coming-and-nevi-program-expansion/,blog,0,46,0.0,0.025,1.2,8.3,2,3.383,ctr,,"CTR fix, rewrite title and meta around proven queries"
446,https://shaffercon.com/industry-insights/stellantis-supercharger-access-dc-fast-charging-growth-autel-ces-electricfish-gas-stations-gm-writedown/,/industry-insights/stellantis-supercharger-access-dc-fast-charging-growth-autel-ces-electricfish-gas-stations-gm-writedown/,blog,2,762,0.0026246719160104987,0.025,17.1,6.27,1,3.374,ctr,stellantis tesla supercharger access 2026; tesla supercharger network coverage us 2026; tesla supercharger network size; tesla supercharger network coverage 2026; tesla supercharger network growth 2026,Deprioritize unless it supports a money page
447,https://shaffercon.com/industry-insights/major-ev-charging-developments-volkswagen-supercharger-access-google-maps-integration-nacs-standardization-65000-us-ports-and-sonoma-county-expansion-shape-november-2025-infrastructure-landscape/,/industry-insights/major-ev-charging-developments-volkswagen-supercharger-access-google-maps-integration-nacs-standardization-65000-us-ports-and-sonoma-county-expansion-shape-november-2025-infrastructure-landscape/,blog,0,45,0.0,0.025,1.1,8.94,2,3.363,ctr,,"CTR fix, rewrite title and meta around proven queries"
448,https://shaffercon.com/industry-insights/ev-charging-infrastructure-in-california-latest-trends-challenges-and-solutions-for-homeowners-and-businesses/,/industry-insights/ev-charging-infrastructure-in-california-latest-trends-challenges-and-solutions-for-homeowners-and-businesses/,blog,0,81,0.0,0.004,0.3,23.82,5,3.36,content,electric vehicle charging infrastructure california,"Content lift, expand page and add links from stronger pages"
449,https://shaffercon.com/service-areas/long-beach/commercial-landscape-outdoor-lighting/,/service-areas/long-beach/commercial-landscape-outdoor-lighting/,service_detail,0,79,0.0,0.004,0.3,32.05,5,3.341,content,long beach commercial landscaping; outdoor lighting long beach; outdoor lighting installation in long beach; commercial lighting services beverly hills; outside lights long beach ca,"Content lift, expand page and add links from stronger pages"
450,https://shaffercon.com/service-areas/torrance/residential-energy-efficiency-upgrades/,/service-areas/torrance/residential-energy-efficiency-upgrades/,service_detail,0,19,0.0,0.012,0.2,14.42,3,3.325,links,whole-home backup generator installation 90275,"Ranking lift, add internal links and local proof"
451,https://shaffercon.com/service-areas/burbank/residential-energy-efficiency-upgrades/,/service-areas/burbank/residential-energy-efficiency-upgrades/,service_detail,0,43,0.0,0.025,1.1,7.39,2,3.322,ctr,home network upgrades burbank,"CTR fix, rewrite title and meta around proven queries"
452,https://shaffercon.com/service-areas/altadena/commercial-data-network-av-wiring/,/service-areas/altadena/commercial-data-network-av-wiring/,service_detail,0,5,0.0,0.012,0.1,10.8,5,3.309,ctr,commercial electrician services altadena,"CTR fix, rewrite title and meta around proven queries"
453,https://shaffercon.com/service-areas/inglewood/commercial-electrical-panel-upgrades/,/service-areas/inglewood/commercial-electrical-panel-upgrades/,service_detail,0,5,0.0,0.012,0.1,16.8,5,3.309,links,breaker panel upgrade inglewood,"Ranking lift, add internal links and local proof"
454,https://shaffercon.com/service-areas/inglewood/commercial-security-motion-lighting/,/service-areas/inglewood/commercial-security-motion-lighting/,service_detail,0,5,0.0,0.012,0.1,14.0,5,3.309,links,construction lights inglewood,"Ranking lift, add internal links and local proof"
455,https://shaffercon.com/service-areas/pacific-palisades/commercial-landscape-outdoor-lighting/,/service-areas/pacific-palisades/commercial-landscape-outdoor-lighting/,service_detail,0,5,0.0,0.012,0.1,11.6,5,3.309,ctr,,"CTR fix, rewrite title and meta around proven queries"
456,https://shaffercon.com/service-areas/west-hollywood/commercial-energy-efficiency-upgrades/,/service-areas/west-hollywood/commercial-energy-efficiency-upgrades/,service_detail,0,5,0.0,0.012,0.1,15.6,5,3.309,links,,"Ranking lift, add internal links and local proof"
457,https://shaffercon.com/industry-insights/ev-charging-70000-ports-nevi-reboots-california-79m-grants-v2g-mainstream/,/industry-insights/ev-charging-70000-ports-nevi-reboots-california-79m-grants-v2g-mainstream/,blog,1,684,0.0014619883040935672,0.025,16.1,5.3,1,3.292,ctr,gfo-25-602; gfo-25-602 california nevi; gfo-25-602 nevi california; gfo-25-602 nevi california energy commission; gfo-25-602 nevi california energy commission,Deprioritize unless it supports a money page
458,https://shaffercon.com/industry-insights/exploring-the-benefits-of-solar-power-integration-in-electrical-systems/,/industry-insights/exploring-the-benefits-of-solar-power-integration-in-electrical-systems/,blog,0,41,0.0,0.025,1.0,9.93,2,3.28,ctr,,"CTR fix, rewrite title and meta around proven queries"
459,https://shaffercon.com/service-areas/highland-park/residential-backup-generator-installation/,/service-areas/highland-park/residential-backup-generator-installation/,service_detail,0,18,0.0,0.012,0.2,14.45,3,3.268,links,generator installation highland park; generator installation highland park,"Ranking lift, add internal links and local proof"
460,https://shaffercon.com/industry-insights/autel-nayax-100k-contactless-payments-multifamily-charging-solutions-catl-sodium-ion-ai-grid-integration/,/industry-insights/autel-nayax-100k-contactless-payments-multifamily-charging-solutions-catl-sodium-ion-ai-grid-integration/,blog,2,674,0.002967359050445104,0.025,14.9,7.8,1,3.249,ctr,"contactless connector market; autel ev charging solutions dallas, tx; lfp battery; multifamily charging solutions; sodium ion battery",Deprioritize unless it supports a money page
461,https://shaffercon.com/service-areas/burbank/residential-electrical-code-compliance-corrections/,/service-areas/burbank/residential-electrical-code-compliance-corrections/,service_detail,0,8,0.0,0.012,0.1,11.75,4,3.248,ctr,electrical code updates burbank,"CTR fix, rewrite title and meta around proven queries"
462,https://shaffercon.com/service-areas/torrance/residential-electrical-troubleshooting-repairs/,/service-areas/torrance/residential-electrical-troubleshooting-repairs/,service_detail,0,11,0.0,0.025,0.3,9.73,3,3.246,ctr,,"CTR fix, rewrite title and meta around proven queries"
463,https://shaffercon.com/service-areas/venice/,/service-areas/venice/,location,0,69,0.0,0.004,0.3,26.71,5,3.238,content,santa venetia ev charger installation; electricians venice ca; electrician venice ca; venice beach general contractor; ev charger installation santa venetia,"Content lift, expand page and add links from stronger pages"
464,https://shaffercon.com/industry-insights/ev-charging-infrastructure-network-milestones-65000-us-ports-illinois-funding-tesla-v4-technology-nevi-streamlining-and-google-maps-integration-shape-november-2025-market/,/industry-insights/ev-charging-infrastructure-network-milestones-65000-us-ports-illinois-funding-tesla-v4-technology-nevi-streamlining-and-google-maps-integration-shape-november-2025-market/,blog,0,624,0.0,0.025,15.6,9.39,1,3.232,ctr,illinois nevi rfp 2025; us ev infrastructure program charging ports; evaluate the geospatial technology company google maps platform on ev charging infrastructure; tesla supercharger network ev charging infrastructure 2025; ev charging network expansions q1 2025,Deprioritize unless it supports a money page
465,https://shaffercon.com/service-areas/glendale/residential-data-network-av-wiring/,/service-areas/glendale/residential-data-network-av-wiring/,service_detail,0,73,0.0,0.012,0.9,15.94,2,3.206,links,glendale network cabling; network cabling glendale; structured cabling glendale; fiber optic cabling installation glendale; residential structured wiring design in santa monica ca,"Ranking lift, add internal links and local proof"
466,https://shaffercon.com/service-areas/sherman-oaks/residential-complete-electrical-rewiring/,/service-areas/sherman-oaks/residential-complete-electrical-rewiring/,service_detail,0,36,0.0,0.05,1.8,4.11,2,3.193,ctr,complete house rewiring in the san fernando valley?; complete house rewiring in the san fernando valley?,"CTR fix, rewrite title and meta around proven queries"
467,https://shaffercon.com/service-areas/long-beach/commercial-ceiling-fan-fixture-installation/,/service-areas/long-beach/commercial-ceiling-fan-fixture-installation/,service_detail,0,64,0.0,0.004,0.3,22.07,5,3.181,content,ceiling fan installation long beach; ceiling fan installation near long beach; ceiling fan installation long beach,"Content lift, expand page and add links from stronger pages"
468,https://shaffercon.com/industry-insights/power-tips-for-your-refrigerator-ensuring-efficient-operation/,/industry-insights/power-tips-for-your-refrigerator-ensuring-efficient-operation/,blog,0,36,0.0,0.025,0.9,8.16,2,3.165,ctr,refrigerator efficiency optimization,"CTR fix, rewrite title and meta around proven queries"
469,https://shaffercon.com/ev-charging-infrastructure-update-nevi-milestones-tesla-record-expansion-and-growing-infrastructure-demands/,/ev-charging-infrastructure-update-nevi-milestones-tesla-record-expansion-and-growing-infrastructure-demands/,landing,0,571,0.0,0.025,14.3,6.22,1,3.151,ctr,"""charging sessions per day"" tesla 2023; ""charging sessions per day"" ""tesla"" 2023; ""sessions per day"" tesla supercharger 2023; ""charging sessions per day"" tesla; ""tesla"" ""charging sessions per day"" 2023",Deprioritize unless it supports a money page
470,https://shaffercon.com/industry-insights/led-landscape-lighting-upgrade/,/industry-insights/led-landscape-lighting-upgrade/,blog,0,5,0.0,0.025,0.1,6.8,4,3.116,ctr,,"CTR fix, rewrite title and meta around proven queries"
471,https://shaffercon.com/service-areas/glendale/residential-electrical-code-compliance-corrections/,/service-areas/glendale/residential-electrical-code-compliance-corrections/,service_detail,0,5,0.0,0.025,0.1,7.0,4,3.116,ctr,,"CTR fix, rewrite title and meta around proven queries"
472,https://shaffercon.com/service-areas/silver-lake/residential-electrical-code-compliance-corrections/,/service-areas/silver-lake/residential-electrical-code-compliance-corrections/,service_detail,0,5,0.0,0.025,0.1,7.2,4,3.116,ctr,,"CTR fix, rewrite title and meta around proven queries"
473,https://shaffercon.com/industry-insights/china-1500kw-charging-gap-ev-consideration-11-percent-toyota-lexus-q1-record-ev-prices-record-low-gap-tesla-supercharger-market-share/,/industry-insights/china-1500kw-charging-gap-ev-consideration-11-percent-toyota-lexus-q1-record-ev-prices-record-low-gap-tesla-supercharger-market-share/,blog,0,34,0.0,0.025,0.9,5.53,2,3.114,ctr,,"CTR fix, rewrite title and meta around proven queries"
474,https://shaffercon.com/industry-insights/dodge-charger-nacs-tesla-supercharger-byd-megawatt-technology-year-environmental-groups-lawsuit-electrify-america-dual-cable/,/industry-insights/dodge-charger-nacs-tesla-supercharger-byd-megawatt-technology-year-environmental-groups-lawsuit-electrify-america-dual-cable/,blog,0,529,0.0,0.025,13.2,6.53,1,3.085,ctr,"""august 2024"" ""florida"" ""ev charging"" ""ports""",Deprioritize unless it supports a money page
475,https://shaffercon.com/service-areas/west-hollywood/residential-electrical-troubleshooting-repairs/,/service-areas/west-hollywood/residential-electrical-troubleshooting-repairs/,service_detail,0,15,0.0,0.012,0.2,10.93,3,3.076,ctr,residential electrician west hollywood,"CTR fix, rewrite title and meta around proven queries"
476,https://shaffercon.com/service-areas/atwater-village/residential-electrical-code-compliance-corrections/,/service-areas/atwater-village/residential-electrical-code-compliance-corrections/,service_detail,0,7,0.0,0.012,0.1,11.86,4,3.073,ctr,,"CTR fix, rewrite title and meta around proven queries"
477,https://shaffercon.com/service-areas/santa-monica/residential-pool-hot-tub-spa-electrical/,/service-areas/santa-monica/residential-pool-hot-tub-spa-electrical/,service_detail,0,32,0.0,0.025,0.8,9.53,2,3.061,ctr,pool rebar installation santa monica ca; solar contractor santa monica; pool rebar installation santa monica ca; rebar reinforcement for pools santa monica ca; solar contractor santa monica,"CTR fix, rewrite title and meta around proven queries"
478,https://shaffercon.com/service-areas/santa-monica/residential-ceiling-fan-fixture-installation/,/service-areas/santa-monica/residential-ceiling-fan-fixture-installation/,service_detail,0,31,0.0,0.05,1.6,4.26,2,3.057,ctr,,"CTR fix, rewrite title and meta around proven queries"
479,https://shaffercon.com/service-areas/santa-clarita/residential-pool-hot-tub-spa-electrical/,/service-areas/santa-clarita/residential-pool-hot-tub-spa-electrical/,service_detail,1,32,0.03125,0.05,0.6,4.12,2,3.055,links,,"Ranking lift, add internal links and local proof"
480,https://shaffercon.com/industry-insights/byd-overtakes-tesla-ev-winter-range-improvements-workplace-charging-growth-pennsylvania-nevi/,/industry-insights/byd-overtakes-tesla-ev-winter-range-improvements-workplace-charging-growth-pennsylvania-nevi/,blog,0,504,0.0,0.025,12.6,6.79,1,3.044,ctr,"""bloombergnef"" ""24.3 million"" ev 2026",Deprioritize unless it supports a money page
481,https://shaffercon.com/service-areas/atwater-village/commercial-breaker-panel-service-maintenance/,/service-areas/atwater-village/commercial-breaker-panel-service-maintenance/,service_detail,0,3,0.0,0.05,0.2,4.67,5,3.015,ctr,,"CTR fix, rewrite title and meta around proven queries"
482,https://shaffercon.com/service-areas/burbank/commercial-complete-electrical-rewiring/,/service-areas/burbank/commercial-complete-electrical-rewiring/,service_detail,0,3,0.0,0.05,0.2,4.0,5,3.015,ctr,,"CTR fix, rewrite title and meta around proven queries"
483,https://shaffercon.com/service-areas/torrance/commercial-smart-automation-systems/,/service-areas/torrance/commercial-smart-automation-systems/,service_detail,0,3,0.0,0.05,0.2,4.33,5,3.015,ctr,,"CTR fix, rewrite title and meta around proven queries"
484,https://shaffercon.com/industry-insights/should-i-install-an-ev-charger-at-home-a-practical-guide-for-los-angeles-homeowners/,/industry-insights/should-i-install-an-ev-charger-at-home-a-practical-guide-for-los-angeles-homeowners/,blog,0,3,0.0,0.025,0.1,9.0,5,3.013,ctr,,"CTR fix, rewrite title and meta around proven queries"
485,https://shaffercon.com/industry-insights/surging-ahead-how-the-ev-charging-station-market-is-transforming-los-angeles-properties-and-communities/,/industry-insights/surging-ahead-how-the-ev-charging-station-market-is-transforming-los-angeles-properties-and-communities/,blog,0,3,0.0,0.025,0.1,5.33,5,3.013,ctr,,"CTR fix, rewrite title and meta around proven queries"
486,https://shaffercon.com/service-areas/atwater-village/commercial-energy-efficiency-upgrades/,/service-areas/atwater-village/commercial-energy-efficiency-upgrades/,service_detail,0,3,0.0,0.025,0.1,5.33,5,3.013,ctr,,"CTR fix, rewrite title and meta around proven queries"
487,https://shaffercon.com/service-areas/beverly-hills/residential-ceiling-fan-fixture-installation/,/service-areas/beverly-hills/residential-ceiling-fan-fixture-installation/,service_detail,0,3,0.0,0.025,0.1,8.0,5,3.013,ctr,,"CTR fix, rewrite title and meta around proven queries"
488,https://shaffercon.com/service-areas/beverly-hills/residential-energy-efficiency-upgrades/,/service-areas/beverly-hills/residential-energy-efficiency-upgrades/,service_detail,0,3,0.0,0.025,0.1,8.67,5,3.013,ctr,,"CTR fix, rewrite title and meta around proven queries"
489,https://shaffercon.com/service-areas/boyle-heights/commercial-electrical-troubleshooting-repairs/,/service-areas/boyle-heights/commercial-electrical-troubleshooting-repairs/,service_detail,0,3,0.0,0.025,0.1,9.0,5,3.013,ctr,,"CTR fix, rewrite title and meta around proven queries"
490,https://shaffercon.com/service-areas/boyle-heights/residential-electrical-panel-upgrades/,/service-areas/boyle-heights/residential-electrical-panel-upgrades/,service_detail,0,3,0.0,0.025,0.1,5.67,5,3.013,ctr,,"CTR fix, rewrite title and meta around proven queries"
491,https://shaffercon.com/service-areas/burbank/commercial-energy-efficiency-upgrades/,/service-areas/burbank/commercial-energy-efficiency-upgrades/,service_detail,0,3,0.0,0.025,0.1,6.67,5,3.013,ctr,,"CTR fix, rewrite title and meta around proven queries"
492,https://shaffercon.com/service-areas/culver-city/commercial-dedicated-equipment-circuits/,/service-areas/culver-city/commercial-dedicated-equipment-circuits/,service_detail,0,3,0.0,0.025,0.1,9.0,5,3.013,ctr,,"CTR fix, rewrite title and meta around proven queries"
493,https://shaffercon.com/service-areas/echo-park/commercial-dedicated-equipment-circuits/,/service-areas/echo-park/commercial-dedicated-equipment-circuits/,service_detail,0,3,0.0,0.025,0.1,7.33,5,3.013,ctr,,"CTR fix, rewrite title and meta around proven queries"
494,https://shaffercon.com/service-areas/echo-park/commercial-energy-efficiency-upgrades/,/service-areas/echo-park/commercial-energy-efficiency-upgrades/,service_detail,0,3,0.0,0.025,0.1,9.67,5,3.013,ctr,,"CTR fix, rewrite title and meta around proven queries"
495,https://shaffercon.com/service-areas/echo-park/commercial-ev-charger-installation/,/service-areas/echo-park/commercial-ev-charger-installation/,service_detail,0,3,0.0,0.025,0.1,7.67,5,3.013,ctr,,"CTR fix, rewrite title and meta around proven queries"
496,https://shaffercon.com/service-areas/hollywood/commercial-lighting-installation-retrofitting/,/service-areas/hollywood/commercial-lighting-installation-retrofitting/,service_detail,0,3,0.0,0.025,0.1,8.33,5,3.013,ctr,,"CTR fix, rewrite title and meta around proven queries"
497,https://shaffercon.com/service-areas/hollywood/residential-ev-charger-installation/,/service-areas/hollywood/residential-ev-charger-installation/,service_detail,0,3,0.0,0.025,0.1,8.0,5,3.013,ctr,,"CTR fix, rewrite title and meta around proven queries"
498,https://shaffercon.com/service-areas/inglewood/commercial-electrical-code-compliance-corrections/,/service-areas/inglewood/commercial-electrical-code-compliance-corrections/,service_detail,0,3,0.0,0.025,0.1,7.67,5,3.013,ctr,commercial electrical code compliance in southern ca,"CTR fix, rewrite title and meta around proven queries"
499,https://shaffercon.com/service-areas/inglewood/commercial-landscape-outdoor-lighting/,/service-areas/inglewood/commercial-landscape-outdoor-lighting/,service_detail,0,3,0.0,0.025,0.1,5.33,5,3.013,ctr,,"CTR fix, rewrite title and meta around proven queries"
500,https://shaffercon.com/service-areas/inglewood/residential-breaker-panel-service-maintenance/,/service-areas/inglewood/residential-breaker-panel-service-maintenance/,service_detail,0,3,0.0,0.025,0.1,5.67,5,3.013,ctr,breaker panel upgrade inglewood,"CTR fix, rewrite title and meta around proven queries"
501,https://shaffercon.com/service-areas/inglewood/residential-electrical-troubleshooting-repairs/,/service-areas/inglewood/residential-electrical-troubleshooting-repairs/,service_detail,0,9,0.0,0.05,0.5,4.44,3,3.013,ctr,electrical troubleshooting inglewood,"CTR fix, rewrite title and meta around proven queries"
502,https://shaffercon.com/service-areas/long-beach/commercial-electrical-troubleshooting-repairs/,/service-areas/long-beach/commercial-electrical-troubleshooting-repairs/,service_detail,0,3,0.0,0.025,0.1,6.0,5,3.013,ctr,,"CTR fix, rewrite title and meta around proven queries"
503,https://shaffercon.com/service-areas/pasadena/residential-breaker-panel-service-maintenance/,/service-areas/pasadena/residential-breaker-panel-service-maintenance/,service_detail,0,3,0.0,0.025,0.1,8.33,5,3.013,ctr,electrical panel services pasadena,"CTR fix, rewrite title and meta around proven queries"
504,https://shaffercon.com/service-areas/santa-clarita/commercial-energy-efficiency-upgrades/,/service-areas/santa-clarita/commercial-energy-efficiency-upgrades/,service_detail,0,3,0.0,0.025,0.1,9.0,5,3.013,ctr,,"CTR fix, rewrite title and meta around proven queries"
505,https://shaffercon.com/service-areas/santa-monica/commercial-electrical-safety-inspections/,/service-areas/santa-monica/commercial-electrical-safety-inspections/,service_detail,0,3,0.0,0.025,0.1,7.67,5,3.013,ctr,,"CTR fix, rewrite title and meta around proven queries"
506,https://shaffercon.com/service-areas/silver-lake/commercial-backup-generator-installation/,/service-areas/silver-lake/commercial-backup-generator-installation/,service_detail,0,3,0.0,0.025,0.1,10.0,5,3.013,ctr,,"CTR fix, rewrite title and meta around proven queries"
507,https://shaffercon.com/service-areas/west-hollywood/commercial-data-network-av-wiring/,/service-areas/west-hollywood/commercial-data-network-av-wiring/,service_detail,0,3,0.0,0.025,0.1,7.0,5,3.013,ctr,,"CTR fix, rewrite title and meta around proven queries"
508,https://shaffercon.com/service-areas/west-hollywood/residential-breaker-panel-service-maintenance/,/service-areas/west-hollywood/residential-breaker-panel-service-maintenance/,service_detail,0,3,0.0,0.025,0.1,7.0,5,3.013,ctr,,"CTR fix, rewrite title and meta around proven queries"
509,https://shaffercon.com/industry-insights/understanding-the-latest-trends-in-residential-electrical-design/,/industry-insights/understanding-the-latest-trends-in-residential-electrical-design/,blog,0,30,0.0,0.025,0.8,8.53,2,3.005,ctr,new electric design; new energy electric design,"CTR fix, rewrite title and meta around proven queries"
510,https://shaffercon.com/industry-insights/electrician-monterey-park-services-installation/,/industry-insights/electrician-monterey-park-services-installation/,blog,0,29,0.0,0.025,0.7,8.45,2,2.976,ctr,,"CTR fix, rewrite title and meta around proven queries"
511,https://shaffercon.com/industry-insights/the-future-of-electric-vehicles-impact-on-home-electrical-systems/,/industry-insights/the-future-of-electric-vehicles-impact-on-home-electrical-systems/,blog,0,29,0.0,0.025,0.7,5.9,2,2.976,ctr,,"CTR fix, rewrite title and meta around proven queries"
512,https://shaffercon.com/service-areas/commercial-pool-hot-tub-spa-electrical/,/service-areas/commercial-pool-hot-tub-spa-electrical/,location,0,4,0.0,0.012,0.0,12.5,5,2.972,links,,Monitor after higher value pages
513,https://shaffercon.com/service-areas/highland-park/commercial-electrical-code-compliance-corrections/,/service-areas/highland-park/commercial-electrical-code-compliance-corrections/,service_detail,0,4,0.0,0.012,0.0,14.75,5,2.972,links,commercial electrical code compliance in los angeles,"Ranking lift, add internal links and local proof"
514,https://shaffercon.com/service-areas/sherman-oaks/commercial-outlet-switch-dimmer-services/,/service-areas/sherman-oaks/commercial-outlet-switch-dimmer-services/,service_detail,0,4,0.0,0.012,0.0,12.75,5,2.972,links,,"Ranking lift, add internal links and local proof"
515,https://shaffercon.com/service-areas/sherman-oaks/commercial-security-motion-lighting/,/service-areas/sherman-oaks/commercial-security-motion-lighting/,service_detail,0,4,0.0,0.012,0.0,17.75,5,2.972,links,professional solar security sherman oaks,"Ranking lift, add internal links and local proof"
516,https://shaffercon.com/service-areas/west-hollywood/commercial-electrical-troubleshooting-repairs/,/service-areas/west-hollywood/commercial-electrical-troubleshooting-repairs/,service_detail,0,4,0.0,0.012,0.0,17.75,5,2.972,links,,"Ranking lift, add internal links and local proof"
517,https://shaffercon.com/service-areas/silver-lake/commercial-ev-charger-installation/,/service-areas/silver-lake/commercial-ev-charger-installation/,service_detail,1,4,0.25,0.012,0.0,10.25,5,2.971,links,,"Ranking lift, add internal links and local proof"
518,https://shaffercon.com/industry-insights/circuit-breaker-tips-repair-safety/,/industry-insights/circuit-breaker-tips-repair-safety/,blog,0,27,0.0,0.025,0.7,6.56,2,2.914,ctr,,"CTR fix, rewrite title and meta around proven queries"
519,https://shaffercon.com/industry-insights/ac-charging-network-ev-tax-credits-ford-30k-pickup-tesla-fsd-market-forecast/,/industry-insights/ac-charging-network-ev-tax-credits-ford-30k-pickup-tesla-fsd-market-forecast/,blog,1,426,0.002347417840375587,0.025,9.7,8.36,1,2.884,ctr,federal ev charger tax credit end date 2026; federal ev charger tax credit expiration date 2026; federal ev charger tax credit deadline 2026; federal ev home charger tax credit end date 2026; federal ev charger tax credit expiration 2026,Deprioritize unless it supports a money page
520,https://shaffercon.com/service-areas/atwater-village/residential-ev-charger-installation/,/service-areas/atwater-village/residential-ev-charger-installation/,service_detail,0,43,0.0,0.004,0.2,26.14,5,2.881,content,subpanel installation brunswick; ev charger installation derry; atwater village fence contractor; ev charger installation dering harbor; ev charger installation santa venetia,"Content lift, expand page and add links from stronger pages"
521,https://shaffercon.com/service-areas/torrance/residential-landscape-outdoor-lighting/,/service-areas/torrance/residential-landscape-outdoor-lighting/,service_detail,0,43,0.0,0.004,0.2,28.91,5,2.881,content,landscape light installation pasadena; outdoor landscape lighting beverly hills ca; landscape lighting services in westover hills; outdoor landscape lighting beverly hills ca,"Content lift, expand page and add links from stronger pages"
522,https://shaffercon.com/service-areas/venice/residential-pool-hot-tub-spa-electrical/,/service-areas/venice/residential-pool-hot-tub-spa-electrical/,service_detail,0,26,0.0,0.025,0.7,6.19,2,2.881,ctr,,"CTR fix, rewrite title and meta around proven queries"
523,https://shaffercon.com/residential-security-motion-lighting/,/residential-security-motion-lighting/,landing,0,6,0.0,0.012,0.1,13.83,4,2.875,links,licensed construction security torrance,"Ranking lift, add internal links and local proof"
524,https://shaffercon.com/service-areas/echo-park/residential-electrical-safety-inspections/,/service-areas/echo-park/residential-electrical-safety-inspections/,service_detail,0,6,0.0,0.012,0.1,18.5,4,2.875,links,,"Ranking lift, add internal links and local proof"
525,https://shaffercon.com/service-areas/echo-park/residential-backup-generator-installation/,/service-areas/echo-park/residential-backup-generator-installation/,service_detail,0,8,0.0,0.025,0.2,7.62,3,2.868,ctr,,"CTR fix, rewrite title and meta around proven queries"
526,https://shaffercon.com/service-areas/pacific-palisades/residential-backup-generator-installation/,/service-areas/pacific-palisades/residential-backup-generator-installation/,service_detail,0,8,0.0,0.025,0.2,7.75,3,2.868,ctr,,"CTR fix, rewrite title and meta around proven queries"
527,https://shaffercon.com/service-areas/sherman-oaks/residential-backup-generator-installation/,/service-areas/sherman-oaks/residential-backup-generator-installation/,service_detail,0,8,0.0,0.025,0.2,10.0,3,2.868,ctr,backup generators services in pembroke,"CTR fix, rewrite title and meta around proven queries"
528,https://shaffercon.com/industry-insights/ev-charging-infrastructure-in-2025-what-property-owners-in-los-angeles-need-to-know/,/industry-insights/ev-charging-infrastructure-in-2025-what-property-owners-in-los-angeles-need-to-know/,blog,1,25,0.04,0.025,0.0,5.12,2,2.83,links,,"Ranking lift, add internal links and local proof"
529,https://shaffercon.com/industry-insights/electrical-services-rancho-palos-verdes/,/industry-insights/electrical-services-rancho-palos-verdes/,blog,0,24,0.0,0.025,0.6,6.71,2,2.813,ctr,,"CTR fix, rewrite title and meta around proven queries"
530,https://shaffercon.com/service-areas/santa-clarita/residential-ceiling-fan-fixture-installation/,/service-areas/santa-clarita/residential-ceiling-fan-fixture-installation/,service_detail,0,43,0.0,0.012,0.5,12.6,2,2.808,links,ceiling fan installation pasadena,"Ranking lift, add internal links and local proof"
531,https://shaffercon.com/industry-insights/electrician-irwindale-ca-skilled-electrical-assistance-for-your-projects/,/industry-insights/electrician-irwindale-ca-skilled-electrical-assistance-for-your-projects/,blog,0,4,0.0,0.025,0.1,5.25,4,2.799,ctr,,"CTR fix, rewrite title and meta around proven queries"
532,https://shaffercon.com/service-areas/boyle-heights/residential-electrical-safety-inspections/,/service-areas/boyle-heights/residential-electrical-safety-inspections/,service_detail,0,4,0.0,0.025,0.1,8.75,4,2.799,ctr,,"CTR fix, rewrite title and meta around proven queries"
533,https://shaffercon.com/service-areas/culver-city/residential-lighting-installation-retrofitting/,/service-areas/culver-city/residential-lighting-installation-retrofitting/,service_detail,0,4,0.0,0.025,0.1,6.5,4,2.799,ctr,,"CTR fix, rewrite title and meta around proven queries"
534,https://shaffercon.com/service-areas/pasadena/residential-electrical-safety-inspections/,/service-areas/pasadena/residential-electrical-safety-inspections/,service_detail,0,4,0.0,0.025,0.1,6.5,4,2.799,ctr,,"CTR fix, rewrite title and meta around proven queries"
535,https://shaffercon.com/service-areas/pasadena/residential-landscape-outdoor-lighting/,/service-areas/pasadena/residential-landscape-outdoor-lighting/,service_detail,0,4,0.0,0.025,0.1,6.75,4,2.799,ctr,,"CTR fix, rewrite title and meta around proven queries"
536,https://shaffercon.com/service-areas/sherman-oaks/residential-electrical-code-compliance-corrections/,/service-areas/sherman-oaks/residential-electrical-code-compliance-corrections/,service_detail,0,4,0.0,0.025,0.1,5.75,4,2.799,ctr,,"CTR fix, rewrite title and meta around proven queries"
537,https://shaffercon.com/service-areas/sherman-oaks/residential-lighting-installation-retrofitting/,/service-areas/sherman-oaks/residential-lighting-installation-retrofitting/,service_detail,0,4,0.0,0.025,0.1,7.25,4,2.799,ctr,,"CTR fix, rewrite title and meta around proven queries"
538,https://shaffercon.com/service-areas/santa-clarita/residential-data-network-av-wiring/,/service-areas/santa-clarita/residential-data-network-av-wiring/,service_detail,0,23,0.0,0.05,1.2,4.91,2,2.792,ctr,,"CTR fix, rewrite title and meta around proven queries"
539,https://shaffercon.com/industry-insights/fall-into-savings-efficient-electricity-use-in-autumn/,/industry-insights/fall-into-savings-efficient-electricity-use-in-autumn/,blog,0,23,0.0,0.025,0.6,7.22,2,2.776,ctr,,"CTR fix, rewrite title and meta around proven queries"
540,https://shaffercon.com/service-areas/hollywood/residential-ceiling-fan-fixture-installation/,/service-areas/hollywood/residential-ceiling-fan-fixture-installation/,service_detail,0,23,0.0,0.025,0.6,8.22,2,2.776,ctr,ceiling fan installation hollywood,"CTR fix, rewrite title and meta around proven queries"
541,https://shaffercon.com/service-areas/torrance/residential-smart-automation-systems/,/service-areas/torrance/residential-smart-automation-systems/,service_detail,0,23,0.0,0.025,0.6,7.78,2,2.776,ctr,,"CTR fix, rewrite title and meta around proven queries"
542,https://shaffercon.com/service-areas/long-beach/commercial-data-network-av-wiring/,/service-areas/long-beach/commercial-data-network-av-wiring/,service_detail,0,37,0.0,0.004,0.1,28.32,5,2.769,content,structured cabling long beach; structured cabling installers long beach; structured cabling installers santa monica; professional data wiring los angeles; cam shaffer carpentry services,"Content lift, expand page and add links from stronger pages"
543,https://shaffercon.com/service-areas/west-hollywood/residential-pool-hot-tub-spa-electrical/,/service-areas/west-hollywood/residential-pool-hot-tub-spa-electrical/,service_detail,0,22,0.0,0.05,1.1,3.45,2,2.753,ctr,pool pump install west hollywood,"CTR fix, rewrite title and meta around proven queries"
544,https://shaffercon.com/industry-insights/fuse-box-upgrade-guide/,/industry-insights/fuse-box-upgrade-guide/,blog,0,39,0.0,0.012,0.5,10.74,2,2.736,ctr,"what is fuse block? in los angeles, california","CTR fix, rewrite title and meta around proven queries"
545,https://shaffercon.com/industry-insights/tesla-3d-supercharger-maps-porsche-closes-china-network-ford-ionna-plug-charge-holiday-travel-charging/,/industry-insights/tesla-3d-supercharger-maps-porsche-closes-china-network-ford-ionna-plug-charge-holiday-travel-charging/,blog,0,334,0.0,0.025,8.3,7.73,1,2.736,ctr,tesla holiday travel charging solution,Deprioritize unless it supports a money page
546,https://shaffercon.com/service-areas/santa-monica/residential-electrical-safety-inspections/,/service-areas/santa-monica/residential-electrical-safety-inspections/,service_detail,0,85,0.0,0.004,0.3,27.13,4,2.718,content,electrical inspection los angeles; electrical safety check los angeles ca; electrical inspection sunset park; electrical inspection; santa monica inspection,"Content lift, expand page and add links from stronger pages"
547,https://shaffercon.com/industry-insights/ev-charging-infrastructure-accelerates-america-achieves-record-20-growth-nacs-universal-adoption-maryland-5-million-funding-270kw-wireless-breakthrough-and-california-incentive-evolution/,/industry-insights/ev-charging-infrastructure-accelerates-america-achieves-record-20-growth-nacs-universal-adoption-maryland-5-million-funding-270kw-wireless-breakthrough-and-california-incentive-evolution/,blog,0,38,0.0,0.012,0.5,10.74,2,2.717,ctr,,"CTR fix, rewrite title and meta around proven queries"
548,https://shaffercon.com/service-areas/atwater-village/residential-backup-generator-installation/,/service-areas/atwater-village/residential-backup-generator-installation/,service_detail,0,7,0.0,0.025,0.2,7.57,3,2.714,ctr,,"CTR fix, rewrite title and meta around proven queries"
549,https://shaffercon.com/service-areas/burbank/residential-electrical-troubleshooting-repairs/,/service-areas/burbank/residential-electrical-troubleshooting-repairs/,service_detail,0,7,0.0,0.025,0.2,8.29,3,2.714,ctr,,"CTR fix, rewrite title and meta around proven queries"
550,https://shaffercon.com/service-areas/torrance/commercial-exhaust-fan-ventilation-wiring/,/service-areas/torrance/commercial-exhaust-fan-ventilation-wiring/,service_detail,0,34,0.0,0.004,0.1,21.97,5,2.706,content,industrial exhaust ventilation systems glendale; commercial exhaust fan installation glendale; industrial exhaust fan installation near me glendale; commercial exhaust system installation glendale; commercial ventilation services glendale,"Content lift, expand page and add links from stronger pages"
551,https://shaffercon.com/industry-insights/smart-home-electrical-wiring-future-proofing-los-angeles/,/industry-insights/smart-home-electrical-wiring-future-proofing-los-angeles/,blog,0,21,0.0,0.025,0.5,9.14,2,2.699,ctr,cam shaffer carpentry services,"CTR fix, rewrite title and meta around proven queries"
552,https://shaffercon.com/service-areas/burbank/residential-whole-building-surge-protection/,/service-areas/burbank/residential-whole-building-surge-protection/,service_detail,0,21,0.0,0.025,0.5,9.43,2,2.699,ctr,,"CTR fix, rewrite title and meta around proven queries"
553,https://shaffercon.com/service-areas/highland-park/commercial-ev-charger-installation/,/service-areas/highland-park/commercial-ev-charger-installation/,service_detail,0,32,0.0,0.004,0.1,25.94,5,2.661,content,ev charger installation highland park; ev charger installation highland village; ev charger installation in highland park; electric car charger installations highland park,"Content lift, expand page and add links from stronger pages"
554,https://shaffercon.com/service-areas/torrance/residential-outlet-switch-dimmer-services/,/service-areas/torrance/residential-outlet-switch-dimmer-services/,service_detail,0,10,0.0,0.012,0.1,10.6,3,2.659,ctr,,"CTR fix, rewrite title and meta around proven queries"
555,https://shaffercon.com/service-areas/burbank/residential-ceiling-fan-fixture-installation/,/service-areas/burbank/residential-ceiling-fan-fixture-installation/,service_detail,0,20,0.0,0.025,0.5,9.55,2,2.658,ctr,ceiling fan installation burbank; ceiling fan installation burbank; ceiling fan installation service burbank; smart controls burbank,"CTR fix, rewrite title and meta around proven queries"
556,https://shaffercon.com/service-areas/santa-clarita/residential-smart-automation-systems/,/service-areas/santa-clarita/residential-smart-automation-systems/,service_detail,0,20,0.0,0.025,0.5,6.25,2,2.658,ctr,,"CTR fix, rewrite title and meta around proven queries"
557,https://shaffercon.com/service-areas/west-hollywood/residential-dedicated-equipment-circuits/,/service-areas/west-hollywood/residential-dedicated-equipment-circuits/,service_detail,0,20,0.0,0.025,0.5,7.8,2,2.658,ctr,,"CTR fix, rewrite title and meta around proven queries"
558,https://shaffercon.com/industry-insights/ionna-circle-k-350-site-partnership-ohio-51m-nevi-64-sites-byd-1500kw-flash-charging-cox-auto-q1-ev-reset-mercedes-eqs-926km-800v/,/industry-insights/ionna-circle-k-350-site-partnership-ohio-51m-nevi-64-sites-byd-1500kw-flash-charging-cox-auto-q1-ev-reset-mercedes-eqs-926km-800v/,blog,0,34,0.0,0.012,0.4,10.06,2,2.636,ctr,,"CTR fix, rewrite title and meta around proven queries"
559,https://shaffercon.com/industry-insights/electrician-san-marino-ca-services/,/industry-insights/electrician-san-marino-ca-services/,blog,0,19,0.0,0.025,0.5,9.53,2,2.614,ctr,,"CTR fix, rewrite title and meta around proven queries"
560,https://shaffercon.com/industry-insights/home-electrical-safety-best-practices/,/industry-insights/home-electrical-safety-best-practices/,blog,0,19,0.0,0.025,0.5,6.31,2,2.614,ctr,,"CTR fix, rewrite title and meta around proven queries"
561,https://shaffercon.com/industry-insights/what-the-rebooted-nevi-program-means-for-ev-charger-projects-in-los-angeles/,/industry-insights/what-the-rebooted-nevi-program-means-for-ev-charger-projects-in-los-angeles/,blog,0,19,0.0,0.025,0.5,6.68,2,2.614,ctr,,"CTR fix, rewrite title and meta around proven queries"
562,https://shaffercon.com/service-areas/pasadena/residential-complete-electrical-rewiring/,/service-areas/pasadena/residential-complete-electrical-rewiring/,service_detail,0,19,0.0,0.025,0.5,5.95,2,2.614,ctr,pasadena house rewire,"CTR fix, rewrite title and meta around proven queries"
563,https://shaffercon.com/service-areas/glendale/commercial-electrical-troubleshooting-repairs/,/service-areas/glendale/commercial-electrical-troubleshooting-repairs/,service_detail,0,30,0.0,0.004,0.1,22.0,5,2.613,content,commercial exhaust fan repair glendale; commercial exhaust fan installation glendale,"Content lift, expand page and add links from stronger pages"
564,https://shaffercon.com/industry-insights/the-ultimate-guide-to-christmas-lights-illuminate-your-holidays-with-shaffer-construction/,/industry-insights/the-ultimate-guide-to-christmas-lights-illuminate-your-holidays-with-shaffer-construction/,blog,0,32,0.0,0.012,0.4,10.03,2,2.591,ctr,,"CTR fix, rewrite title and meta around proven queries"
565,https://shaffercon.com/service-areas/pacific-palisades/residential-data-network-av-wiring/,/service-areas/pacific-palisades/residential-data-network-av-wiring/,service_detail,0,32,0.0,0.012,0.4,10.75,2,2.591,ctr,"home network installation company pacific palisades, ca; smart home experts pacific palisades; home networking services pacific palisades, ca; structured wiring new construction los angeles","CTR fix, rewrite title and meta around proven queries"
566,https://shaffercon.com/industry-insights/ev-charging-infrastructure-breakthrough-developments-france-pioneers-300kw-dynamic-wireless-highway-charging-tesla-v4-achieves-500kw-operational-deployment-china-accelerates-toward-28-million-facil/,/industry-insights/ev-charging-infrastructure-breakthrough-developments-france-pioneers-300kw-dynamic-wireless-highway-charging-tesla-v4-achieves-500kw-operational-deployment-china-accelerates-toward-28-million-facil/,blog,0,18,0.0,0.025,0.5,8.61,2,2.569,ctr,,"CTR fix, rewrite title and meta around proven queries"
567,https://shaffercon.com/service-areas/glendale/residential-pool-hot-tub-spa-electrical/,/service-areas/glendale/residential-pool-hot-tub-spa-electrical/,service_detail,0,18,0.0,0.025,0.5,5.89,2,2.569,ctr,,"CTR fix, rewrite title and meta around proven queries"
568,https://shaffercon.com/service-areas/glendale/commercial-landscape-outdoor-lighting/,/service-areas/glendale/commercial-landscape-outdoor-lighting/,service_detail,0,28,0.0,0.004,0.1,22.78,5,2.562,content,outdoor lighting glendale; low voltage landscape lighting glendale; outdoor lighting glendale; landscape lighting glendale; low voltage landscape lighting glendale,"Content lift, expand page and add links from stronger pages"
569,https://shaffercon.com/service-areas/glendale/residential-backup-generator-installation/,/service-areas/glendale/residential-backup-generator-installation/,service_detail,0,28,0.0,0.004,0.1,23.79,5,2.562,content,generator installation glendale; generator installation chevy chase; generator installation glendale; generator installation chevy chase,"Content lift, expand page and add links from stronger pages"
570,https://shaffercon.com/brand-assets/Shaffer-Construction-Logo-light-mode-cropped.png/,/brand-assets/Shaffer-Construction-Logo-light-mode-cropped.png/,other,0,3,0.0,0.012,0.0,19.67,5,2.56,links,ev.energy logo,Monitor after higher value pages
571,https://shaffercon.com/commercial-security-motion-lighting/,/commercial-security-motion-lighting/,landing,0,3,0.0,0.012,0.0,16.67,5,2.56,links,,"Ranking lift, add internal links and local proof"
572,https://shaffercon.com/service-areas/altadena/commercial-complete-electrical-rewiring/,/service-areas/altadena/commercial-complete-electrical-rewiring/,service_detail,0,3,0.0,0.012,0.0,10.67,5,2.56,ctr,,"CTR fix, rewrite title and meta around proven queries"
573,https://shaffercon.com/service-areas/altadena/commercial-dedicated-equipment-circuits/,/service-areas/altadena/commercial-dedicated-equipment-circuits/,service_detail,0,3,0.0,0.012,0.0,18.33,5,2.56,links,commercial electrician services altadena,"Ranking lift, add internal links and local proof"
574,https://shaffercon.com/service-areas/atwater-village/commercial-whole-building-surge-protection/,/service-areas/atwater-village/commercial-whole-building-surge-protection/,service_detail,0,3,0.0,0.012,0.0,15.0,5,2.56,links,,"Ranking lift, add internal links and local proof"
575,https://shaffercon.com/service-areas/burbank/commercial-breaker-panel-service-maintenance/,/service-areas/burbank/commercial-breaker-panel-service-maintenance/,service_detail,0,3,0.0,0.012,0.0,10.67,5,2.56,ctr,,"CTR fix, rewrite title and meta around proven queries"
576,https://shaffercon.com/service-areas/culver-city/commercial-breaker-panel-service-maintenance/,/service-areas/culver-city/commercial-breaker-panel-service-maintenance/,service_detail,0,3,0.0,0.012,0.0,10.67,5,2.56,ctr,,"CTR fix, rewrite title and meta around proven queries"
577,https://shaffercon.com/service-areas/glendale/residential-breaker-panel-service-maintenance/,/service-areas/glendale/residential-breaker-panel-service-maintenance/,service_detail,0,3,0.0,0.012,0.0,13.0,5,2.56,links,,"Ranking lift, add internal links and local proof"
578,https://shaffercon.com/service-areas/hollywood/commercial-ev-charger-installation/,/service-areas/hollywood/commercial-ev-charger-installation/,service_detail,0,3,0.0,0.012,0.0,14.33,5,2.56,links,,"Ranking lift, add internal links and local proof"
579,https://shaffercon.com/service-areas/los-feliz/residential-breaker-panel-service-maintenance/,/service-areas/los-feliz/residential-breaker-panel-service-maintenance/,service_detail,0,3,0.0,0.012,0.0,13.67,5,2.56,links,,"Ranking lift, add internal links and local proof"
580,https://shaffercon.com/service-areas/pacific-palisades/commercial-exhaust-fan-ventilation-wiring/,/service-areas/pacific-palisades/commercial-exhaust-fan-ventilation-wiring/,service_detail,0,3,0.0,0.012,0.0,11.0,5,2.56,ctr,,"CTR fix, rewrite title and meta around proven queries"
581,https://shaffercon.com/service-areas/pasadena/commercial-outlet-switch-dimmer-services/,/service-areas/pasadena/commercial-outlet-switch-dimmer-services/,service_detail,0,3,0.0,0.012,0.0,14.0,5,2.56,links,,"Ranking lift, add internal links and local proof"
582,https://shaffercon.com/service-areas/santa-monica/residential-breaker-panel-service-maintenance/,/service-areas/santa-monica/residential-breaker-panel-service-maintenance/,service_detail,0,3,0.0,0.012,0.0,20.0,5,2.56,links,,"Ranking lift, add internal links and local proof"
583,https://shaffercon.com/service-areas/pasadena/residential-outlet-switch-dimmer-services/,/service-areas/pasadena/residential-outlet-switch-dimmer-services/,service_detail,0,6,0.0,0.025,0.2,9.33,3,2.539,ctr,,"CTR fix, rewrite title and meta around proven queries"
584,https://shaffercon.com/industry-insights/electrician-altadena-ca-your-local-electrical-service-experts/,/industry-insights/electrician-altadena-ca-your-local-electrical-service-experts/,blog,0,17,0.0,0.025,0.4,7.89,2,2.521,ctr,,"CTR fix, rewrite title and meta around proven queries"
585,https://shaffercon.com/industry-insights/q1-2026-fast-charging-report-evgo-nacs-expansion-catl-60gwh-sodium-ion-toyota-ev-sales-139-percent-kia-ev6-ev9-price-cuts/,/industry-insights/q1-2026-fast-charging-report-evgo-nacs-expansion-catl-60gwh-sodium-ion-toyota-ev-sales-139-percent-kia-ev6-ev9-price-cuts/,blog,0,17,0.0,0.025,0.4,6.47,2,2.521,ctr,,"CTR fix, rewrite title and meta around proven queries"
586,https://shaffercon.com/service-areas/burbank/residential-exhaust-fan-ventilation-wiring/,/service-areas/burbank/residential-exhaust-fan-ventilation-wiring/,service_detail,0,17,0.0,0.025,0.4,8.59,2,2.521,ctr,,"CTR fix, rewrite title and meta around proven queries"
587,https://shaffercon.com/service-areas/glendale/residential-energy-efficiency-upgrades/,/service-areas/glendale/residential-energy-efficiency-upgrades/,service_detail,0,17,0.0,0.025,0.4,7.94,2,2.521,ctr,energy efficient installation glendale; smart controls glendale,"CTR fix, rewrite title and meta around proven queries"
588,https://shaffercon.com/industry-insights/the-future-of-ev-charger-installation-trends-incentives-and-innovations-you-need-to-know/,/industry-insights/the-future-of-ev-charger-installation-trends-incentives-and-innovations-you-need-to-know/,blog,0,26,0.0,0.004,0.1,26.04,5,2.507,content,ev charging station installation projects; ev charging installation for new developments; ev charging installation for new developments; ev charging station installation projects,"Content lift, expand page and add links from stronger pages"
589,https://shaffercon.com/service-areas/los-feliz/commercial-complete-electrical-rewiring/,/service-areas/los-feliz/commercial-complete-electrical-rewiring/,service_detail,0,26,0.0,0.004,0.1,27.38,5,2.507,content,,"Content lift, expand page and add links from stronger pages"
590,https://shaffercon.com/industry-insights/tesla-superchargers-80000-stalls-kia-ev3-35k-debut-ev-realty-truck-hub-tariffs-charging-costs-v2g-mainstream/,/industry-insights/tesla-superchargers-80000-stalls-kia-ev3-35k-debut-ev-realty-truck-hub-tariffs-charging-costs-v2g-mainstream/,blog,0,231,0.0,0.025,5.8,6.72,1,2.502,ctr,tesla supercharger stalls north america 2026; kia ev3 tesla supercharger,Deprioritize unless it supports a money page
591,https://shaffercon.com/industry-insights/ces-2026-mercedes-electric-glc-chargepoint-600kw-used-ev-deals-afeela-tesla-robotaxi/,/industry-insights/ces-2026-mercedes-electric-glc-chargepoint-600kw-used-ev-deals-afeela-tesla-robotaxi/,blog,2,244,0.00819672131147541,0.025,4.1,8.05,1,2.487,ctr,chargepoint 600kw; tell me more about the new mercedes glc ev's range and charging capabilities.; 2026 glc 400; chargepoint 600 kw charger; mercedes eqe suv bidirectional charging,Deprioritize unless it supports a money page
592,https://shaffercon.com/service-areas/inglewood/commercial-lighting-installation-retrofitting/,/service-areas/inglewood/commercial-lighting-installation-retrofitting/,service_detail,0,25,0.0,0.004,0.1,30.0,5,2.479,content,"commercial lighting services beverly hills; lighting repair inglewood; commercial lighting installation and retrofits; commercial lighting solutions beverly hills, ca; construction lights inglewood","Content lift, expand page and add links from stronger pages"
593,https://shaffercon.com/industry-insights/2025-ev-sales-decline-2026-outlook-new-models-china-price-war-charger-tax-credit-deadline/,/industry-insights/2025-ev-sales-decline-2026-outlook-new-models-china-price-war-charger-tax-credit-deadline/,blog,0,219,0.0,0.025,5.5,7.63,1,2.471,ctr,us ev sales forecast 2026 flat or contracting,Deprioritize unless it supports a money page
594,https://shaffercon.com/industry-insights/electrician-monrovia-ca-comprehensive-electrical-solutions-for-you/,/industry-insights/electrician-monrovia-ca-comprehensive-electrical-solutions-for-you/,blog,0,16,0.0,0.025,0.4,8.69,2,2.471,ctr,,"CTR fix, rewrite title and meta around proven queries"
595,https://shaffercon.com/industry-insights/powerstation-off-grid-solar-chargers-california-zev-mandate-35-percent-loves-texas-ev-stations-tariff-costs-35-billion-site-size-growing/,/industry-insights/powerstation-off-grid-solar-chargers-california-zev-mandate-35-percent-loves-texas-ev-stations-tariff-costs-35-billion-site-size-growing/,blog,0,16,0.0,0.025,0.4,5.75,2,2.471,ctr,,"CTR fix, rewrite title and meta around proven queries"
596,https://shaffercon.com/service-areas/glendale/residential-whole-building-surge-protection/,/service-areas/glendale/residential-whole-building-surge-protection/,service_detail,0,16,0.0,0.025,0.4,7.62,2,2.471,ctr,house surge protector glendale,"CTR fix, rewrite title and meta around proven queries"
597,https://shaffercon.com/service-areas/los-feliz/residential-pool-hot-tub-spa-electrical/,/service-areas/los-feliz/residential-pool-hot-tub-spa-electrical/,service_detail,0,16,0.0,0.025,0.4,7.87,2,2.471,ctr,pool light installation los feliz; pool light installation los feliz; pool pump install los feliz; pool pump install los feliz,"CTR fix, rewrite title and meta around proven queries"
598,https://shaffercon.com/service-areas/santa-clarita/residential-dedicated-equipment-circuits/,/service-areas/santa-clarita/residential-dedicated-equipment-circuits/,service_detail,0,16,0.0,0.025,0.4,6.19,2,2.471,ctr,,"CTR fix, rewrite title and meta around proven queries"
599,https://shaffercon.com/industry-insights/lucid-best-luxury-ev-brand-renault-efficiency-record-hyundai-biggest-ev-2025-year-review-global-sales/,/industry-insights/lucid-best-luxury-ev-brand-renault-efficiency-record-hyundai-biggest-ev-2025-year-review-global-sales/,blog,0,216,0.0,0.025,5.4,7.15,1,2.463,ctr,best luxury electric vehicles 2025 2026 mercedes bmw audi porsche cadillac lucid rivian volvo; evaluate the auto company renault on luxury electric vehicles,Deprioritize unless it supports a money page
600,https://shaffercon.com/industry-insights/gfci-safety-installation-guide/,/industry-insights/gfci-safety-installation-guide/,blog,1,220,0.004545454545454545,0.004,0.0,37.2,3,2.462,content,gfci requirements; gfci-protected; gfci outlet requirements; gfci electrical; gfci protection,Monitor after higher value pages
601,https://shaffercon.com/service-areas/atwater-village/residential-electrical-troubleshooting-repairs/,/service-areas/atwater-village/residential-electrical-troubleshooting-repairs/,service_detail,0,8,0.0,0.012,0.1,11.88,3,2.436,ctr,atwater electrical contractor,"CTR fix, rewrite title and meta around proven queries"
602,https://shaffercon.com/industry-insights/ev-charging-in-2025-latest-trends-challenges-and-solutions-for-homeowners-and-businesses-in-los-angeles/,/industry-insights/ev-charging-in-2025-latest-trends-challenges-and-solutions-for-homeowners-and-businesses-in-los-angeles/,blog,0,205,0.0,0.025,5.1,6.95,1,2.432,ctr,wireless ev charging home status 2025; how to reduce home ev charging costs 2025 or 2026; wireless ev charging home adoption status 2025,Deprioritize unless it supports a money page
603,https://shaffercon.com/service-areas/highland-park/residential-smart-automation-systems/,/service-areas/highland-park/residential-smart-automation-systems/,service_detail,0,23,0.0,0.004,0.1,20.48,5,2.418,content,smart home automation highland park; commercial automation systems highland park; highland village smart home systems; highland park home automation; highland village smart home systems,"Content lift, expand page and add links from stronger pages"
604,https://shaffercon.com/service-areas/santa-clarita/residential-complete-electrical-rewiring/,/service-areas/santa-clarita/residential-complete-electrical-rewiring/,service_detail,0,15,0.0,0.025,0.4,6.53,2,2.417,ctr,,"CTR fix, rewrite title and meta around proven queries"
605,https://shaffercon.com/service-areas/torrance/residential-data-network-av-wiring/,/service-areas/torrance/residential-data-network-av-wiring/,service_detail,0,15,0.0,0.025,0.4,9.4,2,2.417,ctr,low voltage wiring torrance,"CTR fix, rewrite title and meta around proven queries"
606,https://shaffercon.com/service-areas/long-beach/residential-electrical-safety-inspections/,/service-areas/long-beach/residential-electrical-safety-inspections/,service_detail,0,3,0.0,0.05,0.2,4.67,4,2.412,ctr,,"CTR fix, rewrite title and meta around proven queries"
607,https://shaffercon.com/service-areas/burbank/residential-security-motion-lighting/,/service-areas/burbank/residential-security-motion-lighting/,service_detail,0,3,0.0,0.025,0.1,6.33,4,2.41,ctr,,"CTR fix, rewrite title and meta around proven queries"
608,https://shaffercon.com/service-areas/culver-city/residential-electrical-safety-inspections/,/service-areas/culver-city/residential-electrical-safety-inspections/,service_detail,0,3,0.0,0.025,0.1,6.33,4,2.41,ctr,,"CTR fix, rewrite title and meta around proven queries"
609,https://shaffercon.com/service-areas/echo-park/residential-security-motion-lighting/,/service-areas/echo-park/residential-security-motion-lighting/,service_detail,0,3,0.0,0.025,0.1,6.67,4,2.41,ctr,,"CTR fix, rewrite title and meta around proven queries"
610,https://shaffercon.com/service-areas/long-beach/residential-security-motion-lighting/,/service-areas/long-beach/residential-security-motion-lighting/,service_detail,0,3,0.0,0.025,0.1,6.0,4,2.41,ctr,security lighting long beach; security lighting long beach,"CTR fix, rewrite title and meta around proven queries"
611,https://shaffercon.com/service-areas/los-feliz/residential-security-motion-lighting/,/service-areas/los-feliz/residential-security-motion-lighting/,service_detail,0,3,0.0,0.025,0.1,6.33,4,2.41,ctr,,"CTR fix, rewrite title and meta around proven queries"
612,https://shaffercon.com/service-areas/torrance/residential-electrical-code-compliance-corrections/,/service-areas/torrance/residential-electrical-code-compliance-corrections/,service_detail,0,3,0.0,0.025,0.1,8.0,4,2.41,ctr,electrical code compliance services,"CTR fix, rewrite title and meta around proven queries"
613,https://shaffercon.com/service-areas/venice/residential-lighting-installation-retrofitting/,/service-areas/venice/residential-lighting-installation-retrofitting/,service_detail,0,3,0.0,0.025,0.1,7.33,4,2.41,ctr,,"CTR fix, rewrite title and meta around proven queries"
614,https://shaffercon.com/service-areas/west-hollywood/residential-lighting-installation-retrofitting/,/service-areas/west-hollywood/residential-lighting-installation-retrofitting/,service_detail,0,3,0.0,0.025,0.1,9.0,4,2.41,ctr,,"CTR fix, rewrite title and meta around proven queries"
615,https://shaffercon.com/emerging-trends-in-ev-charger-installation-and-infrastructure/,/emerging-trends-in-ev-charger-installation-and-infrastructure/,landing,0,2,0.0,0.05,0.1,5.0,5,2.388,ctr,,"CTR fix, rewrite title and meta around proven queries"
616,https://shaffercon.com/industry-insights/the-future-of-electric-vehicle-charging-insights-on-infrastructure-growth-and-safety-innovations/,/industry-insights/the-future-of-electric-vehicle-charging-insights-on-infrastructure-growth-and-safety-innovations/,blog,0,2,0.0,0.05,0.1,4.5,5,2.388,ctr,,"CTR fix, rewrite title and meta around proven queries"
617,https://shaffercon.com/service-areas/burbank/residential-breaker-panel-service-maintenance/,/service-areas/burbank/residential-breaker-panel-service-maintenance/,service_detail,0,2,0.0,0.05,0.1,5.0,5,2.388,ctr,,"CTR fix, rewrite title and meta around proven queries"
618,https://shaffercon.com/service-areas/glendale/commercial-electrical-safety-inspections/,/service-areas/glendale/commercial-electrical-safety-inspections/,service_detail,0,2,0.0,0.05,0.1,3.5,5,2.388,ctr,,"CTR fix, rewrite title and meta around proven queries"
619,https://shaffercon.com/service-areas/hollywood/commercial-complete-electrical-rewiring/,/service-areas/hollywood/commercial-complete-electrical-rewiring/,service_detail,0,2,0.0,0.05,0.1,4.5,5,2.388,ctr,,"CTR fix, rewrite title and meta around proven queries"
620,https://shaffercon.com/service-areas/sherman-oaks/commercial-energy-efficiency-upgrades/,/service-areas/sherman-oaks/commercial-energy-efficiency-upgrades/,service_detail,0,2,0.0,0.05,0.1,4.5,5,2.388,ctr,,"CTR fix, rewrite title and meta around proven queries"
621,https://shaffercon.com/industry-insights/the-future-of-ev-charging-in-los-angeles-breakthrough-technologies-expanded-access-and-smarter-infrastructure/,/industry-insights/the-future-of-ev-charging-in-los-angeles-breakthrough-technologies-expanded-access-and-smarter-infrastructure/,blog,0,2,0.0,0.025,0.1,8.5,5,2.387,ctr,,"CTR fix, rewrite title and meta around proven queries"
622,https://shaffercon.com/industry-insights/the-real-cost-of-ev-charging-in-los-angeles-why-investing-in-a-home-or-business-charger-is-the-smart-choice/,/industry-insights/the-real-cost-of-ev-charging-in-los-angeles-why-investing-in-a-home-or-business-charger-is-the-smart-choice/,blog,0,2,0.0,0.025,0.1,8.5,5,2.387,ctr,,"CTR fix, rewrite title and meta around proven queries"
623,https://shaffercon.com/service-areas/atwater-village/commercial-electrical-safety-inspections/,/service-areas/atwater-village/commercial-electrical-safety-inspections/,service_detail,0,2,0.0,0.025,0.1,8.0,5,2.387,ctr,,"CTR fix, rewrite title and meta around proven queries"
624,https://shaffercon.com/service-areas/beverly-hills/residential-lighting-installation-retrofitting/,/service-areas/beverly-hills/residential-lighting-installation-retrofitting/,service_detail,0,2,0.0,0.025,0.1,9.0,5,2.387,ctr,,"CTR fix, rewrite title and meta around proven queries"
625,https://shaffercon.com/service-areas/culver-city/commercial-electrical-panel-upgrades/,/service-areas/culver-city/commercial-electrical-panel-upgrades/,service_detail,0,2,0.0,0.025,0.1,5.5,5,2.387,ctr,,"CTR fix, rewrite title and meta around proven queries"
626,https://shaffercon.com/service-areas/culver-city/residential-breaker-panel-service-maintenance/,/service-areas/culver-city/residential-breaker-panel-service-maintenance/,service_detail,0,2,0.0,0.025,0.1,8.5,5,2.387,ctr,,"CTR fix, rewrite title and meta around proven queries"
627,https://shaffercon.com/service-areas/echo-park/commercial-electrical-troubleshooting-repairs/,/service-areas/echo-park/commercial-electrical-troubleshooting-repairs/,service_detail,0,2,0.0,0.025,0.1,6.0,5,2.387,ctr,,"CTR fix, rewrite title and meta around proven queries"
628,https://shaffercon.com/service-areas/echo-park/residential-breaker-panel-service-maintenance/,/service-areas/echo-park/residential-breaker-panel-service-maintenance/,service_detail,0,2,0.0,0.025,0.1,10.0,5,2.387,ctr,,"CTR fix, rewrite title and meta around proven queries"
629,https://shaffercon.com/service-areas/hollywood/commercial-data-network-av-wiring/,/service-areas/hollywood/commercial-data-network-av-wiring/,service_detail,0,2,0.0,0.025,0.1,6.5,5,2.387,ctr,,"CTR fix, rewrite title and meta around proven queries"
630,https://shaffercon.com/service-areas/los-feliz/commercial-data-network-av-wiring/,/service-areas/los-feliz/commercial-data-network-av-wiring/,service_detail,0,2,0.0,0.025,0.1,6.0,5,2.387,ctr,,"CTR fix, rewrite title and meta around proven queries"
631,https://shaffercon.com/service-areas/los-feliz/residential-ev-charger-installation/,/service-areas/los-feliz/residential-ev-charger-installation/,service_detail,0,2,0.0,0.025,0.1,10.0,5,2.387,ctr,,"CTR fix, rewrite title and meta around proven queries"
632,https://shaffercon.com/service-areas/pasadena/commercial-breaker-panel-service-maintenance/,/service-areas/pasadena/commercial-breaker-panel-service-maintenance/,service_detail,0,2,0.0,0.025,0.1,8.5,5,2.387,ctr,,"CTR fix, rewrite title and meta around proven queries"
633,https://shaffercon.com/service-areas/santa-clarita/commercial-electrical-safety-inspections/,/service-areas/santa-clarita/commercial-electrical-safety-inspections/,service_detail,0,2,0.0,0.025,0.1,8.5,5,2.387,ctr,,"CTR fix, rewrite title and meta around proven queries"
634,https://shaffercon.com/service-areas/sherman-oaks/commercial-electrical-safety-inspections/,/service-areas/sherman-oaks/commercial-electrical-safety-inspections/,service_detail,0,2,0.0,0.025,0.1,7.5,5,2.387,ctr,,"CTR fix, rewrite title and meta around proven queries"
635,https://shaffercon.com/service-areas/sherman-oaks/residential-breaker-panel-service-maintenance/,/service-areas/sherman-oaks/residential-breaker-panel-service-maintenance/,service_detail,0,2,0.0,0.025,0.1,9.0,5,2.387,ctr,best electrical rewiring contractor older home sherman oaks,"CTR fix, rewrite title and meta around proven queries"
636,https://shaffercon.com/service-areas/silver-lake/commercial-energy-efficiency-upgrades/,/service-areas/silver-lake/commercial-energy-efficiency-upgrades/,service_detail,0,2,0.0,0.025,0.1,6.0,5,2.387,ctr,,"CTR fix, rewrite title and meta around proven queries"
637,https://shaffercon.com/service-areas/torrance/commercial-electrical-troubleshooting-repairs/,/service-areas/torrance/commercial-electrical-troubleshooting-repairs/,service_detail,0,2,0.0,0.025,0.1,5.5,5,2.387,ctr,,"CTR fix, rewrite title and meta around proven queries"
638,https://shaffercon.com/service-areas/venice/commercial-electrical-panel-upgrades/,/service-areas/venice/commercial-electrical-panel-upgrades/,service_detail,0,2,0.0,0.025,0.1,5.5,5,2.387,ctr,,"CTR fix, rewrite title and meta around proven queries"
639,https://shaffercon.com/service-areas/venice/commercial-outlet-switch-dimmer-services/,/service-areas/venice/commercial-outlet-switch-dimmer-services/,service_detail,0,2,0.0,0.025,0.1,10.0,5,2.387,ctr,,"CTR fix, rewrite title and meta around proven queries"
640,https://shaffercon.com/service-areas/venice/residential-breaker-panel-service-maintenance/,/service-areas/venice/residential-breaker-panel-service-maintenance/,service_detail,0,2,0.0,0.025,0.1,7.5,5,2.387,ctr,,"CTR fix, rewrite title and meta around proven queries"
641,https://shaffercon.com/service-areas/boyle-heights/residential-ev-charger-installation/,/service-areas/boyle-heights/residential-ev-charger-installation/,service_detail,0,22,0.0,0.004,0.1,34.91,5,2.385,content,ev charger installation pasadena; ev charger installation prospect heights; ev charger installation derry; ev charger installation harwood heights; ev charger installation indian head park,"Content lift, expand page and add links from stronger pages"
642,https://shaffercon.com/service-areas/glendale/commercial-ev-charger-installation/,/service-areas/glendale/commercial-ev-charger-installation/,service_detail,0,22,0.0,0.004,0.1,27.37,5,2.385,content,ev charger installation glendale; ev charger installation glendale; structured cabling installers glendale,"Content lift, expand page and add links from stronger pages"
643,https://shaffercon.com/service-areas/pacific-palisades/residential-security-motion-lighting/,/service-areas/pacific-palisades/residential-security-motion-lighting/,service_detail,0,4,0.0,0.012,0.0,12.25,4,2.378,links,,"Ranking lift, add internal links and local proof"
644,https://shaffercon.com/service-areas/west-hollywood/residential-electrical-code-compliance-corrections/,/service-areas/west-hollywood/residential-electrical-code-compliance-corrections/,service_detail,0,4,0.0,0.012,0.0,18.25,4,2.378,links,,"Ranking lift, add internal links and local proof"
645,https://shaffercon.com/service-areas/pasadena/residential-lighting-installation-retrofitting/,/service-areas/pasadena/residential-lighting-installation-retrofitting/,service_detail,0,48,0.0,0.004,0.2,25.91,4,2.371,content,"residential lighting design pasadena, ca; lighting design services pasadena, ca; recessed lighting installation pasadena; lighting control system pasadena, ca; recessed lighting installation pasadena","Content lift, expand page and add links from stronger pages"
646,https://shaffercon.com/industry-insights/ev-charging-in-los-angeles-costs-grid-programs-v2g-and-how-to-avoid-common-installation-regrets/,/industry-insights/ev-charging-in-los-angeles-costs-grid-programs-v2g-and-how-to-avoid-common-installation-regrets/,blog,0,14,0.0,0.025,0.4,8.21,2,2.36,ctr,,"CTR fix, rewrite title and meta around proven queries"
647,https://shaffercon.com/industry-insights/fuses-101-essential-tips-for-handling-and-replacement/,/industry-insights/fuses-101-essential-tips-for-handling-and-replacement/,blog,0,14,0.0,0.025,0.4,6.21,2,2.36,ctr,,"CTR fix, rewrite title and meta around proven queries"
648,https://shaffercon.com/service-areas/glendale/residential-complete-electrical-rewiring/,/service-areas/glendale/residential-complete-electrical-rewiring/,service_detail,0,14,0.0,0.025,0.4,7.43,2,2.36,ctr,glendale house rewire; glendale house rewire,"CTR fix, rewrite title and meta around proven queries"
649,https://shaffercon.com/games/,/games/,landing,0,23,0.0,0.012,0.3,18.09,2,2.353,links,,"Ranking lift, add internal links and local proof"
650,https://shaffercon.com/industry-insights/the-future-of-ev-charging-infrastructure-trends-challenges-and-solutions-for-reliable-electric-vehicle-power/,/industry-insights/the-future-of-ev-charging-infrastructure-trends-challenges-and-solutions-for-reliable-electric-vehicle-power/,blog,0,21,0.0,0.004,0.1,34.81,5,2.351,content,future proofing site for ev chargers; ev future proofing; future of ev charging infrastructure challenges,"Content lift, expand page and add links from stronger pages"
651,https://shaffercon.com/service-areas/silver-lake/residential-electrical-troubleshooting-repairs/,/service-areas/silver-lake/residential-electrical-troubleshooting-repairs/,service_detail,0,5,0.0,0.025,0.1,8.0,3,2.337,ctr,,"CTR fix, rewrite title and meta around proven queries"
652,https://shaffercon.com/service-areas/santa-monica/commercial-complete-electrical-rewiring/,/service-areas/santa-monica/commercial-complete-electrical-rewiring/,service_detail,0,20,0.0,0.004,0.1,22.25,5,2.316,content,commercial solar panels santa monica; electrical contractors santa monica,"Content lift, expand page and add links from stronger pages"
653,https://shaffercon.com/service-areas/torrance/residential-pool-hot-tub-spa-electrical/,/service-areas/torrance/residential-pool-hot-tub-spa-electrical/,service_detail,0,13,0.0,0.05,0.7,3.54,2,2.307,ctr,,"CTR fix, rewrite title and meta around proven queries"
654,https://shaffercon.com/industry-insights/electrician-el-monte-expert-services/,/industry-insights/electrician-el-monte-expert-services/,blog,0,13,0.0,0.025,0.3,6.62,2,2.3,ctr,,"CTR fix, rewrite title and meta around proven queries"
655,https://shaffercon.com/industry-insights/used-ev-sales-surge-12-percent-ford-free-charger-power-promise-utilities-managed-charging-175k-level-2-ports-denza-500-mile-range/,/industry-insights/used-ev-sales-surge-12-percent-ford-free-charger-power-promise-utilities-managed-charging-175k-level-2-ports-denza-500-mile-range/,blog,0,13,0.0,0.025,0.3,7.15,2,2.3,ctr,,"CTR fix, rewrite title and meta around proven queries"
656,https://shaffercon.com/service-areas/pasadena/,/service-areas/pasadena/,location,1,153,0.006535947712418301,0.004,0.0,22.01,3,2.297,content,electric contractor pasadena; pasadena contractors electrical; ceiling fan installation pasadena; generator installer pasadena; sgv california,Monitor after higher value pages
657,https://shaffercon.com/industry-insights/smoke-detector-installation-guide/,/industry-insights/smoke-detector-installation-guide/,blog,0,21,0.0,0.012,0.3,12.23,2,2.288,links,,"Ranking lift, add internal links and local proof"
658,https://shaffercon.com/service-areas/culver-city/commercial-pool-hot-tub-spa-electrical/,/service-areas/culver-city/commercial-pool-hot-tub-spa-electrical/,service_detail,0,19,0.0,0.004,0.1,38.53,5,2.279,content,tub back up culver city; tub back up culver city,"Content lift, expand page and add links from stronger pages"
659,https://shaffercon.com/industry-insights/sparkling-holiday-lights-illuminating-your-festive-season-with-shaffer-construction/,/industry-insights/sparkling-holiday-lights-illuminating-your-festive-season-with-shaffer-construction/,blog,0,20,0.0,0.012,0.2,10.3,2,2.253,ctr,,"CTR fix, rewrite title and meta around proven queries"
660,https://shaffercon.com/service-areas/long-beach/residential-data-network-av-wiring/,/service-areas/long-beach/residential-data-network-av-wiring/,service_detail,0,20,0.0,0.012,0.2,12.0,2,2.253,ctr,structured cabling long beach; structured cabling installers long beach; structured cabling long beach,"CTR fix, rewrite title and meta around proven queries"
661,https://shaffercon.com/service-areas/beverly-hills/commercial-pool-hot-tub-spa-electrical/,/service-areas/beverly-hills/commercial-pool-hot-tub-spa-electrical/,service_detail,0,18,0.0,0.004,0.1,21.56,5,2.239,content,pool construction beverly hills; sherman oaks hotels with ev charging,"Content lift, expand page and add links from stronger pages"
662,https://shaffercon.com/service-areas/highland-park/commercial-landscape-outdoor-lighting/,/service-areas/highland-park/commercial-landscape-outdoor-lighting/,service_detail,0,18,0.0,0.004,0.1,25.84,5,2.239,content,landscape lighting services in highland village; led landscape lighting highland park; outdoor lighting highland park; highland park outdoor lighting,"Content lift, expand page and add links from stronger pages"
663,https://shaffercon.com/service-areas/pasadena/commercial-electrical-panel-upgrades/,/service-areas/pasadena/commercial-electrical-panel-upgrades/,service_detail,0,18,0.0,0.004,0.1,23.61,5,2.239,content,electrical panel upgrades pasadena,"Content lift, expand page and add links from stronger pages"
664,https://shaffercon.com/service-areas/santa-monica/commercial-electrical-panel-upgrades/,/service-areas/santa-monica/commercial-electrical-panel-upgrades/,service_detail,0,18,0.0,0.004,0.1,35.44,5,2.239,content,,"Content lift, expand page and add links from stronger pages"
665,https://shaffercon.com/service-areas/santa-monica/commercial-smart-automation-systems/,/service-areas/santa-monica/commercial-smart-automation-systems/,service_detail,0,18,0.0,0.004,0.1,31.0,5,2.239,content,smart lighting santa monica; commercial security camera system santa monica; commercial security camera system santa monica; smart lighting santa monica,"Content lift, expand page and add links from stronger pages"
666,https://shaffercon.com/service-areas/sherman-oaks/commercial-data-network-av-wiring/,/service-areas/sherman-oaks/commercial-data-network-av-wiring/,service_detail,0,18,0.0,0.004,0.1,38.5,5,2.239,content,sherman oaks boardrooms; sherman oaks boardrooms,"Content lift, expand page and add links from stronger pages"
667,https://shaffercon.com/service-areas/venice/commercial-whole-building-surge-protection/,/service-areas/venice/commercial-whole-building-surge-protection/,service_detail,0,18,0.0,0.004,0.1,35.39,5,2.239,content,whole house surge protection venice fl; whole home surge protector venice fl; whole house surge protection venice fl,"Content lift, expand page and add links from stronger pages"
668,https://shaffercon.com/contact-us/,/contact-us/,landing,29,1545,0.018770226537216828,0.004,0.0,24.44,2,2.232,content,shaffer construction; shaffer; schaffer construction; shaffer electric; schaeffer construction,Monitor after higher value pages
669,https://shaffercon.com/service-areas/highland-park/residential-ceiling-fan-fixture-installation/,/service-areas/highland-park/residential-ceiling-fan-fixture-installation/,service_detail,0,36,0.0,0.004,0.1,29.81,4,2.199,content,ceiling fan installation highland; highland park pendant lighting fixtures; highland park pendant lighting fixtures; highland park contemporary pendant light fixtures; highland park pendant light fixtures,"Content lift, expand page and add links from stronger pages"
670,https://shaffercon.com/industry-insights/electrician-moorpark-ca-dedicated-electrical-expertise-for-your-needs/,/industry-insights/electrician-moorpark-ca-dedicated-electrical-expertise-for-your-needs/,blog,0,11,0.0,0.025,0.3,7.64,2,2.164,ctr,,"CTR fix, rewrite title and meta around proven queries"
671,https://shaffercon.com/industry-insights/ev-charging-acceleration-november-2025-chargepoint-sourcewell-illinois-funding-global-technology-showcase-workplace-charging-growth-and-california-fast-charge-initiatives/,/industry-insights/ev-charging-acceleration-november-2025-chargepoint-sourcewell-illinois-funding-global-technology-showcase-workplace-charging-growth-and-california-fast-charge-initiatives/,blog,0,11,0.0,0.025,0.3,7.09,2,2.164,ctr,,"CTR fix, rewrite title and meta around proven queries"
672,https://shaffercon.com/service-areas/glendale/residential-ceiling-fan-fixture-installation/,/service-areas/glendale/residential-ceiling-fan-fixture-installation/,service_detail,0,11,0.0,0.025,0.3,7.82,2,2.164,ctr,,"CTR fix, rewrite title and meta around proven queries"
673,https://shaffercon.com/service-areas/venice/residential-exhaust-fan-ventilation-wiring/,/service-areas/venice/residential-exhaust-fan-ventilation-wiring/,service_detail,0,11,0.0,0.025,0.3,8.0,2,2.164,ctr,,"CTR fix, rewrite title and meta around proven queries"
674,https://shaffercon.com/industry-insights/the-future-of-ev-charging-infrastructure-key-trends-innovations-and-opportunities-for-los-angeles-businesses-and-homeowners/,/industry-insights/the-future-of-ev-charging-infrastructure-key-trends-innovations-and-opportunities-for-los-angeles-businesses-and-homeowners/,blog,0,16,0.0,0.004,0.1,27.19,5,2.155,content,future proofing site for ev chargers,"Content lift, expand page and add links from stronger pages"
675,https://shaffercon.com/industry-insights/the-rise-of-electric-vehicle-charging-stations-a-new-era-of-sustainable-transportation-in-the-u-s/,/industry-insights/the-rise-of-electric-vehicle-charging-stations-a-new-era-of-sustainable-transportation-in-the-u-s/,blog,0,16,0.0,0.004,0.1,21.37,5,2.155,content,zero emission vehicle charging,"Content lift, expand page and add links from stronger pages"
676,https://shaffercon.com/service-areas/santa-clarita/residential-exhaust-fan-ventilation-wiring/,/service-areas/santa-clarita/residential-exhaust-fan-ventilation-wiring/,service_detail,0,17,0.0,0.012,0.2,10.06,2,2.138,ctr,whole home fans santa clarita,"CTR fix, rewrite title and meta around proven queries"
677,https://shaffercon.com/industry-insights/the-importance-of-ev-charger-infrastructure-for-a-sustainable-los-angeles/,/industry-insights/the-importance-of-ev-charger-infrastructure-for-a-sustainable-los-angeles/,blog,0,15,0.0,0.004,0.1,36.2,5,2.108,content,sustainable commercial construction los angeles,"Content lift, expand page and add links from stronger pages"
678,https://shaffercon.com/service-areas/santa-monica/residential-outlet-switch-dimmer-services/,/service-areas/santa-monica/residential-outlet-switch-dimmer-services/,service_detail,0,4,0.0,0.05,0.2,4.75,3,2.101,ctr,,"CTR fix, rewrite title and meta around proven queries"
679,https://shaffercon.com/service-areas/atwater-village/residential-outlet-switch-dimmer-services/,/service-areas/atwater-village/residential-outlet-switch-dimmer-services/,service_detail,0,4,0.0,0.025,0.1,9.5,3,2.099,ctr,,"CTR fix, rewrite title and meta around proven queries"
680,https://shaffercon.com/service-areas/backup-generator-installation__trashed/residential-backup-generator-installation/,/service-areas/backup-generator-installation__trashed/residential-backup-generator-installation/,service_detail,0,4,0.0,0.025,0.1,6.25,3,2.099,ctr,,"CTR fix, rewrite title and meta around proven queries"
681,https://shaffercon.com/service-areas/venice/residential-electrical-troubleshooting-repairs/,/service-areas/venice/residential-electrical-troubleshooting-repairs/,service_detail,0,4,0.0,0.025,0.1,7.25,3,2.099,ctr,,"CTR fix, rewrite title and meta around proven queries"
682,https://shaffercon.com/service-areas/culver-city/residential-data-network-av-wiring/,/service-areas/culver-city/residential-data-network-av-wiring/,service_detail,0,10,0.0,0.025,0.2,5.5,2,2.088,ctr,,"CTR fix, rewrite title and meta around proven queries"
683,https://shaffercon.com/service-areas/west-hollywood/residential-backup-generator-installation/,/service-areas/west-hollywood/residential-backup-generator-installation/,service_detail,0,93,0.0,0.004,0.4,38.29,3,2.079,content,generator install los angeles; west hollywood concrete generator pad; hollywood concrete generator pad; generator installation los angeles; santa venetia standby generator,Monitor after higher value pages
684,https://shaffercon.com/industry-insights/laz-parking-50000-ev-chargers-ford-19-billion-writedown-hydrohertz-68-percent-faster-charging-bmw-supercharger/,/industry-insights/laz-parking-50000-ev-chargers-ford-19-billion-writedown-hydrohertz-68-percent-faster-charging-bmw-supercharger/,blog,0,104,0.0,0.025,2.6,7.96,1,2.074,ctr,tesla supercharger telemetry data volume and cost challenges 2025,Deprioritize unless it supports a money page
685,https://shaffercon.com/service-areas/santa-monica/commercial-security-motion-lighting/,/service-areas/santa-monica/commercial-security-motion-lighting/,service_detail,0,14,0.0,0.004,0.1,21.5,5,2.059,content,commercial security camera system santa monica; licensed solar security santa monica; security camera service santa monica,"Content lift, expand page and add links from stronger pages"
686,https://shaffercon.com/service-areas/echo-park/residential-electrical-code-compliance-corrections/,/service-areas/echo-park/residential-electrical-code-compliance-corrections/,service_detail,0,3,0.0,0.012,0.0,10.33,4,2.048,ctr,,"CTR fix, rewrite title and meta around proven queries"
687,https://shaffercon.com/service-areas/atwater-village/commercial-security-motion-lighting/,/service-areas/atwater-village/commercial-security-motion-lighting/,service_detail,0,2,0.0,0.012,0.0,16.0,5,2.028,links,,"Ranking lift, add internal links and local proof"
688,https://shaffercon.com/service-areas/echo-park/commercial-data-network-av-wiring/,/service-areas/echo-park/commercial-data-network-av-wiring/,service_detail,0,2,0.0,0.012,0.0,12.5,5,2.028,links,,"Ranking lift, add internal links and local proof"
689,https://shaffercon.com/service-areas/glendale/commercial-breaker-panel-service-maintenance/,/service-areas/glendale/commercial-breaker-panel-service-maintenance/,service_detail,0,2,0.0,0.012,0.0,17.5,5,2.028,links,,"Ranking lift, add internal links and local proof"
690,https://shaffercon.com/service-areas/glendale/commercial-energy-efficiency-upgrades/,/service-areas/glendale/commercial-energy-efficiency-upgrades/,service_detail,0,2,0.0,0.012,0.0,11.0,5,2.028,ctr,,"CTR fix, rewrite title and meta around proven queries"
691,https://shaffercon.com/service-areas/pacific-palisades/commercial-smart-automation-systems/,/service-areas/pacific-palisades/commercial-smart-automation-systems/,service_detail,0,2,0.0,0.012,0.0,11.0,5,2.028,ctr,,"CTR fix, rewrite title and meta around proven queries"
692,https://shaffercon.com/service-areas/pasadena/commercial-landscape-outdoor-lighting/,/service-areas/pasadena/commercial-landscape-outdoor-lighting/,service_detail,0,2,0.0,0.012,0.0,18.0,5,2.028,links,landscape light installation pasadena,"Ranking lift, add internal links and local proof"
693,https://shaffercon.com/service-areas/santa-monica/commercial-energy-efficiency-upgrades/,/service-areas/santa-monica/commercial-energy-efficiency-upgrades/,service_detail,0,2,0.0,0.012,0.0,13.0,5,2.028,links,,"Ranking lift, add internal links and local proof"
694,https://shaffercon.com/service-areas/silver-lake/residential-breaker-panel-service-maintenance/,/service-areas/silver-lake/residential-breaker-panel-service-maintenance/,service_detail,0,2,0.0,0.012,0.0,12.0,5,2.028,ctr,,"CTR fix, rewrite title and meta around proven queries"
695,https://shaffercon.com/service-areas/torrance/commercial-complete-electrical-rewiring/,/service-areas/torrance/commercial-complete-electrical-rewiring/,service_detail,0,2,0.0,0.012,0.0,19.5,5,2.028,links,,"Ranking lift, add internal links and local proof"
696,https://shaffercon.com/service-areas/torrance/residential-breaker-panel-service-maintenance/,/service-areas/torrance/residential-breaker-panel-service-maintenance/,service_detail,0,2,0.0,0.012,0.0,12.0,5,2.028,ctr,,"CTR fix, rewrite title and meta around proven queries"
697,https://shaffercon.com/service-areas/beverly-hills/residential-data-network-av-wiring/,/service-areas/beverly-hills/residential-data-network-av-wiring/,service_detail,0,13,0.0,0.08,1.0,2.15,5,2.027,ctr,residential structured wiring design in beverly hills ca,"CTR fix, rewrite title and meta around proven queries"
698,https://shaffercon.com/service-areas/santa-clarita/residential-whole-building-surge-protection/,/service-areas/santa-clarita/residential-whole-building-surge-protection/,service_detail,0,9,0.0,0.05,0.5,3.78,2,2.009,ctr,,"CTR fix, rewrite title and meta around proven queries"
699,https://shaffercon.com/service-areas/culver-city/commercial-landscape-outdoor-lighting/,/service-areas/culver-city/commercial-landscape-outdoor-lighting/,service_detail,0,13,0.0,0.004,0.1,20.54,5,2.007,content,construction lights culver city,"Content lift, expand page and add links from stronger pages"
700,https://shaffercon.com/service-areas/hollywood/commercial-ceiling-fan-fixture-installation/,/service-areas/hollywood/commercial-ceiling-fan-fixture-installation/,service_detail,0,13,0.0,0.004,0.1,20.08,5,2.007,content,ceiling fan installation hollywood,"Content lift, expand page and add links from stronger pages"
701,https://shaffercon.com/industry-insights/electrician-services-laguna-niguel-ca/,/industry-insights/electrician-services-laguna-niguel-ca/,blog,0,9,0.0,0.025,0.2,6.67,2,2.005,ctr,,"CTR fix, rewrite title and meta around proven queries"
702,https://shaffercon.com/industry-insights/california-200000-ev-chargers-oregon-fleet-rebate-germany-truck-charging-electrify-america-simon-tesla-2025-deliveries/,/industry-insights/california-200000-ev-chargers-oregon-fleet-rebate-germany-truck-charging-electrify-america-simon-tesla-2025-deliveries/,blog,0,90,0.0,0.025,2.2,8.08,1,2.003,ctr,most competitive rebate programs for long-haul heavy-duty truck fleets 2025 2026; competitive rebate programs for long-haul and heavy-duty truck fleets,Deprioritize unless it supports a money page
703,https://shaffercon.com/service-areas/glendale/residential-electrical-troubleshooting-repairs/,/service-areas/glendale/residential-electrical-troubleshooting-repairs/,service_detail,0,5,0.0,0.012,0.1,12.4,3,1.985,links,,"Ranking lift, add internal links and local proof"
704,https://shaffercon.com/industry-insights/revolutionary-ev-charging-developments-transform-infrastructure-landscape-ultra-fast-1mw-technology-streetlight-integration-300-billion-global-investment-forecast-pennsylvania-community-expansion/,/industry-insights/revolutionary-ev-charging-developments-transform-infrastructure-landscape-ultra-fast-1mw-technology-streetlight-integration-300-billion-global-investment-forecast-pennsylvania-community-expansion/,blog,0,13,0.0,0.012,0.2,17.0,2,1.951,links,,"Ranking lift, add internal links and local proof"
705,https://shaffercon.com/industry-insights/solar-canopy-ev-charging-german-automakers-supercharger-access-ionna-network-expansion-billing-architecture/,/industry-insights/solar-canopy-ev-charging-german-automakers-supercharger-access-ionna-network-expansion-billing-architecture/,blog,0,13,0.0,0.012,0.2,13.85,2,1.951,links,,"Ranking lift, add internal links and local proof"
706,https://shaffercon.com/industry-insights/ev-infrastructure-evolution-accelerates-tesla-multipass-european-expansion-federal-incentive-expiration-impact-california-leadership-milestone-france-wireless-highway-charging-breakthrough-and-co/,/industry-insights/ev-infrastructure-evolution-accelerates-tesla-multipass-european-expansion-federal-incentive-expiration-impact-california-leadership-milestone-france-wireless-highway-charging-breakthrough-and-co/,blog,0,164,0.0,0.012,2.0,10.89,1,1.922,ctr,tesla ev adoption acceleration; tesla ev adoption acceleration battery costs; tesla multipass supported countries europe 2026,Deprioritize unless it supports a money page
707,https://shaffercon.com/industry-insights/case-study-how-our-electrical-services-boosted-a-local-la-business/,/industry-insights/case-study-how-our-electrical-services-boosted-a-local-la-business/,blog,0,8,0.0,0.025,0.2,5.25,2,1.912,ctr,,"CTR fix, rewrite title and meta around proven queries"
708,https://shaffercon.com/industry-insights/ev-charging-summit-execution-era-grid-delays-87-billion-stellantis-supercharger-evgo-growth/,/industry-insights/ev-charging-summit-execution-era-grid-delays-87-billion-stellantis-supercharger-evgo-growth/,blog,0,8,0.0,0.025,0.2,9.88,2,1.912,ctr,,"CTR fix, rewrite title and meta around proven queries"
709,https://shaffercon.com/industry-insights/house-surge-protectors-tips-for-selection-and-installation/,/industry-insights/house-surge-protectors-tips-for-selection-and-installation/,blog,0,8,0.0,0.025,0.2,7.88,2,1.912,ctr,,"CTR fix, rewrite title and meta around proven queries"
710,https://shaffercon.com/industry-insights/tesla-q1-2026-earnings-catl-next-gen-ecosystem-mercedes-c-class-473-miles-europe-51-percent-ev-share-30c-june-30-deadline/,/industry-insights/tesla-q1-2026-earnings-catl-next-gen-ecosystem-mercedes-c-class-473-miles-europe-51-percent-ev-share-30c-june-30-deadline/,blog,0,8,0.0,0.025,0.2,7.5,2,1.912,ctr,,"CTR fix, rewrite title and meta around proven queries"
711,https://shaffercon.com/industry-insights/understanding-dimmers-tips-for-optimal-use-and-installation/,/industry-insights/understanding-dimmers-tips-for-optimal-use-and-installation/,blog,0,8,0.0,0.025,0.2,7.25,2,1.912,ctr,,"CTR fix, rewrite title and meta around proven queries"
712,https://shaffercon.com/service-areas/culver-city/residential-dedicated-equipment-circuits/,/service-areas/culver-city/residential-dedicated-equipment-circuits/,service_detail,0,8,0.0,0.025,0.2,9.62,2,1.912,ctr,,"CTR fix, rewrite title and meta around proven queries"
713,https://shaffercon.com/service-areas/inglewood/residential-whole-building-surge-protection/,/service-areas/inglewood/residential-whole-building-surge-protection/,service_detail,0,8,0.0,0.025,0.2,5.12,2,1.912,ctr,power surge protection inglewood,"CTR fix, rewrite title and meta around proven queries"
714,https://shaffercon.com/service-areas/long-beach/residential-pool-hot-tub-spa-electrical/,/service-areas/long-beach/residential-pool-hot-tub-spa-electrical/,service_detail,0,8,0.0,0.025,0.2,6.25,2,1.912,ctr,,"CTR fix, rewrite title and meta around proven queries"
715,https://shaffercon.com/service-areas/pacific-palisades/residential-pool-hot-tub-spa-electrical/,/service-areas/pacific-palisades/residential-pool-hot-tub-spa-electrical/,service_detail,0,8,0.0,0.025,0.2,7.75,2,1.912,ctr,pool contractor pacific palisades,"CTR fix, rewrite title and meta around proven queries"
716,https://shaffercon.com/service-areas/sherman-oaks/residential-smart-automation-systems/,/service-areas/sherman-oaks/residential-smart-automation-systems/,service_detail,0,8,0.0,0.025,0.2,5.37,2,1.912,ctr,,"CTR fix, rewrite title and meta around proven queries"
717,https://shaffercon.com/service-areas/venice/residential-smart-automation-systems/,/service-areas/venice/residential-smart-automation-systems/,service_detail,0,8,0.0,0.025,0.2,5.88,2,1.912,ctr,,"CTR fix, rewrite title and meta around proven queries"
718,https://shaffercon.com/industry-insights/modern-lighting-trends-solutions/,/industry-insights/modern-lighting-trends-solutions/,blog,0,2,0.0,0.025,0.1,10.0,4,1.909,ctr,,"CTR fix, rewrite title and meta around proven queries"
719,https://shaffercon.com/service-areas/hollywood/residential-landscape-outdoor-lighting/,/service-areas/hollywood/residential-landscape-outdoor-lighting/,service_detail,0,2,0.0,0.025,0.1,9.5,4,1.909,ctr,,"CTR fix, rewrite title and meta around proven queries"
720,https://shaffercon.com/service-areas/santa-monica/residential-electrical-code-compliance-corrections/,/service-areas/santa-monica/residential-electrical-code-compliance-corrections/,service_detail,0,2,0.0,0.025,0.1,8.0,4,1.909,ctr,,"CTR fix, rewrite title and meta around proven queries"
721,https://shaffercon.com/service-areas/altadena/residential-data-network-av-wiring/,/service-areas/altadena/residential-data-network-av-wiring/,service_detail,0,12,0.0,0.012,0.1,11.08,2,1.896,ctr,av cabling and wiring services,"CTR fix, rewrite title and meta around proven queries"
722,https://shaffercon.com/service-areas/santa-clarita/residential-energy-efficiency-upgrades/,/service-areas/santa-clarita/residential-energy-efficiency-upgrades/,service_detail,0,12,0.0,0.012,0.1,10.5,2,1.896,ctr,battery storage contractor santa clarita,"CTR fix, rewrite title and meta around proven queries"
723,https://shaffercon.com/industry-insights/planning-ev-charger-infrastructure-installation-in-los-angeles-costs-options-and-what-to-expect/,/industry-insights/planning-ev-charger-infrastructure-installation-in-los-angeles-costs-options-and-what-to-expect/,blog,0,11,0.0,0.004,0.0,30.91,5,1.889,content,civil work construction for ev infrastructure,"Content lift, expand page and add links from stronger pages"
724,https://shaffercon.com/service-areas/burbank/commercial-ceiling-fan-fixture-installation/,/service-areas/burbank/commercial-ceiling-fan-fixture-installation/,service_detail,0,11,0.0,0.004,0.0,20.64,5,1.889,content,ceiling fan installation burbank,"Content lift, expand page and add links from stronger pages"
725,https://shaffercon.com/service-areas/hollywood/commercial-energy-efficiency-upgrades/,/service-areas/hollywood/commercial-energy-efficiency-upgrades/,service_detail,0,11,0.0,0.004,0.0,25.73,5,1.889,content,,"Content lift, expand page and add links from stronger pages"
726,https://shaffercon.com/service-areas/torrance/commercial-electrical-code-compliance-corrections/,/service-areas/torrance/commercial-electrical-code-compliance-corrections/,service_detail,0,11,0.0,0.004,0.0,22.82,5,1.889,content,electrical code compliance services; commercial electrical code compliance in southern ca; electrical code correction,"Content lift, expand page and add links from stronger pages"
727,https://shaffercon.com/industry-insights/renewable-energy-systems-transforming-electrical-infrastructures/,/industry-insights/renewable-energy-systems-transforming-electrical-infrastructures/,blog,0,11,0.0,0.012,0.1,10.45,2,1.837,ctr,,"CTR fix, rewrite title and meta around proven queries"
728,https://shaffercon.com/industry-insights/telephone-power-essentials-tips-for-reliable-operation/,/industry-insights/telephone-power-essentials-tips-for-reliable-operation/,blog,0,11,0.0,0.012,0.1,10.36,2,1.837,ctr,,"CTR fix, rewrite title and meta around proven queries"
729,https://shaffercon.com/service-areas/culver-city/residential-exhaust-fan-ventilation-wiring/,/service-areas/culver-city/residential-exhaust-fan-ventilation-wiring/,service_detail,0,11,0.0,0.012,0.1,13.18,2,1.837,links,solar attic fan culver in,"Ranking lift, add internal links and local proof"
730,https://shaffercon.com/service-areas/pasadena/residential-exhaust-fan-ventilation-wiring/,/service-areas/pasadena/residential-exhaust-fan-ventilation-wiring/,service_detail,0,11,0.0,0.012,0.1,13.36,2,1.837,links,bathroom exhaust fan pasadena,"Ranking lift, add internal links and local proof"
731,https://shaffercon.com/service-areas/highland-park/commercial-backup-generator-installation/,/service-areas/highland-park/commercial-backup-generator-installation/,service_detail,0,10,0.0,0.004,0.0,27.8,5,1.823,content,generator installation highland; generator installation highland park; commercial generator system design consulting,"Content lift, expand page and add links from stronger pages"
732,https://shaffercon.com/service-areas/highland-park/residential-electrical-panel-upgrades/,/service-areas/highland-park/residential-electrical-panel-upgrades/,service_detail,0,10,0.0,0.004,0.0,25.0,5,1.823,content,electrical panel upgrade highland village,"Content lift, expand page and add links from stronger pages"
733,https://shaffercon.com/service-areas/venice/commercial-backup-generator-installation/,/service-areas/venice/commercial-backup-generator-installation/,service_detail,0,10,0.0,0.004,0.0,36.0,5,1.823,content,generator installation venice; higher power roofing | venice commercial,"Content lift, expand page and add links from stronger pages"
734,https://shaffercon.com/service-areas/burbank/residential-pool-hot-tub-spa-electrical/,/service-areas/burbank/residential-pool-hot-tub-spa-electrical/,service_detail,0,7,0.0,0.05,0.4,4.43,2,1.813,ctr,,"CTR fix, rewrite title and meta around proven queries"
735,https://shaffercon.com/service-areas/echo-park/residential-exhaust-fan-ventilation-wiring/,/service-areas/echo-park/residential-exhaust-fan-ventilation-wiring/,service_detail,0,7,0.0,0.05,0.4,4.71,2,1.813,ctr,,"CTR fix, rewrite title and meta around proven queries"
736,https://shaffercon.com/industry-insights/top-trends-challenges-and-innovations-in-ev-charging-infrastructure-for-2025/,/industry-insights/top-trends-challenges-and-innovations-in-ev-charging-infrastructure-for-2025/,blog,0,125,0.0,0.012,1.5,15.35,1,1.812,links,ev charging trends; what's ahead for ultrafast ev charging; future of ev charging trends and innovations; ev charger installation design ideas 2025; chargedevs.com,Deprioritize unless it supports a money page
737,https://shaffercon.com/industry-insights/mastering-circuit-breakers-tips-for-effective-resetting/,/industry-insights/mastering-circuit-breakers-tips-for-effective-resetting/,blog,0,7,0.0,0.025,0.2,9.29,2,1.809,ctr,,"CTR fix, rewrite title and meta around proven queries"
738,https://shaffercon.com/service-areas/burbank/residential-backup-generator-installation/,/service-areas/burbank/residential-backup-generator-installation/,service_detail,0,3,0.0,0.05,0.2,4.67,3,1.809,ctr,generator installation burbank,"CTR fix, rewrite title and meta around proven queries"
739,https://shaffercon.com/service-areas/inglewood/residential-backup-generator-installation/,/service-areas/inglewood/residential-backup-generator-installation/,service_detail,0,3,0.0,0.05,0.2,4.0,3,1.809,ctr,,"CTR fix, rewrite title and meta around proven queries"
740,https://shaffercon.com/service-areas/sherman-oaks/residential-exhaust-fan-ventilation-wiring/,/service-areas/sherman-oaks/residential-exhaust-fan-ventilation-wiring/,service_detail,0,7,0.0,0.025,0.2,7.14,2,1.809,ctr,,"CTR fix, rewrite title and meta around proven queries"
741,https://shaffercon.com/service-areas/west-hollywood/residential-data-network-av-wiring/,/service-areas/west-hollywood/residential-data-network-av-wiring/,service_detail,0,7,0.0,0.025,0.2,9.0,2,1.809,ctr,,"CTR fix, rewrite title and meta around proven queries"
742,https://shaffercon.com/service-areas/glendale/residential-outlet-switch-dimmer-services/,/service-areas/glendale/residential-outlet-switch-dimmer-services/,service_detail,0,3,0.0,0.025,0.1,9.0,3,1.808,ctr,,"CTR fix, rewrite title and meta around proven queries"
743,https://shaffercon.com/service-areas/sherman-oaks/residential-electrical-troubleshooting-repairs/,/service-areas/sherman-oaks/residential-electrical-troubleshooting-repairs/,service_detail,0,4,0.0,0.012,0.0,15.75,3,1.783,links,,"Ranking lift, add internal links and local proof"
744,https://shaffercon.com/service-areas/venice/residential-backup-generator-installation/,/service-areas/venice/residential-backup-generator-installation/,service_detail,0,4,0.0,0.012,0.0,14.25,3,1.783,links,generator installation venice,"Ranking lift, add internal links and local proof"
745,https://shaffercon.com/service-areas/inglewood/residential-smart-automation-systems/,/service-areas/inglewood/residential-smart-automation-systems/,service_detail,0,10,0.0,0.012,0.1,17.0,2,1.772,links,thermostat installation inglewood; thermostat installation inglewood,"Ranking lift, add internal links and local proof"
746,https://shaffercon.com/service-areas/beverly-hills/commercial-complete-electrical-rewiring/,/service-areas/beverly-hills/commercial-complete-electrical-rewiring/,service_detail,0,9,0.0,0.004,0.0,23.67,5,1.751,content,,"Content lift, expand page and add links from stronger pages"
747,https://shaffercon.com/service-areas/beverly-hills/commercial-ev-charger-installation/,/service-areas/beverly-hills/commercial-ev-charger-installation/,service_detail,0,9,0.0,0.004,0.0,26.56,5,1.751,content,,"Content lift, expand page and add links from stronger pages"
748,https://shaffercon.com/service-areas/burbank/commercial-dedicated-equipment-circuits/,/service-areas/burbank/commercial-dedicated-equipment-circuits/,service_detail,0,9,0.0,0.004,0.0,26.56,5,1.751,content,commercial insulation burbank,"Content lift, expand page and add links from stronger pages"
749,https://shaffercon.com/service-areas/highland-park/commercial-ceiling-fan-fixture-installation/,/service-areas/highland-park/commercial-ceiling-fan-fixture-installation/,service_detail,0,9,0.0,0.004,0.0,21.89,5,1.751,content,ceiling fan installation highland; ceiling fan installation highland,"Content lift, expand page and add links from stronger pages"
750,https://shaffercon.com/service-areas/torrance/commercial-security-motion-lighting/,/service-areas/torrance/commercial-security-motion-lighting/,service_detail,0,9,0.0,0.004,0.0,22.11,5,1.751,content,licensed solar security torrance,"Content lift, expand page and add links from stronger pages"
751,https://shaffercon.com/industry-insights/evgo-prefabricated-stations-ford-f150-lightning-ends-erev-tesla-fairbanks-megawatt-charging-trucks/,/industry-insights/evgo-prefabricated-stations-ford-f150-lightning-ends-erev-tesla-fairbanks-megawatt-charging-trucks/,blog,0,50,0.0,0.025,1.2,9.8,1,1.729,ctr,sae j3271 megawatt charging system published march 2025,Deprioritize unless it supports a money page
752,https://shaffercon.com/industry-insights/the-future-of-ev-charging-infrastructure-innovations-policy-updates-and-smart-solutions-for-california-property-owners/,/industry-insights/the-future-of-ev-charging-infrastructure-innovations-policy-updates-and-smart-solutions-for-california-property-owners/,blog,0,9,0.0,0.012,0.1,14.33,2,1.702,links,,"Ranking lift, add internal links and local proof"
753,https://shaffercon.com/industry-insights/electrician-inglewood-services-expert/,/industry-insights/electrician-inglewood-services-expert/,blog,0,6,0.0,0.025,0.2,8.67,2,1.693,ctr,,"CTR fix, rewrite title and meta around proven queries"
754,https://shaffercon.com/industry-insights/home-electrical-tips-safety/,/industry-insights/home-electrical-tips-safety/,blog,0,6,0.0,0.025,0.2,7.33,2,1.693,ctr,,"CTR fix, rewrite title and meta around proven queries"
755,https://shaffercon.com/realtors/,/realtors/,landing,0,6,0.0,0.025,0.2,6.5,2,1.693,ctr,,"CTR fix, rewrite title and meta around proven queries"
756,https://shaffercon.com/service-areas/atwater-village/residential-dedicated-equipment-circuits/,/service-areas/atwater-village/residential-dedicated-equipment-circuits/,service_detail,0,6,0.0,0.025,0.2,8.83,2,1.693,ctr,,"CTR fix, rewrite title and meta around proven queries"
757,https://shaffercon.com/service-areas/echo-park/residential-dedicated-equipment-circuits/,/service-areas/echo-park/residential-dedicated-equipment-circuits/,service_detail,0,6,0.0,0.025,0.2,9.5,2,1.693,ctr,,"CTR fix, rewrite title and meta around proven queries"
758,https://shaffercon.com/service-areas/echo-park/residential-energy-efficiency-upgrades/,/service-areas/echo-park/residential-energy-efficiency-upgrades/,service_detail,0,6,0.0,0.025,0.2,8.17,2,1.693,ctr,is echopark reputable,"CTR fix, rewrite title and meta around proven queries"
759,https://shaffercon.com/service-areas/long-beach/residential-whole-building-surge-protection/,/service-areas/long-beach/residential-whole-building-surge-protection/,service_detail,0,6,0.0,0.025,0.2,5.5,2,1.693,ctr,,"CTR fix, rewrite title and meta around proven queries"
760,https://shaffercon.com/service-areas/sherman-oaks/residential-ceiling-fan-fixture-installation/,/service-areas/sherman-oaks/residential-ceiling-fan-fixture-installation/,service_detail,0,6,0.0,0.025,0.2,8.0,2,1.693,ctr,,"CTR fix, rewrite title and meta around proven queries"
761,https://shaffercon.com/service-areas/venice/commercial-ev-charger-installation/,/service-areas/venice/commercial-ev-charger-installation/,service_detail,0,8,0.0,0.004,0.0,23.5,5,1.67,content,energy load calculations venice; ev home charger installation venice,"Content lift, expand page and add links from stronger pages"
762,https://shaffercon.com/industry-insights/exploring-the-rapid-growth-and-key-trends-in-ev-charging-infrastructure-in-2023/,/industry-insights/exploring-the-rapid-growth-and-key-trends-in-ev-charging-infrastructure-in-2023/,blog,2,1966,0.001017293997965412,0.001,0.0,52.53,5,1.647,content,ev charging infrastructure; electric vehicle charging infrastructure; ev charger infrastructure; ev charging infrastructure provider; ev charging network migration,"Content lift, expand page and add links from stronger pages"
763,https://shaffercon.com/industry-insights/electrical-upgrade-benefits-signs/,/industry-insights/electrical-upgrade-benefits-signs/,blog,0,8,0.0,0.012,0.1,11.12,2,1.624,ctr,,"CTR fix, rewrite title and meta around proven queries"
764,https://shaffercon.com/industry-insights/how-the-return-of-nevi-funding-and-new-partnerships-are-accelerating-ev-charging-in-los-angeles/,/industry-insights/how-the-return-of-nevi-funding-and-new-partnerships-are-accelerating-ev-charging-in-los-angeles/,blog,0,8,0.0,0.012,0.1,13.12,2,1.624,links,,"Ranking lift, add internal links and local proof"
765,https://shaffercon.com/service-areas/boyle-heights/residential-complete-electrical-rewiring/,/service-areas/boyle-heights/residential-complete-electrical-rewiring/,service_detail,0,8,0.0,0.012,0.1,13.88,2,1.624,links,residential home rewiring services los angeles ca; residential home rewiring services los angeles ca,"Ranking lift, add internal links and local proof"
766,https://shaffercon.com/service-areas/pacific-palisades/residential-dedicated-equipment-circuits/,/service-areas/pacific-palisades/residential-dedicated-equipment-circuits/,service_detail,0,8,0.0,0.012,0.1,12.38,2,1.624,links,,"Ranking lift, add internal links and local proof"
767,https://shaffercon.com/service-areas/pasadena/residential-electrical-troubleshooting-repairs/,/service-areas/pasadena/residential-electrical-troubleshooting-repairs/,service_detail,0,33,0.0,0.004,0.1,26.16,3,1.61,content,residential electrical repairs in pasadena; residential electrical repairs in pasadena,Monitor after higher value pages
768,https://shaffercon.com/industry-insights/how-funding-freezes-and-ultra-fast-chargers-are-reshaping-las-ev-infrastructure-in-2025/,/industry-insights/how-funding-freezes-and-ultra-fast-chargers-are-reshaping-las-ev-infrastructure-in-2025/,blog,0,37,0.0,0.025,0.9,7.7,1,1.594,ctr,los angeles ev charging news,Deprioritize unless it supports a money page
769,https://shaffercon.com/service-areas/atwater-village/commercial-complete-electrical-rewiring/,/service-areas/atwater-village/commercial-complete-electrical-rewiring/,service_detail,0,7,0.0,0.004,0.0,21.0,5,1.581,content,,"Content lift, expand page and add links from stronger pages"
770,https://shaffercon.com/service-areas/glendale/commercial-security-motion-lighting/,/service-areas/glendale/commercial-security-motion-lighting/,service_detail,0,7,0.0,0.004,0.0,37.86,5,1.581,content,commercial exhaust fan installation glendale,"Content lift, expand page and add links from stronger pages"
771,https://shaffercon.com/service-areas/highland-park/commercial-outlet-switch-dimmer-services/,/service-areas/highland-park/commercial-outlet-switch-dimmer-services/,service_detail,0,7,0.0,0.004,0.0,23.86,5,1.581,content,,"Content lift, expand page and add links from stronger pages"
772,https://shaffercon.com/service-areas/boyle-heights/residential-electrical-code-compliance-corrections/,/service-areas/boyle-heights/residential-electrical-code-compliance-corrections/,service_detail,0,12,0.0,0.004,0.0,23.67,4,1.56,content,electrical code correction; electrical code updates burbank,"Content lift, expand page and add links from stronger pages"
773,https://shaffercon.com/service-areas/culver-city/residential-ceiling-fan-fixture-installation/,/service-areas/culver-city/residential-ceiling-fan-fixture-installation/,service_detail,0,5,0.0,0.05,0.2,3.8,2,1.56,ctr,,"CTR fix, rewrite title and meta around proven queries"
774,https://shaffercon.com/service-areas/silver-lake/residential-energy-efficiency-upgrades/,/service-areas/silver-lake/residential-energy-efficiency-upgrades/,service_detail,0,5,0.0,0.05,0.2,3.4,2,1.56,ctr,,"CTR fix, rewrite title and meta around proven queries"
775,https://shaffercon.com/industry-insights/building-a-sustainable-future-the-role-of-shaffer-construction-in-los-angeles-ev-charging-infrastructure-expansion/,/industry-insights/building-a-sustainable-future-the-role-of-shaffer-construction-in-los-angeles-ev-charging-infrastructure-expansion/,blog,0,5,0.0,0.025,0.1,8.8,2,1.558,ctr,,"CTR fix, rewrite title and meta around proven queries"
776,https://shaffercon.com/service-areas/santa-monica/residential-exhaust-fan-ventilation-wiring/,/service-areas/santa-monica/residential-exhaust-fan-ventilation-wiring/,service_detail,0,5,0.0,0.025,0.1,7.6,2,1.558,ctr,,"CTR fix, rewrite title and meta around proven queries"
777,https://shaffercon.com/service-areas/sherman-oaks/residential-pool-hot-tub-spa-electrical/,/service-areas/sherman-oaks/residential-pool-hot-tub-spa-electrical/,service_detail,0,5,0.0,0.025,0.1,9.8,2,1.558,ctr,pool pump install sherman oaks,"CTR fix, rewrite title and meta around proven queries"
778,https://shaffercon.com/service-areas/silver-lake/residential-complete-electrical-rewiring/,/service-areas/silver-lake/residential-complete-electrical-rewiring/,service_detail,0,5,0.0,0.025,0.1,6.8,2,1.558,ctr,,"CTR fix, rewrite title and meta around proven queries"
779,https://shaffercon.com/service-areas/torrance/residential-whole-building-surge-protection/,/service-areas/torrance/residential-whole-building-surge-protection/,service_detail,0,5,0.0,0.025,0.1,10.0,2,1.558,ctr,home surge protector install downey,"CTR fix, rewrite title and meta around proven queries"
780,https://shaffercon.com/service-areas/venice/residential-dedicated-equipment-circuits/,/service-areas/venice/residential-dedicated-equipment-circuits/,service_detail,0,5,0.0,0.025,0.1,8.2,2,1.558,ctr,,"CTR fix, rewrite title and meta around proven queries"
781,https://shaffercon.com/industry-insights/the-rise-of-ev-charging-infrastructure-trends-challenges-and-solutions-for-the-future/,/industry-insights/the-rise-of-ev-charging-infrastructure-trends-challenges-and-solutions-for-the-future/,blog,0,1195,0.0,0.001,1.2,46.72,5,1.557,content,ev charging infrastructure; electric vehicle charging infrastructure; tesla supercharger network reliability and uptime challenges 2024 2025; ev charger infrastructure; ev infrastructure,"Content lift, expand page and add links from stronger pages"
782,https://shaffercon.com/industry-insights/navigating-california-ev-incentives-in-2025-maximize-your-savings-with-shaffer-construction/,/industry-insights/navigating-california-ev-incentives-in-2025-maximize-your-savings-with-shaffer-construction/,blog,0,7,0.0,0.012,0.1,17.0,2,1.537,links,,"Ranking lift, add internal links and local proof"
783,https://shaffercon.com/service-areas/highland-park/residential-pool-hot-tub-spa-electrical/,/service-areas/highland-park/residential-pool-hot-tub-spa-electrical/,service_detail,0,7,0.0,0.012,0.1,11.0,2,1.537,ctr,,"CTR fix, rewrite title and meta around proven queries"
784,https://shaffercon.com/industry-insights/the-essential-guide-to-ev-charging-infrastructure-benefits-strategies-and-future-trends/,/industry-insights/the-essential-guide-to-ev-charging-infrastructure-benefits-strategies-and-future-trends/,blog,0,1071,0.0,0.001,1.1,68.27,5,1.531,content,ev charging infrastructure; electric vehicle charging infrastructure; electric vehicle infrastructure; ev infrastructure; ev infrastructure for new construction,"Content lift, expand page and add links from stronger pages"
785,https://shaffercon.com/commercial-electric-vehicle-chargers/,/commercial-electric-vehicle-chargers/,landing,0,1033,0.0,0.001,1.0,55.27,5,1.523,content,commercial ev charger installation; commercial electric vehicle chargers; commercial electric vehicle charger; commercial electric vehicle charger installation; commercial ev charging station,"Content lift, expand page and add links from stronger pages"
786,https://shaffercon.com/industry-insights/ev-charger-installation-and-infrastructure-what-every-los-angeles-property-owner-needs-to-know/,/industry-insights/ev-charger-installation-and-infrastructure-what-every-los-angeles-property-owner-needs-to-know/,blog,0,1,0.0,0.025,0.0,8.0,5,1.506,ctr,,"CTR fix, rewrite title and meta around proven queries"
787,https://shaffercon.com/industry-insights/ev-charging-in-los-angeles-where-the-network-is-headed-and-how-property-owners-can-prepare/,/industry-insights/ev-charging-in-los-angeles-where-the-network-is-headed-and-how-property-owners-can-prepare/,blog,0,1,0.0,0.025,0.0,8.0,5,1.506,ctr,,"CTR fix, rewrite title and meta around proven queries"
788,https://shaffercon.com/industry-insights/navigating-the-future-essential-insights-for-ev-charger-installation-and-infrastructure-in-los-angeles/,/industry-insights/navigating-the-future-essential-insights-for-ev-charger-installation-and-infrastructure-in-los-angeles/,blog,0,1,0.0,0.025,0.0,9.0,5,1.506,ctr,,"CTR fix, rewrite title and meta around proven queries"
789,https://shaffercon.com/service-areas/altadena/commercial-landscape-outdoor-lighting/,/service-areas/altadena/commercial-landscape-outdoor-lighting/,service_detail,0,1,0.0,0.025,0.0,6.0,5,1.506,ctr,,"CTR fix, rewrite title and meta around proven queries"
790,https://shaffercon.com/service-areas/altadena/commercial-outlet-switch-dimmer-services/,/service-areas/altadena/commercial-outlet-switch-dimmer-services/,service_detail,0,1,0.0,0.025,0.0,8.0,5,1.506,ctr,,"CTR fix, rewrite title and meta around proven queries"
791,https://shaffercon.com/service-areas/altadena/residential-breaker-panel-service-maintenance/,/service-areas/altadena/residential-breaker-panel-service-maintenance/,service_detail,0,1,0.0,0.025,0.0,9.0,5,1.506,ctr,,"CTR fix, rewrite title and meta around proven queries"
792,https://shaffercon.com/service-areas/altadena/residential-ev-charger-installation/,/service-areas/altadena/residential-ev-charger-installation/,service_detail,0,1,0.0,0.025,0.0,9.0,5,1.506,ctr,,"CTR fix, rewrite title and meta around proven queries"
793,https://shaffercon.com/service-areas/atwater-village/commercial-ceiling-fan-fixture-installation/,/service-areas/atwater-village/commercial-ceiling-fan-fixture-installation/,service_detail,0,1,0.0,0.025,0.0,6.0,5,1.506,ctr,,"CTR fix, rewrite title and meta around proven queries"
794,https://shaffercon.com/service-areas/atwater-village/commercial-electrical-troubleshooting-repairs/,/service-areas/atwater-village/commercial-electrical-troubleshooting-repairs/,service_detail,0,1,0.0,0.025,0.0,10.0,5,1.506,ctr,,"CTR fix, rewrite title and meta around proven queries"
795,https://shaffercon.com/service-areas/atwater-village/commercial-outlet-switch-dimmer-services/,/service-areas/atwater-village/commercial-outlet-switch-dimmer-services/,service_detail,0,1,0.0,0.025,0.0,9.0,5,1.506,ctr,,"CTR fix, rewrite title and meta around proven queries"
796,https://shaffercon.com/service-areas/atwater-village/commercial-smart-automation-systems/,/service-areas/atwater-village/commercial-smart-automation-systems/,service_detail,0,1,0.0,0.025,0.0,10.0,5,1.506,ctr,,"CTR fix, rewrite title and meta around proven queries"
797,https://shaffercon.com/service-areas/beverly-hills/commercial-electrical-safety-inspections/,/service-areas/beverly-hills/commercial-electrical-safety-inspections/,service_detail,0,1,0.0,0.025,0.0,8.0,5,1.506,ctr,,"CTR fix, rewrite title and meta around proven queries"
798,https://shaffercon.com/service-areas/beverly-hills/residential-breaker-panel-service-maintenance/,/service-areas/beverly-hills/residential-breaker-panel-service-maintenance/,service_detail,0,1,0.0,0.05,0.1,5.0,5,1.506,ctr,,"CTR fix, rewrite title and meta around proven queries"
799,https://shaffercon.com/service-areas/beverly-hills/residential-electrical-troubleshooting-repairs/,/service-areas/beverly-hills/residential-electrical-troubleshooting-repairs/,service_detail,0,1,0.0,0.025,0.0,9.0,5,1.506,ctr,,"CTR fix, rewrite title and meta around proven queries"
800,https://shaffercon.com/service-areas/boyle-heights/commercial-data-network-av-wiring/,/service-areas/boyle-heights/commercial-data-network-av-wiring/,service_detail,0,1,0.0,0.025,0.0,9.0,5,1.506,ctr,,"CTR fix, rewrite title and meta around proven queries"
801,https://shaffercon.com/service-areas/boyle-heights/commercial-exhaust-fan-ventilation-wiring/,/service-areas/boyle-heights/commercial-exhaust-fan-ventilation-wiring/,service_detail,0,1,0.0,0.025,0.0,7.0,5,1.506,ctr,,"CTR fix, rewrite title and meta around proven queries"
802,https://shaffercon.com/service-areas/boyle-heights/commercial-outlet-switch-dimmer-services/,/service-areas/boyle-heights/commercial-outlet-switch-dimmer-services/,service_detail,0,1,0.0,0.05,0.1,4.0,5,1.506,ctr,,"CTR fix, rewrite title and meta around proven queries"
803,https://shaffercon.com/service-areas/burbank/commercial-security-motion-lighting/,/service-areas/burbank/commercial-security-motion-lighting/,service_detail,0,1,0.0,0.025,0.0,9.0,5,1.506,ctr,,"CTR fix, rewrite title and meta around proven queries"
804,https://shaffercon.com/service-areas/culver-city/commercial-ceiling-fan-fixture-installation/,/service-areas/culver-city/commercial-ceiling-fan-fixture-installation/,service_detail,0,1,0.0,0.025,0.0,10.0,5,1.506,ctr,,"CTR fix, rewrite title and meta around proven queries"
805,https://shaffercon.com/service-areas/culver-city/commercial-electrical-safety-inspections/,/service-areas/culver-city/commercial-electrical-safety-inspections/,service_detail,0,1,0.0,0.025,0.0,9.0,5,1.506,ctr,,"CTR fix, rewrite title and meta around proven queries"
806,https://shaffercon.com/service-areas/echo-park/commercial-ceiling-fan-fixture-installation/,/service-areas/echo-park/commercial-ceiling-fan-fixture-installation/,service_detail,0,1,0.0,0.05,0.1,5.0,5,1.506,ctr,,"CTR fix, rewrite title and meta around proven queries"
807,https://shaffercon.com/service-areas/echo-park/commercial-electrical-safety-inspections/,/service-areas/echo-park/commercial-electrical-safety-inspections/,service_detail,0,1,0.0,0.025,0.0,8.0,5,1.506,ctr,,"CTR fix, rewrite title and meta around proven queries"
808,https://shaffercon.com/service-areas/echo-park/commercial-lighting-installation-retrofitting/,/service-areas/echo-park/commercial-lighting-installation-retrofitting/,service_detail,0,1,0.0,0.025,0.0,8.0,5,1.506,ctr,,"CTR fix, rewrite title and meta around proven queries"
809,https://shaffercon.com/service-areas/highland-park/commercial-dedicated-equipment-circuits/,/service-areas/highland-park/commercial-dedicated-equipment-circuits/,service_detail,0,1,0.0,0.025,0.0,7.0,5,1.506,ctr,,"CTR fix, rewrite title and meta around proven queries"
810,https://shaffercon.com/service-areas/highland-park/commercial-electrical-safety-inspections/,/service-areas/highland-park/commercial-electrical-safety-inspections/,service_detail,0,1,0.0,0.025,0.0,8.0,5,1.506,ctr,,"CTR fix, rewrite title and meta around proven queries"
811,https://shaffercon.com/service-areas/highland-park/commercial-energy-efficiency-upgrades/,/service-areas/highland-park/commercial-energy-efficiency-upgrades/,service_detail,0,1,0.0,0.025,0.0,6.0,5,1.506,ctr,,"CTR fix, rewrite title and meta around proven queries"
812,https://shaffercon.com/service-areas/hollywood/commercial-outlet-switch-dimmer-services/,/service-areas/hollywood/commercial-outlet-switch-dimmer-services/,service_detail,0,1,0.0,0.025,0.0,10.0,5,1.506,ctr,,"CTR fix, rewrite title and meta around proven queries"
813,https://shaffercon.com/service-areas/hollywood/residential-electrical-panel-upgrades/,/service-areas/hollywood/residential-electrical-panel-upgrades/,service_detail,0,1,0.0,0.025,0.0,7.0,5,1.506,ctr,,"CTR fix, rewrite title and meta around proven queries"
814,https://shaffercon.com/service-areas/inglewood/commercial-data-network-av-wiring/,/service-areas/inglewood/commercial-data-network-av-wiring/,service_detail,0,1,0.0,0.05,0.1,4.0,5,1.506,ctr,,"CTR fix, rewrite title and meta around proven queries"
815,https://shaffercon.com/service-areas/inglewood/commercial-whole-building-surge-protection/,/service-areas/inglewood/commercial-whole-building-surge-protection/,service_detail,0,1,0.0,0.025,0.0,9.0,5,1.506,ctr,power surge protection inglewood,"CTR fix, rewrite title and meta around proven queries"
816,https://shaffercon.com/service-areas/los-feliz/commercial-whole-building-surge-protection/,/service-areas/los-feliz/commercial-whole-building-surge-protection/,service_detail,0,1,0.0,0.025,0.0,7.0,5,1.506,ctr,,"CTR fix, rewrite title and meta around proven queries"
817,https://shaffercon.com/service-areas/pacific-palisades/commercial-complete-electrical-rewiring/,/service-areas/pacific-palisades/commercial-complete-electrical-rewiring/,service_detail,0,1,0.0,0.05,0.1,5.0,5,1.506,ctr,,"CTR fix, rewrite title and meta around proven queries"
818,https://shaffercon.com/service-areas/pacific-palisades/commercial-data-network-av-wiring/,/service-areas/pacific-palisades/commercial-data-network-av-wiring/,service_detail,0,1,0.0,0.025,0.0,10.0,5,1.506,ctr,,"CTR fix, rewrite title and meta around proven queries"
819,https://shaffercon.com/service-areas/pacific-palisades/commercial-electrical-code-compliance-corrections/,/service-areas/pacific-palisades/commercial-electrical-code-compliance-corrections/,service_detail,0,1,0.0,0.025,0.0,7.0,5,1.506,ctr,,"CTR fix, rewrite title and meta around proven queries"
820,https://shaffercon.com/service-areas/pacific-palisades/commercial-electrical-panel-upgrades/,/service-areas/pacific-palisades/commercial-electrical-panel-upgrades/,service_detail,0,1,0.0,0.05,0.1,4.0,5,1.506,ctr,,"CTR fix, rewrite title and meta around proven queries"
821,https://shaffercon.com/service-areas/pacific-palisades/commercial-electrical-safety-inspections/,/service-areas/pacific-palisades/commercial-electrical-safety-inspections/,service_detail,0,1,0.0,0.025,0.0,8.0,5,1.506,ctr,,"CTR fix, rewrite title and meta around proven queries"
822,https://shaffercon.com/service-areas/pacific-palisades/commercial-energy-efficiency-upgrades/,/service-areas/pacific-palisades/commercial-energy-efficiency-upgrades/,service_detail,0,1,0.0,0.025,0.0,9.0,5,1.506,ctr,,"CTR fix, rewrite title and meta around proven queries"
823,https://shaffercon.com/service-areas/pasadena/commercial-electrical-code-compliance-corrections/,/service-areas/pasadena/commercial-electrical-code-compliance-corrections/,service_detail,0,1,0.0,0.025,0.0,9.0,5,1.506,ctr,,"CTR fix, rewrite title and meta around proven queries"
824,https://shaffercon.com/service-areas/pasadena/commercial-pool-hot-tub-spa-electrical/,/service-areas/pasadena/commercial-pool-hot-tub-spa-electrical/,service_detail,0,1,0.0,0.025,0.0,9.0,5,1.506,ctr,,"CTR fix, rewrite title and meta around proven queries"
825,https://shaffercon.com/service-areas/santa-clarita/commercial-outlet-switch-dimmer-services/,/service-areas/santa-clarita/commercial-outlet-switch-dimmer-services/,service_detail,0,1,0.0,0.025,0.0,6.0,5,1.506,ctr,,"CTR fix, rewrite title and meta around proven queries"
826,https://shaffercon.com/service-areas/silver-lake/commercial-electrical-troubleshooting-repairs/,/service-areas/silver-lake/commercial-electrical-troubleshooting-repairs/,service_detail,0,1,0.0,0.05,0.1,5.0,5,1.506,ctr,,"CTR fix, rewrite title and meta around proven queries"
827,https://shaffercon.com/service-areas/silver-lake/commercial-lighting-installation-retrofitting/,/service-areas/silver-lake/commercial-lighting-installation-retrofitting/,service_detail,0,1,0.0,0.025,0.0,10.0,5,1.506,ctr,,"CTR fix, rewrite title and meta around proven queries"
828,https://shaffercon.com/service-areas/torrance/commercial-lighting-installation-retrofitting/,/service-areas/torrance/commercial-lighting-installation-retrofitting/,service_detail,0,1,0.0,0.025,0.0,6.0,5,1.506,ctr,,"CTR fix, rewrite title and meta around proven queries"
829,https://shaffercon.com/service-areas/venice/commercial-dedicated-equipment-circuits/,/service-areas/venice/commercial-dedicated-equipment-circuits/,service_detail,0,1,0.0,0.025,0.0,6.0,5,1.506,ctr,,"CTR fix, rewrite title and meta around proven queries"
830,https://shaffercon.com/service-areas/venice/commercial-electrical-troubleshooting-repairs/,/service-areas/venice/commercial-electrical-troubleshooting-repairs/,service_detail,0,1,0.0,0.025,0.0,8.0,5,1.506,ctr,,"CTR fix, rewrite title and meta around proven queries"
831,https://shaffercon.com/service-areas/highland-park/commercial-whole-building-surge-protection/,/service-areas/highland-park/commercial-whole-building-surge-protection/,service_detail,0,6,0.0,0.004,0.0,32.67,5,1.479,content,surge protection services los angeles,"Content lift, expand page and add links from stronger pages"
832,https://shaffercon.com/service-areas/pasadena/commercial-energy-efficiency-upgrades/,/service-areas/pasadena/commercial-energy-efficiency-upgrades/,service_detail,0,6,0.0,0.004,0.0,29.83,5,1.479,content,,"Content lift, expand page and add links from stronger pages"
833,https://shaffercon.com/industry-insights/ev-charging-in-2025-what-homeowners-property-managers-and-businesses-need-to-know/,/industry-insights/ev-charging-in-2025-what-homeowners-property-managers-and-businesses-need-to-know/,blog,0,28,0.0,0.025,0.7,6.25,1,1.473,ctr,best ev charger service contracts for property managers 2025,Deprioritize unless it supports a money page
834,https://shaffercon.com/service-areas/highland-park/residential-electrical-troubleshooting-repairs/,/service-areas/highland-park/residential-electrical-troubleshooting-repairs/,service_detail,0,24,0.0,0.004,0.1,33.62,3,1.469,content,electrical repairs highland; electrical repairs highland,Monitor after higher value pages
835,https://shaffercon.com/residential-landscape-outdoor-lighting/,/residential-landscape-outdoor-lighting/,landing,0,10,0.0,0.004,0.0,35.4,4,1.459,content,outdoor construction torrance,"Content lift, expand page and add links from stronger pages"
836,https://shaffercon.com/industry-insights/winter-electrical-safety-tips/,/industry-insights/winter-electrical-safety-tips/,blog,0,6,0.0,0.012,0.1,12.5,2,1.438,links,,"Ranking lift, add internal links and local proof"
837,https://shaffercon.com/service-areas/culver-city/residential-whole-building-surge-protection/,/service-areas/culver-city/residential-whole-building-surge-protection/,service_detail,0,6,0.0,0.012,0.1,11.67,2,1.438,ctr,,"CTR fix, rewrite title and meta around proven queries"
838,https://shaffercon.com/service-areas/echo-park/residential-data-network-av-wiring/,/service-areas/echo-park/residential-data-network-av-wiring/,service_detail,0,6,0.0,0.012,0.1,10.83,2,1.438,ctr,,"CTR fix, rewrite title and meta around proven queries"
839,https://shaffercon.com/service-areas/echo-park/residential-electrical-troubleshooting-repairs/,/service-areas/echo-park/residential-electrical-troubleshooting-repairs/,service_detail,0,2,0.0,0.05,0.1,4.0,3,1.433,ctr,,"CTR fix, rewrite title and meta around proven queries"
840,https://shaffercon.com/service-areas/culver-city/residential-outlet-switch-dimmer-services/,/service-areas/culver-city/residential-outlet-switch-dimmer-services/,service_detail,0,2,0.0,0.025,0.1,6.0,3,1.432,ctr,,"CTR fix, rewrite title and meta around proven queries"
841,https://shaffercon.com/service-areas/west-hollywood/residential-outlet-switch-dimmer-services/,/service-areas/west-hollywood/residential-outlet-switch-dimmer-services/,service_detail,0,2,0.0,0.025,0.1,5.5,3,1.432,ctr,,"CTR fix, rewrite title and meta around proven queries"
842,https://shaffercon.com/service-areas/los-feliz/residential-ceiling-fan-fixture-installation/,/service-areas/los-feliz/residential-ceiling-fan-fixture-installation/,service_detail,0,4,0.0,0.05,0.2,4.25,2,1.401,ctr,,"CTR fix, rewrite title and meta around proven queries"
843,https://shaffercon.com/service-areas/los-feliz/residential-electrical-code-compliance-corrections/,/service-areas/los-feliz/residential-electrical-code-compliance-corrections/,service_detail,0,9,0.0,0.004,0.0,30.0,4,1.401,content,electrical code correction,"Content lift, expand page and add links from stronger pages"
844,https://shaffercon.com/service-areas/pasadena/residential-energy-efficiency-upgrades/,/service-areas/pasadena/residential-energy-efficiency-upgrades/,service_detail,0,4,0.0,0.05,0.2,3.5,2,1.401,ctr,,"CTR fix, rewrite title and meta around proven queries"
845,https://shaffercon.com/games/classic-hopscotch.html/,/games/classic-hopscotch.html/,other,0,4,0.0,0.025,0.1,5.5,2,1.399,ctr,,"CTR fix, rewrite title and meta around proven queries"
846,https://shaffercon.com/service-areas/culver-city/residential-energy-efficiency-upgrades/,/service-areas/culver-city/residential-energy-efficiency-upgrades/,service_detail,0,4,0.0,0.025,0.1,10.0,2,1.399,ctr,,"CTR fix, rewrite title and meta around proven queries"
847,https://shaffercon.com/service-areas/glendale/residential-dedicated-equipment-circuits/,/service-areas/glendale/residential-dedicated-equipment-circuits/,service_detail,0,4,0.0,0.025,0.1,6.25,2,1.399,ctr,,"CTR fix, rewrite title and meta around proven queries"
848,https://shaffercon.com/service-areas/torrance/residential-complete-electrical-rewiring/,/service-areas/torrance/residential-complete-electrical-rewiring/,service_detail,0,4,0.0,0.025,0.1,9.25,2,1.399,ctr,,"CTR fix, rewrite title and meta around proven queries"
849,https://shaffercon.com/service-areas/sherman-oaks/residential-data-network-av-wiring/,/service-areas/sherman-oaks/residential-data-network-av-wiring/,service_detail,1,4,0.25,0.025,0.0,5.5,2,1.398,links,,"Ranking lift, add internal links and local proof"
850,https://shaffercon.com/industry-insights/the-essential-role-of-ev-charging-infrastructure-in-driving-sustainable-transportation/,/industry-insights/the-essential-role-of-ev-charging-infrastructure-in-driving-sustainable-transportation/,blog,0,5,0.0,0.004,0.0,36.8,5,1.362,content,civil work construction for ev infrastructure; ground support charging infrastructure,"Content lift, expand page and add links from stronger pages"
851,https://shaffercon.com/service-areas/altadena/commercial-electrical-code-compliance-corrections/,/service-areas/altadena/commercial-electrical-code-compliance-corrections/,service_detail,0,5,0.0,0.004,0.0,29.2,5,1.362,content,commercial electrician services altadena,"Content lift, expand page and add links from stronger pages"
852,https://shaffercon.com/service-areas/torrance/commercial-electrical-panel-upgrades/,/service-areas/torrance/commercial-electrical-panel-upgrades/,service_detail,0,5,0.0,0.004,0.0,28.8,5,1.362,content,,"Content lift, expand page and add links from stronger pages"
853,https://shaffercon.com/service-areas/culver-city/residential-electrical-troubleshooting-repairs/,/service-areas/culver-city/residential-electrical-troubleshooting-repairs/,service_detail,0,18,0.0,0.004,0.1,23.11,3,1.344,content,residential electrician culver city; electrician culver city ca,Monitor after higher value pages
854,https://shaffercon.com/industry-insights/energy-saving-tips-home-efficiency/,/industry-insights/energy-saving-tips-home-efficiency/,blog,0,5,0.0,0.012,0.1,18.0,2,1.324,links,,"Ranking lift, add internal links and local proof"
855,https://shaffercon.com/service-areas/santa-monica/residential-electrical-troubleshooting-repairs/,/service-areas/santa-monica/residential-electrical-troubleshooting-repairs/,service_detail,0,17,0.0,0.004,0.1,35.35,3,1.319,content,electrical troubleshooting and repairs sunset park; electrical contractors santa monica; electrical rewiring for historic santa monica homes,Monitor after higher value pages
856,https://shaffercon.com/service-areas/altadena/commercial-exhaust-fan-ventilation-wiring/,/service-areas/altadena/commercial-exhaust-fan-ventilation-wiring/,service_detail,0,1,0.0,0.012,0.0,11.0,5,1.28,ctr,,"CTR fix, rewrite title and meta around proven queries"
857,https://shaffercon.com/service-areas/altadena/commercial-pool-hot-tub-spa-electrical/,/service-areas/altadena/commercial-pool-hot-tub-spa-electrical/,service_detail,0,1,0.0,0.012,0.0,12.0,5,1.28,ctr,,"CTR fix, rewrite title and meta around proven queries"
858,https://shaffercon.com/service-areas/altadena/commercial-smart-automation-systems/,/service-areas/altadena/commercial-smart-automation-systems/,service_detail,0,1,0.0,0.012,0.0,12.0,5,1.28,ctr,,"CTR fix, rewrite title and meta around proven queries"
859,https://shaffercon.com/service-areas/atwater-village/commercial-dedicated-equipment-circuits/,/service-areas/atwater-village/commercial-dedicated-equipment-circuits/,service_detail,0,1,0.0,0.012,0.0,12.0,5,1.28,ctr,,"CTR fix, rewrite title and meta around proven queries"
860,https://shaffercon.com/service-areas/beverly-hills/commercial-energy-efficiency-upgrades/,/service-areas/beverly-hills/commercial-energy-efficiency-upgrades/,service_detail,0,1,0.0,0.012,0.0,12.0,5,1.28,ctr,,"CTR fix, rewrite title and meta around proven queries"
861,https://shaffercon.com/service-areas/echo-park/commercial-security-motion-lighting/,/service-areas/echo-park/commercial-security-motion-lighting/,service_detail,0,1,0.0,0.012,0.0,12.0,5,1.28,ctr,,"CTR fix, rewrite title and meta around proven queries"
862,https://shaffercon.com/service-areas/glendale/commercial-complete-electrical-rewiring/,/service-areas/glendale/commercial-complete-electrical-rewiring/,service_detail,0,1,0.0,0.012,0.0,12.0,5,1.28,ctr,,"CTR fix, rewrite title and meta around proven queries"
863,https://shaffercon.com/service-areas/highland-park/commercial-data-network-av-wiring/,/service-areas/highland-park/commercial-data-network-av-wiring/,service_detail,0,1,0.0,0.012,0.0,12.0,5,1.28,ctr,,"CTR fix, rewrite title and meta around proven queries"
864,https://shaffercon.com/service-areas/highland-park/commercial-pool-hot-tub-spa-electrical/,/service-areas/highland-park/commercial-pool-hot-tub-spa-electrical/,service_detail,0,1,0.0,0.012,0.0,12.0,5,1.28,ctr,,"CTR fix, rewrite title and meta around proven queries"
865,https://shaffercon.com/service-areas/hollywood/commercial-electrical-safety-inspections/,/service-areas/hollywood/commercial-electrical-safety-inspections/,service_detail,0,1,0.0,0.012,0.0,13.0,5,1.28,links,,"Ranking lift, add internal links and local proof"
866,https://shaffercon.com/service-areas/inglewood/commercial-electrical-safety-inspections/,/service-areas/inglewood/commercial-electrical-safety-inspections/,service_detail,0,1,0.0,0.012,0.0,11.0,5,1.28,ctr,,"CTR fix, rewrite title and meta around proven queries"
867,https://shaffercon.com/service-areas/long-beach/commercial-electrical-code-compliance-corrections/,/service-areas/long-beach/commercial-electrical-code-compliance-corrections/,service_detail,0,1,0.0,0.012,0.0,12.0,5,1.28,ctr,,"CTR fix, rewrite title and meta around proven queries"
868,https://shaffercon.com/service-areas/long-beach/commercial-pool-hot-tub-spa-electrical/,/service-areas/long-beach/commercial-pool-hot-tub-spa-electrical/,service_detail,0,1,0.0,0.012,0.0,12.0,5,1.28,ctr,,"CTR fix, rewrite title and meta around proven queries"
869,https://shaffercon.com/service-areas/pacific-palisades/commercial-lighting-installation-retrofitting/,/service-areas/pacific-palisades/commercial-lighting-installation-retrofitting/,service_detail,0,1,0.0,0.012,0.0,12.0,5,1.28,ctr,,"CTR fix, rewrite title and meta around proven queries"
870,https://shaffercon.com/service-areas/santa-monica/commercial-dedicated-equipment-circuits/,/service-areas/santa-monica/commercial-dedicated-equipment-circuits/,service_detail,0,1,0.0,0.012,0.0,12.0,5,1.28,ctr,,"CTR fix, rewrite title and meta around proven queries"
871,https://shaffercon.com/service-areas/glendale/commercial-backup-generator-installation/,/service-areas/glendale/commercial-backup-generator-installation/,service_detail,0,333,0.0,0.001,0.3,42.92,5,1.266,content,commercial generator installation; generator installation glendale; generator installation glendale; glendale integrated solutions on fire; commercial generator services pasadena,"Content lift, expand page and add links from stronger pages"
872,https://shaffercon.com/industry-insights/the-future-of-ev-charging-federal-grants-technological-advancements-and-infrastructure-expansion/,/industry-insights/the-future-of-ev-charging-federal-grants-technological-advancements-and-infrastructure-expansion/,blog,0,17,0.0,0.025,0.4,5.29,1,1.261,ctr,wireless ev charging home adoption status 2025,Deprioritize unless it supports a money page
873,https://shaffercon.com/service-areas/santa-monica/commercial-whole-building-surge-protection/,/service-areas/santa-monica/commercial-whole-building-surge-protection/,service_detail,0,4,0.0,0.08,0.3,2.25,5,1.227,ctr,,"CTR fix, rewrite title and meta around proven queries"
874,https://shaffercon.com/industry-insights/electrician-chatsworth-ca-electrical-services/,/industry-insights/electrician-chatsworth-ca-electrical-services/,blog,0,4,0.0,0.004,0.0,24.75,5,1.223,content,commercial electrician chatsworth,"Content lift, expand page and add links from stronger pages"
875,https://shaffercon.com/service-areas/altadena/residential-electrical-panel-upgrades/,/service-areas/altadena/residential-electrical-panel-upgrades/,service_detail,0,4,0.0,0.004,0.0,29.25,5,1.223,content,residential electrician services altadena,"Content lift, expand page and add links from stronger pages"
876,https://shaffercon.com/service-areas/echo-park/commercial-electrical-panel-upgrades/,/service-areas/echo-park/commercial-electrical-panel-upgrades/,service_detail,0,4,0.0,0.004,0.0,21.0,5,1.223,content,,"Content lift, expand page and add links from stronger pages"
877,https://shaffercon.com/service-areas/echo-park/commercial-outlet-switch-dimmer-services/,/service-areas/echo-park/commercial-outlet-switch-dimmer-services/,service_detail,0,4,0.0,0.004,0.0,28.5,5,1.223,content,kitchen exhaust fan cleaning​ planada,"Content lift, expand page and add links from stronger pages"
878,https://shaffercon.com/service-areas/sherman-oaks/commercial-electrical-panel-upgrades/,/service-areas/sherman-oaks/commercial-electrical-panel-upgrades/,service_detail,0,4,0.0,0.004,0.0,27.25,5,1.223,content,commercial electrician services sherman oaks,"Content lift, expand page and add links from stronger pages"
879,https://shaffercon.com/service-areas/sherman-oaks/commercial-landscape-outdoor-lighting/,/service-areas/sherman-oaks/commercial-landscape-outdoor-lighting/,service_detail,0,4,0.0,0.004,0.0,21.75,5,1.223,content,sherman oaks commercial landscaping,"Content lift, expand page and add links from stronger pages"
880,https://shaffercon.com/service-areas/west-hollywood/commercial-whole-building-surge-protection/,/service-areas/west-hollywood/commercial-whole-building-surge-protection/,service_detail,0,4,0.0,0.004,0.0,27.5,5,1.223,content,,"Content lift, expand page and add links from stronger pages"
881,https://shaffercon.com/industry-insights/the-future-of-electric-vehicle-charging-why-infrastructure-matters-for-sustainable-growth/,/industry-insights/the-future-of-electric-vehicle-charging-why-infrastructure-matters-for-sustainable-growth/,blog,0,259,0.0,0.001,0.3,67.9,5,1.211,content,electric vehicle infrastructure; ev infrastructure; long term benefits of ev chargers; electric vehicle charging infrastructure; powering the future with ev charging,"Content lift, expand page and add links from stronger pages"
882,https://shaffercon.com/industry-insights/from-design-to-maintenance-the-life-cycle-of-electric-vehicle-installations/,/industry-insights/from-design-to-maintenance-the-life-cycle-of-electric-vehicle-installations/,blog,0,3,0.0,0.05,0.2,4.33,2,1.206,ctr,,"CTR fix, rewrite title and meta around proven queries"
883,https://shaffercon.com/industry-insights/electrical-safety-tips-home/,/industry-insights/electrical-safety-tips-home/,blog,0,3,0.0,0.025,0.1,5.67,2,1.205,ctr,,"CTR fix, rewrite title and meta around proven queries"
884,https://shaffercon.com/service-areas/altadena/residential-dedicated-equipment-circuits/,/service-areas/altadena/residential-dedicated-equipment-circuits/,service_detail,0,3,0.0,0.025,0.1,6.67,2,1.205,ctr,,"CTR fix, rewrite title and meta around proven queries"
885,https://shaffercon.com/service-areas/culver-city/residential-security-motion-lighting/,/service-areas/culver-city/residential-security-motion-lighting/,service_detail,0,1,0.0,0.05,0.1,4.0,4,1.205,ctr,,"CTR fix, rewrite title and meta around proven queries"
886,https://shaffercon.com/service-areas/echo-park/residential-complete-electrical-rewiring/,/service-areas/echo-park/residential-complete-electrical-rewiring/,service_detail,0,3,0.0,0.025,0.1,8.33,2,1.205,ctr,,"CTR fix, rewrite title and meta around proven queries"
887,https://shaffercon.com/service-areas/hollywood/residential-lighting-installation-retrofitting/,/service-areas/hollywood/residential-lighting-installation-retrofitting/,service_detail,0,1,0.0,0.05,0.1,4.0,4,1.205,ctr,,"CTR fix, rewrite title and meta around proven queries"
888,https://shaffercon.com/service-areas/inglewood/residential-complete-electrical-rewiring/,/service-areas/inglewood/residential-complete-electrical-rewiring/,service_detail,0,3,0.0,0.025,0.1,7.0,2,1.205,ctr,home rewiring inglewood,"CTR fix, rewrite title and meta around proven queries"
889,https://shaffercon.com/service-areas/silver-lake/residential-electrical-safety-inspections/,/service-areas/silver-lake/residential-electrical-safety-inspections/,service_detail,0,1,0.0,0.05,0.1,5.0,4,1.205,ctr,,"CTR fix, rewrite title and meta around proven queries"
890,https://shaffercon.com/service-areas/silver-lake/residential-landscape-outdoor-lighting/,/service-areas/silver-lake/residential-landscape-outdoor-lighting/,service_detail,0,1,0.0,0.05,0.1,5.0,4,1.205,ctr,,"CTR fix, rewrite title and meta around proven queries"
891,https://shaffercon.com/service-areas/west-hollywood/residential-whole-building-surge-protection/,/service-areas/west-hollywood/residential-whole-building-surge-protection/,service_detail,0,3,0.0,0.025,0.1,9.0,2,1.205,ctr,,"CTR fix, rewrite title and meta around proven queries"
892,https://shaffercon.com/service-areas/altadena/residential-security-motion-lighting/,/service-areas/altadena/residential-security-motion-lighting/,service_detail,0,1,0.0,0.025,0.0,7.0,4,1.204,ctr,,"CTR fix, rewrite title and meta around proven queries"
893,https://shaffercon.com/service-areas/atwater-village/residential-electrical-safety-inspections/,/service-areas/atwater-village/residential-electrical-safety-inspections/,service_detail,0,1,0.0,0.025,0.0,9.0,4,1.204,ctr,,"CTR fix, rewrite title and meta around proven queries"
894,https://shaffercon.com/service-areas/inglewood/residential-electrical-safety-inspections/,/service-areas/inglewood/residential-electrical-safety-inspections/,service_detail,0,1,0.0,0.025,0.0,7.0,4,1.204,ctr,,"CTR fix, rewrite title and meta around proven queries"
895,https://shaffercon.com/service-areas/inglewood/residential-landscape-outdoor-lighting/,/service-areas/inglewood/residential-landscape-outdoor-lighting/,service_detail,0,1,0.0,0.025,0.0,7.0,4,1.204,ctr,,"CTR fix, rewrite title and meta around proven queries"
896,https://shaffercon.com/service-areas/long-beach/residential-electrical-code-compliance-corrections/,/service-areas/long-beach/residential-electrical-code-compliance-corrections/,service_detail,0,1,0.0,0.025,0.0,6.0,4,1.204,ctr,,"CTR fix, rewrite title and meta around proven queries"
897,https://shaffercon.com/service-areas/pacific-palisades/residential-electrical-code-compliance-corrections/,/service-areas/pacific-palisades/residential-electrical-code-compliance-corrections/,service_detail,0,1,0.0,0.025,0.0,6.0,4,1.204,ctr,,"CTR fix, rewrite title and meta around proven queries"
898,https://shaffercon.com/service-areas/pasadena/residential-electrical-code-compliance-corrections/,/service-areas/pasadena/residential-electrical-code-compliance-corrections/,service_detail,0,1,0.0,0.025,0.0,6.0,4,1.204,ctr,,"CTR fix, rewrite title and meta around proven queries"
899,https://shaffercon.com/service-areas/sherman-oaks/residential-whole-building-surge-protection/,/service-areas/sherman-oaks/residential-whole-building-surge-protection/,service_detail,0,51,0.0,0.004,0.2,24.63,2,1.204,content,surge protection services los angeles; whole house surge protection newman ca; surge protection services los angeles,Monitor after higher value pages
900,https://shaffercon.com/service-areas/silver-lake/residential-lighting-installation-retrofitting/,/service-areas/silver-lake/residential-lighting-installation-retrofitting/,service_detail,0,1,0.0,0.025,0.0,8.0,4,1.204,ctr,,"CTR fix, rewrite title and meta around proven queries"
901,https://shaffercon.com/service-areas/silver-lake/residential-security-motion-lighting/,/service-areas/silver-lake/residential-security-motion-lighting/,service_detail,0,1,0.0,0.025,0.0,9.0,4,1.204,ctr,,"CTR fix, rewrite title and meta around proven queries"
902,https://shaffercon.com/service-areas/torrance/residential-lighting-installation-retrofitting/,/service-areas/torrance/residential-lighting-installation-retrofitting/,service_detail,0,1,0.0,0.025,0.0,8.0,4,1.204,ctr,,"CTR fix, rewrite title and meta around proven queries"
903,https://shaffercon.com/service-areas/altadena/residential-energy-efficiency-upgrades/,/service-areas/altadena/residential-energy-efficiency-upgrades/,service_detail,0,4,0.0,0.012,0.0,11.5,2,1.189,ctr,,"CTR fix, rewrite title and meta around proven queries"
904,https://shaffercon.com/service-areas/atwater-village/residential-data-network-av-wiring/,/service-areas/atwater-village/residential-data-network-av-wiring/,service_detail,0,4,0.0,0.012,0.0,15.0,2,1.189,links,,"Ranking lift, add internal links and local proof"
905,https://shaffercon.com/service-areas/culver-city/residential-complete-electrical-rewiring/,/service-areas/culver-city/residential-complete-electrical-rewiring/,service_detail,0,4,0.0,0.012,0.0,15.5,2,1.189,links,,"Ranking lift, add internal links and local proof"
906,https://shaffercon.com/service-areas/los-feliz/residential-lighting-installation-retrofitting/,/service-areas/los-feliz/residential-lighting-installation-retrofitting/,service_detail,0,6,0.0,0.004,0.0,32.83,4,1.183,content,,"Content lift, expand page and add links from stronger pages"
907,https://shaffercon.com/service-areas/sherman-oaks/residential-electrical-safety-inspections/,/service-areas/sherman-oaks/residential-electrical-safety-inspections/,service_detail,0,6,0.0,0.004,0.0,20.16,4,1.183,content,,"Content lift, expand page and add links from stronger pages"
908,https://shaffercon.com/industry-insights/electricitys-impact-on-sustainable-construction-practices/,/industry-insights/electricitys-impact-on-sustainable-construction-practices/,blog,0,47,0.0,0.004,0.2,27.74,2,1.179,content,sustainable electrical installation; electric sustainability; electrical contractor carbon; electrical sustainability,Monitor after higher value pages
909,https://shaffercon.com/service-areas/west-hollywood/residential-ceiling-fan-fixture-installation/,/service-areas/west-hollywood/residential-ceiling-fan-fixture-installation/,service_detail,0,36,0.0,0.004,0.1,31.69,2,1.099,content,ceiling fan installation hollywood; ceiling fan installation hollywood,Monitor after higher value pages
910,https://shaffercon.com/industry-insights/solving-lighting-problems-practical-tips-for-homeowners/,/industry-insights/solving-lighting-problems-practical-tips-for-homeowners/,blog,0,5,0.0,0.08,0.4,2.8,4,1.094,ctr,,"CTR fix, rewrite title and meta around proven queries"
911,https://shaffercon.com/service-areas/beverly-hills/commercial-data-network-av-wiring/,/service-areas/beverly-hills/commercial-data-network-av-wiring/,service_detail,0,3,0.0,0.08,0.2,2.67,5,1.056,ctr,,"CTR fix, rewrite title and meta around proven queries"
912,https://shaffercon.com/service-areas/culver-city/commercial-electrical-code-compliance-corrections/,/service-areas/culver-city/commercial-electrical-code-compliance-corrections/,service_detail,0,3,0.0,0.08,0.2,2.0,5,1.056,ctr,,"CTR fix, rewrite title and meta around proven queries"
913,https://shaffercon.com/service-areas/west-hollywood/commercial-electrical-panel-upgrades/,/service-areas/west-hollywood/commercial-electrical-panel-upgrades/,service_detail,0,3,0.0,0.08,0.2,2.0,5,1.056,ctr,,"CTR fix, rewrite title and meta around proven queries"
914,https://shaffercon.com/commercial-energy-efficiency-upgrades/,/commercial-energy-efficiency-upgrades/,landing,0,3,0.0,0.004,0.0,37.33,5,1.054,content,commercial energy efficient solutions; commercial energy upgrades,"Content lift, expand page and add links from stronger pages"
915,https://shaffercon.com/industry-insights/accelerating-electric-vehicle-adoption-the-importance-of-expanding-ev-charger-infrastructure/,/industry-insights/accelerating-electric-vehicle-adoption-the-importance-of-expanding-ev-charger-infrastructure/,blog,0,3,0.0,0.004,0.0,25.0,5,1.054,content,,"Content lift, expand page and add links from stronger pages"
916,https://shaffercon.com/service-areas/altadena/commercial-backup-generator-installation/,/service-areas/altadena/commercial-backup-generator-installation/,service_detail,0,3,0.0,0.004,0.0,35.0,5,1.054,content,,"Content lift, expand page and add links from stronger pages"
917,https://shaffercon.com/service-areas/boyle-heights/commercial-complete-electrical-rewiring/,/service-areas/boyle-heights/commercial-complete-electrical-rewiring/,service_detail,0,3,0.0,0.004,0.0,36.67,5,1.054,content,,"Content lift, expand page and add links from stronger pages"
918,https://shaffercon.com/service-areas/inglewood/commercial-backup-generator-installation/,/service-areas/inglewood/commercial-backup-generator-installation/,service_detail,0,3,0.0,0.004,0.0,26.0,5,1.054,content,stadium commercial backup generator; commercial generator installation in pembroke,"Content lift, expand page and add links from stronger pages"
919,https://shaffercon.com/service-areas/los-feliz/commercial-energy-efficiency-upgrades/,/service-areas/los-feliz/commercial-energy-efficiency-upgrades/,service_detail,0,3,0.0,0.004,0.0,22.67,5,1.054,content,,"Content lift, expand page and add links from stronger pages"
920,https://shaffercon.com/service-areas/west-hollywood/commercial-breaker-panel-service-maintenance/,/service-areas/west-hollywood/commercial-breaker-panel-service-maintenance/,service_detail,0,3,0.0,0.004,0.0,22.0,5,1.054,content,,"Content lift, expand page and add links from stronger pages"
921,https://shaffercon.com/service-areas/west-hollywood/commercial-pool-hot-tub-spa-electrical/,/service-areas/west-hollywood/commercial-pool-hot-tub-spa-electrical/,service_detail,0,3,0.0,0.004,0.0,24.67,5,1.054,content,pool pump install west hollywood,"Content lift, expand page and add links from stronger pages"
922,https://shaffercon.com/service-areas/atwater-village/residential-pool-hot-tub-spa-electrical/,/service-areas/atwater-village/residential-pool-hot-tub-spa-electrical/,service_detail,0,30,0.0,0.004,0.1,20.44,2,1.045,content,atwater tub,Monitor after higher value pages
923,https://shaffercon.com/service-areas/atwater-village/residential-complete-electrical-rewiring/,/service-areas/atwater-village/residential-complete-electrical-rewiring/,service_detail,0,3,0.0,0.012,0.0,19.0,2,1.024,links,water removal atwater village,"Ranking lift, add internal links and local proof"
924,https://shaffercon.com/service-areas/atwater-village/residential-landscape-outdoor-lighting/,/service-areas/atwater-village/residential-landscape-outdoor-lighting/,service_detail,0,1,0.0,0.012,0.0,11.0,4,1.024,ctr,,"CTR fix, rewrite title and meta around proven queries"
925,https://shaffercon.com/industry-insights/ev-charging-infrastructure-trends-2024-innovations-accessibility-and-business-benefits-for-california-and-beyond/,/industry-insights/ev-charging-infrastructure-trends-2024-innovations-accessibility-and-business-benefits-for-california-and-beyond/,blog,0,106,0.0,0.001,0.1,47.55,5,1.016,content,electric vehicle charging infrastructure california; electric mobility infrastructure provider,"Content lift, expand page and add links from stronger pages"
926,https://shaffercon.com/service-areas/pacific-palisades/residential-lighting-installation-retrofitting/,/service-areas/pacific-palisades/residential-lighting-installation-retrofitting/,service_detail,0,4,0.0,0.08,0.3,2.25,4,0.982,ctr,,"CTR fix, rewrite title and meta around proven queries"
927,https://shaffercon.com/service-areas/altadena/residential-electrical-safety-inspections/,/service-areas/altadena/residential-electrical-safety-inspections/,service_detail,0,4,0.0,0.004,0.0,30.0,4,0.979,content,residential electrician services altadena,"Content lift, expand page and add links from stronger pages"
928,https://shaffercon.com/service-areas/echo-park/residential-lighting-installation-retrofitting/,/service-areas/echo-park/residential-lighting-installation-retrofitting/,service_detail,0,4,0.0,0.004,0.0,33.5,4,0.979,content,,"Content lift, expand page and add links from stronger pages"
929,https://shaffercon.com/games/zappy-bird.html/,/games/zappy-bird.html/,other,0,2,0.0,0.025,0.1,6.0,2,0.955,ctr,,"CTR fix, rewrite title and meta around proven queries"
930,https://shaffercon.com/industry-insights/customized-electrical-solutions-for-unique-home-designs/,/industry-insights/customized-electrical-solutions-for-unique-home-designs/,blog,0,2,0.0,0.05,0.1,4.0,2,0.955,ctr,,"CTR fix, rewrite title and meta around proven queries"
931,https://shaffercon.com/industry-insights/efficient-energy-tips-for-a-greener-la-holiday-season/,/industry-insights/efficient-energy-tips-for-a-greener-la-holiday-season/,blog,0,2,0.0,0.025,0.1,6.0,2,0.955,ctr,,"CTR fix, rewrite title and meta around proven queries"
932,https://shaffercon.com/industry-insights/smart-home-contractor-los-angeles/,/industry-insights/smart-home-contractor-los-angeles/,blog,0,2,0.0,0.025,0.1,7.5,2,0.955,ctr,,"CTR fix, rewrite title and meta around proven queries"
933,https://shaffercon.com/industry-insights/the-role-of-electricians-in-sustainable-building-practices/,/industry-insights/the-role-of-electricians-in-sustainable-building-practices/,blog,0,2,0.0,0.025,0.1,8.5,2,0.955,ctr,,"CTR fix, rewrite title and meta around proven queries"
934,https://shaffercon.com/service-areas/atwater-village/residential-smart-automation-systems/,/service-areas/atwater-village/residential-smart-automation-systems/,service_detail,0,2,0.0,0.025,0.1,8.0,2,0.955,ctr,,"CTR fix, rewrite title and meta around proven queries"
935,https://shaffercon.com/service-areas/boyle-heights/residential-pool-hot-tub-spa-electrical/,/service-areas/boyle-heights/residential-pool-hot-tub-spa-electrical/,service_detail,0,2,0.0,0.025,0.1,8.5,2,0.955,ctr,,"CTR fix, rewrite title and meta around proven queries"
936,https://shaffercon.com/service-areas/echo-park/residential-ceiling-fan-fixture-installation/,/service-areas/echo-park/residential-ceiling-fan-fixture-installation/,service_detail,0,2,0.0,0.025,0.1,6.0,2,0.955,ctr,,"CTR fix, rewrite title and meta around proven queries"
937,https://shaffercon.com/service-areas/echo-park/residential-pool-hot-tub-spa-electrical/,/service-areas/echo-park/residential-pool-hot-tub-spa-electrical/,service_detail,0,2,0.0,0.025,0.1,8.0,2,0.955,ctr,,"CTR fix, rewrite title and meta around proven queries"
938,https://shaffercon.com/service-areas/echo-park/residential-whole-building-surge-protection/,/service-areas/echo-park/residential-whole-building-surge-protection/,service_detail,0,2,0.0,0.05,0.1,4.5,2,0.955,ctr,,"CTR fix, rewrite title and meta around proven queries"
939,https://shaffercon.com/service-areas/glendale/residential-smart-automation-systems/,/service-areas/glendale/residential-smart-automation-systems/,service_detail,0,2,0.0,0.05,0.1,4.0,2,0.955,ctr,,"CTR fix, rewrite title and meta around proven queries"
940,https://shaffercon.com/service-areas/inglewood/residential-energy-efficiency-upgrades/,/service-areas/inglewood/residential-energy-efficiency-upgrades/,service_detail,0,2,0.0,0.025,0.1,10.0,2,0.955,ctr,,"CTR fix, rewrite title and meta around proven queries"
941,https://shaffercon.com/service-areas/inglewood/residential-exhaust-fan-ventilation-wiring/,/service-areas/inglewood/residential-exhaust-fan-ventilation-wiring/,service_detail,0,2,0.0,0.05,0.1,5.0,2,0.955,ctr,,"CTR fix, rewrite title and meta around proven queries"
942,https://shaffercon.com/service-areas/pasadena/residential-dedicated-equipment-circuits/,/service-areas/pasadena/residential-dedicated-equipment-circuits/,service_detail,0,2,0.0,0.025,0.1,6.0,2,0.955,ctr,,"CTR fix, rewrite title and meta around proven queries"
943,https://shaffercon.com/service-areas/venice/residential-whole-building-surge-protection/,/service-areas/venice/residential-whole-building-surge-protection/,service_detail,0,2,0.0,0.025,0.1,9.0,2,0.955,ctr,,"CTR fix, rewrite title and meta around proven queries"
944,https://shaffercon.com/service-areas/long-beach/residential-exhaust-fan-ventilation-wiring/,/service-areas/long-beach/residential-exhaust-fan-ventilation-wiring/,service_detail,1,2,0.5,0.025,0.0,8.0,2,0.954,links,,"Ranking lift, add internal links and local proof"
945,https://shaffercon.com/service-areas/inglewood/residential-outlet-switch-dimmer-services/,/service-areas/inglewood/residential-outlet-switch-dimmer-services/,service_detail,0,1,0.0,0.025,0.0,6.0,3,0.903,ctr,,"CTR fix, rewrite title and meta around proven queries"
946,https://shaffercon.com/service-areas/pacific-palisades/residential-outlet-switch-dimmer-services/,/service-areas/pacific-palisades/residential-outlet-switch-dimmer-services/,service_detail,0,1,0.0,0.025,0.0,9.0,3,0.903,ctr,,"CTR fix, rewrite title and meta around proven queries"
947,https://shaffercon.com/service-areas/santa-clarita/residential-outlet-switch-dimmer-services/,/service-areas/santa-clarita/residential-outlet-switch-dimmer-services/,service_detail,0,1,0.0,0.025,0.0,9.0,3,0.903,ctr,,"CTR fix, rewrite title and meta around proven queries"
948,https://shaffercon.com/service-areas/santa-monica/residential-energy-efficiency-upgrades/,/service-areas/santa-monica/residential-energy-efficiency-upgrades/,service_detail,1,18,0.05555555555555555,0.004,0.0,21.33,2,0.895,content,solar battery storage santa monica; solar battery storage santa monica,Monitor after higher value pages
949,https://shaffercon.com/industry-insights/the-critical-importance-of-investing-in-ev-charging-infrastructure-for-a-sustainable-future/,/industry-insights/the-critical-importance-of-investing-in-ev-charging-infrastructure-for-a-sustainable-future/,blog,0,54,0.0,0.001,0.1,41.23,5,0.871,content,investing in ev charging infrastructure; ev infrastructure investment; electric vehicle infrastructure investment; ev charging station investment; charging station investment,"Content lift, expand page and add links from stronger pages"
950,https://shaffercon.com/industry-insights/the-growing-demand-for-ev-charging-infrastructure-how-maintenance-and-innovation-shape-the-future/,/industry-insights/the-growing-demand-for-ev-charging-infrastructure-how-maintenance-and-innovation-shape-the-future/,blog,0,50,0.0,0.001,0.1,67.72,5,0.854,content,ev charger infrastructure; ev charging station construction; electric mobility infrastructure provider; ev charging infrastructure solutions; ev charging infrastructure development,"Content lift, expand page and add links from stronger pages"
951,https://shaffercon.com/industry-insights/the-growing-landscape-of-ev-charging-infrastructure-trends-innovations-and-future-prospects/,/industry-insights/the-growing-landscape-of-ev-charging-infrastructure-trends-innovations-and-future-prospects/,blog,0,47,0.0,0.001,0.0,59.74,5,0.841,content,ev charging infrastructure; ev infrastructure; charging infrastructure; electric vehicle charging infrastructure buildout progress 2025; ev charger infrastructure,"Content lift, expand page and add links from stronger pages"
952,https://shaffercon.com/service-areas/atwater-village/commercial-pool-hot-tub-spa-electrical/,/service-areas/atwater-village/commercial-pool-hot-tub-spa-electrical/,service_detail,0,2,0.0,0.08,0.2,3.0,5,0.836,ctr,,"CTR fix, rewrite title and meta around proven queries"
953,https://shaffercon.com/service-areas/sherman-oaks/commercial-electrical-code-compliance-corrections/,/service-areas/sherman-oaks/commercial-electrical-code-compliance-corrections/,service_detail,0,2,0.0,0.08,0.2,2.5,5,0.836,ctr,,"CTR fix, rewrite title and meta around proven queries"
954,https://shaffercon.com/industry-insights/the-future-of-ev-charging-infrastructure-top-trends-shaping-los-angeles-in-2024/,/industry-insights/the-future-of-ev-charging-infrastructure-top-trends-shaping-los-angeles-in-2024/,blog,0,2,0.0,0.004,0.0,31.0,5,0.835,content,future proofing site for ev chargers,"Content lift, expand page and add links from stronger pages"
955,https://shaffercon.com/service-areas/atwater-village/commercial-lighting-installation-retrofitting/,/service-areas/atwater-village/commercial-lighting-installation-retrofitting/,service_detail,0,2,0.0,0.004,0.0,35.5,5,0.835,content,,"Content lift, expand page and add links from stronger pages"
956,https://shaffercon.com/service-areas/backup-generator-installation__trashed/commercial-backup-generator-installation/,/service-areas/backup-generator-installation__trashed/commercial-backup-generator-installation/,service_detail,0,2,0.0,0.004,0.0,26.0,5,0.835,content,,"Content lift, expand page and add links from stronger pages"
957,https://shaffercon.com/service-areas/inglewood/commercial-pool-hot-tub-spa-electrical/,/service-areas/inglewood/commercial-pool-hot-tub-spa-electrical/,service_detail,0,2,0.0,0.004,0.0,27.5,5,0.835,content,,"Content lift, expand page and add links from stronger pages"
958,https://shaffercon.com/service-areas/long-beach/commercial-electrical-panel-upgrades/,/service-areas/long-beach/commercial-electrical-panel-upgrades/,service_detail,0,2,0.0,0.004,0.0,30.0,5,0.835,content,,"Content lift, expand page and add links from stronger pages"
959,https://shaffercon.com/service-areas/los-feliz/commercial-pool-hot-tub-spa-electrical/,/service-areas/los-feliz/commercial-pool-hot-tub-spa-electrical/,service_detail,0,2,0.0,0.004,0.0,26.5,5,0.835,content,pool equipment repair los feliz; pool pump install los feliz,"Content lift, expand page and add links from stronger pages"
960,https://shaffercon.com/service-areas/silver-lake/commercial-dedicated-equipment-circuits/,/service-areas/silver-lake/commercial-dedicated-equipment-circuits/,service_detail,0,2,0.0,0.004,0.0,26.0,5,0.835,content,,"Content lift, expand page and add links from stronger pages"
961,https://shaffercon.com/service-areas/silver-lake/commercial-electrical-panel-upgrades/,/service-areas/silver-lake/commercial-electrical-panel-upgrades/,service_detail,0,2,0.0,0.004,0.0,34.5,5,0.835,content,,"Content lift, expand page and add links from stronger pages"
962,https://shaffercon.com/service-areas/venice/commercial-smart-automation-systems/,/service-areas/venice/commercial-smart-automation-systems/,service_detail,0,2,0.0,0.004,0.0,23.0,5,0.835,content,,"Content lift, expand page and add links from stronger pages"
963,https://shaffercon.com/service-areas/venice/residential-ev-charger-installation/,/service-areas/venice/residential-ev-charger-installation/,service_detail,0,2,0.0,0.004,0.0,27.5,5,0.835,content,ev home charger installation venice,"Content lift, expand page and add links from stronger pages"
964,https://shaffercon.com/service-areas/west-hollywood/commercial-lighting-installation-retrofitting/,/service-areas/west-hollywood/commercial-lighting-installation-retrofitting/,service_detail,0,2,0.0,0.004,0.0,22.0,5,0.835,content,,"Content lift, expand page and add links from stronger pages"
965,https://shaffercon.com/industry-insights/electrical-innovations-green-construction/,/industry-insights/electrical-innovations-green-construction/,blog,0,2,0.0,0.012,0.0,17.5,2,0.811,links,best electrical systems for net-zero infrastructure in new developments,"Ranking lift, add internal links and local proof"
966,https://shaffercon.com/service-areas/altadena/residential-whole-building-surge-protection/,/service-areas/altadena/residential-whole-building-surge-protection/,service_detail,0,2,0.0,0.012,0.0,12.5,2,0.811,links,,"Ranking lift, add internal links and local proof"
967,https://shaffercon.com/service-areas/los-feliz/residential-data-network-av-wiring/,/service-areas/los-feliz/residential-data-network-av-wiring/,service_detail,0,2,0.0,0.012,0.0,13.5,2,0.811,links,los angeles data network wiring solution; professional data wiring los angeles,"Ranking lift, add internal links and local proof"
968,https://shaffercon.com/industry-insights/the-future-of-ev-charging-in-los-angeles-policy-updates-security-innovations-and-expanding-access-for-all-residents/,/industry-insights/the-future-of-ev-charging-in-los-angeles-policy-updates-security-innovations-and-expanding-access-for-all-residents/,blog,0,12,0.0,0.004,0.0,23.42,2,0.78,content,,Monitor after higher value pages
969,https://shaffercon.com/service-areas/silver-lake/residential-pool-hot-tub-spa-electrical/,/service-areas/silver-lake/residential-pool-hot-tub-spa-electrical/,service_detail,0,12,0.0,0.004,0.0,25.0,2,0.78,content,,Monitor after higher value pages
970,https://shaffercon.com/service-areas/venice/residential-outlet-switch-dimmer-services/,/service-areas/venice/residential-outlet-switch-dimmer-services/,service_detail,0,1,0.0,0.012,0.0,12.0,3,0.768,ctr,,"CTR fix, rewrite title and meta around proven queries"
971,https://shaffercon.com/service-areas/highland-park/residential-energy-efficiency-upgrades/,/service-areas/highland-park/residential-energy-efficiency-upgrades/,service_detail,0,11,0.0,0.004,0.0,29.0,2,0.756,content,highland village energy-efficient systems; energy audits highland; highland village energy-efficient systems,Monitor after higher value pages
972,https://shaffercon.com/service-areas/highland-park/residential-outlet-switch-dimmer-services/,/service-areas/highland-park/residential-outlet-switch-dimmer-services/,service_detail,0,4,0.0,0.004,0.0,28.0,3,0.734,content,,Monitor after higher value pages
973,https://shaffercon.com/service-areas/sherman-oaks/residential-outlet-switch-dimmer-services/,/service-areas/sherman-oaks/residential-outlet-switch-dimmer-services/,service_detail,0,4,0.0,0.004,0.0,30.75,3,0.734,content,,Monitor after higher value pages
974,https://shaffercon.com/service-areas/hollywood/residential-smart-automation-systems/,/service-areas/hollywood/residential-smart-automation-systems/,service_detail,0,10,0.0,0.004,0.0,25.5,2,0.729,content,,Monitor after higher value pages
975,https://shaffercon.com/industry-insights/advancements-in-ev-charger-installations-building-the-future-of-electric-vehicle-infrastructure/,/industry-insights/advancements-in-ev-charger-installations-building-the-future-of-electric-vehicle-infrastructure/,blog,0,27,0.0,0.001,0.0,45.33,5,0.724,content,ev charging station construction; ev charger project; how powersource ev vetting process ensures high-quality installers,"Content lift, expand page and add links from stronger pages"
976,https://shaffercon.com/industry-insights/the-rapid-expansion-of-ev-charging-infrastructure-key-insights-policy-updates-and-practical-tips-for-home-and-business-owners/,/industry-insights/the-rapid-expansion-of-ev-charging-infrastructure-key-insights-policy-updates-and-practical-tips-for-home-and-business-owners/,blog,0,102,0.0,0.004,0.4,33.99,1,0.707,content,ev charging infrastructure solutions; charging infrastructure availability; how extensive is the current high-speed charging infrastructure for electric cars?. my location is united states.; electric cars charging infrastructure; ev charging power distribution,Deprioritize unless it supports a money page
977,https://shaffercon.com/service-areas/highland-park/residential-complete-electrical-rewiring/,/service-areas/highland-park/residential-complete-electrical-rewiring/,service_detail,0,9,0.0,0.004,0.0,32.89,2,0.7,content,,Monitor after higher value pages
978,https://shaffercon.com/industry-insights/powering-the-ev-revolution-latest-advances-and-infrastructure-solutions-for-u-s-charging-networks/,/industry-insights/powering-the-ev-revolution-latest-advances-and-infrastructure-solutions-for-u-s-charging-networks/,blog,0,23,0.0,0.001,0.0,46.22,5,0.69,content,ev charging infrastructure solutions; ev charging infrastructure solutions; powering ev charging stations,"Content lift, expand page and add links from stronger pages"
979,https://shaffercon.com/service-areas/altadena/residential-lighting-installation-retrofitting/,/service-areas/altadena/residential-lighting-installation-retrofitting/,service_detail,0,2,0.0,0.08,0.2,3.0,4,0.669,ctr,,"CTR fix, rewrite title and meta around proven queries"
980,https://shaffercon.com/service-areas/inglewood/residential-lighting-installation-retrofitting/,/service-areas/inglewood/residential-lighting-installation-retrofitting/,service_detail,0,2,0.0,0.004,0.0,26.0,4,0.668,content,,"Content lift, expand page and add links from stronger pages"
981,https://shaffercon.com/service-areas/silver-lake/residential-ceiling-fan-fixture-installation/,/service-areas/silver-lake/residential-ceiling-fan-fixture-installation/,service_detail,0,8,0.0,0.004,0.0,20.75,2,0.668,content,,Monitor after higher value pages
982,https://shaffercon.com/service-areas/burbank/residential-outlet-switch-dimmer-services/,/service-areas/burbank/residential-outlet-switch-dimmer-services/,service_detail,0,18,0.0,0.001,0.0,49.06,5,0.639,content,smart controls burbank; smart devices burbank; burbank house rewire,"Content lift, expand page and add links from stronger pages"
983,https://shaffercon.com/service-areas/highland-park/commercial-electrical-troubleshooting-repairs/,/service-areas/highland-park/commercial-electrical-troubleshooting-repairs/,service_detail,0,18,0.0,0.001,0.0,49.34,5,0.639,content,commercial electric repair highland village; electrical repairs highland; electrical repairs highland park,"Content lift, expand page and add links from stronger pages"
984,https://shaffercon.com/games/electrician-doom.html/,/games/electrician-doom.html/,other,0,1,0.0,0.025,0.0,10.0,2,0.602,ctr,,"CTR fix, rewrite title and meta around proven queries"
985,https://shaffercon.com/industry-insights/the-importance-of-regular-electrical-maintenance-for-safety-and-efficiency/,/industry-insights/the-importance-of-regular-electrical-maintenance-for-safety-and-efficiency/,blog,0,1,0.0,0.025,0.0,10.0,2,0.602,ctr,,"CTR fix, rewrite title and meta around proven queries"
986,https://shaffercon.com/revolutionary-ev-charging-developments-transform-infrastructure-landscape-ultra-fast-1mw-technology-streetlight-integration-300-billion-global-investment-forecast-pennsylvania-community-expansion/,/revolutionary-ev-charging-developments-transform-infrastructure-landscape-ultra-fast-1mw-technology-streetlight-integration-300-billion-global-investment-forecast-pennsylvania-community-expansion/,landing,0,1,0.0,0.025,0.0,6.0,2,0.602,ctr,,"CTR fix, rewrite title and meta around proven queries"
987,https://shaffercon.com/service-areas/altadena/residential-complete-electrical-rewiring/,/service-areas/altadena/residential-complete-electrical-rewiring/,service_detail,0,1,0.0,0.05,0.1,5.0,2,0.602,ctr,,"CTR fix, rewrite title and meta around proven queries"
988,https://shaffercon.com/service-areas/altadena/residential-pool-hot-tub-spa-electrical/,/service-areas/altadena/residential-pool-hot-tub-spa-electrical/,service_detail,0,1,0.0,0.025,0.0,9.0,2,0.602,ctr,,"CTR fix, rewrite title and meta around proven queries"
989,https://shaffercon.com/service-areas/atwater-village/residential-energy-efficiency-upgrades/,/service-areas/atwater-village/residential-energy-efficiency-upgrades/,service_detail,0,1,0.0,0.025,0.0,9.0,2,0.602,ctr,,"CTR fix, rewrite title and meta around proven queries"
990,https://shaffercon.com/service-areas/atwater-village/residential-exhaust-fan-ventilation-wiring/,/service-areas/atwater-village/residential-exhaust-fan-ventilation-wiring/,service_detail,0,1,0.0,0.025,0.0,6.0,2,0.602,ctr,,"CTR fix, rewrite title and meta around proven queries"
991,https://shaffercon.com/service-areas/boyle-heights/residential-smart-automation-systems/,/service-areas/boyle-heights/residential-smart-automation-systems/,service_detail,0,1,0.0,0.025,0.0,6.0,2,0.602,ctr,,"CTR fix, rewrite title and meta around proven queries"
992,https://shaffercon.com/service-areas/culver-city/residential-smart-automation-systems/,/service-areas/culver-city/residential-smart-automation-systems/,service_detail,0,1,0.0,0.025,0.0,8.0,2,0.602,ctr,,"CTR fix, rewrite title and meta around proven queries"
993,https://shaffercon.com/service-areas/echo-park/residential-smart-automation-systems/,/service-areas/echo-park/residential-smart-automation-systems/,service_detail,0,1,0.0,0.025,0.0,10.0,2,0.602,ctr,,"CTR fix, rewrite title and meta around proven queries"
994,https://shaffercon.com/service-areas/inglewood/residential-data-network-av-wiring/,/service-areas/inglewood/residential-data-network-av-wiring/,service_detail,0,1,0.0,0.025,0.0,7.0,2,0.602,ctr,structured cabling installers inglewood,"CTR fix, rewrite title and meta around proven queries"
995,https://shaffercon.com/service-areas/los-feliz/residential-smart-automation-systems/,/service-areas/los-feliz/residential-smart-automation-systems/,service_detail,0,1,0.0,0.025,0.0,8.0,2,0.602,ctr,,"CTR fix, rewrite title and meta around proven queries"
996,https://shaffercon.com/service-areas/pasadena/residential-data-network-av-wiring/,/service-areas/pasadena/residential-data-network-av-wiring/,service_detail,0,1,0.0,0.05,0.1,4.0,2,0.602,ctr,,"CTR fix, rewrite title and meta around proven queries"
997,https://shaffercon.com/service-areas/santa-monica/residential-whole-building-surge-protection/,/service-areas/santa-monica/residential-whole-building-surge-protection/,service_detail,0,1,0.0,0.025,0.0,9.0,2,0.602,ctr,,"CTR fix, rewrite title and meta around proven queries"
998,https://shaffercon.com/service-areas/silver-lake/residential-dedicated-equipment-circuits/,/service-areas/silver-lake/residential-dedicated-equipment-circuits/,service_detail,0,1,0.0,0.05,0.1,4.0,2,0.602,ctr,,"CTR fix, rewrite title and meta around proven queries"
999,https://shaffercon.com/service-areas/venice/residential-data-network-av-wiring/,/service-areas/venice/residential-data-network-av-wiring/,service_detail,0,1,0.0,0.025,0.0,10.0,2,0.602,ctr,,"CTR fix, rewrite title and meta around proven queries"
1000,https://shaffercon.com/industry-insights/maximizing-energy-efficiency-advanced-electrical-technologies-for-homes/,/industry-insights/maximizing-energy-efficiency-advanced-electrical-technologies-for-homes/,blog,0,6,0.0,0.004,0.0,30.83,2,0.592,content,,Monitor after higher value pages
1001,https://shaffercon.com/service-areas/highland-park/residential-data-network-av-wiring/,/service-areas/highland-park/residential-data-network-av-wiring/,service_detail,0,6,0.0,0.004,0.0,24.83,2,0.592,content,custom av highland park; professional data wiring los angeles,Monitor after higher value pages
1002,https://shaffercon.com/service-areas/sherman-oaks/residential-energy-efficiency-upgrades/,/service-areas/sherman-oaks/residential-energy-efficiency-upgrades/,service_detail,0,6,0.0,0.004,0.0,37.17,2,0.592,content,energy saving installers,Monitor after higher value pages
1003,https://shaffercon.com/service-areas/inglewood/residential-ev-charger-installation/,/service-areas/inglewood/residential-ev-charger-installation/,service_detail,0,14,0.0,0.001,0.0,44.36,5,0.588,content,ev charger installation pasadena; ev charger installation downers grove; ev charging station contractors downers grove,"Content lift, expand page and add links from stronger pages"
1004,https://shaffercon.com/industry-insights/how-to-know-home-needs-electrical-panel-upgrade/,/industry-insights/how-to-know-home-needs-electrical-panel-upgrade/,blog,0,13,0.0,0.001,0.0,47.69,5,0.573,content,signs you need a panel upgrade,"Content lift, expand page and add links from stronger pages"
1005,https://shaffercon.com/service-areas/silver-lake/commercial-electrical-safety-inspections/,/service-areas/silver-lake/commercial-electrical-safety-inspections/,service_detail,0,13,0.0,0.001,0.0,69.69,5,0.573,content,,"Content lift, expand page and add links from stronger pages"
1006,https://shaffercon.com/service-areas/venice/residential-ceiling-fan-fixture-installation/,/service-areas/venice/residential-ceiling-fan-fixture-installation/,service_detail,0,5,0.0,0.004,0.0,24.2,2,0.545,content,ceiling fan installation venice,Monitor after higher value pages
1007,https://shaffercon.com/service-areas/highland-park/commercial-electrical-panel-upgrades/,/service-areas/highland-park/commercial-electrical-panel-upgrades/,service_detail,0,11,0.0,0.001,0.0,41.45,5,0.54,content,circuit breaker upgrades highland park; electrical panel upgrade highland village,"Content lift, expand page and add links from stronger pages"
1008,https://shaffercon.com/commercial-electrical-troubleshooting-repairs/,/commercial-electrical-troubleshooting-repairs/,landing,0,1,0.0,0.004,0.0,25.0,5,0.527,content,,"Content lift, expand page and add links from stronger pages"
1009,https://shaffercon.com/images/electrical-panel-meter-installation.jpg/,/images/electrical-panel-meter-installation.jpg/,other,0,1,0.0,0.004,0.0,24.0,5,0.527,content,,"Content lift, expand page and add links from stronger pages"
1010,https://shaffercon.com/service-areas/beverly-hills/commercial-security-motion-lighting/,/service-areas/beverly-hills/commercial-security-motion-lighting/,service_detail,0,1,0.0,0.08,0.1,2.0,5,0.527,ctr,,"CTR fix, rewrite title and meta around proven queries"
1011,https://shaffercon.com/service-areas/boyle-heights/commercial-electrical-safety-inspections/,/service-areas/boyle-heights/commercial-electrical-safety-inspections/,service_detail,0,1,0.0,0.004,0.0,40.0,5,0.527,content,,"Content lift, expand page and add links from stronger pages"
1012,https://shaffercon.com/service-areas/boyle-heights/commercial-ev-charger-installation/,/service-areas/boyle-heights/commercial-ev-charger-installation/,service_detail,0,1,0.0,0.004,0.0,23.0,5,0.527,content,,"Content lift, expand page and add links from stronger pages"
1013,https://shaffercon.com/service-areas/boyle-heights/residential-breaker-panel-service-maintenance/,/service-areas/boyle-heights/residential-breaker-panel-service-maintenance/,service_detail,0,1,0.0,0.004,0.0,28.0,5,0.527,content,,"Content lift, expand page and add links from stronger pages"
1014,https://shaffercon.com/service-areas/culver-city/commercial-electrical-troubleshooting-repairs/,/service-areas/culver-city/commercial-electrical-troubleshooting-repairs/,service_detail,0,1,0.0,0.004,0.0,24.0,5,0.527,content,,"Content lift, expand page and add links from stronger pages"
1015,https://shaffercon.com/service-areas/echo-park/commercial-backup-generator-installation/,/service-areas/echo-park/commercial-backup-generator-installation/,service_detail,0,1,0.0,0.08,0.1,1.0,5,0.527,ctr,,"CTR fix, rewrite title and meta around proven queries"
1016,https://shaffercon.com/service-areas/los-feliz/commercial-electrical-panel-upgrades/,/service-areas/los-feliz/commercial-electrical-panel-upgrades/,service_detail,0,1,0.0,0.08,0.1,2.0,5,0.527,ctr,,"CTR fix, rewrite title and meta around proven queries"
1017,https://shaffercon.com/service-areas/los-feliz/commercial-security-motion-lighting/,/service-areas/los-feliz/commercial-security-motion-lighting/,service_detail,0,1,0.0,0.08,0.1,3.0,5,0.527,ctr,,"CTR fix, rewrite title and meta around proven queries"
1018,https://shaffercon.com/service-areas/santa-monica/commercial-outlet-switch-dimmer-services/,/service-areas/santa-monica/commercial-outlet-switch-dimmer-services/,service_detail,0,1,0.0,0.08,0.1,1.0,5,0.527,ctr,,"CTR fix, rewrite title and meta around proven queries"
1019,https://shaffercon.com/service-areas/silver-lake/commercial-complete-electrical-rewiring/,/service-areas/silver-lake/commercial-complete-electrical-rewiring/,service_detail,0,1,0.0,0.08,0.1,2.0,5,0.527,ctr,,"CTR fix, rewrite title and meta around proven queries"
1020,https://shaffercon.com/service-areas/silver-lake/commercial-security-motion-lighting/,/service-areas/silver-lake/commercial-security-motion-lighting/,service_detail,0,1,0.0,0.004,0.0,26.0,5,0.527,content,commercial hardscape in silver lake,"Content lift, expand page and add links from stronger pages"
1021,https://shaffercon.com/service-areas/venice/commercial-complete-electrical-rewiring/,/service-areas/venice/commercial-complete-electrical-rewiring/,service_detail,0,1,0.0,0.08,0.1,3.0,5,0.527,ctr,,"CTR fix, rewrite title and meta around proven queries"
1022,https://shaffercon.com/service-areas/west-hollywood/commercial-complete-electrical-rewiring/,/service-areas/west-hollywood/commercial-complete-electrical-rewiring/,service_detail,0,1,0.0,0.08,0.1,3.0,5,0.527,ctr,,"CTR fix, rewrite title and meta around proven queries"
1023,https://shaffercon.com/industry-insights/the-future-of-ev-charging-how-smart-infrastructure-bidirectional-tech-and-community-collaboration-are-shaping-los-angeles/,/industry-insights/the-future-of-ev-charging-how-smart-infrastructure-bidirectional-tech-and-community-collaboration-are-shaping-los-angeles/,blog,0,10,0.0,0.001,0.0,45.7,5,0.521,content,,"Content lift, expand page and add links from stronger pages"
1024,https://shaffercon.com/industry-insights/transforming-mobility-the-rise-of-ev-charging-infrastructure-across-america/,/industry-insights/transforming-mobility-the-rise-of-ev-charging-infrastructure-across-america/,blog,0,10,0.0,0.001,0.0,42.2,5,0.521,content,charging infrastructure for mobility operators,"Content lift, expand page and add links from stronger pages"
1025,https://shaffercon.com/service-areas/atwater-village/residential-ceiling-fan-fixture-installation/,/service-areas/atwater-village/residential-ceiling-fan-fixture-installation/,service_detail,0,1,0.0,0.012,0.0,11.0,2,0.512,ctr,,"CTR fix, rewrite title and meta around proven queries"
1026,https://shaffercon.com/service-areas/hollywood/residential-exhaust-fan-ventilation-wiring/,/service-areas/hollywood/residential-exhaust-fan-ventilation-wiring/,service_detail,0,1,0.0,0.012,0.0,11.0,2,0.512,ctr,,"CTR fix, rewrite title and meta around proven queries"
1027,https://shaffercon.com/service-areas/silver-lake/residential-exhaust-fan-ventilation-wiring/,/service-areas/silver-lake/residential-exhaust-fan-ventilation-wiring/,service_detail,0,1,0.0,0.012,0.0,11.0,2,0.512,ctr,,"CTR fix, rewrite title and meta around proven queries"
1028,https://shaffercon.com/service-areas/torrance/residential-dedicated-equipment-circuits/,/service-areas/torrance/residential-dedicated-equipment-circuits/,service_detail,0,1,0.0,0.012,0.0,11.0,2,0.512,ctr,,"CTR fix, rewrite title and meta around proven queries"
1029,https://shaffercon.com/service-areas/altadena/residential-outlet-switch-dimmer-services/,/service-areas/altadena/residential-outlet-switch-dimmer-services/,service_detail,0,2,0.0,0.08,0.2,2.5,3,0.502,ctr,,"CTR fix, rewrite title and meta around proven queries"
1030,https://shaffercon.com/service-areas/pacific-palisades/residential-electrical-troubleshooting-repairs/,/service-areas/pacific-palisades/residential-electrical-troubleshooting-repairs/,service_detail,0,2,0.0,0.08,0.2,2.0,3,0.502,ctr,,"CTR fix, rewrite title and meta around proven queries"
1031,https://shaffercon.com/service-areas/los-feliz/residential-backup-generator-installation/,/service-areas/los-feliz/residential-backup-generator-installation/,service_detail,0,2,0.0,0.004,0.0,22.0,3,0.501,content,,Monitor after higher value pages
1032,https://shaffercon.com/service-areas/west-hollywood/commercial-ceiling-fan-fixture-installation/,/service-areas/west-hollywood/commercial-ceiling-fan-fixture-installation/,service_detail,0,9,0.0,0.001,0.0,49.0,5,0.5,content,ceiling fan installation hollywood; ceiling fan installation hollywood,"Content lift, expand page and add links from stronger pages"
1033,https://shaffercon.com/service-areas/sherman-oaks/residential-dedicated-equipment-circuits/,/service-areas/sherman-oaks/residential-dedicated-equipment-circuits/,service_detail,0,4,0.0,0.004,0.0,22.25,2,0.489,content,pool equipment installation sherman oaks; pool equipment installation sherman oaks,Monitor after higher value pages
1034,https://shaffercon.com/industry-insights/the-future-of-electric-vehicles-key-trends-for-electricians-and-clients/,/industry-insights/the-future-of-electric-vehicles-key-trends-for-electricians-and-clients/,blog,0,8,0.0,0.001,0.0,53.5,5,0.477,content,ev futureproofing,"Content lift, expand page and add links from stronger pages"
1035,https://shaffercon.com/service-areas/long-beach/commercial-exhaust-fan-ventilation-wiring/,/service-areas/long-beach/commercial-exhaust-fan-ventilation-wiring/,service_detail,0,8,0.0,0.001,0.0,41.75,5,0.477,content,commercial hvac downtown belmont,"Content lift, expand page and add links from stronger pages"
1036,https://shaffercon.com/service-areas/west-hollywood/residential-energy-efficiency-upgrades/,/service-areas/west-hollywood/residential-energy-efficiency-upgrades/,service_detail,0,7,0.0,0.001,0.0,44.71,5,0.452,content,smart devices west hollywood; smart devices west hollywood,"Content lift, expand page and add links from stronger pages"
1037,https://shaffercon.com/service-areas/highland-park/residential-electrical-safety-inspections/,/service-areas/highland-park/residential-electrical-safety-inspections/,service_detail,0,1,0.0,0.08,0.1,3.0,4,0.422,ctr,,"CTR fix, rewrite title and meta around proven queries"
1038,https://shaffercon.com/service-areas/inglewood/residential-security-motion-lighting/,/service-areas/inglewood/residential-security-motion-lighting/,service_detail,0,1,0.0,0.08,0.1,2.0,4,0.422,ctr,,"CTR fix, rewrite title and meta around proven queries"
1039,https://shaffercon.com/service-areas/los-feliz/residential-dedicated-equipment-circuits/,/service-areas/los-feliz/residential-dedicated-equipment-circuits/,service_detail,0,3,0.0,0.004,0.0,28.33,2,0.421,content,,Monitor after higher value pages
1040,https://shaffercon.com/service-areas/venice/residential-security-motion-lighting/,/service-areas/venice/residential-security-motion-lighting/,service_detail,0,1,0.0,0.004,0.0,27.0,4,0.421,content,,"Content lift, expand page and add links from stronger pages"
1041,https://shaffercon.com/commercial-landscape-outdoor-lighting/,/commercial-landscape-outdoor-lighting/,landing,0,4,0.0,0.001,0.0,61.0,5,0.349,content,outdoor construction torrance,"Content lift, expand page and add links from stronger pages"
1042,https://shaffercon.com/service-areas/silver-lake/commercial-ceiling-fan-fixture-installation/,/service-areas/silver-lake/commercial-ceiling-fan-fixture-installation/,service_detail,0,4,0.0,0.001,0.0,50.75,5,0.349,content,,"Content lift, expand page and add links from stronger pages"
1043,https://shaffercon.com/service-areas/venice/commercial-ceiling-fan-fixture-installation/,/service-areas/venice/commercial-ceiling-fan-fixture-installation/,service_detail,0,4,0.0,0.001,0.0,42.0,5,0.349,content,ceiling fan installation venice,"Content lift, expand page and add links from stronger pages"
1044,https://shaffercon.com/service-areas/altadena/residential-ceiling-fan-fixture-installation/,/service-areas/altadena/residential-ceiling-fan-fixture-installation/,service_detail,0,2,0.0,0.08,0.2,2.5,2,0.335,ctr,,"CTR fix, rewrite title and meta around proven queries"
1045,https://shaffercon.com/service-areas/los-feliz/residential-energy-efficiency-upgrades/,/service-areas/los-feliz/residential-energy-efficiency-upgrades/,service_detail,0,2,0.0,0.08,0.2,1.5,2,0.335,ctr,,"CTR fix, rewrite title and meta around proven queries"
1046,https://shaffercon.com/service-areas/atwater-village/residential-whole-building-surge-protection/,/service-areas/atwater-village/residential-whole-building-surge-protection/,service_detail,0,2,0.0,0.004,0.0,27.5,2,0.334,content,surge protection providence village,Monitor after higher value pages
1047,https://shaffercon.com/service-areas/inglewood/residential-dedicated-equipment-circuits/,/service-areas/inglewood/residential-dedicated-equipment-circuits/,service_detail,0,2,0.0,0.004,0.0,36.0,2,0.334,content,,Monitor after higher value pages
1048,https://shaffercon.com/service-areas/inglewood/residential-pool-hot-tub-spa-electrical/,/service-areas/inglewood/residential-pool-hot-tub-spa-electrical/,service_detail,0,2,0.0,0.004,0.0,32.5,2,0.334,content,,Monitor after higher value pages
1049,https://shaffercon.com/service-areas/altadena/residential-backup-generator-installation/,/service-areas/altadena/residential-backup-generator-installation/,service_detail,0,1,0.0,0.08,0.1,3.0,3,0.316,ctr,,"CTR fix, rewrite title and meta around proven queries"
1050,https://shaffercon.com/service-areas/pacific-palisades/residential-energy-efficiency-upgrades/,/service-areas/pacific-palisades/residential-energy-efficiency-upgrades/,service_detail,0,32,0.0,0.001,0.0,57.69,2,0.304,content,home automation systems pacific palisades,Monitor after higher value pages
1051,https://shaffercon.com/service-areas/boyle-heights/commercial-backup-generator-installation/,/service-areas/boyle-heights/commercial-backup-generator-installation/,service_detail,0,3,0.0,0.001,0.0,78.0,5,0.301,content,,"Content lift, expand page and add links from stronger pages"
1052,https://shaffercon.com/service-areas/highland-park/commercial-breaker-panel-service-maintenance/,/service-areas/highland-park/commercial-breaker-panel-service-maintenance/,service_detail,0,3,0.0,0.001,0.0,64.33,5,0.301,content,commercial electric repair highland village,"Content lift, expand page and add links from stronger pages"
1053,https://shaffercon.com/service-areas/boyle-heights/residential-backup-generator-installation/,/service-areas/boyle-heights/residential-backup-generator-installation/,service_detail,0,8,0.0,0.001,0.0,41.0,3,0.286,content,,Monitor after higher value pages
1054,https://shaffercon.com/industry-insights/expanding-electric-vehicle-charging-infrastructure-key-developments-and-community-efforts/,/industry-insights/expanding-electric-vehicle-charging-infrastructure-key-developments-and-community-efforts/,blog,0,430,0.0,0.001,0.4,48.34,1,0.265,content,electric vehicle charging infrastructure california; electric vehicle charging infrastructure california; ev infrastructure for new construction; electric vehicle charging infrastructure; ev charger infrastructure,Deprioritize unless it supports a money page
1055,https://shaffercon.com/service-areas/boyle-heights/commercial-energy-efficiency-upgrades/,/service-areas/boyle-heights/commercial-energy-efficiency-upgrades/,service_detail,0,2,0.0,0.001,0.0,56.0,5,0.239,content,,"Content lift, expand page and add links from stronger pages"
1056,https://shaffercon.com/service-areas/pacific-palisades/residential-breaker-panel-service-maintenance/,/service-areas/pacific-palisades/residential-breaker-panel-service-maintenance/,service_detail,0,2,0.0,0.001,0.0,47.5,5,0.239,content,home automation systems pacific palisades,"Content lift, expand page and add links from stronger pages"
1057,https://shaffercon.com/service-areas/west-hollywood/commercial-outlet-switch-dimmer-services/,/service-areas/west-hollywood/commercial-outlet-switch-dimmer-services/,service_detail,0,2,0.0,0.001,0.0,42.0,5,0.239,content,,"Content lift, expand page and add links from stronger pages"
1058,https://shaffercon.com/service-areas/santa-monica/residential-dedicated-equipment-circuits/,/service-areas/santa-monica/residential-dedicated-equipment-circuits/,service_detail,1,1,1.0,0.08,0.0,1.0,2,0.211,links,,"Ranking lift, add internal links and local proof"
1059,https://shaffercon.com/industry-insights/electrical-solutions-property-restoration/,/industry-insights/electrical-solutions-property-restoration/,blog,0,1,0.0,0.08,0.1,3.0,2,0.211,ctr,,"CTR fix, rewrite title and meta around proven queries"
1060,https://shaffercon.com/industry-insights/professional-wiring-installation-tips/,/industry-insights/professional-wiring-installation-tips/,blog,0,1,0.0,0.08,0.1,2.0,2,0.211,ctr,,"CTR fix, rewrite title and meta around proven queries"
1061,https://shaffercon.com/service-areas/boyle-heights/residential-data-network-av-wiring/,/service-areas/boyle-heights/residential-data-network-av-wiring/,service_detail,0,1,0.0,0.08,0.1,1.0,2,0.211,ctr,,"CTR fix, rewrite title and meta around proven queries"
1062,https://shaffercon.com/service-areas/hollywood/residential-whole-building-surge-protection/,/service-areas/hollywood/residential-whole-building-surge-protection/,service_detail,0,1,0.0,0.08,0.1,2.0,2,0.211,ctr,,"CTR fix, rewrite title and meta around proven queries"
1063,https://shaffercon.com/service-areas/culver-city/residential-pool-hot-tub-spa-electrical/,/service-areas/culver-city/residential-pool-hot-tub-spa-electrical/,service_detail,0,8,0.0,0.001,0.0,41.38,2,0.191,content,culver city pool builders,Monitor after higher value pages
1064,https://shaffercon.com/images/ev-charger-122.jpg/,/images/ev-charger-122.jpg/,other,0,1,0.0,0.001,0.0,48.0,5,0.151,content,,"Content lift, expand page and add links from stronger pages"
1065,https://shaffercon.com/service-areas/boyle-heights/commercial-breaker-panel-service-maintenance/,/service-areas/boyle-heights/commercial-breaker-panel-service-maintenance/,service_detail,0,1,0.0,0.001,0.0,45.0,5,0.151,content,,"Content lift, expand page and add links from stronger pages"
1066,https://shaffercon.com/service-areas/boyle-heights/commercial-ceiling-fan-fixture-installation/,/service-areas/boyle-heights/commercial-ceiling-fan-fixture-installation/,service_detail,0,1,0.0,0.001,0.0,87.0,5,0.151,content,,"Content lift, expand page and add links from stronger pages"
1067,https://shaffercon.com/service-areas/boyle-heights/commercial-electrical-code-compliance-corrections/,/service-areas/boyle-heights/commercial-electrical-code-compliance-corrections/,service_detail,0,1,0.0,0.001,0.0,48.0,5,0.151,content,commercial electrical code compliance in los angeles,"Content lift, expand page and add links from stronger pages"
1068,https://shaffercon.com/service-areas/inglewood/commercial-energy-efficiency-upgrades/,/service-areas/inglewood/commercial-energy-efficiency-upgrades/,service_detail,0,1,0.0,0.001,0.0,48.0,5,0.151,content,,"Content lift, expand page and add links from stronger pages"
1069,https://shaffercon.com/service-areas/los-feliz/commercial-dedicated-equipment-circuits/,/service-areas/los-feliz/commercial-dedicated-equipment-circuits/,service_detail,0,1,0.0,0.001,0.0,94.0,5,0.151,content,,"Content lift, expand page and add links from stronger pages"
1070,https://shaffercon.com/service-areas/santa-clarita/commercial-breaker-panel-service-maintenance/,/service-areas/santa-clarita/commercial-breaker-panel-service-maintenance/,service_detail,0,1,0.0,0.001,0.0,66.0,5,0.151,content,,"Content lift, expand page and add links from stronger pages"
1071,https://shaffercon.com/industry-insights/the-future-of-ev-charging-innovations-expansions-and-key-partnerships-shaping-the-industry/,/industry-insights/the-future-of-ev-charging-innovations-expansions-and-key-partnerships-shaping-the-industry/,blog,0,4,0.0,0.001,0.0,77.75,2,0.14,content,,Monitor after higher value pages
1072,https://shaffercon.com/service-areas/boyle-heights/residential-landscape-outdoor-lighting/,/service-areas/boyle-heights/residential-landscape-outdoor-lighting/,service_detail,0,1,0.0,0.001,0.0,92.0,4,0.12,content,,"Content lift, expand page and add links from stronger pages"
